q_no,q_statement,a,b,c,d,exam,year,correct_option,explanation
1,"With reference to Finance Bill and Money
Bill in the Indian Parliament, consider the
following statements:

1. When the Lok Sabha transmits Finance
Bill to the Rajya Sabha, it can amend or
reject the Bill.

2. When the Lok Sabha transmits Money
Bill to the Rajya Sabha, it cannot amend
or reject the Bill, it can only make
recommendations

3. In the case of disagreement between the
Lok Sabha and the Rajya Sabha, there is
no joint sitting for money bill, but joint
sitting becomes necessary for Finance
bill.

How many of the above, statements are

correct? (UPSC CSE Pre Pre 2023]",Only one,"Only two

{c) All three",,,,,a,"Exp) Option a is the correct answer

The Finance Bill is a part of the Union Budget, stipulating
all the legal amendments required for the changes in taxation
proposed by the finance minister. As per Article 110 of the
Constitution of India, the Finance Bill is a Money Bill.
Statement 1 is incorrect: As the Finance Bill is a type of
money bill, It (like the money bills) cannot be cither
rejected or amended by the Rajya Sabha.

Statement 2 is correct: It is true that Money bills cannot be
amended or rejected by the Rajya Sabha. ‘he Rajya Sabha
should return the bill with or without recommendations,
which may be accepted or rejected by the Lok Sabha
Statement 3 is incorrect: As the Finance bill is a type of
money bill there is no provision of joint sitting for money
as well as the Finance bill."
2,"Which of the following is/are the exclusive
power(s) of Lok Sabha?



1. To ratify the declaration of Emergency

2. To passa motion of no-confidence against
the Council of Ministers

3. To impeach the President of India

Select the correct answer using the code given

below:",land2,2 only,Land3,3 only,UPSC CSE Pre.,2022.0,b,"Exp) Option b is the correct answer

Statement 1 is incorrect: The proclamation of Emergency
must be approved by both the Houses of Parliament within
one month from the date of its issue. If approved by both
the Houses of Parliament, the emergency continues for six
months, and can be extended to an indefinite period with an
approval of the Parliament for every six mouths.

Statement 2 is correct: Article 75 (3) provides clearly that
the Council of Ministers shall be collectively responsible to
the House of the People. So, only LokSabha can pass a no-
confidence motion against the Council of Ministers.
Statement 3 is incorrect: As per Article 61, when a President
is to be impeached for violation of the Constitution, the
charges can be initiated by either House of Parliament. The
impeachment resolution needs to be passed by a majority of
two-thirds of the total membership in each house. Thus, it is
not an exclusive power of the Lok Sabha."
3,"With reference to Deputy Speaker of Lok
Sabha, consider the following statements:



1. As per the Rules of Procedure and
Conduct of Business in Lok Sabha, the
election of Deputy Speaker shall be held
on such date as the Speaker may fix.

2. There is a mandatory provision that the
election of a candidate, as Deputy Speaker

of Lok Sabha shall be from either the
principal opposition party or the ruling
party.

3. The Deputy Speaker has the same power
as of the Speaker when presiding over the
sitting of the House and no appeal lies
against his rulings.

4. The well-established parliamentary
practice regarding the appointment of
Deputy Speaker is that the motion is
moved by the Speaker and duly seconded
by the Prime Minister.

Which of the statements given above are

correct?",1 and 3 only,"1,2 and 3",3 and 4 only,2 and 4 only,UPSC CSE Pre.,2022.0,a,"Exp) Option a is the correct answer

Statement 1 is correct: The date of election of the Deputy
Speaker is fixed by the Speaker, While on the other hand
date of election of the Speaker is fixed by the President.
Statement 2 is incorrect: There is no mandatory provision
that the election of a candidate, as Deputy Speaker of Lok
Sabha, shall be from either the principal opposition party or
the ruling party. It is only by convention that the position
of Deputy Speaker is offered to the opposition party in
India.

Statement 3 is correct: In case of the absence of the
Speaker, the Deputy Speaker presides over the sessions of
the Lok Sabha and conducts the business in the house. The

Deputy Speaker has the same power as the Speaker when
presiding over the sitting of the House.
Statement 4 is incorrect: The Deputy Speaker is also
elected by the Lok Sabha from amongst its members right
after the election of the Speaker has taken place. There is
no provision and or established practice of moving the
motion for his election by the speaker and it is seconded by
the prime minister."
4,"With reference to anti-defection law in

India, consider the following statements:

1. The law specifies that a nominated
legislator cannot join any political party
within six months of being appointed to
the House.

2. The law does not provide any time-frame
within which the presiding officer has to
decide a defection case.

Which of the statements given above is/are

correct?",1 only,2 only,Both 1 and 2,Neither 1 nor 2,UPSC CSE Pre Pre,2022.0,b,"Exp) Option b is the correct answer
. Statement I is incorrect: A nominated member of a House
shall be disqualified for being a member of the House if
he joins any political party after the expiry of six months
from the date on which he takes his seat. Thus he/she is free
to join any political party within six months and would not
be disqualified for the same.
Statement 2 is correct: The law does not specify a
time period for the Presiding Officer to decide on a
disqualification plea under the Tenth Schedule."
5,"Consider the following statements:

1. A bill amending the Constitution requires
a prior recommendation of the Président
of India. ,

2. When a Constitution Amendment Bill is
presented to the President of India, it is
obligatory for the President of India to
give his/her assent.

3. A Constitution Amendment Bill must
be passed by both the Lok Sabha and the
Rajya Sabha by a special majority and
there is no provision for joint sitting.

Which of the statements given above are
correct?",1 and 2 only,2 and 3 only,1 and 3 only,"1,2 and 3",UPSC CSE Pre,2022.0,b,"Exp) Option b is the correct answer
Statement 1 is incorrect: Constitution Amendment Bill can
be introduced either by a minister or by a private member
and does not require prior permission from the President.
Statement 2 is correct: The 24th Amendment of the Indian
Constitution amended Article 368 to provide expressly
that Parliament has the power to amend any provision of the
Constitution. The amendment further made it obligatory
for the President to give his assent when a Constitution
Amendment Bill was presented to him.
Statement 3 is correct: Article 368 of the Indian constitution
requires that the constitution of India can be amended
by both houses of parliament by a 2/3 majority(special
majority). In case of disagreement between both houses,
there is no provision to summon a joint session of
parliament. The reasoning behind this is so as to not let the
running government’s majority in Lok Sabha undermine the
Rajya Sabha in a joint sitting."
6,"We adopted parliamentary democracy
based on the British model, but how does
our model differ from that model?

1. As regards legislation, the British
Parliament is supreme or sovercign but
in India, the power of the Parliament to
legislate is limited.

2. In India, matters related to the
constitutionality of Amendment of an
Act of the Parliament are referred to
the Constitution Bench by the Supreme
Court.

Select the correct answer using the code given

below. (",1 only,2 only,Both 1 and 2,Neither 1 nor 2,UPSC CSE Pre,2021.0,c,"Exp) Option c is the correct answer.
Statement 1 is correct. Parliamentary sovereignty is a
principle of the UK constitution. It makes Parliament the
supreme legal authority in the UK, which can create or end
any law. Generally, the courts cannot overrule its legislation
and no Parliament can pass laws that future Parliaments
cannot change.
Indian Parliament is not a sovereign body like the British
Parliament. The Indian Parliament may, in exercise of its
constituent power, amend by way of addition, variation or
repeal any provision of the Constitution in accordance with

the procedure laid down for the purpose. However, the
Parliament cannot amend those provisions which form the
‘basic structure’ of the Constitution. This was ruled by the
Supreme Court in the Kesavananda Bharati case (1973).
Statement 2 is correct. In India, matters related to the
constitutionality of an amendment of an act of the
Parliament are referred to the Constitution Bench by the
Supreme Court. A Constitution Bench is a bench of the
Supreme Court having five or more judges on it. These
benches are not a routine phenomenon. A vast majority
of cases before the Supreme Court are heard and decided
by a bench of two judges (called a Division Bench), and
sometimes of three. Constitution Benches are set up when
the case involves a substantial question of law pertaining to
the interpretation of the Constitution (Article 145(3) of the
Constitution, which mandates that such matters be heard by
a bench of not less than five judges).

Presently, Constitution Benches are set up on an ad hoc basis
as and when the need arises. The idea behind a Constitution
Bench is clear: it is constituted in rare cases to decide
important questions of fact or legal and/or constitutional
interpretation."
7,"Rajya Sabha has equal powers with Lok

Sabha in","the matter of creating new All India
Services

(b} amending the Constitution",,the removal of the government,making cut motions,UPSC CSE Pre.,2020.0,b,"Exp) Option b is the correct answer.

Statement b is correct. Rajya Sabha has equal power with
Lok Sabha under article 368 of the Constitution providing
for Power of Parliament to amend the Constitution.

An amendment to the Constitution can be initiated only by
the introduction of a Bill for the purpose in either House
of Parliament, and when the Bill is passed in each House
by a majority of the total membership of that House and
by a majority of not less than two-thirds of the members of
that House present and voting, it is to be presented to the
President who shall give his assent to the Bill and thereupon
the Constitution shall stand amended,

Rajya Sabha cannot remove the government through motions
as the Council of Ministers is collectively responsible to the
House of the People and not to Rajya Sabha.

Under Article 312 of the Constitution, Rajya Sabha can
authorize the parliament to create a new Al! India Service
by resolution supported by not less than two-thirds of the
members present and voting. Lok Sabha has no such powers.
A cut motion is a special power of the Lok Sabha members
to oppose a demand being discussed for allocation by the
government in the Finance Bill as part of the Demand for
Grants."
8,"In India, which of the following review
the independent regulators in sectors like
telecommunications, insurance, electricity,

etc.? 

1. Ad Hoc Committee set up by the
Parliament.

2. Parliamentary Department Related
Standing Committee

3. Finance Commission

4. Financial Sector Legislative Reforms
Commission

5. NITI Aayog

Select the correct answer using the code given

below.",1 and 2 only,"1, 3 and 4 only","3,4 and 5 only",2 and 5 only,"UPSC CSE Pre,",2019.0,a,"Exp) Option a is the correct answer.

Independent regularity authorities are agencies of modern
democratic governments. They are parts of the executive
wing with a certain degree of statutory or constitutional
autonomy, reporting directly to the legislature. Like the
general executive, they are accountable to the legislature and
subject to judicial review.

AdHocCommittee set up by the Parliament and Parliamentary

Department Related Standing Committee review the

independent regulators in sectors like telecommunications,

insurance electricity, etc. :

Finance Commission and NITI Aayog are advisory bodies

and do not review the independent regulators in sectors

like telecommunications. Financial Sector Legislative

Reforms Commission (FSLRC) also had no role in reviewing

independent regulators."
9,"Consider the following statements:


1. In the first Lok Sabha, the single largest
party in the opposition was the Swatantra
Party

2. In the Lok Sabha, a “Leader of the
Opposition” was recognised for the first
time in 1969.

3. In the Lok Sabha, ifa party does not have
a minimum of 75 members, its leader
cannot be recognised as the Leader of the
Opposition.

Which of the statements given above is/are

correct?",1 and 3 only,2 only,2 and 3 only,"1,2 and 3",UPSC CSE Pre.,2018.0,b,"Exp) Option b is the correct answer.

Statement 1 is incorrect. The Communist Party of India

(CPI) was the single largest opposition party in the First

general Election held in 1951-52.

Statement 2 is correct. Historically, the first officially

designated Opposition party in Parliament emerged from

the break-up of the all-dominant Congress party in power.

In 1969, when Indira Gandhi was the Prime Minister,

the Congress split to form the Indian National Congress

(Requisitionists) and the Indian National Congress

(Organisation). The Leader of INC(O), Ram Subhag Singh,

became the first person to be formally recognised as LoP in

the Lok Sabha.

Statement 3 is incorrect. A party must have at least 10 per

cent of the strength of the House in order to qualify to be

designated as a parliamentary party and the leader of the
largest such parliamentary party in the opposition ranks is
designated Leader of Opposition. Thus, a party must have

55 seats in Lok Sabha to designate its leader as the Leader of

Opposition."
10,"Regarding Money Bill, which of the
following statements is not correct?","A bill shall be deemed to be a Money
Bill if it contains only provisions relating
to imposition, abolition, remission,
alteration or regulation of any tax.","A Money Bill has provisions for the
custody of the Consolidated Fund of
India or the Contingency Fund of India.","A Money Bill is concerned with the
appropriation of moneys out of the
Contingency Fund of India.","A Money Bill deals with the regulation
of borrowing of money or giving of any
guarantee by the Government of India.",UPSC CSE Pre.,2018.0,c,"Exp) Option c is the correct answer.

Statement c is incorrect. A Money Bill is concerned with

the appropriation of moneys out of the Consolidated Fund

of India.

Article 110 of the Constitution deals with the definition of

money bills. It states that a bill is deemed to be a money bill

if it contains ‘only’ provisions dealing with all or any of the
following matters:

1. The imposition, abolition, remission, alteration or
regulation of any tax; Option a is correct.

2. The regulation of the borrowing of money by the Union
government; Option d is correct.

3. The custody of the Consolidated Fund of India or the
contingency fund of India, the payment of moneys
into or the withdrawal of money from any such fund;
Option b is correct.

4. The appropriation of money out of the Consolidated
Fund of India;

5. Declaration of any expenditure charged on the
Consolidated Fund of India or increasing the amount of
any such expenditure;

6. The receipt of money on account of the Consolidated
Fund of India or the public account of India or the custody

or issue of such money, or the audit of the accounts of the
Union or of a state; or

7. Any matter incidental to any of the matters specified
above.

However, a bill is not to be deemed to be a money Dill by

reason only that it provides for:

1. the imposition of fines or other pecuniary penalties, or

2. the demand or payment of fees for licenses or fecs for
services rendered; or

3. the imposition, abolition, remission, alteration or
regulation of any tax by any local authority or body for
local purposes

Option c is incorrect. A Money Bill does not contain the

provisions related with the appropriation of moneys out of

the Contingency Fund of India."
11,"Consider the following statements:


1. The Speaker of the Legislative Assembly
shall vacate his/her office if he/she ceases
to be a member of the assembly.

2. Whenever the Legislative Assembly is
dissolved, the Speaker shall vacate his/her
office immediately.

Which of the statements given above is/are

correct?",1 only,2 only,Both 1 and 2,Neither 1 nor 2,UPSC CSE Pre.,2018.0,a,"Exp) Option a is the correct answer.

The Speaker is elected by the Lok Sabha from amongst its

members (as soon as may be, after its first sitting). Whenever

the office of the Speaker falls vacant, the Lok Sabha clects
another member to fill the vacancy. The date of election of
the Speaker is fixed by the President.

Under article 179 of the Indian Constitution: The speaker

a. shall vacate his office if he ceases to be a member of the
Assembly. (Statement 1 is correct)

b. whenever the Assembly is dissolved, the Speaker shall
not vacate his office until immediately before the first
meeting of the Assembly after the Dissolution, (Statement
2 is incorrect)"
12,"With reference to the Parliament of India,
which of the following Parliamentary

Committees scrutinizes and reports to

the House whether the powers to make

regulations, rules, swb-rules, by-laws, etc.
conferred by the Constitution or delegated

by the Parliament are being properly

exercised by the Executive and is within the

scope of such delegation?",Committee on Government Assurances,Committee on Subordinate Legislation,Rules Committee,Business Advisory Committee,UPSC CSE Pre.,2018.0,b,"Exp) Option b is the correct answer.

Option a is incorrect. Committee on government

assurances— checks the assurances, promises and

undertakings given by ministers from time to time on the
floor of the House and reports on the extent to which they
have been carried through.

Option b is correct. Committee on Subordinate legislation

examines and reports to the House whether the powers to

make regulations, rules, sub-rules and bye-laws delegated
by the Parliament or conferred by the Constitution to the

Executive are being properly exercised by it.

Option c is incorrect. Rules committee considers the

matters of procedure and conduct of business in the House

and recommends necessary amendments or additions to the
rules of the House.

Option d is incorrect. Business advisory committee

regulates the program and time table of the House. It

allocates time for the transaction of legislative and other
business brought before the House by the government."
13,"Out of the following statements, choose the
one that brings out the principle underlying
the Cabinet form of Government:","An arrangement for minimizing the
criticism against the Government whose
responsibilities are complex and hard to
carry out the satisfaction of all.","A mechanism for speeding up the activities
of the Government whose responsibilities are
increasing day by day.","Amechanism of parliamentary democracy
for ensuring collective responsibility of
the Government to the people.","A device for strengthening the hands of
the head of the Government whose hold
over the people is in a state of decline.",UPSC CSE Pre.,2017.0,b,"Exp) Option b is the correct answer.

A constitutional government is one whose powers have been

adapted to the interests of its people and to the maintenance

of individual liberty by a constitution. A constitutional
government puts limitations on the state to preserve individual
- liberty, so that the individual can develop to the best of his
ability. With reference to India, it is a system of Government
in which the executive is responsible to the Jegisiature for its
policies and acts. This responsibility means that executive
stay in power as long as it enjoys the confidence of the house.
The Council of Ministers (executive) must resign when they
lose confidence of the Parliament (Lok Sabha in particular)."
14,"Consider the following statements:



1. In the election for Lok Sabha or State
Assembly, the winning candidate must
get at least 50 percent of the votes polled,
to be declared elected.

2. According to the provisions laid down in
the Constitution of India, in Lok Sabha,
the Speaker’s post goes to the majority
party and the Deputy Speaker’s to the
Opposition.

Which of the statements given above is/are

correct?",1 only,2 only,Both 1 and 2,Neither 1 nor 2,UPSC CSE Pre.,2017.0,d,"Exp) Option d is the correct answer.
Statement 1 is incorrect. As India follows the First Past the
Post System, where a candidate who polls more votes than
any other candidate is declared elected.
Statement 2 is incorrect. As per the constitution, the
speaker and deputy speaker in Lok Sabha are elected among
its members. It is not a constitutional provision but a
convention that Speaker’s post goes to the majority party and
the Deputy Speaker's to the Opposition."
15,"With reference to the Parliament of India,
consider the following statements:



1. A private member's bill is a bill presented
by a Member of Parliament who is
not elected but only nominated by the
President of India.

2. Recently, a private member's bill has been
passed in the Parliament of India for the
first time in its history.

Which of the statements given above is/are

correct?",l only,2 only,Both 1 and 2,Neither 1 nor 2,UPSC CSE Pre.,2017.0,d,"Exp) Option d is the correct answer.
Statement I is incorrect. Every Member of Parliament,
who is not a Minister, is called a Private Member and bills
presented by them are known as private member’s bills. It
reflects the stand of opposition party on public matter. Its
introduction in the House requires one month's notice.
Statement 2 is incorrect, The last Private Member’s Bill
passed by parliament was the Supreme Court (Enlargement
of Criminal Appellate Jurisdiction) Bill, 1968, which became
an act on August 9, 1970."
16,"The Parliament of India acquires the power
to legislate on any item in the State List in
the national interest if a resolution to that
effect is passed by the","Lok Sabha by a simple majority of its total
membership","Lok Sabha by a majority of not less than
two-thirds of its total membership","Rajya Sabha by a simple majority of its
total membership","Rajya Sabha by a majority of not less than
two-thirds of its members present and
voting",UPSC CSE Pre.,2016.0,d,"Exp) Option d is the correct answer.
According to Article 249 of the Constitution of India if the
Rajya Sabha declares that it is necessary in the national
interest that Parliament should make laws with respect
matters in the State List, then the Parliament becomes
competent to make laws on that matter. Such a resolution
must be supported by two-thirds of the members present and
voting. The resolution remains in force for one year; it can be
renewed any number of times but not exceeding one year at
a time. The laws cease to have effect on the expiration of six
months after the resolution has ceased to be in force.
This provision does not restrict the power of a state
legislature to make laws on the same matter. But, in case of
inconsistency between a state law and a parliamentary law,
the latter is to prevail."
17,"Consider the following statements:



1. The Legislative Council of a State in
India can be larger in size than half of the
Legislative Assembly of that particular
State.

2. The Governor of a State nominates the
Chairman of Legislative Council of that
particular State.

Which of the statements given above is/are

correct?",1 only,2 only,Both 1 and 2,Neither 1 nor 2,UPSC CSE Pre.,2015.0,d,"Exp) Option d is the correct answer
Statement 1 is incorrect. According to the Constitution of
India, the maximum strength of the legislative council is
fixed at one-third of the total strength of the assembly and
the minimum strength is fixed at 40 (with some exceptions).
Statement 2 is incorrect. The Chairman of the Legislative
Council is elected by the council itself from amongst its
members."
18,"With reference to the Union Government,
consider the following statements:



1. The Department of Revenue is responsible
for the preparation of Union Budget that
is presented to the Parliament.

2. No amount can be withdrawn from the
Consolidated Fund of India without the
authorization from the Parliament of
India.

3. All the disbursements made from Public
Account also need the authorization from
the Parliament of India.

Which of the statements given above is/are

correct?",1 and 2 only,2 and 3 only,2 only,"1,2 and 3",UPSC CSE Pre.,2015.0,c,"Exp) Option c is the correct answer.

Statement 1 is incorrect. The Budget Division of the
Department of Economic Affairs (DEA) (and not the
department of revenue) in the finance ministry is the nodal
body responsible for producing the Budget.

Statement 2 is correct. The Constitution (under article
114) states that ‘no money shall be withdrawn from the
Consolidated Fund of India except under appropriation
made by law’. Accordingly, an appropriation bill is introduced
in the parliament to provide for the appropriation, out of
the Consolidated Fund of India. It should be noted in this
context that the voting of demands for grants is the exclusive
privilege of the Lok Sabha, that is, the Rajya Sabha has no
power of voting the demands.

Statement 3 is incorrect. Provident Fund deposits, savings
bank deposits, remittances etc. are credited to the Public
Account and this account is operated by the executive
action i.e., payment from this account can be made without
Parliamentary appropriation."
19,"Consider the following statements: A

Constitutional Government is one which



1. Places effective restrictions on individual
liberty in the interest of State Authority.

2. Places effective restrictions on the
Authority of the State in the interest of
individual liberty.

Which of the statements given above is/are

correct?",1 only,2 only,Both 1 and 2,Neither | nor 2,UPSC CSE Pre.,2014.0,b,"Exp) Option b is the correct answer.

The committee on Estimates is the largest committee of the
Parliament. It has total 30 members.

The origin of this committee can be traced to the standing
financial committee set up in 1921. The first Estimates
Committee in the post-independence era was constituted
in 1950 on the recommendation of John Mathai, the then
finance minister. Originally, it had 25 members but in 1956
its membership was raised to 30. All the thirty members are
from Lok Sabha only. The Rajya Sabha has no representation
in this committee. These members are elected by the Lok
Sabha every year from amongst its own members, according
to the principles of proportional representation by means of
a single transferable vote. The function of the committee is
to examine the estimates included in the budget and suggest
‘economies’ in public expenditure. Hence, it has been
described as a ‘continuous economy committee."
20,"Which one of the following is the largest

Committee of the Parliament?",The committee on Public Accounts,The committee on Estimates,The committee on Public Undertakings,The committee on Petitions,UPSC CSE Pre.,2014.0,b,"Exp) Option b is the correct answer.

The Constitution of India provides for a parliamentary
system of government modelled on the British pattern. Thus,
the council of ministers headed by the prime minister is
the real executive authority is our politico-administrative
system.

Statement 1 is incorrect. Article 75 (3) of the Constitution
states that the Council of Ministers shall be collectively
responsible to the House of the People (Lok Sabha) and not
parliament as a whole.

Statement 2 is correct. According to Article 75 (2), the
Minister shall hold office during the pleasure of the President.
Statement 3 is correct. Article 78 (a) states that it shall
be the duty of the Prime Minister to communicate to the
President all decisions of the council of Ministers relating to
the administration of the affairs of the union and proposals
for legislation."
21,"Consider the following statements
regarding a No-Confidence Motion in

India: 

1. There is no mention of a No-Confidence
Motion in the Constitution of India.

2. A motion of No-Confidence can be
introduced in the Lok Sabha only.

Wiiich of tiie statements given above is/are

correct?",1 only,2 only,Both 1 and 2,Neither 1 nor 2,UPSC CSE Pre.,2014.0,c,"Exp) Option c is the correct answer.

The principle of collective responsibility implies that the

Lok Sabha can remove the ministry (i.e., council of ministers

headed by the prime minister) from office by passing a vote

of no confidence.

Statement 1 is correct. There is no mention of a No-

Confidence Motion in the Constitution of India. However,

Rule 198 of the Rules of Procedure and conduct of Lok Sabha

specifies the procedure for moving a no-confidence motion.

Statement 2 is correct. A Council of Ministers is collectively

responsible to Lok Sabha and it remains in office till it enjoys

confidence of majority of the members in Lok Sabha. Thus,

A no-confidence motion can be moved only in the Lok Sabha

(or state assembly as the case may be).

A no-confidence motion can be moved by any member of

the House."
22,"Consider the following statements:
JUPSC CSE Pre. 2013]

1. The Council of Ministers in the Centre
shall be collectively responsible to the
Parliament.

2. The Union Ministers shall hold the office
during the pleasure of the President of
India.

3. The Prime Minister shall communicate
to the President about the proposals for
legislation.

Which of the statements given above is/are

correct?",1 only,2 and 3 only,1 and 3 only,"I, 2 and 3",,,c,"Exp) Option c is the correct answer.

Parliamentary democracy envisages a cabinet form of

government with a President as a titular head (and a

governor in the states) with responsibility of ministers to the

Parliament.

One of the key features of Parliamentary System of

Government is that the Executive is responsible to the

Legislature. Thus, Under Article 75(3), In India the Council

of Ministers is collectively responsible to the House of People

(Lok Sabha). The Council of Ministers remains in office as

long as they enjoy the support and confidence of the Lok

Sabha.

The features of parliamentary government in India are:

(a) Presence of nominal and real executives;

(b) Majority party rule,

(c) Collective responsibility of the executive to the
legislature,

(d) Membership of the ministers in the legislature,

(e) Leadership of the Prime Minister or the Chief Minister,

(f) Dissolution of the lower House (Lok Sabha or Assembly)."
23,"When the annual Union Budget is not
passed by the LokSabha","the Budget is modified and presented
again","the Budget is referred to the RajyaSabha
for suggestions","the Union Finance Minister is asked to
resign","the Prime Minister submits the
resignation of Council of Ministers",UPSC CSE Pre.,2012.0,d,"Exp) Option d is the correct answer.

When the annual Union Budget is not passed by the Lok

Sabha, the Prime Minister submits the resignation of Council

of Ministers. The annual budget is a money bill and if the

budget is not passed in parliament, then it can be understood

that the ruling party has lost its majority in house. It means

the government has lost the confidence vote in the Lok Sabha

and it has to resign."
24,"<A deadlock between the LokSabha and the
RajyaSabha calls for a joint sitting of the
Parliament during the passage of



1. Ordinary Legislation

2. Money Bill

3. Constitution Amendment Bill

Select the correct answer using the codes

given below:",1 only,2 and 3 only,1 and 3 only,"1,2 and3",UPSC CSE Pre.,2011.0,a,"Exp) Option a is the correct answer.

A deadlock between the LokSabha and the RajyaSabha calls

for a joint sitting of the Parliament during the passage of

only ordinary legislation in the above situation.

Joint sitting is an extraordinary machinery provided by the

Constitution to resolve a deadlock between the two Houses

over the passage of a bill. It must be noted here that the

provision of joint sitting is applicable to ordinary bills or

financial bills only and not to money bills or Constitutional

amendment bills. In the case of a money bill, the Lok Sabha

has overriding powers, while a Constitutional amendment

bill must be passed by each House separately."
25,"Which of the following is responsible for
preparation and presentation of union
budget in the Parliament?",Department of Revenue,Department of Economic Affairs,Department of Financial Services,Department of Expenditure,UPSC CSE Pre,2010.0,b,"Exp) Option b is the correct answer.

The Department of Economic Affairs (DEA) is responsible

for preparation and presentation to the Parliament of the

Central Budget and the Budgets for the State Governments

under President’s Rule and Union Territory Administration."
26,"Which one of the following statements is not
correct with regard to control of Parliament

on the budget?","Parliament does not have any role in the
creation of the budget.","Parliament has the power to vote on the
charged expenditure on the Consolidated
Fund.","Parliament has no power to impose a
tax without the recommendation of the
President.","Parliament has no power to increase any
tax without the recommendation of the
President.",UPSC CSE Pre,2009.0,b,"Exp) Option b is the correct answer.

Option a is correct: Parliament does not have any role in

the creation of the budget. The Department of Economic

Affairs (DEA) of Ministry of Finance is responsible for

preparation and presentation Budget.

Option b is incorrect: Parliament has no power to vote

on the charged expenditure on the Consolidated Fund.

Expenditure charged upon the Consolidated Fund of India

can only be discussed in Parliament and It is not subject to

the vote of Parliament.

Option ¢ is correct: No money bill imposing tax shall be

introduced in the Parliament except on the recommendation

of the President, and such a bill shall not be introduced in

the Rajya Sabha.

Option d is correct: Parliament can reduce or abolish a tax

bul cannot increase it."
27,In India Lok Sabha Speaker is-,Nominated,Chosen,Elected,Appointed,UPSC CSE Pre,2009.0,b,"Exp) Option b is the correct answer.

According to the Article 93 of the Indian Constitution, the

Lok Sabha Speaker is chosen by the members of the Lok

Sabha. The Speaker is the presiding officer of the Lok Sabha

and is responsible for maintaining order and discipline in

the House. The Speaker also has the power to decide whether

a bill is a money bill or not."
28,"Consider the following statements:

The Constitution of India provides that-

1. The Legislative Assembly of each State
shall consist of not more than 450
members chosen by direct election from
territorial constituencies in the State.

2. A person shall not be qualified to be
chosen to fill a seat in the Legislative
Assembly of a State if he/she is less than
25 years of age.

Which of the statements given above is/are

correct? UPSC CSE Pre 2008]",1 only,2 only,Both 1 and 2,Neither nor 2,,,b,"Exp) Option b is the correct answer.

Statement 1 is incorrect: According to Article 170 of the

Constitution of India, the Legislative Assembly of each State

shall consist of not more than five hundred (500), and

not less than sixty, members chosen by direct election from

territorial constituencies in the State.

Statement 2 is correct: According to Article 173 of the

Constitution of India, a person shall not be qualified to be

chosen to fill a seat in the Legislature of a State unless he or

she:

* is a citizen of India, and makes and subscribes before
some person authorised in that behalf by the Election
Commission an oath or affirmation according to the

form set out for the purpose in the Third Schedule;

« in the case of a seat in the Legislative Assembly, not less
than twenty-five years of age and, in the case of a seat
in the Legislative Council, not less than thirty years of
ages and

* possesses such other qualifications as may be prescribed
in that behalf by or under any law made by Parliament"
29,"Consider the following statements:

1. The Chairman of the Committee on
Public Accounts is appointed by the
Speaker of the Lok Sabha.

2. The Committee on Public Accounts
comprises Members of Lok Sabha,
Members of Rajya Sabha and a few
eminent persons of industry and trade.

Which of the statement(s) given above is/are

correct?",1 only,2 only,Both 1 and 2,Neither 1 nor 2,UPSC CSE Pre,2007.0,a,"Exp) Option a is the correct answer

The chairman of the committee on Public Accounts is

appointed from amongst its members by the Speaker of Lok

Sabha. The members are elected by the Parliament every

year from amongst its members according to the principle

of proportional representation by means of the single

transferable vote. At present, it consists of 22 members (15

from the Lok Sabha and 7 from the Rajya Sabha).

Important Tips

¢ Public Accounts Committee was set up first in 1921
under the provisions of the Government of India Act of
1919 and has since been in exist.

e A minister cannot be elected as a member of the
committee.

¢ Since 1967 a convention has

+ developed whereby the chairman of the committee is
selected

* invariably from the Opposition."
30,"Consider the following statements:

1. The joint sitting of both Houses of the
Parliament in India is sanctioned under
Article 108 of the Constitution.

2. The first joint sitting of Lok Sabha and
Rajya Sabha was held in the year 1961.

3. The second joint sitting of both Houses
of Indian Parliament was held to pass the
Banking Service Commission (Repeal),
Bill.

Which of these statements is/are correct?",land2,2 and 3,land 3,"1,2 and 3",UPSC CSE Pre,2003.0,d,"Exp) Option d is the correct answer.

Statement I is correct: The joint sitting of both Houses of

the Parliament in India is sanctioned under Article 108 of

the Constitution.

Statement 2 is correct: The first joint sitting was held on 6

May 1961 following a disagreement between the two Houses

over certain amendments to the Dowry Prohibition Bill,

1959. This was followed by another sitting on 9 May 1961

when the Bill, as amended, was finally passed.

Statement 3 is correct: The second joint sitting was held f

or the Banking Service Commission (Repeal) Bill, 1977. And

last joint sitting was held for the Prevention of Terrorism

Bill, 2002."
31,"Which of the following Constitutional

Amendments is related to raising the

number of Members of Lok Sabha to be

elected from the States?
(UPSC CSE Pre 2003]",6th and 22nd,13th and 38th,7th and 31st,11th and 42nd,,,c,"Exp) Option c is the correct answer.

The 7th and 31st Constitutional Amendments raised the

number of Members of Lok Sabha to be elected from the

States. The 7th Amendment increased the number of seats

from 525 to 545, and the 3lst Amendment increased the

number of seats to 552."
32,"Consider the following statements:

1, While members of the Rajya Sabha are
associated with Committees on Public
Accounts and Public Undertakings,
members of Committee on Estimates are
drawn entirely from Lok Sabha.

2. The Ministry of Parliamentary Affairs
works under the overall direction of the
Cabinet Committee on Parliamentary
Affairs.

3. The Minister of Parliamentary Affairs
nominates members of Parliament
on Committees, Councils, Boards,
and Commissions, etc. set up by
the Government of India in various
ministries.

Which of these statements are correct?",land 2,2 and 3,"land 3

(d} 1,2 and 3",,UPSC CSE Pre  2003,2007.0,d,"Exp) Option d is the correct answer

Committees on Public Accounts and Public Undertakings

consists of 22 members (15 from the Lok Sabha and 7 from

the Rajya Sabha). The Estimates Committee has currently 30
members and all the thirty members are from Lok Sabha.
The Ministry of Parliamentary Affairs works under the
overall direction of the Cabinet Committee on Parliamentary
Affairs, The Minister of Parliamentary Affairs nominates
members of Parliament on Committees, Councils, Boards,
and Commissions, etc. set up by the Government of India in
various ministries.

ne ,

Important Tips |

Estimates Committee

« It has 30 members and all these members are from Lok |
Sabha (Lower House).

¢ It is constituted for the purpose of scrutinizing the |
functioning of Government Ministries and departments |
in terms of allocation of Funds. |

e All the recommendations made by the committee
are advisory in nature and stand non-binding for the |
Parliament. |

Public Accounts Committee |

¢ Itis formed every year with not more than 22 members. |

¢ Out of 22 members, 15 members are from Lok Sabha
and 7 members are from Rajya Sabha.

« None of the members of this committee are allowed to
be ministers in the Government.

¢ The chairperson of this committee is appointed by Lok

| Sabha Speaker.

| Committee on Public Undertakings

| ¢ Italso consists of 22 members from both the houses of
| the Parliament, 15 from Lok Sabha and 7 from Rajya
| Sabha.

« It is constituted by the Parliament of India for the
| purpose of examining the reports and accounts of the
Public Sector Undertakings."
33,The term of the Lok Sabha:,"Cannot be extended under any
circumstances",Can be extended by six months at a time,"Can be extended by one year at a time
during the proclamation of emergency","Can be extended for two years at a time
during the proclamation of emergency",UPSC CSE Pre,2002.0,c,"Exp) Option c is the correct answer.
The term of the Lok Sabha, under normal circumstances,
is five years from the date of its first meeting. However,
during the proclamation of an emergency under Article 352
of the Constitution of India, the term of the Lok Sabha can
be extended. This extension can be done by one year at a
time, allowing for the continuation of the Lok Sabha beyond
its regular five-year term. However, the extension cannot
continue beyond six months once the emergency has ceased
to operate or has been revoked.

Important Tips

Proclamation of National Emergency:

e Under Article 352 of the Indian Constitution, the
President has the authority to issue a proclamation of
National Emergency.

¢ This can be done on the grounds of war, external
aggression, or armed rebellion.

¢ The President can declare emergency rule for the entire
country or for any specific part of Indian territory.

President’s Rule:

e President's Rule can be imposed in a state or Union
Territory when there is a breakdown of constitutional
machinery.

« Under President’s Rule, the elected government of
the state or Union Territory is dissolved, and the
governance comes under the direct control of the
President.

* The President has the power to extend the term of the
Lok Sabha for up to one year during President’s Rule.

Financial Emergency:

« A Financial Emergency can be proclaimed when there
is a threat to the financial stability or credit of India
or any part of its territory.

|» The President can declare a Financial Emergency
| based on the advice of the Council of Ministers.
| ¢ Similar to a National Emergency, the term of the Lok
Sabha can be extended beyond the normal five-year
| period during a Financial Emergency, for up to one
year at a time."
34,"Which one of the following statements
correctly describes the Fourth Schedule of
the Constitution of India?","It lists the distribution of powers between
the Union and the states.","It contains the languages listed in the
Constitution.","It contains provisions for the
administration of Tribal areas.",It allocates seats in the Council of States.,UPSC CSE Pre,2001.0,d,"Exp) Option d is the correct answer.
The Fourth Schedule of the Constitution of India allocates
seats in the Council of States, which is the Rajya Sabha.
It outlines the distribution of seats among the states and
union territories based on factors like population, ensuring
proportional representation."
35,"In what way does the Indian Parliament
exercise control over the administration?",Through Parliamentary Committees,"Through Advisory Committees of various
ministries","By making the administrators send
periodic reports",By compelling the executive to issue writs,UPSC CSE Pre,2001.0,a,"Exp) Option a is the correct answer
The Indian Parliament exercise contro] over the
administration through Parliamentary Committees.
Parliamentary committees are of two kinds—Standing
Committees and Ad Hoc Committees. The former are
permanent (constituted every year or periodically) and work
on a continuous basis, while the latter are temporary and
cease to exist on completion of the task assigned to them."
36,"The Speaker can ask a member of the House
to stop speaking and let another member
speak. This phenomenon is known as:",Decorum,Crossing the floor,Interpellation,Yielding the floor,UPSC CSE Pre,2000.0,d,"Exp) Option d is the correct answer.
The speaker of the Lok sabha can ask a member of the house
to stop speaking and let another member speak. It is known
as yielding the floor.

Important Tips

Crossing the floor: Passing between the member

addressing the House and the Chair which is considered

breach of Parliamentary etiquette.

Interpellation: The formal request made by a member of

the parliament to the government.

Decorum: Generally, it is expected that a member must

maintain decorum of the Chair and the House. Presiding

officers maintain discipline and decorum in the house and
can punish a member for unruly behaviour with respect to
law after suspending them."
37,"Which of the following are/is stated in the
Constitution of India?

1. The President shall not be a member of
either House of Parliament.

2. The Parliament shall consist of the
President and the two Houses.

Choose the correct answer from the codes

given below:",Neither 1 nor 2,Both 1 and 2,1 only,2 only,UPSC CSE Pre,1997.0,b,"Exp) Option b is the correct answer.

Article 79 describes the Constitution of Parliament. It
says that there shall be a Parliament for the Union, which
shall consist of the President and two Houses, to be known
respectively as the Council of States and the House of the
People.

[ Important Tips

| Qualifications for Election as President:

« <A person to be eligible for election as President should
fulfil the following qualifications:

« He should be a citizen of India.

» He should have completed 35 years of age.

e He should be qualified for election as a member of the
Lok Sabha ( should not a member of Lok Sabha).

* He should not hold any office of profit under the Union

| government or any state government or any local
authority or any other public authority.

« A sitting President or VicePresident of the Union, the
Governor of any state and a minister of the Union or
any state is not deemed to hold any office of profit and
hence qualified as a presidential candidate."
38,"Which one of the following States of India
does not have a Legislative Council so for
even though the Constitution (Seventh
Amendment) Act, 1956 provides for it?",Maharashtra,Bihar,Karnataka,Madhya Pradesh,UPSC CSE Pre,1995.0,d,"Exp) Option d is the correct answer.

Madhya Pradesh is one of the states that does not have a

Legislative Council so far even though the Constitution

(Seventh Amendment) Act, 1956 provides for it.

The Constitution (Seventh Amendment) Act, 1956 was one

of the major amendments to the Constitution of India that

reorganized the states and union territories on linguistic and

administrative grounds. It also made some changes to the

provisions related to the state legislatures, such as abolishing

the classification of Part A, Part B, Part C and Part D states

and introducing the concept of bicameralism in some states.

Important Tips |
¢ Currently, six states in India have a legislative council. |

| These states are Uttar Pradesh, Andhra Pradesh, Bihar,

| __ Maharashtra, Karnataka, and Telangana. i"
39,"Who among the following has the right to
vote in the elections to both the Lok Sabha
and the Rajya Sabha?","Elected members of the Lower House of
the Parliament","Elected members of the Upper House of
the Parliament","Elected members of the Upper House of
the state Legislature","Elected members of the Lower House of
the state Legislature",UPSC CSE Pre,1995.0,d,"Exp) Option d is the correct answer,

Elected members of the Lower House of the state Legislature

have right to vote in the elections to both the Lok Sabha and

the Rajya Sabha. They vote as common voters in the election

of Lok Sabha, whereas, they elect the members of Rajya

Sabha from their respective state"
40,"Which one of the following statements
regarding the office of the Speaker is
correct?","He holds office during the pleasure of the
President.","He need not be a member of the House at
the time of his election but has to become
a member of the House within six months
from the date of his election.","He loses his office if the house is dissolved
before the end of its normal tenure.","If he intends to resign the letter of his
resignation is to be addressed to the
Deputy Speaker.
a xy, | Questions 36a) a oa Sw ee",UPSC CSE Pre,1993.0,d,"Exp) Option d is the correct answer.

If the Speaker of the Lok Sabha intends to resign, the

correct procedure is to address the letter of resignation

to the Deputy Speaker. The Speaker, who is elected by the

members of the Lok Sabha, holds office as long as they enjoy

the confidence of the majority of the members.

| GD | Other: ;Examination#’,Preyious Years’

6.2 Cee Ps 8 ee. a Rea Ee BB

| fF -Questions( re Re nS"
41,"Which one of the following pairs is NOT
correctly matched? 
|",Goa 40 __,"Uttarakhand | 70__
|",,Uttar Pradesh | 403,U.P.P.C.S. (Pre),2022.0,c,"Exp) Option c is the correct answer.

The Legislative Assembly of Manipur is the unicameral
legislature of the Indian state of Manipur. At present, it
consists of 60 members, directly elected from 60 single-seat
constituencies. The elections to the Legislative Assembly are
held on the basis of adult suffrage, that is, every citizen of
india who is not less than 18 years of age and is not otherwise
disqualified can vote.

¢« Goa has 40 members in its Legislative Assembly.

e Uttarakhand has 70 members in its Legislative Assembly.
e Uttar Pradesh has 403 members in its Legislative

Assembly."
42,"The Public Accounts Committee of Indian
Parliament scrutinizes the-","Report of the comptroller and auditor
; general",Consolidated fund of India,Public Account of India,Contingency fund of India,U.P. P.C.S. (Pre),2021.0,a,"Exp) Option a is the correct answer
The function of the Public Accounts Comuinittee is to
examine the annual audit reports of the Comptroller and
Auditor General of India (CAG), which are laid before
the Parliament by the President. The CAG submits three
audit reports to the President, namely, audit report on
appropriation accounts, audit report on finance accounts
and audit report on public undertakings."
43,"Whichofthe following Articles of the Indian
Constitution is related to Contingency
Fund?",Article 265,"Article 266
{c) Article 267",,Article 268,"U.P.P.C.S, (Pre)",2021.0,c,"Exp) Option c is the correct answer,
The Constitution under article 267 authorised the Parliament
to establish a ‘Contingency Fund of India, into which
amounts determined by law are paid from time to time.
Accordingly, the Parliament enacted the contingency fund
of India Act in 1950.

Important Tips

The Constitution of India provides for the following three

kinds of funds for the Central government:
¢ Consolidated Fund of India (Article 266)
| ¢ It is a fund to which all receipts are credited and all
| payments are debited. It includes
| ¢ all revenues received by the Government of India;
[* all loans raised by the Government by the issue of
| treasury bills, loans or ways and means of advances;
| and

e all money received by the government in repayment of
loans forms the Consolidated Fund of India.

¢ All the legally authorised payments on behalf of the
Government of India are made out of this fund.

e No moncy out of this fund can be appropriated (issued
or drawn) except in accordance with a parliamentary
law.

« Public Account of India (Article 266)

All other public money (other than those which are

credited to the Consolidated Fund of India) received by

or on behalf of the Government of India shall be credited
to the Public Account of India.

« This includes provident fund deposits, judicial
deposits, savings bank deposits, departmental deposits,
remittances and so on.

¢ This account is operated by executive action, that is,
the payments from this account can be made without
parliamentary appropriation.

« Contingency Fund of India (Article 267)

+ The Constitution authorised the Parliament to
establish a ‘Contingency Fund of India, into which
amounts determined by law are paid from time to time.
Accordingly, the Parliament enacted the contingency
fund of India Act in 1950.

¢ ‘This fund is placed at the disposal of the president,
and he can make advances out of it to meet unforeseen
expenditure pending its authorisation by the
Parliament.

« The fund is held by the finance secretary on behalf of
the president.

« Like the public account of India, it is also operated by
executive action."
44,"Match lList-I with list-II and select the
correct answer using the codes given below
the lists:
A. Indian Arms Act | 1. 1876 ;
B. Royal Title Act _|2. _1878
C. Indian High Court) 3. 1869 |
| D. Indian Divorce je
Act — ee
Code: 
A BC OD",2 3 1 4,3 1 2 4,1 2 3 4,2 1 4 3,UPPCS (Pre),2020.0,d,"Exp) Option d is the correct answer.

¢ Indian Arms Act, 1878; During the 19 centuries, the
British came up with the Arms Act to deal with the
growing Indian nationalism. It was enacted in 1878.
Under this act, manufacture and sale of guns in the
country were regulated. No Indian was allowed to
manufacture, sell, or even carry a weapon without a
license from the government.

The Royal Titles Act 1876 was an Act of the Parliament
of the United Kingdom which officially recognized
Queen Victoria as “Empress of India”. The act was passed
with the understanding that the British imperial should
be used only in India.

¢ Indian High Courts Act 1861 was an act of the Parliament
of the United Kingdom to authorize the Crown to create
High Courts in the Indian colony. Queen Victoria created
the High Courts in Calcutta, Madras, and Bombay by
Letters Patent in 1862.

¢ The Indian Divorce Act, 1869, also known as the Divorce
Act, 1869 was introduced to govern the divorce laws for
Christian couples in India. It deals with the Dissolution
of marriage between a man and a woman in the Christian
community."
45,"Mazdoor Kisan Shakti Sangathan (MKSS),
a Social Movement has been associated with
which of the following in India?",RTE Act,RTI Act,MGNREGA,National Health Mission (NHM),U.P.P.C.S. (Pre),2019.0,b,"Exp) Option b is the correct answer.

Mazdoor Kisan Shakti Sangathan (MKSS) is a social

movement in India that has been associated with the Right

to Information (RTI) Act. MKSS played a significant

role in advocating for transparency and accountability in
governance and played a crucial role in the campaign for the
enactment of the RTI Act, 2005.

Mazdoor Kisan Shakti Sangathan (MKSS) is a_ social
movement in India that works with workers and peasants in
the villages of Central Rajasthan. It was set up by the people
of the area in 1990 to strengthen participatory democratic
processes, so that ordinary citizens could live with dignity
and have a say in governance"
46,"The Council of States has exclusive powers

in relation to which of the following?","To initiate proceedings for the removal of
the President","To initiate proceedings for the removal of
a judges of the Supreme Court","To recommend creation of a new All
India Service",None of the above,U.P.P.C.S. (Pre),2018.0,c,"Exp) Option c is the correct answer.

The Council of States, also known as the Rajya Sabha, has
exclusive powers in relation to the recommendation for the
creation of a new All India Service. All India Services are
services created by the Union (Central) Government to serve
both the Central Government and the State Governments.
These services include the Indian Administrative Service
(IAS), the Indian Police Service (IPS), and the Indian Forest
Service (IFS). The creation of All India Services requires the
recommendation and approval of the Rajya Sabha.

—
| Important Tips
| The Council of States (Rajya Sabha) has exclusive
powers in relation to the following:
| « Torecommend the creation of a new All India Service. |
| ¢ To enable the Parliament to make law on a matter of|
state list.
« To enforce proclamation of emergency when Lok
Sabha is dissolved ;"
47,"What can be the maximum representation
from the Union Territories to the Lok
Sabha?",15,20,25,None of the above,U.P.P.C.S. (Pre),2018.0,b,"Exp) Option b is the correct answer.
The maximum representation from the Union Territories
to the Lok Sabha is 20. This is as per Article 81(2) of the
Constitution of India. The number of seats for the Union
‘Territories in the Lok Sabha is determined by the President
of India."
48,"After how many days of absence from
Parliament without permission can an M.P.
be disqualified?",30 days,60 days,90 days,120 days,"U.P.P.C.S, (Pre)",2018.0,b,"Exp) Option b is the correct answer.
A House can declare the seat of a member vacant if he is
absent from all its meetings for a period of sixty days without
its permission. In computing the period of sixty days, no
account shall be taken of any period during which the House
is prorogued or adjourned for more than four consecutive
days.

Important Tips

In the following cases, a member of Parliament vacates his

seat.

¢ Double Membership: A person cannot be a member of

both Houses of Parliament at the same time.

+ Disqualification on the grounds of defection:

Under the provisions of the Tenth Schedule of the
Constitution.

| + Resignation: A member may resign his seat by writing
| to the Chairman of Rajya Sabha or Speaker of Lok
! Sabha, as the case may be.
| « Absence: Discussed above Other cases: A member has
to vacate his seat in the Parliament: (a) if his election is
declared void by the court; (b) if he is expelled by the
Iiouse; (c) if he is elected to the office of President or
Vice-President; and (d) if he is appointed to the office
of governor of a state ."
49,"What is the quorum to constitute a meeting
of Lok Sabha?","One sixth of the total members of the
House.","One tenth of the total members of the
House.

{c) One fourth of the total members of the
House",,"One third of the total members of the
House",U.P.P.C.S. (Pre),2017.0,b,"Exp) Option b is the correct answer.
The quorum to constitute a meeting of the Lok Sabha is
one-tenth of the total members of the House. This means
that there must be at least 55 members present in the Lok
Sabha for a nceting to be valid. Uf the required quorum is not
met, the Speaker of the Lok Sabha may either adjourn the
meeting or proceed with the business if the lack of quorum
is not pointed out by a member."
50,"Whichone ofthe following is not acollective

privilege of the members of Parliament?",Freedom of debates and proceedings.,"The Rights to regulate the internal matters
of the Parliament",Freedom from attendance as Witness.,"The privileges of excluding strangers
from the house.",U.P.P.C.S. (Pre),2017.0,c,"Exp) Option c is the correct answer.
Freedom from attendance as Witness is an individual
privilege (not a collective privilege). Other than that,
Freedom of debates and proceedings, the Rights to regulate
the internal matters of the Parliament and the privileges
of excluding strangers from the house are the collective
privilege.
Important Tips

Collective privilege

These privileges belonging to each House of Parliament

collectively:

¢ Ithas the right to publish its reports, debates and procecdings
and also the right to prohibit others from publishing the same.

* It can exclude strangers from its proceedings and hold |.
secret sittings to discuss some important matters.

« It can make rules to regulate its own procedure and
the conduct of its business and to adjudicate upon such
matters,

e Itcan punish members as well as outsiders for breach of
its privileges or its contempt by reprimand, admonition
or imprisonment (also suspension or expulsion, in case
of members),

° It has the right to receive immediate information of
the arrest, detention, conviction, imprisonment and
release of a member,

* It can institute Inquiries and order the attendance of

| witnesses and send for relevant papers and records,

* The courts are prohibited to inquire into the

proceedings of a House or its committees.

| ¢ No person (either a member or outsider) can be

| arrested, and no legal process (civil or criminal) can be

| served within the precincts of the House without the
permission of the presiding officer.

Individual Privileges
The privileges belonging to the members individually are:
e They cannot be arrested during the session of
Parliament and 40 days before the beginning and
40 days after the end of a session. This privilege is
| available only in civil cases and not in criminal cases or
| preventive detention cases.
| ¢ They have freedom of speech in Parliament. No member
; is liable to any proceedings in any court for anything
| said or any vote given by him in Parliament or its
committees. This freedom is subject to the provisious |
| of the Constitution and to the rules and standing orders |
| regulating the procedure of Parliament. |
j* They are exempted from jury service. They can refuse to |
{ give evidence and appear as a witness in a case pending |

in a court when Parliament is in session. (Hence, this is |

an individual privilege)"
51,"A Bill which merely involves expenditure
and does not include any of the matters
specified in Article 110 can be:",Initiated only in Lok Sabha,Initiated in either House of Parliament,Initiated only in Rajya Sabha,"Initiated only in joint session of both
House of Parliament",U.P.P.C.S. (Mains),2016.0,b,"Exp) Option b is the correct answer.
A financial bill (11) under article 117 contains provisions
involving expenditure from the Consolidated Fund of India,
but does not include any of the matters mentioned in Article
110.

Important Tips

The financial bills (I) and (II) have been dealt with in

Article 117 of the Constitution.

Financial Bills (I):

« A financial bill (I) is a bill that contains not only any or
all the matters mentioned in Article 110, but also other
matters of general legislation.

e Intwo respects, a financial bill (1) is similar to a money
bill-(a) both of them can be introduced only in the Lok
Sabha and not in the Rajya Sabha, and (b) both of them
can be introduced only on the recommendation of the
president.

« In all other respects, a financial bill (1) is governed
by the same legislative procedure applicable to an
ordinary bill.

¢ Hence, it can be either rejected or amended by the
Rajya Sabha.

« Incase of a disagreement between the two Houses over
such a bill, the president can summon a joint sitting of
the two Houses to resolve the deadlock.

e When the bill is presented to the President, he can
either give his assent to the bill or withhold his assent
to the bill or return the bill for reconsideration of the
Houses.

Financial bill (11);

¢ Itds treated as an ordinary bill and in all respects. The
only special feature of this bill is that it cannot be passed
by either House of Parliament unless the President has
recommended to that House the consideration of the
bill.

Lee eee teen

« Hence, financial bill (IL) can be introduced in either
House of Parliament

« Recommendation of the President is not necessary for
its introduction. In other words, the recommendation
of the President is not required at the introduction
stage but is required at the consideration stage.

« It can be either rejected or amended by either House
of Parliament.

+ Incase ofa disagreement between the two Houses over
such a bill, the President can summon a joint sitting of
the two Houses to resolve the deadlock.

« When the bill is presented to the President, he can either
give his assent to the bill or withhold his assent to the
bill or return the bill for reconsideration of the Houses."
52,"Incase the Deputy Speaker is presiding the

Lok Sabha he has right to",Take part in its deliberations,"Vote on any proposition before the house
as a member",Vote in the event of equality of votes,"No right to preside a joint sitting of the
House of Parliament in case the Speaker
is absent",U.P.P.C.S. (Mains),2016.0,c,"Exp) Option c is the correct answer.

In case the Deputy Speaker is presiding the Lok Sabha, he
has the right to take part in its deliberations, vote on any
proposition before the house as a member, and vote in the
event of equality of votes. He also has the right to preside a
joint sitting of the House of Parliament in case the Speaker
is absent.

Important Tips
Few facts about the Deputy Speaker of Lok Sabha:

e« The Deputy Speaker is the second-highest-ranking
officer in the Lok Sabha, the lower house of the
Parliament of India.

e« The Deputy Speaker is elected by the members of the

| Lok Sabha from among themselves
| « The Deputy Speaker presides over the Lok Sabha in the
| absence of the Speaker.

¢ The Deputy Speaker has the same powers and
privileges as the Speaker, except for the power to
decide whether a bill is a money bill or not.

* The Deputy Speaker holds office for a term of five
years, or until the Lok Sabha is dissolved.

* The Deputy Speaker is responsible for maintaining
order and decorum in the Lok Sabha

e The Deputy Speaker is responsible for conducting the |
business of the Lok Sabha, including the scheduling |
of debates and the voting on bills. |

« The Deputy Speaker can be removed from office by a |
resolution of the Lok Sabha passed by a majority of |
all the members of the House."
53,"Who among the following is the final
authority to decide any question relating to
disqualification of a Member of a House of
Legislature of a State?",Governor,Speaker of the Legislative Assembly,Chief Minister,High Court,U.P.P.C.S. (Mains),2016.0,a,"Exp) Option a is the correct answer.

Article 192 of the Indian Constitution states that the
Governor is the final authority to decide any question
relating to the disqualification of a Member of a Hause of
the Legislature of a State. The Governor’s decision is based
on the advice of the Election Commission of India or the
President of India.

Important Tips

Decision on questions as to disqualification on ground

of defection:

+ If any question arises as to whether a member of a
House has become subject to disqualification under
10th Schedule, the question is referred for the decision
of the Chairman or, as the case may be, the Speaker of
such House and his decision should be final."
54,"Which one of the following Articles of the
Constitution provides that the Speaker
shall have and exercise a casting vote in the
case of an equality of votes?",Article 99,Article 103,Article 100,Article 102,U.P.P.C.S. (Pre) (Re-Exam),2015.0,c,"Exp) Option c is the correct answer.

Article 100 of the Constitution of India states that “The
Speaker or Chairman, or person acting as such, shall not
vote in the first instance, but shall have and exercise a casting
vote in the case of an equality of votes to break the tie. The
Speaker’s vote is called a casting vote, and it is not counted
as a vote in the ordinary sense."
55,"Whocan legislate on the subjects which are
not included in any of the lists of subjects
given in the Constitution?",Supreme Court,Parliament,State Legislature,Regional Councils,U.P.P.C.S. (Pre) (Re-Exam),2015.0,b,"Exp) Option b is the correct answer.

Article 248 of the Indian Constitution deals with the
residuary powers of legislation. The residuary subjects are
not mentioned in any of the three lists (Union, State or
Concurrent list). The power to make laws with respect to
residuary subjects is vested in the Parliament. This residuary
power of legislation includes the power to levy residuary
taxes. Vesting of residuary powers in the Centre is taken
from the Constitution of Canada."
56,"The Union Territories get representation
in-",Lok Sabha,Rajya Sabha,Both Houses of Parliament,None of the above,U.P.P.C.S. (Mains),2015.0,c,"Exp) Option c is the correct answer.

Union Territories in India receive representation in both
Houses of Parliament, namely the Lok Sabha and the
Rajya Sabha. In the Lok Sabha, representation for Union
Territories is achieved through the nomination of members
by the President of India. Additionally, Union Territories
have direct representation in the Rajya Sabha, where each
Union Territory is allocated a fixed number of seats."
57,"Which one of the following is authorized
to prorogue the session of the House of the
People?",Speaker,Attorney General,Minister of Parliamentary,President,U.P.P.C.S. (Mains),2035.0,d,"Exp) Option d is the correct answer.

The authority to prorogue the session of the House of the
People, the Lok Sabha, lies with the President. Prorogation
is the formal ending of a session. On the advice of the
Prime Minister or the Council of Ministers, the President
has the authority to conclude the current session of the Lok
Sabha. Prorogation typically occurs after the completion of
the business of a particular session."
58,"Which of the following is related to the
Right to Information Act, 2005?",Lily Thomas v/s Union of India,Nandini Sundar v/s State of Chhattisgarh,Namit Sharma v/s Union of India,None of the above,U.P.P.C.S. (Pre) (Re-Exam),2015.0,c,"Exp) Option c is the correct answer.

Namit Sharma v/s Union of India is related to the Right
to Information Act, 2005, Namit Sharma, a law student,
filed a Right to Information (RTI) application seeking
information on the appointment of judges in the Allahabad
High Court. The application was rejected by the Central

Public Information Officer (CPIO) of the Supreme Court,

citing that the Supreme Court was not a “public authority”

under the RTI Act. Namit Sharma then approached the

Central Information Commission (CIC), which ruled that

the Supreme Court was indeed a “public authority” under

the RTI Act.

« Lily Thomas v/s Union of India is a Supreme Court
judgment related to the disqualification of convicted
lawmakers.

« Nandini Sundar v/s State of Chhattisgarh is related to
the appointment and arming of Special Police Officers
(SPOs) by the State of Chhattisgarh which was declared
unconstitutional by the Supreme Court"
59,"Which of the following are correct about

the Rajya Sabha?

1. Itis not subject to dissolution.

2. It has aterm of five years.

3. One-third of its members retire after
every two years.

4. Its members shall not be less than 25
years of age.

Select the correct answer using the code given

below:","1,2 and 3","2,3 and 4",land3,2 and 4,U.P.P.C.S. (Pre),2014.0,c,"Exp) Option c is the correct answer.

Statement 1 is correct- The Rajya Sabha is a permanent

body and is not subject to Dissolution.

Statement 2 is incorrect- The Rajya Sabha has a term of six

years.

Statement 3 is correct- One-third of the members of the

Rajya Sabha retire after every two years. This is done to

ensure that the Rajya Sabha is always representative of the

states and union territories.

Statement 4 is incorrect- The members of the Rajya Sabha

must be at least 30 years old. This is to ensure that the

members of the Rajya Sabha have sufficient maturity and
experience to be able to contribute effectively to the work of
the Parliame.ii."
60,"Who among the following presides over a
joint sitting of two houses of Parliament?",President,Prime Minister,Chairman of the Rajya Sabha,Speaker of the Lok Sabha,U.P.P.C.S. (Pre),2014.0,d,"Exp) Option d is tne correct answer.

The Speaker of Lox Sabha presides over a joint sitting of the

two Houses and the Deputy Speaker, in his absence. If the

Deputy Speaker is also absent from a joint sitting, the Deputy

Chairman of Rajya Sabha presides. If he is also absent, such

other person as may be determined by the members present

at the joint sitting, presides over the meeting. It is clear that
the Chairman of Rajya Sabha does not preside over a joint
sitting as he is not a member of either House of Parliament."
61,"Parliament may legislate on any subject of
State List when-",There is assent of President,"Resolution thercof has been passed by
State",In any situation,"General permission of State Legislative
Assembly has been received",U.P.P.C.S. (Pre),2012.0,b,"Exp) Option b is the correct answer.

When two or more States make a Request, Parliament may

legislate on any subject of State List. A law so enacted applies

only to those states which have passed the resolutions.

However, any other state may adopt it afterwards by passing

a resolution to that effect in its legislature. Such a law can be

amended or repealed only by the Parliament and not by the

legislatures of the concerned states. Some examples of laws
passed under the above provision are Prize Competition Act,

1955; Wild Life (Protection) Act, 1972; Water (Prevention

and Control of Pollution) Act, 1974; Urban Land (Ceiling

and Regulation) Act, 1976; and Transplantation of Numan

Organs Act, 1994."
62,"On which of the following, a Parliamentary
Committee has not been set up?",Public Undertakings,Government Assurances,Estimates,Welfare of Minorities,U.P.P.C.S. (Mains),2012.0,d,"Exp) Option d is the correct answer

The Parliamentary Committee has not been set up for
Welfare of Minorities. Parliamentary Committee has been
set up for Public Undertakings, Government Assurances and
Estimates.

1. Financial Committees

© Public Accounts Committee

¢ Estimates Committee

« Committee on Public Undertakings

2. Committees to Scrutinize and Control

¢ Committee on Government Assurances

* Committee on Subordinate Legislation

« Committee on Papers Laid on the Table

e Committee on Welfare of SCs and SI's

« Committee on Empowerment of Women

« Joint Committee3 on Offices of Profit"
63,"NomoneyBillcanbeintroducedinAssembly
of a State, except on the recommendations
of-",The Parliament,The Governor of the State,‘The President of India,A special Committee of Ministers,U.P.P.C.S. (Pre),2012.0,b,"Exp) Option b is the correct answer.

A money bill can be introduced in the state legislative
assembly only and that too on the recommendation of
the governor. A money bill is a bill that deals with financial
matters like taxation, public expenditure, borrowing,
and custody of the state’s funds. A money bill cannot be
introduced in the legislative council, which is the upper
house in those states that have a bicameral state legislature.
Every money bill is considered to be a government bill and
can be introduced only by a minister."
64,"Which one of the following is not correct
with regard to the elections to the Lok
Sabha?","The elections are on the basis of adult

suffrage.","The Election Commission is required to
conduct the elections.","The electoral rolls are prepared under the
direction and control of the President of
India.","OntherequestoftheElectionCommission,
the President is required to make available
to the Election Commission such staff as
may be necessary for the discharge of its
functions.",U.P.P.C.S. (Mains),2011.0,c,"Exp) Option c is the correct answer.

The preparation of electoral rolls for the Lok Sabha elections
lies with the Election Commission of India, an autonomous
constitutional authority. They are responsible for the
preparation and revision of electoral rolls, delimitation
of constituencies, and the overall administration of the
electoral process."
65,"Which one of the following terms does not
appear in the Constitution of India?",Annual Financial Statement,Appropriation Bill,Budget,Consolidated Fund of India,U.P.P.C.S. (Mains),2011.0,c,"Exp) Option c is the correct answer.

The Constitution refers to the budget as the ‘annual financial
statement. In other words, the term ‘budget’ has nowhere
been used in the Constitution. It is the popular name for
the ‘annual financial statement that has been dealt with in
Article 112 of the Constitution. The Consolidated Fund of
India is mentioned in the article 266. While, article 114 deals
with the Appropriation Bill,"
66,"Which one of the following statements
about Rajya Sabha is correct?",It is not subject to dissolution.,"Its members are chosen by direct election
from territorial constituencics in the
States.","It is required to choose, as soon as may
be a member of the Rajya Sabha to be the
Chairman thereof.","The Attorney General of India does not
have the right to speak in Rajya Sabha.",U.P.P.C.S. (Mains),2011.0,a,"Exp) Option a is the correct answer.

Unlike the Lok Sabha, which is subject to Dissolution, the
Rajya Sabha is a permanent body and is not dissolved. The
Rajya Sabha is a continuing chamber, and its members have

a fixed term of six years. One-third of the members retire
every two years, ensuring continuity in the functioning of
the house."
67,"Which one of the following expenditures is
not charged on the Consolidated Fund of
India?","Salary and allowances of the Chief Justice

of India","Salary and allowances of the Comptroller
and Auditor General of India","Salary and allowances of the Prime
Minister of India.","Salary and allowances of the Chairman of
the Union Public Service Commission.",U.RB.C.S. (Mains),2011.0,c,"Exp) Option c is the correct answer.
Salary and allowances of the Prime Minister of India is not
charged on the Consolidated Fund of India. It is made from
the Consolidated Fund of India.
Important Tips
The budget consists of two types of expenditure-the
expenditure ‘charged’ upon the Consolidated Fund of
India and the expenditure ‘made’ from the Consolidated
Fund of India.
¢ The charged expenditure is non-votable by the
Parliament, that is, it can only be discussed by the
Parliament.
¢ The expenditure ‘made’ from the Consolidated Fund |
of India has to be voted by the Parliament. |
Charged Expenditure: Salaries and allowances of the |
President; Chairman and the Deputy Chairman of the
Rajya Sabha and the Speaker and the Deputy Speaker of the
Lok Sabha; the judges of the Supreme Court; Comptroller
and Auditor General of India; chairman and members of
the Union Public Service Commission, etc."
68,"Which one of the following is not covered
by the Anti-Defection Law?
(",An-bloc defections in a Party.,"Large defections in a Party in various
spells.",Smaller defection in a single spell.,"Party members in Parliament casting vote
either to topple or support a government.",U.P.P.C.S. (Mains),2010.0,b,"Exp) Option b is the correct answer.
The Anti-Defection Law, also known as the Tenth Schedule
of the Constitution of India, was enacted in 1985 to prevent
the “floor crossing” of legislators. Floor crossing is the act
of a legislator switching from one political party to another,
often in order to gain political advantage. The Anti-Defection
Law prohibits legislators from defecting from their party
unless they have the support of two-thirds of the members
of their party. This means that large defections in a party
in various spells are not covered by the Anti-Defection Law."
69,"Which one of the following
pairs is not correctly
matched?",Hindu Marriage Act: 1955,Hindu Succession Act: 1956,"73rd Constitutional Amendment Act:
Reservation of seats for women in the
election of local bodies in urban areas",} Sati (Prevention) Act: 1987,U.P.P.C.S. (Mains),2009.0,c,"Exp) Option c is the correct answer.
73rd Constitutional Amendment Act, 1992, which came
into force on April 24, 1993, provides for the reservation
of not less than one-third of the total number of seats
for women in the Panchayats at all levels, as well as the
reservation of one-third of the offices of Chairpersons of
Panchayats at all levels for women.
Option a is correct: Hindu Marriage Act: 1955 is an Act
that regulates the marriage and divorce among Hindus,
Buddhists, Jains and Sikhs.
Option b is correct: Hindu Succession Act: 1956 is an Act
that codifies the law relating to intestate succession among
Hindus, Buddhists, Jains and Sikhs.
Option d is correct: Sati (Prevention) Act: 1987 is an Act
that prohibits the practice of sati, the burning or burying
alive of widows, and its glorification."
70,"Which is the only State in India to have the
Common Civil Code?",Jammu & Kashmir,Mizoram,Nagaland,Goa,U.P.P.C.S. (Mains),2009.0,d,"Exp) Option d is the correct answer.
Goa is the only state in India to have a Common Civil Code.
Unlike the rest of India, which follows different personal
laws based on religious affiliations, Goa has a uniform civil
code for all its residents.
Important Tips |
* “Goa Civil Code,” was inherited from the Portuguese |
colonial era and is applicable to all residents of the |
state irrespective of their religion. |
e It covers matters such as marriage, divorce, inher-|
itance, adoption and maintenance. |
| « It has some special provisions for different commu-
| nities, such as allowing bigamy to Hindu men under
certain conditions.
¢ Uniform Civil Code is mentioned in Article 44 of the
Indian Constitution as one of the directive principles
of state policy."
71,"Members of the Rajya Sabha are not
associated with-

1. Public Accounts Committee
2. Estimates Committee
3. Committee on Public Undertakings ,
Choose your answer from the given code.",land2,Only 3,Only 2,1 and 3,U.P.P.C.S. (Spl) (Mains),2008.0,c,"Exp) Option c is the correct answer
Members of the Rajya Sabha are not associated with the
Estimates Committee. It has 30 members and all these
members are from Lok Sabha (Lower House). Committees
on Public Accounts and Public Undertakings consists of 22
members (15 from the Lok Sabha and 7 from the Rajya Sabha).
Thus, both the committee has members from Rajya Sabha."
72,"Which of the Constitutional Provision lays
down that taxes can neither be levied nor
collected without the authority of law?",Article 265,Article 266,Article 300,Article 368,U.P.P.C.S. (Mains),2007.0,a,"Exp) Option a is the correct answer.
Article 265 of the Indian constitution deals with the taxes
not to be imposed save by authority of law. It means that no
tax shall be levied or collected except by the authority of Jaw."
73,"At which of the following stages general
discussion on a Bill takes place in the Lok
Sabha?",During introduction of the Bill,During second reading,During report stage,During third reading,U.P.P.C.S. (Mains),2006.0,b,"Exp) Option b is the correct answer.
During second stage, the bill receives not only the general
but also the detailed scrutiny and assumes its final shape.
Hence, it forms the most important stage in the enactment
of a bill.
Important Tips
Ordinary Bills:
Every ordinary bill has to pass through the following five |
stages in the Parliament before it finds a place on the |
Statute Book |
Stage 1; First Reading
« An ordinary bill can be introduced in either House of |
Parliament. Such a bill can be introduced either by a |
minister or by any other member. No discussion on
the bill takes place at this stage.
Stage 2: Second Reading
« During this stage, the bill receives not only the general
but also the detailed scrutiny and assumes its final
shape. This stage involves three more sub-stages,
namely, stage of general discussion, committee stage
and consideration stage. ;

[ Stage 3: Third Reading |

|» At this stage, the debate is confined to the acceptance

| or rejection of the bill as a whole and no amendments |

| are allowed. |

| Stage 4: Billin the Second House |

I, In the second House also, the bill passes through all |
the three stages, that is, first reading, second reading
and third reading. |

Stage 5 : Assent of the President

« Every bill after being passed by both Houses
Parliament either singly or at a joint sitting, is presented
to the president for his assent, A bill becomes an act
after his assent."
74,"Union Parliament may legislate on any
subject of State List-


1. To Implement International Agreements

2. By consent of State

3. When Proclamation of Emergency is in
operation.

4. In national interest and after a resolution
passed by Council of states with 2/3
majority.

Choose the correct option using codes given

below:","1,2 and 3","2,3 and 4","1,2 and 4",All of the above,U.P.P.C.S. (Mains),2005.0,d,"Exp) Option d is the correct answer.
Union Parliament may legislate on any subject of State List
in following cases; (a) To Implement International
Agreements; (b) By consent of State; (c) When Proclamation
of Emergency is in operation; (d) In national interest and
after a resolution passed by Council of states with 2/3
majority. Hence, all the options are correct.

Important Tips

Parliamentary Legislation on subjects in State List :

The Constitution empowers the Parliament to make laws
; on any matter enumerated in the State List under the |
| following five extraordinary circumstances; |
!« When Rajya Sabha Passes a resolution (Art. 249) |
|. Ifthe Rajya Sabha proposes with a two-thirds majority |

of its members present and voting that it is necessary
or beneficial in the national interest, the Parliament
can legislate on any of the subjects listed in the State
List.

¢ During a National Emergency (Art. 250)

« It provides power to Parliament to legislate with respect
to any matters in the State List if a Proclamation of
Emergency is in operation.

« When States Make a Request: (Art.252)

« It provides power to Parliament to legislate for two or
more States, when respective State legislatures pass a
resolution in this regard.

¢ To Implement International Agreements (Art. 253)

« The Parliament can make laws on any matter in the
State List for implementing the international treaties,
agreements or conventions. This provision enables
the Central government to fulfil its international
obligations and commitments.

+ During President’s Rule (Art. 356)

« When the President’s rule is imposed in a state, the
Parliament becomes empowered to make laws with |

| respect to any matter in the State List in relation to |
| _thatstate |"
75,"Match list-I with list-II and select the
correct answer using the codes given below
the lists:

A. Public Accounts | 1. Ad hoc
Petitions Committee

C. Joint Committee | 3. Financial
on Stock Market Committee
Scam

D. Departmental 4. Functional

Code: 
A B COD

(a}l 4 3 2",,2 3 4 1,3 4 1 2,4 2 1 3,U.P.B.C.S. (Mains),2005.0,c,"Exp) Option c is the correct answer

The functions of the Public Accounts Committee arc
to examine the appropriation accounts and the finance
accounts of the Union government and any other accounts
laid before the Lok Sabha. It is Financial Committee. The
Committee on Petitions is an Functional Committee. Joint
Committee on Stock Market Scam was an Ad hoc Commnittee.
The committee recommended sweeping changes in stock
market regulations. Departmental Committees are Standing
Committee. The main objective of the standing committees
is to secure more accountability of the Executive (ie,
the Council of Ministers) to the Parliament, particularly
financial accountability.

Important Tips |

+ Parliamentary committees are of two Kinds-Standing ;
Committees and Ad Hoc Commnittees. The former are
permanent (constituted every year or periodically) |
and work on a continuous basis, while the latier are
temporary and cease to exist on completion of the task
assigned to them.

« On the basis of the nature of functions performed by
| them, standing committees can be classified into the
| following six categories

| 1. Financial Committees

2. Departmental Standing Committees (24)

3. Committees to Inquire |

4, Committees to Scrutinise and Control

5. Committees Relating to the Day-to-Day Business of the
House.

6. House-Keeping Committees or Service Committees
(i.e, Committees concerned with the Provision of
Facilities and Services to Members):

Ad hoc committees can be divided into two categories, that

is, Inquiry Committees and Advisory Committees.

1. Inquiry Committees are constituted from time to time,
either by the two Houses on a motion adopted in that
behalf, or by the Speaker / Chairman, to inquire into
and report on specific subjects. For example:

2. Advisory Committees include select or joint |
committees on bills, which are appointed to consider |
and report on particular bills. These committees are |
distinguishable from the other ad hoc committces

in as much as they are concerned with bills and the
| procedure to be followed by them is laid down in the
Rules of Procedure and the Directions by the Speaker /
| Chairman"
76,"Which one of the following States has the
highest number of reserve seats for the

Scheduled Tribes in the Lok Sabha?",Bihar,Uttar Pradesh,Madhya Pradesh,Gujarat,U.P.P.C.S. (Mains),2005.0,c,"Exp) Option c is the correct answer.

Madhya Pradesh has the highest number of reserved seats for
the Scheduled ‘Tribes in the Lok Sabha. There are currently
29 seats reserved for Scheduled ‘Tribes in Madhya Pradesh.
This is followed by Gujarat with 26 seats, Maharashtra with
25 seats, and Odisha with 21 seats.

Important Tips
HACER! 2 fl Seatse 07 | for Scheduled Tribes.
Chattisgath =f EP
Odisha 21 5
Madhya Pradesh | 29 | 6
| Rajasthan 25 4 |"
77,"Which one of the following is the period
for the Legislative Council to detain the

ordinary bills?",3 months,4 months,6 months,14 days,U.P.P.C.S. (Mains),2005.0,b,"Exp) Option b is the correct answer.

The ordinary bill passed by the State Assembly can be

delayed by the Legislative Council for a maximum period of

four months.

e Ifthe bill is passed by the Legislative Assembly and sent
to the Legislative Council, the latter can either pass it,
reject it, or not take any action on it within three months.
If the Legislative Council rejects the bill or does not pass
it within three months or passes it with amendments
not acceptable to the Legislative Assembly, the bill is
considered again by the Legislative Assembly, which can
pass it again with or without amendments and send it
back to the Legislative Council.

« The Legislative Council then has to pass the bill within
one month or it is deemed to have been passed by
both houses in the form in which it was passed by the
Legislative Assembly.

e Therefore, the final power of passing an ordinary bill lies
with the Legislative Assembly and the Legislative Council
can only delay it for four months at most"
78,"Which of the following are exclusive powers
of Lok Sabha in comparison to the Rajya
Sabha?

1. A Money/Finance Bill can be introduced
only in the House of the People.

2. Regarding the rejection or amendment of
the Money Bill.

3. The accountability of the Council of
Ministers.

4, Concerning the creation of one or more
All India Services.

Select the correct answer from the code given

below:","1, 2,3,4","1, 2,3","1,3,4","3,4",U.P.P.C.S. (Spl) (Mains),2004.0,b,"Exp) Option b is the correct answer.

Statement 1 is correct- As per Article 109 of the Indian

Constitution, a Money Bill can only be introduced in the

Lok Sabha and not in the Rajya Sabha. The Rajya Sabha can

make recommendations on the Money Bill, but it cannot

initiate or introduce such bills,

Statement 2 is correct- The Rajya Sabha does not have the

power to reject or amend a Money Bill. It can only make

recommendations to the Lok Sabha, which may or may not
accept those recommendations, Ultimately, it is the Lok

Sabha that has the final authority over the Money Bill.

Statement 3 is correct- The Lok Sabha has the exclusive

power to hold the Council of Ministers accountable.

Members of the Lok Sabha can question the ministers,

participate in debates, and pass resolutions to express their

dissatisfaction or lack of confidence in the government. The

Rajya Sabha does not have this power to hold the Council of

Ministers directly accountable,

Statement 4 is incorrect- The power to create All India
Services, such as. the Indian Administrative Service (IAS)
and the Indian Police Service (IPS), is not exclusive to the
Lok Sabha. It is a shared power between the Union (Central)
Government and the State Governments,

Important Tips

« Money Bills are specifically defined in the Indian
Constitution under Article 110 and pertain to
taxation, government expenditure, borrowing, etc.
Money Bills can only be introduced in the Lok Sabha,
the lower house of Parliament.

« Finance Bills have a broader scope and can be
introduced in either the Lok Sabha or the Rajya
Sabha (upper house), but they require the President’s
recommendation for introduction in the Rajya Sabha."
79,"Economic Survey is presented in Parliament
every year-","Before presentation of the Budget for the
coming year","After presentation of the Budget for the
coming year",After presentation of Finance Bill,"And has no relation with presentation of
the Budget ;",U.P.P.C.S. (Mains),2004.0,a,"Exp) Option a is the correct answer.

The Economic Survey is presented in both the houses of
Parliament, a day before the announcement of the Union
Budget. The Economic Survey is prepared under the guidance
of the Chief Economic Advisor."
80,"‘Zero Hour’ is the contribution of which
country to the Parliamentary System?

) (Mains) 2004]",India,America,Britain,Switzerland,U.P.P.C.S. (Sp,,a,"Exp) Option a is the correct answer.

Zero Hour is an informal device available to the members
of the Parliament to raise matters without any prior notice.
The zero hour starts immediately after the question hour
and lasts until the agenda for the day (ie, regular business
of the House) is taken up. In other words, the time gap
between the question hour and the agenda is known as zero
hour. It is an Indian innovation in the field of parliamentary
procedures and has been in existence since 1962. Unlike the
question hour, the zero hour is not mentioned in the Rules
of Procedure."
81,"The sitting of House of the People may the
terminated by:",Adjournment sine die,Prorogation,Dissolution,All of the above,U.P.P.C.S. (Pre),2000.0,d,"Exp) Option d is the correct answer.

The sitting of the House of the People (Lok Sabha) can
be terminated through adjournment, prorogation, and
Dissolution. Adjournment is done by the Speaker of the
Lok Sabha, while prorogation and Dissolution are carried
out by the President of India, as prescribed in Article 85(2)
of the Constitution,

Note- The adjournment of the House means the suspension
of the sitting of the House till the following or some later day
or hour of time. Adjournment sine die means termination
of the sitting of the House without specifying or fixing any
definite date for its next sitting.

Important Tips |

« Adjournment refers to the temporary suspension of |
the sitting of the House. The House can be adjourned
sine die, which means that it is adjourned for an
indefinite period of time, or it can be adjourned to a
specific date.

* Prorogation refers to the termination of the sitting
of the House for a fixed period of time. The House is
prorogued by the President on the advice of the Prime
Minister.

« Dissolution refers to the termination of the House
of the People and the calling of fresh elections. The
House of the People can be dissolved by the President
on the advice of the Prime Minister"
82,"Who has the right to issue money from the
Consolidated Fund of India?",Comptroller and Auditor General,Finance Minister of India,Authorized Minister,None of the above,U.P.P.C.S. (Pre),2000.0,d,"Exp) Option d is the correct answer.

Consolidated Fund of India is a fund to which all receipts

are credited and all payments are debited. No money out

of this fund can be appropriated (issued or drawn) except

in accordance with a parliamentary law. Hence, Parliament

has the right to issue money from the Consolidated Fund of

India."
83,"Reservation of seats for Scheduled Tribes in

the Lok Sabha does not exist in the states of:",Kerala and Tamil Nadu,Karnataka and Kerala,Tamil Nadu and Karnataka,All of the above,U.P.P.C.S. (Pre),1998.0,a,"Exp) Option a is the correct answer.

There is no reservation of seats for Scheduled Tribes in the

Lok Sabha in the states of Kerala and Tamil Nadu. This is

because these states have a very small tribal population. The

Scheduled Tribes constitute only 1.5% of the population of

Kerala and 1.2% of the population of Tamil Nadu."
84,Which of the following is not a Social Act?,MISA Act,Anti-Dowry Act,Protection of Civil Rights Act,Prevention of Immoral Traffic Act,U.P.P.C.S. (Pre),1991.0,a,"Exp) Option a is the correct answer.

The MISA Act, or the Maintenance of Internal Security

Act, was a controversial law passed by the Indian parliainent

in 197] that gave the administration of Prime Minister

Indira Gandhi and Indian law enforcement agencies very

broad powers, including indefinite preventive detention of

individuals, search and seizure of property without warrants,

and wiretapping. It was not a social act.

The other options are all social acts:

¢ The Anti-Dowry Act refers to the Dowry Prohibition
Act, which was enacted in 1961 to prohibit the giving or
taking of dowry.

¢ The Protection of Civil Rights Act was enacted in 1955
to prescribe punishment for the preaching and practice
of “Untouchability” and for the enforcement of any
disability arising therefrom.

¢ The Prevention of Immoral Traffic Act refers to the
Immoral Traffic (Prevention) Act, which was enacted in
1956 to provide for the prevention of immoral traffic"
85,"How can the President spend from
Contingency Fund?",In time of natural calamity,After Authorization of parliament.,Before Authorization of Parliament.,Cannot spend.,U.P.P.C.S. (Pre),1991.0,c,"Exp) Option c is the correct answer.

Contingency Fund is placed at the disposal of the president,

and he can make advances out of it to meet unforeseen

expenditure pending its authorisation by the Parliament.

Hence, President can spend from Contingency fund

even before authorization of Parliament. But it shall be

authorised by the Parliament later on."
86,"The members of Council of States are
elected by-","Members of Legislative Assembly of
States.",Members of Legislative Council of States.,"Members of both Legislative Assembly
and Council.","Members of Municipalities and Gram
Panchayat.",U.P.P.C.S. (Pre),1990.0,a,"Exp) Option a is the correct answer.

In the Rajya Sabha elections, members of a state’s Legislative

Assembly vote using the proportional representation with

the single transferable vote (STV) system. Each MLA’s vote

is counted once. To win a Rajya Sabha seat, a candidate

must obtain a required number of votes, which is calculated

using the formula: Required vote = Total number of votes /

(Number of Rajya Sabha seats + 1) + 1."
87,"Which of the following is a Parliamentary
Committee relating to delegation of power
to make rules and regulations to the
Executive?",Committee on Executive Legislation,Committee on Subordinate Legislation,Committee on Administrative Legislation,"Committee on Delegated Legislation
(e) None of the above/More than one of the

above","67th B.P.S.C, (Pre),",2021.0,b,"Exp) Option b is the correct answer

The Committee on Subordinate Legislation was constituted

in 1953 examines and reports to the House whether the

powers to make rules, regulations, bye laws, schemes, or

other statutory instruments conferred by the Constitution or

delegated by Parliament are being properly exercised.
Important Tips

¢ In both the Houses, the Committee on Subordinate
Legislation consists of 15 members.

* The Chairman of the Committee shall be appointed
by the Chairman from amongst the members of the
Coninittee.

« In order to constitute a meeting of the Committee, the
quorum shall be five.\

© The Committee shall have the power to require the
attendance of persons or the production of papers or |
records if such a course is considered necessary for the |
discharge of its duties. |"
88,"What constitutes the definition of money
bill under article 110 of the Indian
Constitution?","The imposition, abolition, alteration or
regulation of any tax",The regulation of borrowings of money,"The appropriation of money out of the
consolidated fund of India","Declaration of any expenditure to be
charged on the consolidated fund of India
(e) None of the above / More than one of the
above","66th B.P.S.C. (Pre) (Re-Exam),",2020.0,e,"Exp) Option e is the correct answer.

Article 110 of the Constitution deals with the definition of
money bills. It states that a bill is deemed to be a money bill
if it contains ‘only’ provisions dealing with all or any of the
following matters:

(a) The imposition, abolition, remission, alteration or
regulation of any tax; (b) The regulation of the borrowing
of money by the Union government; (c) The custody of
the Consolidated Fund of India or the contingency fund
of India, the payment of moneys into or the withdrawal of
money from any such fund; (d) The appropriation of money
out of the Consolidated Fund of India; (e) Declaration of
any expenditure charged on the Consolidated Fund of India
or increasing the amount of any such expenditure; (f) The
receipt of money on account of the Consolidated Fund of

India or the public account of India or the custody or issue
of such money, or the audit of the accounts of the Union or
of a state. Since, more than one statement are correct. Hence,
option e is the correct answer."
89,"In which Article of the Constitution of
India was the provision for reservation of
scheduled castes in the Lok Sabha made?",Article 330,Article 331,Article 332,Article 333,64th B.P.C.S. (Pre),2018.0,a,"Exp) Option a is the correct answer.
Article 330 of the Constitution of India provides for
reservation of seats for Scheduled Castes in the Lok Sabha.
The number of seats reserved for Scheduled Castes in the
Lok Sabha is proportional to the population of Scheduled
Castes in India.

Important Tips

» The 104th Constitutional Amendment Act extended
the reservation of seats for Scheduled Castes (SCs)
and Scheduled ‘I'ribes (STs) in the Lok Sabha and state
assemblies.

« The 104th Amendment Act removed the reserved
seats for the Anglo-Indian community in the Lok
Sabha and state assemblies.

¢ Article 331: President's power to nominate two
members from the Anglo-Indian community to the
Lok Sabha.

+ Article 332: Reservation of seats for Scheduled Castes
and Scheduled Tribes in the legislative assemblies of
the states.

» Article 333: Representation of the Anglo-Indian
community in the legislative assemblies of the states."
90,‘The Rajya Sabha consists of-,"280 members of which 20 members are
nominated by the President of India.","275 members of which 18 members are
nominated by the President of India.","250 members of which 12 members are
nominated by the President of India.","252 members of which 12 members are
nominated by the President of India.",53rd to 55th B.B.S.C. (Pre),2011.0,c,"Exp) Option c is the correct answer.

According to Article 80, the Rajya Sabha consists of a
maximum of 250 members. Out of these 250 members,
238 members are elected by the elected members of the
Legislative Assemblies of the states and union territories.
The remaining 12 members are nominated by the President
of India, based on their expertise in various fields like
literature, science, art, and social service."
91,"The Public Accounts Committee submits
its reports to-",The Comptroller and Auditor General,The Speaker of the Lok Sabha,The Minister of Parliamentary Affairs,The President of India,53rd to 55th B.P.S.C. (Pre),2011.0,b,"Exp) Option b is the correct answer

Public Accounts Committee submits its report to the Lok
Sabha Speaker. Public Accounts Committee’s main function
is to examine the audit report of Comptroller and Auditor
General (CAG) and submits its report to the parliament. The
Chairman of the committee is appointed by the speaker of its
members of Lok Sabha."
92,"What is the minimum age laid down for a
person to seek election to the Lok Sabha?",18 years,21 years,25 years,None of these,45th B.P.S.C. (Pre),2001.0,c,"Exp) Option c is the correct answer.

The minimum age laid down for a person to seek election to
the Lok Sabha is 25 years. This is as per Article 84(b) of the
Constitution of India. The same minimum age also applies
to candidates sceking election to the Legislative Assemblies
of the states

, Important Tips
Minimum age required for other elections in India:
« President of India: 35 years
¢ Vice President of India: 35 years
¢ Member of Rajya Sabha (Upper House): 30 years
« Member of Legislative Assembly (State Assembly): 25
years
¢ Member of Legislative Council (State Legislative
Council): 30 years
¢ Panchayat Samiti (Block/Intermediary level): 21
years
¢ Gram Panchayat (Village level): 21 years
¢ Municipal Corporation: 21 years
« Municipal Council/Nagar Panchayat: 2} years
« Mayor of Municipal Corporation: 25 years"
93,"Before completing its term, the Lok Sabha
can be dissolved-",By the discretion of President,By the discretion of Prime Minister,"By the discretion of the Speaker of the
Lok Sabha","By the President on the recommendation
of Prime Minister",42nd B.P.C.S. (Pre),1997.0,d,"Exp) Option d is the correct answer.
The Lok Sabha can be dissolved before completing its term
by the President on the recommendation of the Prime
Minister. As per Article 85 of the Constitution of India,
the Lok Sabha has a fixed term of five years, but it can be
dissolved earlier if the Prime Minister advises the President
to do so. This typically occurs in situations where there is a
breakdown of the government, loss of majority, or other
circumstances that warrant the Dissolution of the Lok Sabha."
94,"As per Indian Constitution, Legislature of
States consists- 
1. Legislative Council and Governor
2. Legislative Assembly and legislative
Council
3. Legislative Assembly and Governor
4, Governor, Legislative Assembly and
Legislative Council where it exists
Select your answer out of the following codes-",3 Only,2 and 3 Only,3 and 4 Only,4 Only,41st B.P.S.C. (Pre),1996.0,d,"Exp) Option d is the correct answer .
As per the Article 168 of the Indian Constitution, the
legislature of a state consists of the Governor and cither
one or two houses, depending on the state. The one-house
legislature is called the Legislative Assembly or Vidhan Sabha,
and the two-house legislature consists of the Legislative
Assembly and the Legislative Council or Vidhan Parishad"
95,"A candidate of Lok Sabha Poll loses his
security amount if he/she does not get-",1/3 of valid votes,1/4 of valid votes,1/5 of valid votes,None of the above,40th B.P.S.C. (Pre),1995.0,d,"Exp) Option d is the correct answer,
According to the section 34(1) of the Representation of
the People Act, 1951 states that “Where a candidate fails to
secure L/6 of the total number of votes polled at the election,
his or her security deposit shall be forfeited.”"
96,"If the Speaker of Legislative Assembly
of a State wants to resign, he will give his
resignation to-",Chief Minister,Governor,Deputy Speaker,President of India,40th B.P.S.C. (Pre),1995.0,c,"Exp) Option c is the correct answer.
According to Article 179 of the Constitution of India,
a member holding office as Speaker or Deputy Speaker of
an Assembly may at any time by writing under his hand
addressed, if such member is the Speaker, to the Deputy
Speaker, and if such member is the Deputy Speaker, to the
Speaker, resign his office. This means that the Speaker of
the Legislative Assembly of a State submits his resignation
to the Deputy Speaker of the same Assembly."
97,"Which of the following Articles of Indian
Constitution consists of the provision of the
election of Legislative Assemblies of States-",Article 170,Article 176,Article 178,None of the above,"40th B.B.S.C, (Pre)",1995.0,a,"xp) Option a is the correct answer.
A:.icle 170 of the Indian Constitution consists of the
provision of the election of Legislative Assemblies of States.
It deals with the composition of the Legislative Assemblies,
the allocation of seats, and other related matters.
Important Tips
« Article 176 deals with the special address by the
Governor to the State Legislature.
« Article 178 deals with the election of the Speaker and
Deputy Speaker of the Legislative Assembly."
98,Who is the leader of the Lok Sabha?,President,Prime Minister,Speaker,None of the above,42nd B.P.S.C. (Pre),1995.0,b,"Exp) Option b is the correct answer.
The leader of the Lok Sabha is the Prime Minister. The
Prime Minister is the leader of the party that has a majority
in the Lok Sabha. The Prime Minister is responsible for
the formation of the government and for leading the
government in the Lok Sabha.
Important Tips
¢ The Constitution does not provide a specific procedure
for the selection and appointment of the Prime |
Minister. |
¢ Article 75 of the Constitution states that the President |
shall appoint the Prime Minister. |
- As per the conventions of the parliamentary system,
the President appoints the leader of the majority party |
in the Lok Sabha as the Prime Minister.
e Ifno party has a clear majority in the Lok Sabha, the |
President may exercise personal discretion in selecting
L and appointing the Prime Minister."
99,"Joint Session of both the Houses of

Parliament is concerned-


1. For the election of the President of India

2. For the election of the vice-President of
India

3. To pass the Bill relating to the amendment
of Constitution

4, To discuss and pass such a Bill where both
Houses have different opinion

Select your answer from the following code-",land 4,"3and 4

{c) land 2",,only 4,40th B.P.S.C. (Pre),1995.0,d,"Exp) Option d is the correct answer.
Provision of joint sitting is applicable to ordinary bills or
financial bills only. When both Houses have different opinion
on any ordinary bill, joint sitting can be called on for it.
Ordinary bills are those bills which are outside the scope of
Article 368 and can be passed with simple majority. Whereas,
to make any changes in the election of the President or Vice-
President, or to pass the Bill relating to the amendment of
Constitution, a constitutional amendment bill with special
majority needs to be passed. But for any bill under article
368, there is no provision of joint sitting."
100,"The Representation of States in Council of
States is based on-",Equal for all States,Ratio of their Population,Ratio of their Area,Ratio of their Revenue,38th B.P.S.C. (Pre),1992.0,b,"Exp) Option b is the correct answer.
The representation of states in the Council of States,
also known as the Rajya Sabha, is based on the ratio of
their population. This is determined by the principle of
“proportional representation” in which the number of seats
allocated to cach state is proportionate to its population. On
the other hand, in USA, every state has equal representation
in Senate or the Upper house."
101,"Who among the following can impose the
penalty under Section 20 of the Right to
Information Act?",Central Information Commission only,State Information Commission only,"Central Information Commission or State
Information Commission","High Court or Central Information
Commission or State Information
Commission","M.P.P.C.S. (Pre),",2021.0,c,"Exp) Option c is the correct answer.
Under Section 20 of the Right to Information Act, both
the Central Information Commission and the State
Information Commission have the authority to impose
penalties. The Information Commissions at both the central
and state levels are empowered to adjudicate on appeals and
complaints related to the implementation of the Act.
They have the power to impose penalties on publicinformation
officers or any other person who has contravened the
provisions of the Act, including withholding information,
providing false or misleading information, or obstructing
the flow of information. The penalties imposed by the
Information Commissions serve as a deterrent and ensure
compliance with the provisions of the Right to Information
Act."
102,"An appeal under Scheduled Castes and
Scheduled Tribes (Prevention of Atrocities)
Act, 1989 shall lie from any Judgement,
sentence or order to the high Court:",Only on facts,Only on law,Both on facts and law,None of the above,M.P.P.C.S. (Pre),2019.0,c,"Exp) Option c is the correct answer.
According to the provisions of the Scheduled Castes and
Scheduled Tribes (Prevention of Atrocities) Act, 1989, an
appeal can be filed to the High Court from any judgment,
sentence, or order, This appeal can be made on both factual
grounds, involving the interpretation of evidence and
facts of the case, as well as legal grounds, involving the
interpretation and application of laws. The High Court has
the authority to review and decide on both the factual and
legal aspects of the case while considering the appeal."
103,"How many seats are reserved for Scheduled
Castes in the Lok Sabha?",59,69,79,84,M.P. P.C.S. (Pre),2018.0,d,"Exp) Option d is the correct answer.
There are currently 84 seats reserved for Scheduled
Castes in the Lok Sabha. This is as per the order issucd
by the Delimitation Commission in 2018. The number of
seats reserved for Scheduled Castes is proportional to the
population of Scheduled Castes in India.

Important Tips

« Currently, there are 41 seats reserved for Scheduled
Tribes in the Lok Sabha.

* The maximum strength of the Lok Sabha, as envisioned
by the Constitution, is 552 members.

« The Lok Sabha consists of 543 seats, with 530 members
representing the states through by-elections.

« Approximately 24% of all Lok Sabha seats, out of
the total 543, are reserved for Scheduled Castes and
Scheduled Tribes, with 84 seats reserved for Scheduled
Castes and 47 seats reserved for Scheduled Tribes."
104,"Who has/had the power to make rules
for carrying out the purposes of the
Scheduled Castes and the Scheduled
Tribes (Prevention of Atrocities) Act,
1989? |M.P.P.C.S. (Pre) 2016]",‘The State Government,The Central Government,Both and,The Supreme Court,,,b,"Exp) Option b is the correct answer.

The power to make rules for carrying out the purposes of the
Scheduled Castes and the Scheduled Tribes (Prevention of
Atrocities) Act, 1989 is vested in the Central Government.

The Scheduled Castes and Tribes (Prevention of Atrocities)
Act, 1989 is an Act of the Parliament of India enacted to

prohibit discrimination, prevent atrocities and hate crimes
against scheduled castes and scheduled tribes. The Act is
popularly known as the SC/ST Act, POA, the Prevention of
Atrocities Act, or simply the Atrocities Act"
105,"Offences are tried under the Protection of
Civil Rights Act, 1955 by the Courts of-",Sessions Court,Judicial Magistrate First Class,Judicial Magistrate Second Class,Chief Judicial Magistrate,M.P.P.C.S. (Pre),2014.0,b,".
Exp) Option b is the correct answer.
According to section 15 of the Protection of civil rights
act, 1955: Every offence punishable under this Act shall
be cognizable and every such offence, except where it
is punishable with imprisonment for a minimum term
exceeding three months, maybe tried summarily by a
Judicial Magistrate of the first class or in a metropolitan
area by a Metropolitan Magistrate in accordance with the
procedure specified in the said Code."
106,"Who is empowered for imposition and
realization of a collective fine under SC and
ST (Prevention of Atrocities) Act, 1989",District Magistrate,State Government,Special Court,High Court,M.PP.C.S. (Pre),2014.0,b,"Exp) Option b is the correct answer.
The State Government is empowered for imposition and
realization of a collective fine under the Scheduled Castes
and Scheduled Tribes (Prevention of Atrocities) Act, 1989
In 1989, the Government of India enacted the Scheduled
Castes and Tribes (Prevention of Atrocities) Act in order to
prevent atrocities against SC/STs. The purpose of the Act was
to prevent atrocities and help in social inclusion of Dalits
into the society"
107,"Which Article of the Indian Constitution
provides the provision of Vidhan Parishad
in the State?",Article 170,Article 171,Article 172,Article 173,M.P.P.C.S. (Pre),2014.0,b,"Exp) Option b is the correct answer.
Article 171 of the Indian Constitution provides for the
composition of the Legislative Council, also known as
Vidhan Parishad, in the States of India. This article lays down
the provisions related to the establishment, membership,
and other related matters of the Legislative Council in states
where such a council exists. The Legislative Council is the
upper house of the state legislature, and its members are
partially elected and partially nominated.
Important Tips
¢ Article 170 of the Indian Constitution deals with the
composition of the Legislative Assemblies of the States.
|e Article 172 of the Indian Constitution pertains to the
| duration of the State Legislative Assemblies. It states
| that the Legislative Assembly of a State shall continue
for five years from the date of its first meeting, unless
| dissolved earlier.
« Article 173 of the Indian Constitution deals with the
| qualifications for membership of the State Legislature.
| It sets certain criteria that a person must meet to be
eligible to be a member of the Legislative Assembly of
a State."
108,"Under the Scheduled Castes and Scheduled
Tribes (Prevention of Atrocities) Act 1989,
which of the following is barred?",Anticipatory Bail,Post-arrest bail,Benefit of probation,All of the above,M.P.P.C.S. (Pre),2013.0,a,"Exp) Option a is the correct answer.
Under the Scheduled Castes and Scheduled Tribes
(Prevention of Atrocities) Act, 1989, Anticipatory Bail is
barred. This means that a person accused of committing an
offence under this Act cannot apply for anticipatory bail.

Important Tips
Some important salient features of the Scheduled castes
and scheduled tribes (prevention of atrocities) Act, |
1989, are following: - |
* Denial of Anticipatory bail (Section 18).
¢ Grant arms licenses to STs and SCs (Rule 3v). |
| « Section 19 - Denial of Probation to convict. |
¢ Creation of Special courts (Section 14).
« Appointment of Special Public prosecutors (Section |
15).
* Creation of new types of offenses not in the Protection
| of Civil Rights Act 1955 or Indian Penal Code.
| ¢ Empowers the Government to impose collective fines |
(Section 16).
| ¢ Punishment for neglect of Duties by a Public servant |
|___ (Section 4)."
109,"The State Government can specify a Court
of Session to be a Special Court to try the
offences under the Scheduled Castes and
Scheduled Tribes (Prevention of Atrocities)
Act, 1989 with the concurrence of the-
(",Governor,Chief Justice of High Court,Session Judge of concerned district,Ministry of Law,M.P.P.C.S. (Pre),2013.0,b,"Exp) Option b is the correct answer.
The State Government can specify a Court of Session to bea
Special Court to try the offences under the Scheduled Castes
and Scheduled Tribes (Prevention of Atrocities) Act, 1989
with the concurrence of the Chief Justice of High Court
This ensures the involvement of the judiciary in designating
a specific court to handle cases related to atrocities against
Scheduled Castes and Scheduled Tribes."
110,"A court can presume that any act
constituting offence was committed on the
ground of untouchability - if such offence is
committed in relation to-",amember of Scheduled Castes,a member of Scheduled Tribes,a member of any community,None of the above,M.P.P.C.S. (Pre),2013.0,a,"Exp) Option a is the correct answer.
The section 3 of the Protection of Civil Rights Act, 1955,
which replaced the Untouchability (Offences) Act, 1955,
states that a court can presume that any act constituting
an offence under this Act was committed on the ground of
“untouchability” if such act is committed in relation to a
member of a Scheduled Caste. A Scheduled Caste is a group
of historically disadvantaged people who are recognized by
the Constitution of India as eligible for special protection
and assistance."
111,"The Scheduled Castes and Scheduled Tribes
(Prevention of Atrocities) Act is a special
provision for the advancement of Scheduled
Castes and Scheduled Tribes which is based
on which one of the following doctrines?",Doctrine of Severability,Doctrine of Preferred Position,Doctrine of Protective discrimination,Doctrine of Harmonious Construction,M.P.P.C.S. (Pre),2012.0,c,"Exp) Option c is the correct answer.
The Scheduled Castes and Scheduled Tribes (Prevention of
Atrocities) Act is a special provision for the advancement
of Scheduled Castes and Scheduled Tribes in India. It
is based on the doctrine of protective discrimination,
which recognizes the historically disadvantaged position
of these communities and seeks to provide them with
specific safeguards and protections against discrimination,
atrocities, and social injustices. The Act aims to prevent and
address atrocities committed against Scheduled Castes and
Scheduled Tribes and ensure their social, educational, and
economic empowerment.

Important Tips
e Doctrine of Severability: The doctrine of severability
refers to the principle that if a provision of a law or
statute is found to be unconstitutional, it can be
separated or “severed” from the rest of the law, allowing |
the remaining valid provisions to remain in effect. |
* Doctrine of Preferred Position: The doctrine of |
preferred position refers to the principle that certain |
fundamental rights or constitutional provisions hold a |
higher or preferred position and should be interpreted |
and protected more extensively than other rights. i
e Doctrine of Harmonious Construction: The doctrine |
of harmonious construction is a principle of statutory |
interpretation that aims to reconcile and harmonize |
different provisions of a law to give effect to the overall
legislative intent."
112,Who was the First Speaker of Lok Sabha?,Mavalankar,Hukum Singh,B.D. Jatti,V.V. Giri,M.P.P.C.S. (Pre),2012.0,a,"Exp) Option a is the correct answer.
Ganesh Vasudev Mavalankar was the first Speaker of the
Lok Sabha. He was elected on 17 April 1952, the day the
Lok Sabha was constituted after India’s first general election.
He served as Speaker until his death on 27 February 1956.
Mavalankar was a respected leader of the Indian National
Congress and a veteran of the Indian independence
movement. He was known for his impartiality and his ability
to maintain order in the Lok Sabha. He was also a strong
advocate of parliamentary democracy and the rule of law.
| Important Tips
| First person to hold constitutional posts:
| ° President of India: Dr. Rajendra Prasad
| ¢ Vice President of India: Dr. Sarvepalli Radhakrishnan
| « Prime Minister of India: Jawaharlal Nehru
[* Chief Justice of India: Harilal Jekisundas Kania
|. Governor-General of India: Lord Louis Mountbatten
| (prior to India becoming a republic)"
113,"Alloffences punishable under the Protection
of Civil Rights Act, 1955 are:
; (M.P.P.C.S. (Pre) 2012]",Cognizable and Non-bailable,Cognizable and Non-compoundable,Non-cognizable and Bailable,Non-cognizable and Compoundable,,,b,"Exp) Option b is the correct answer.
The Protection of Civil Rights Act, 1955 is an important law
that aims to prevent discrimination and oppression based on
caste and untouchability in India. The act specifies that all
offences under it are cognizable and non-compoundable.
This means that the police can arrest the accused without
a warrant and that the accused cannot be released on bail
without the permission of the court.
The act was amended in 1976 to enhance the penalties
for the offences and to make them summarily triable by a
magistrate. This means that the magistrate can try the case
quickly and without following the formal procedures of a
regular trial"
114,"The Protection of Civil Rights Act extends
to:",The whole of India,"The whole of India except the Scheduled
areas","The whole of India except the State of
Jammu and Kashmir","The whole of India except the Union
Territories of Goa, Daman and Diu",M.P.P.C.S. (Pre),2012.0,a,"Exp) Option a is the correct answer.
The Protection of Civil Rights Act extends to the whole of
India. This means that the act applies to all the states and

union territories of India, including Jammu and Kashmir,
Goa, Daman and Diu, and the scheduled areas.
Important Tips

The offences punishable under Protection of Civil

Rights Act are:

e Enforcing religious disabilities, such as preventing a
person from entering a place of worship or performing
a religious service on the ground of untouchability.

¢ Enforcing social disabilities, such as denying access
to a shop, public restaurant, hotel, place of public
entertainment, public conveyance, or any occupation,
trade or business on the ground of untouchability.

¢ Refusing to admit a person to a hospital, dispensary,
educational institution, or any other public service on
the ground of untouchability.

e Refusing to sell goods or render services to a person on
the ground of untouchability.

« Other offences arising out of untouchability, such as
insulting, intimidating, assaulting, or boycotting a
person on the ground of untouchability.

e Unlawful compulsory labour, such as forcing a person
to do any work which is an offence under the Indian
Penal Code on the ground of untouchability.

a gc"
115,"Consider the following statements with
respect to qualification to become the
member of Rajya Sabha and select the
correct answer from the code given below:
(1) Should be at least 30 years of age
(2) Should be registered as a voter on the

list of voters in the state from which the
candidate is to be elected
(3) Should not hold office of profit under the
state
Code:",(1) and (2) are correct,(1) and (3) are correct,(2) and (3) are correct,"(1), (2) and (3) are correct",M.P.P.C.S. (Pre),2008.0,b,"Exp) Option b is the correct answer.

Statement 1 is correct- According to Article 84 of the

Indian Constitution, a person must be at least 30 years of

age to be eligible for membership in the Rajya Sabha.

Statement 2 is incorrect- The requirement of being registered

as a voter in the state from which the candidate is to be elected

applies to the Lok Sabha (the lower house of Parliament) and

not the Rajya Sabha. Rajya Sabha members are clected by

the elected members of the Legislative Assembly of the

state, and voter registration is not a qualification criterion

for Rajya Sabha membership.

Statement 3 is correct- According to Article 102 ofthe Indian

Constitution, a person cannot be a member of Parliament if

they hold any office of profit under the government of India

or the government of any state. Holding an office of profit

would result in disqualification from being a member of the

Rajya Sabha."
116,Who prorogues the Vidhan Sabha of a State?,Governor,Vidhan Sabha Speaker,Chief Minister,Law Minister,M.P.P.C.S. (Pre),2002.0,a,"Exp) Option a is the correct answer.

The Governor is the authority who prorogues the Vidhan

Sabha of a State. Prorogation is the act of terminating a

session of the Vidhan Sabha by an order of the Governor.

Important Tips

| « Prorogation ends both the sitting and the session of the
House,

| « Usually, within a few days after the House is adjourned
sine die (without fixing a date for reassembly) by

| the Speaker, the Governor issues a notification for
prorogation of the session.

« Prorogation does not affect the bills or motions pending
in the House, which can be taken up in the next session"
117,"How can the speaker of the Lok Sabha be
removed?","By a resolution of Lok Sabha passed by a
two-third Majority of members present.","By a resolution of the Lok Sabha passed
by a majority of all the members of the
House.","By President on the advice of the Prime
Minister.",None of these,M.P.P.C.S. (Mains),1994.0,b,"Exp) Option b is the correct answer.
The Speaker of the Lok Sabha can be removed bya resolution
passed by a majority of all the members of the House. This
means that a simple majority of all the members present and
voting in the Lok Sabha is required to pass the resolution for
the removal of the Speaker. The procedure for the removal
of the Speaker is governed by the rules and procedures of
the Lok Sabha."
118,"In which assembly of States, money Bills are
proposed?",Any one of the two,Together in both,Only in Legislative Assembly,Only in upper chamber,M.P.P.C.S. (Pre),1993.0,c,"Exp) Option c is the correct answer.
A money bill cannot be introduced in the legislative council
(the upper house in those states that have a bicameral state
legislature). It can be introduced in the legislative assembly
(the lower house) only and that too on the recommendation
of the governor."
119,"What is the consequence of the failure of
Government in Rajya Sabha?",Prime Minister gives his resignation,Parliament will dissolve,The operation of President Rule,None of the above,M.P.P.C.S. (Pre),1990.0,d,"Exp) Option d is the correct answer.
The failure of the government in the Rajya Sabha does not
have any consequences for the government. The government
can continue to function even if it does not have the support
of the Rajya Sabha. The government is formed by the party
or coalition of parties that has the majority in the Lok
Sabha.
[ Important Tips
| The Lok Sabha can express lack of confidence in the
| government in the following ways
| + When government fails to pass No-Confidence motion.
| « When Money Bill is not passed in the Lok Sabha.

¢« When Motion of Thanks is not passed in the Lok Sabha
| on the President’s inaugural address.
| « When Censure Motion for Adjournment Motion is

passed.

« When Cut Motion is passed.

¢ When the government is defeated on vital issue"
120,"In any State of India, Legislative Council
can be created or can be abolished by","the President on the recommendation of
the Governor of the State",the Parliament,"the Parliament as per Resolution passed
by the Legislative Assembly of the State","The Governor on the recommendation of
the Council of Ministers",U.P. Lower (Spl) (Pre),2008.0,c,"Exp) Option c is the correct answer.
According to Article 169 of the Constitution of India,
the creation or abolition of the Legislative Council in a
state depends on the resolution passed by the Legislative
Assembly of that state by a special majority and approved
by Parliament by a simple majority. This means that the
Parliament has the power to make or repeal a law regarding
the existence of the Legislative Council in a state, but only if
the state's Legislative Assembly agrees to it by a two-thirds
majority of its members present and voting. The law may
also contain provisions for amending the Constitution as
necessary to give effect to the changes in the state legislature."
121,"The ‘Contingency Fund’ of the State is
operated by-
(U.P. Lower Sub. (Spl) (Pre) 2004]",The Governor of the State,The Chief Minister of the State,The State Finance Minister,None of the above,,,a,"Exp) Option a is the correct answer.

The Governor of the State can make advances from the

Contingency Fund of the State, which is established

under Article 267 (2) of the Constitution, to meet urgent

unforeseen expenditure, pending authorisation by the State

Legislature. The corpus of the fund varies across states and

the quantum is decided by the State legislatures.

Important Tips

« The Contingency Fund of India is a fund that is placed |
at the disposal of the President of India, who can make |
advances out of it to meet unforeseen expenditure
pending its authorisation by the Parliament. |

« The fund is administered by the Finance Secretary |
(Department of Economic Affairs) on behalf of the
President of India and it can be operated by executive |
action. |

« The fund was established under Article 267 (1) of the
Indian Constitution and in 1950, the Indian Parliament |
enacted the Contingency Fund of India Act 1950.

¢ The fund was raised from Rs. 50 crores to Rs 500 crore
in 2005."
122,"Which one of the following is not basic
element of the citizen charter?","Description of services being provided by
department of the agency","Promotion of various methods to get
benefit from the services available",To expect any public record,"Provision for the inspection of the
agency’s work",R.A.S./R.T.S. (Pre),2021.0,d,"Exp) Option d is the correct answer.

Provision for the inspection of the agency’s work is not a

basic element of the citizen charter.

A Citizens’ Charter represents the commitment of the

Organisation towards standard, quality and time frame of

service delivery, grievance redress mechanism, transparency

and accountability. The basic objective of the Citizens

Charter is to empower the citizen in relation to public

service delivery.

« Department of Administrative Reforms and Public
Grievances in Government of India (DARPG)
initiated the task of coordinating, formulating and
operationalising Citizens’ Charters. The Charters are
expected to incorporate the following elements:

« Vision and Mission Statement Details of business
transacted by the organisation Details of clients
Description of services being provided by department
or the agency.

¢ Details of grievance redress mechanism and how to
access it Promotion of various methods to get benefit
from the services available.

¢« Expectations from the clients Provide public records."
123,"Which of the following is not true about the
objectives of the Right to Information Act?","To promote transparency and
accountability in the working of the
government","To make our democracy work for the
people in real sense","To empower the women and weaker
sections of the society",To empower citizens,R.A.S./R.T.S. (Pre),2021.0,c,"Exp) Option c is the correct answer.

While the Right to Information Act, 2005, aims to achieve

various objectives, including promoting transparency,

accountability, and empowering citizens, it does not
specifically mention the objective of empowering women
and weaker sections of society.

The Act primarily focuses on ensuring transparency and
accountability in the working of the government, making
democracy work for the people, and empowering citizens
by providing them with the right to access information.
However, it does not explicitly mention empowerment of
specific social groups such as women or weaker sections."
124,"Which of the following statement about
resolution adopted by a State Legislative

Assembly under Article 169 of the

Constitution of India for the abolition of

the State Legislative Council is correct?","It does impose an obligation on the
Governor to reserve resolution for the
consideration of the President.","It does not impose an obligation on the
Union Government to take action for
initiating legislative in Parliament.","It does not impose an obligation on the
Governor to reserve resolution for the
consideration of the President.","It does impose an obligation on the Union
Government to take action for initiating
legislation in Parliament.",R.A.S./R.T.S. (Pre),2021.0,b,"Exp) Option b is the correct answer.
Under Article 169 of the Indian Constitution, Parliament
“may by law” provide for the abolition of the Legislative
Council of a State having such a Council or for the creation
of such a Council in a State having no such Council, if the
Legislative Assembly of the State passes a resolution to that
effect by a majority of the total membership of the Assembly
and by a majority of not less than two-thirds of the members
of the Assembly present and voting.
It does not impose an obligation on the Union Government
to take action for initiating legislation in Parliament."
125,"The President of India addresses the
Parliament under Article 87 of the Indian
Constitution-","in a joint sitting of both Houses of
Parliament.","in a joint meeting of both Houses of
Parliament.","in a joint session of both Houses of
Parliament,","both Houses of Parliament assembled
together.",R.A.S./R.T.S. (Pre),2018.0,d,"Exp) Option d is the correct answer.
According to Article 87 of Indian Constitution, Special
address by the President is given in following cases: (a) At the
commencement of the first session after cach general election
to the House of the People; and (o) At the commencement
of the first session of each year, the President shall address
both Houses of Parliament assembled together and inform
Parliament of the causes of its summons"
126,"Which of the following are Financial
Committees of Indian Parliament?

1. Estimates Committee

2. Public Accounts Committee

3. Committee on Public Undertakings

4. Joint Committee on Salaries and
Allowance for Members of Parliament

Select the correct answer using code given

below:","1,3 and4","1,2 and 4","1,2 and 3","2,3 and 4 ‘",R.A.S./R.T.S. (Pre),2018.0,c,"Exp) Option c is the correct answer
Financial Committees of Indian Parliament are;
+ Estimates Committee
« Public Account Committee
* Committee on Public Undertakings
Important Tips
Joint Committee on Salaries and Allowance for Members
of Parliament
| e The Joint Committee was constituted to frame rules
under the Salaries and Allowances of Members of
Parliament Act, 1954.
> It consists of 10 members from Lok Sabha and 5 from
Rajya Sabha.
[« The members of the Joint Committee elect its chairman."
127,"Which of the following terminology
is/are mentioned in the Preamble
of the Right to Information Act,
2005? 
1. Transparency of Information
2. Revelation of Information
3. Informed Citizenry
4. Paramountcy of the democratic ideal
Select the correct answer using code given
below:",l only,l and 2,"1,2 and 3","1,2,3 and 4",R.A.S./R.T.S. (Pre),2018.0,d,"Exp) Option d is the correct answer.
The Preamble of the Right to Information Act, 2005 is as
follows:
Whereas the Constitution of India has established democratic
Republic;
And whereas democracy requires an informed citizenry
and transparency of information which are vital to its
functioning and also to contain corruption and to hold

Governments and their instrumentalities accountable to the

governed;

And whereas revelation of information in actual practice is

likely to conflict with other public interests including efficient

operations of the Governments, optimum use of limited
fiscal resources and the preservation of confidentiality of
sensitive information;

And whereas it is necessary to harmonies these conflicting

interests while preserving the paramountcy of the

democratic ideal;

Now, therefore, it is expedient to provide for furnishing

certain information to citizens who desire to have it.

Important Tips
Right to Information (RTI): i
e It is an act of the Parliament of India which sets out |
the ruies and procedures regarding citizens’ right 0 |
information. |
e Under the provisions of the RII Act, any citizen |
of India may request information from a “public |
authority” (a body of Government or instrumentality
of State) which is required to reply expeditiously or |
within thirty days. |
« In case of the matter involving a petitioner’s life and |
liberty, the information has to be provided within 48 |
hours. |
e ‘The Act also requires every public authority to |
computerize their records for wide dissemination and
to proactively publish certain categories of information
so that the citizens need minimum recourse to request
information formally."
128,"Which of the following statements are
correct in reference to rule of procedure
for Motion for Adjournment on a matter of
public importance in Rajasthan Legislative
Assembly?

1. Speaker’s consent necessary to make
motion.

2. The motion raises a question of privilege,

3. The motion shall be restricted to a specific
matter of recent occurrence,

4. Not more than one such motion shall be
made at the same sitting.

Select the correct answer using code given

below:",land 3,"1,2and4","1,3 and 4",land 2,R.A.S./R.T.S. (Pre),2018.0,c,"Exp) Option c is the correct answer.

The rule of procedure for Motion for Adjournment on a

matter of public importance includes:

« A motion for an adjournment of the business of the
House for the purpose of discussing a definite matter of
urgent public importance may be made with the consent
of the Speaker.

¢ The motion should raise a matter which is definite,
factual, urgent and of public importance.

° The motion should not cover more than one matter,
and should be restricted to a specific matter of recent
occurrence.

« The motion should not raise a question of privilege, nor
should it revive discussion on a matter that has been
discussed in the same session,

¢ Not more than one such motion shall be made at the
same sitting."
129,"Which among the following group of States/
Union Territories has only one seat in the
Lok Sabha?","Goa, Meghalaya, Nagaland","Manipur, Dadra and Nagar Haveli,

Puducherry","Arunachal Pradesh, Sikkim, Lakshadweep","Chandigarh, Sikkim, Mizoram",R.A.S./R.T.S. (Pre),2016.0,d,"Exp) Option d is the correct answer.

The group of States/Union Territories that has only one

seat in the Lok Sabha includes Chandigarh, Sikkim, and

Mizoram, The number of seats in the Lok Sabha varies for

different states and union territories based on factors such
as population.
Important Tips |
State with Highest Lok Sabha Seat- Uttar Pradesh (80 |
seats).
States with only one Lok Sabha seat:
« Mizoram |
« Nagaland |
¢ Sikkim
Union Territories with only one Lok Sabha seat:
« Andaman and Nicobar Islands
e« Chandigarh
« Dadra and Nagar Haveli
« Daman and Diu
e Lakshadweep
| « Puducherry"
130,"The objective of Right to Information Act is
to-","Secure access to information from public

authorities.","Provide information to the public through

a person who has the information.","Provide information by Government on a

public place.","Secure information by police from

culprits.",R.A.S./R.T.S. (Pre),2007.0,a,"Exp) Option a is the correct answer.
The objective of the Right to Information Act is to secure
access to information from public authorities. The Act
provides a mechanism for citizens to access information held
by public authorities, ensuring transparency, accountability,
and promoting good governance.
It empowers individuals to seek information and obtain
records, documents, and other relevant information
from public authorities. The Act aims to enhance citizen
participation, promote informed decision-making, and hold
public authorities accountable for their actions."
131,"Which of the following statements is/
are true in reference to the joint sitting of
Parliament for passage of bill?

(i) Provision for Joint sitting is applicable
for ordinary bills, financial bills and
constitutional amendment bills ,

(ii) In no situation, Deputy Chairman of
Rajya Sabha can preside over the joint
sitting

(iii) Quorum of 1/6th of the total number of

members of both houses to be maintained
for joint sitting

Code:","(i), (ii) and (iii)",(i) and (ii),Gi) and (iii),None of these,Chhattisgarh P.C.S. (Pre),2021.0,d,"Exp) Option d is the correct answer.
Statement 1 is incorrect: Provision for Joint sitting is
applicable for only ordinary bills and financial bills.
There is no provision of joint sitting for deadlock on the
Constitutional amendment bills. Constitutional amendment
bill must be passed by each House separately.
Statement 2 is incorrect: The Speaker of Lok Sabha presides
over a joint sitting of the two Houses and the Deputy
Speaker, in his absence. If the Deputy Speaker is also absent
from a joint sitting, the Deputy Chairman of Rajya Sabha
presides. If he is also absent, such other person as may be
determined by the members present at the joint sitting,
presides over the meeting. Hence, Deputy Chairman of
Rajya Sabha can preside over the joint sitting.
Statement 3 is incorrect: The quorum to constitute a joint
sitting is one-tenth (not one-sixth) of the total number of
members of the two Houses. The joint sitting is governed by
the Rules of Procedure of Lok Sabha and not of Rajya Sabha."
132,"Which of the following Committees does
not come under the jurisdiction of Lok
Sabha? 
{a) Committee on Social Justice and

Empowerment",,Committee on Urban Development,Committee on Labour,Committee on Health and Family Welfare,Chhattisgarh P.C.S. (Pre),2021.0,d,"Exp) Option d is the correct answer
Lok Sabha is composed of representatives of the people
chosen by direct election on the basis of adult suffrage.

Jurisdiction of Lok Sabha

« Committee on Social Justice and Empowerment

* Committee on Urban Development

« Committee on Labour

The Committee on Health and Family Welfare is not under

the Lok Sabha Jurisdiction"
133,"In the following questions, there are two
statements. One is labelled as Assertion and
other is labelled as Reason (R):

Assertion (A): The courts are barred from

enquiring into the advice rendered by the

ministers to the Governor.

Reason (R): There is no provision in the
Indian Constitution for the system of legal
responsibility of the ministers in the States.
In the context of the above two statements
which of the following is correct?","Both Assertion and Reason (R) are true,
and Reason (R) is correct explanation of
Assertion","Both Assertion and Reason (R) are true,
but Reason (R) is not correct explanation
of Assertion","Assertion is true, but Reason (R) is false","Assertion is false, but Reason (R) is true","Chhattisgarh P.C.S, (Pre)",2021.0,a,"Exp) Option a is the correct answer.

Assertion(A) is correct: Article 163 of the Constitution

of India reads: The question of whether any and if so what,

advice was tendered by Ministers to the Governor shall not
be inquired into in any Court.

Reason (R) is correct: There is no provision in the Indian

Constitution for the system of legal responsibility of the

ministers in the States. Therefore, Both Assertion (A)

and Reason (R) are true but Reason (R) is the correct

explanation of Assertion (A)"
134,"Match the articles related to State
Legislature:
| A. Constitution of | 1. Article
i legislature in States 178
|B. The Speaker and Deputy | 2. Article
| Speaker of the Legislative | 199 |
| Assembly |
| C. Salaries and allowances {3. Article
| of members 6
| D. Definition of ‘Money 14, Article

Bills’ 195

Code: 
A BCD",1 2 3 4,4 2 1 3,3 1 4 2,2 3 1 4,Chhattisgarh P.C.S. (Pre),2021.0,c,"Exp) Option c is the correct answer.

* Constitution of Legislatures in States: Article 168 states
that every state shall have a legislature consisting of the
Governor and either one house (Legislative Assembly)
or two houses (Legislative Council and Legislative
Assembly).

*« The Speaker and Deputy Speaker of the Legislative
Assembly: Article 178 states that every Legislative
Assembly of a State shall choose two members of the
Assembly to be the Speaker and Deputy Speaker, and fill
the vacancies whenever they arise.

« Salaries and allowances of members: Article 195 states
that members of the Legislative Assembly and the
Legislative Council of a State shall be entitled to receive

. such salaries and allowances as may from time to time be
determined by the Legislature of the State by law.

¢ Definition of ‘Money Bills: Article 199 is about the
definition of Money Bills. A Money Bill is a bill that
deals with the allocation of funds, such as taxes, public
spending, borrowing, and custody of the state’s funds.

Important Tips

« A Money Bill can only be introduced in the Legislative
Assembly of a state and can only be passed or rejected
by it.

¢ The Legislative Council of a state can only make
recommendations on a Money Bill within 14 days, but
the Legislative Assembly can accept or reject them.

¢ The Speaker of the Legislative Assembly has the final
authority to decide whether a bill is a Money Bill or
not, and his decision is final.

« A Money Bill has to be certified by the Speaker before |
it is sent to the Governor for assent ee |"
135,"The merger of a political party with another
political party in India is recognized in
which of the following conditions?","When not less than one-third members of
the legislature party have agreed to such
merger.","When not less than half members of the
legislature party have agreed to such
merger.","When not less than two-third members of
the legislature party have agreed to such
merger.","When not less than three-fourth members
of the legislature party have agreed to
such merger.",Chhattisgarh P.C.S. (Pre),2019.0,c,"Exp) Option c is the correct answer.

The recognition of a merger of a political party with another

political party in India is subject to certain conditions as per

the Tenth Schedule of the Indian Constitution, also known

as the Anti-Defection Law. According to the Anti-Defection

Law, a merger of a political party with another party is

recognized if not less than two-thirds of the members of

the legislature party have agreed to such merger.
Important Tips

If a member, after being elected as the presiding officer |

of the House, voluntarily gives up the membership of |

his party or rejoins it after he ceases to hold that office,
he would not be disqualified on the grounds of Anti |

Defection Law. This exemption has been provided in view |

of the dignity and impartiality of this office."
136,"What will be happened if President
summons for the joint session of Parliament
and in the meantime, Lok Sabha dissolved?","Joint session will be held in scheduled
time",Joint session will be cancelled,"Joint session will be held after composition
of New Lok Sabha",Bill will be lapsed,Chhattisgarh B.C.S. (Pre),2018.0,a,"Exp) Option a is the correct answer.
Joint sitting is an extraordinary machinery provided by the
Constitution to resolve a deadlock between the two Houses
over the passage of a bill. If the bill (under dispute) has
already lapsed duc to the Dissolution of the Lok Sabha, no
joint sitting can be summoned. But, the joint sitting can be
held if the Lok Sabha is dissolved after the President has
notified his intention to summon such a sitting (as the bill
does not lapse in this case). After the President notifies his
intention to summon a joint sitting of the two Houses, none
of the Houses can proceed further with the bill.

Important Tips

Joint Sitting:

« A deadlock is deemed to have taken place under any
one of the following three situations after a bill has
been passed by one House and transmitted to the other
House:

« if the bill is rejected by the other House;

« if the Houses have finally disagreed as to the
amendments to be made in the bill; or

» if more than six months have elapsed from the date of
the receipt of the bill by the other House without the
bill being passed by it.

¢ In the above three situations, the president can

| summon both the Houses to meet in a joint sitting for

| the purpose of deliberating and voting on the bill."
137,"Which of the following doesn’t take the
oath of the office?",President,Vice-President,Speaker,"Prime Minister
(e) Members of Council of Ministers","Chhattisgarh P.C.S, (Pre)",2017.0,c,"Exp) Option c is the correct answer. ,

The Speaker of the Lok Sabha is elected by the members of
the Lok Sabha and does not need to take an oath of office.
The President, Vice-President, Prime Minister, and Members
of the Council of Ministers, all take the oath of office."
138,"What is correct about the State Legislative

Council? ;

(i) Its tenure is 6 years

(ii) It is a permanent House

(iii) It cannot be dissolved

(iv) 1/6 members are elected by local
institutions

(v) 1/6 members are elected by legislative
assembly

(vi) Every two years 1/3 members are retired
(vii) Deputy Governor is the Chairman of
House

(viii) The tenure of its members is 6 years
Code:","(i), (iii), (iv), (v)","(iii), (vi), (vii), (viii)","(ii), (iii), (vi), (viii)","(ii), (iv), (i), (viii)

(€) (is (ii), (¥), (vii)","Chhattisgarh P.C.S, (Pre)",2015.0,c,"Exp) Option c is the correct answer.

Statement t is incorrect: The tenure of the State Legislative
Council is not six years, but its members have a term of six
years.

Statement 2 is correct: Unlike the State Legislative Assembly,
which can be dissolved by the Governor on the advice of the
Chief Minister, the State Legislative Council is a permanent
body. It is not subject to Dissolution.

Statement 3 is correct: State Legislative Council cannot be
dissolved. It continues to exist and functions as a legislative
body even during times of political upheaval or government
changes.

Statement 4 is incorrect: One-third (not one-sixth)
members of the House to be elected by electorates consisting
of members of municipalities, district boards and such other
local authorities in the State as Parliament may by law specify
Statement 5 is incorrect: One-third (not one-sixth)
members to be elected by the members of the Legislative
Assembly of the State from amongst persons who are not
members of the Assembly

Statement 6 is correct: As per the Constitution, one-third of
the members of the State Legislative Council retire every
two years. This arrangement ensures a continuous rotation
of members and prevents a complete overhaul of the council
at once,

Statement 7 is incorrect: The State Legislative Council
is presided over by a chairman who is not the Deputy
Governor but is elected from among its members. The
Chairman's position is similar to that of the Speaker in the
State Legislative Assembly.

Statement 8 is correct: The members of the State Legislative
Council serve a term of six years, and their tenure is not
subject to Dissolution during this period. Members may
retire, be replaced, or continue for the full six-year term
depending on the rotation system."
139,"The tenure of which Lok Sabha was about 6
years?",5th Lok Sabha,7th Lok Sabha,9th Lok Sabha,"11th Lok Sabha ~
(e) 13th Lok Sabha",Chhattisgarh P.C.S. (Pre),2014.0,a,"Exp) Option a is the correct answer.

The tenure of the 5th Lok Sabha was about 6 years. The Lok
Sabha is the lower house of the Parliament of India, and its
usual term duration is 5 years. However, the 5th Lok Sabha’s
tenure was extended due to the declaration of a state of
emergency in India from 1975 to 1977."
140,"Who among the following can participate in
the deliberations of Lok Sabha while being
a member of Rajya Sabha?","Nominated member of Rajya.Sabha who
is an expert in a field",Deputy Chairperson of Rajya Sabha,Minister who is a member of Rajya Sabha,None of these,Chhattisgarh P.C.S (Pre),2013.0,c,"Exp) Option c is the correct answer.

A minister who is a member of the Rajya Sabha is permitted to
participate in the deliberations of the Lok Sabha, as stated by Article
88 of the Indian Constitution. This provision grants them the right
to speak and engage in the proceedings of the lower house."
141,"Privilege motion can be raised against a
Minister when he-",Loses confidence in the Government.,Absents himself for a long time.,"Withholds facts of a case or gives distorted
versions of Facts.",Limit value.,Chhattisgarh P.C.S. (Pre),2011.0,c,"Exp) Optiou c is the correct answer.

Privilege motion is concerned with the breach of
parliamentary privileges by a minister. It is moved by a
member when he feels that a minister has committed a breach
of privilege of the Ifouse or one or more of its members by

withholding facts of a case or by giving wrong or distorted

facts. Its purpose is to censure the concerned minister.
Important Tips

Motions: |

* No discussion ona matter of general public importance
can take place except on a motion made with the
consent of the presiding officer.

« The House expresses its decisions or opinions on
various issues through the adoption or rejection of
motions moved by either ministers or private members.

« The motions moved by the members to raise discussions
on various matters fall into three principal categories:

* Substantive Motion: It is a self-contained independent
proposal dealing with a very important matter like
impeachment of the President or removal of Chief
Election Commissioner,

« Substitute Motion: It is a motion that is moved in
substitution of an original motion and proposes an
alternative to it. If adopted by the House, it supersedes
the original motion.

e Subsidiary Motion: It is a motion that, by itself, has
no meaning and cannot state the decision of the House
without reference to the original motion or proceedings
of the House."
142,"Which of the following is not true about the
Anti-Defection Bill?","An M.P. or an M.L.A. will be disqualified
if he has voluntarily given up the
membership of the party to which he
belonged.","In the event of a member’s absence from
voting in the House on a particular issue,
an M.P. or M.L.A. will be disqualified.","A member shali not be disqualified if
there is a merger of political parties.","The Speaker of the Lok Sabha will not be
disqualified if he becomes a member of
another political party later on.",Chhattisgarh P.C.S. (Pre),2011.0,d,"Exp) Option d is the correct answer.

According to the exception rule of the Anti-Defection Bill,
in order to uphold the dignity and impartiality of the office,
if a member is elected as the presiding officer of the House,
they are exempted from disqualification if they voluntarily
relinquish their party membership or rejoin the party
after they cease to hold that office."
143,"Which one of the following provisions
deals with the privileges and immunities
of the Members of Parliament under the
Constitution of India?",Article 104,"Article 105 ~

{c) Article 82",,Article 117,Chhattisgarh P.C.S. (Pre),2011.0,b,"Exp) Option b is the correct answer.

The Constitution under Article 105 expressedly mentioned
two privileges, that is, freedom of speech in Parliament and
right of publication of its proceedings."
144,"The state wise seat allocation in Lok Sabha
is based on-",Population,Area,Poverty,Language,"Chhattisgarh P,C.S. (Pre)",2005.0,a,"Exp) Option a is the correct answer.

The state-wise seat allocation in the Lok Sabha is based on
the population of the state as per the latest census. ‘This
is as per Article 81(1) of the Constitution of India. The
number of seats allotted to a state is determined by dividing
the population of the state by the average population of a
parliamentary constituency in India."
145,"The Lok Sabha Secretariat comes under the
direct supervision of:",Ministry of Home Affairs,Ministry of Parliamentary Affairs,President of India,Lok Sabha Speaker,Uttarakhand P.C.S. (Pre),2012.0,d,"Exp) Option d is the correct answer.

The Lok Sabha Secretariat is the administrative body of
the Lok Sabha, the lower house of the Parliament of India.
It comes under direct supervision of Lok Sabha Speaker.
It is headed by the Secretary-General of the Lok Sabha.

The Lok Sabha Secretariat is responsible for the day-to-day
functioning of the Lok Sabha, including the preparation of
the agenda, the conduct of debates, and the recording of
votes."
146,"State Legislative Assembly can participate
in the election of which of the following:

I. President of India

II. Vice-President of India

ILI. Members of Rajya Sabha

IV. Members of Legislative Council

Select the correct answer:","I, Il and III","I, If] and IV",Tand III,"I, Il and IV",Uttarakhand P.C.S. (Pre),2012.0,b,"Exp) Option b is the correct answer.
State Legislative Assembly can participate in the election of
President of India, Rajya Sabha Members and Members of
Legislative Council of the state.
The vice president is elected by an electoral college
consisting of members of both Houses of Parliament, in
accordance with the system of proportional representation
by means of the single transferable vote and the voting in
such election is by secret ballot.

Important Tips

¢ President of India: The President is elected by the
members of an electoral college consisting of the elected
members of both the Houses of Parliament and the
elected members of the Legislative Assemblies of States
and the Union ‘Territories of Delhi and Pondicherry.

* Rajya Sabha members: The Rajya Sabha, or Council
of States, is the upper house of Parliament. It has
245 members, of which 233 are elected by the elected
members of the State Legislative Assemblies using
single transferable votes through Open Ballot.

« Members of Legislative Council of the State: One-
third members of the Council are elected by members
of the Legislative Assembly from among persons who
are not members of either House of Parliament or
either House of Legislature."
147,"Which of the following statements about
the Committee on Public Undertakings is/
are correct?

1. There are more members from the
Rajya Sabha than the Lok Sabha in the
Committee.

2. The Chairperson of the Committee is
appointed by the Speaker of the Lok
Sabha.

Select the correct answer using the code given

below.",1 only,2 only,Both 1 and 2,Neither 1 nor 2,CAPF,2022.0,b,"Exp) Option b is the correct answer.

Statement 1 is incorrect- The Committee on Public
Undertakings consists of members from both the Rajya
Sabha (Council of States) and the Lok Sabha (House of the
People). The committee has a total of 22 members, out of
which 15 members are from the Lok Sabha, and 7 members
are from the Rajya Sabha. .

Statement 2 is correct- The Chairperson of the Committee
is appointed by the Speaker of the Lok Sabha. ‘The
Chairperson plays a significant role in presiding over the
committee’s meetings, organizing its activities, and ensuring
effective functioning."
148,"Which one of the following statements is
not correct?","A censure motion can be moved. against

a single Minister of the Council of
Ministers.","A motion of no-confidence cannot be
moved against the Prime Minister alone.","A censure motion cannot be moved
against the entire Council of Ministers.","A censure motion can be moved against a
group of Ministers.",CAPF,2022.0,c,"Exp) Option c is the correct answer.

A censure motion is a motion that expresses strong
disapproval of the actions of a minister or group of
ministers. Censure motions can be moved against individual
ministers, groups of ministers, or even the entire Council
of Ministers.

Important Tips |

Some other types of motion in the Parliament: |

« No-Confidence Motion: A motion moved in the
Parliament to test the support and confidence of the

| ruling government. If the motion is passed, it indicates
| a lack of confidence in the government, potentially
| leading to its resignation. |
| + Adjournment Motion: A motion moved to suspend
the regular business of the Parliament and discuss
| &
| a matter of urgent public importance. It leads to the
| adjournment of the current proceedings to address the
specific issue raised in the motion.
| « Calling Attention Motion: A motion moved by a
member of Parliament to bring attention to an urgent
matter that requires immediate government attention
and response. It seeks to elicit a response from the
concerned minister.

- Cut Motion: A motion moved to reduce the amount of
a demand presented in the budget. It can be of three
types: Policy Cut, Economy Cut, and Token Cut. It
allows inembers to express their dissatisfaction or
disagreement with the proposed expenditure.

¢ Motion of Thanks: A motion moved to express
gratitude and appreciation to the President of India
for their address to the joint session of Parliament at

L the beginning of a new session,"
149,"Which one of the following statements
about Public Accounts committee is
correct?","The committee Consists of not more than

15 members from the Lok Sabha and 10
members from the Rajya Sabha.","The finance minister is an ex officio
member of the Committee.","A member of the Committee is given a
term for one year.","The term of the office of the members of
the Committee from the Rajya Sabha is
extended even when they retire from the
Rajya Sabha.",CAPE,2021.0,c,"Exp) Option c is the correct answer.

The Public Accounts Committee (PAC) is a parliamentary
conmimitiee in India that plays a crucial role in cnsuring
financial accountability and transparency in government
expenditures. It examines the audit reports of the
Comptroller and Auditor General (CAG) and scrutinizes
the financial operations of the government. Members of the
Public Accounts Committee are appointed for a term of one
year. After the term expires, new members are appointed or
elected to the committee."
150,"Who among the following warned his
colleagues that the Constituent Assembly
was British made and was “working the
British plan as the British should like it to
be worked out”?",Somnath Lahiri,B.R. Ambedkar,Shyama Prasad Mukherjee,B.N. Rau,CAPF,2021.0,a,"Exp) Option a is the correct answer.

Somnath Lahiri was a member of the Constituent Assembly
of India and a prominent Icader of the Communist Party
of India. He was a vocal critic of the British rule in India
and he believed that the Constituent Assembly was not
truly representative of the Indian people. In a speech in
the Constituent Assembly on 19 December 1946, Lahiri said
that the Constituent Assembly was “British made” and that it
was “working the British plan as the British should like it to
be worked out”. lle argued that the Assembly was dominated
by the Indian National Congress, which was a party that had
closc tics to the British government"
151,"Who among the following fixes the date of
election of the Speaker of the Lok Sabha?",The President of India,The Minister of Parliamentary Affairs,The Secretary General of the Lok Sabha,The Deputy Speaker of the Lok Sabha,CAPF,2021.0,a,"Exp) Option a is the correct answer.

The President of India fixes the date of election of the
Speaker of the Lok Sabha. This is done by issuing a

notification in the Official Gazette. The notification must be
issued at least 14 days before the date of election."
152,"Which one of the following statements with
regard to Censure Motion is NOT correct?","A leave of the House is required to move
it","The Government is free to fix time and
date for its discussion","It can also be moved against the entirety
of the Council of Ministers","The Speaker decides whether the motion
is in order",CAPF,2020.0,a,"Exp) Option a is the correct answer.
A censure motion can be moved by any member of
Parliament, and it does not require a leave of the House.
The Speaker of the House decides whether the motion is in
order, and if it is, it is then debated and voted on."
153,"As per provisions of the Constitution of

India which one of the following is correct?","Only Parliament has the power to legislate
over a subject under the Concurrent list","Both Parliament and State Legislatures
have the power to legislate over a subject
under the Concurrent list.","A legislation made under the Concurrent
list by Parliament should be ratified by
half of the State Legislatures so as to
become a law of the country","Only State Legislatures are empowered to
make laws under Concurrent list",CAPF,2020.0,b,"Exp) Option b is the correct answer.
The Constitution of India provides for the division of
powers between central and state government. The seventh
schedule provides for three list- State List, Central List, and
Concurrent List. Out of the three list, the Concurrent list
includes subjects on which both the Parliament (Central
government) and State Legislature (state governments)
can legislate independently and concurrently.
Important Tips
Subjects under the Central List:
¢ Defense and armed forces
e Forcign affairs and international relations
e Atomic energy
e Currency, coinage, and legal tender |
e Railways |
- Airports and airways
¢ Interstate trade and commerce
¢ Banking and financial institutions
l
« Taxes on income other than agricultural income !
Subjects under the State List: |
¢ Police and public order |
¢ Public health and sanitation
e Agriculture and irrigation
« Fisheries
« Local government
« Public works
+ Public entertainment
¢ Land and land revenue
e Education at the state level Subjects under the
Concurrent List:
| e Criminal law and procedure
|* Marriage and divorce
| * Adoption
| « Bankruptcy and insolvency
¢ Education, including technical education
i? Population control and family planning
¢ Protection of wildlife and animals
| e Trusts and trustecship
* Price control and essential commodities
Nn"
154,"Which of the following statement(s)
regarding passing a law under the State list
is/are correct?

1, Even in the sphere (State list) exclusively
reserved for the States, Parliament can
legislate under certain circumstances.

2. Parliament cannotlegislatea subject under
the State list under any circumstances.

3. A resolution supported by two-thirds
of the members present and voting is
required to be passed by Rajya Sabha to
pass a law under the State list

Select the correct answer using the codes

given below:","1,2 and 3","2 and 3 only ,",1 and 3 only,1 Only,CAPF,2020.0,c,"Exp) Option c is the correct answer.
Statement 1 is correct- Parliament can legislate a subject
under the State list in certain conditions. These conditions

include during a national emergency under Article
250, when a state makes a request under Article 252, to
implement international agreements under Article 253, and
during President’s Rule under Article 356,

Statement 2 is incorrect- Parliament can legislate a subject
under the State list under certain circumstances during
National Emergency and President’s rule. So, the statement
that Parliament cannot legislate a subject under the State list
under any circumstances is not correct.

Statement 3 is correct- As per Article 249 of the Constitution,
if the Rajya Sabha passes a resolution supported by not less
than two-thirds of the members present and voting, stating
that it is necessary or expedient in the national interest,
Parliament can make laws on any matter enumerated in the
State list."
155,"Which of the following statements are
correct with regard to Speaker/Deputy

Speaker of the Lok Sabha?

1. On dissolution of the Lok Sabha, both the
Speaker and Deputy Speaker cease to be
members of the House.

2. Both Speaker and Deputy Speaker vacate
their office on dissolution of the Lok
Sabha.

3. Only Deputy Speaker vacates his office
and Speaker shall not vacate his office
until immediately before the first meeting
of the Lok Sabha after dissolution.

Select the correct answer using the codes

given below:",1 only,"1,2 and 3",2 and 3 only,1 and 3 only,CAPF,2020.0,d,"Exp) Option d is the correct answer.

Statement 1 is correct - Article 85(2) of the Constitution of
India states that on Dissolution of the House of the People,
all seats in the House shall become vacant. This means that
both the Speaker and Deputy Speaker, who are members of
the Lok Sabha, will also cease to be members of the House
on Dissolution.

Statement 2 is incorrect - The Speaker does not vacate his
office on Dissolution of the Lok Sabha. He continues to
hold office until immediately before the first meeting of
the House after Dissolution.

Statement 3 is correct - Only Deputy Speaker vacates
his office. Article 95(3) of the Constitution states that the
Deputy Speaker shall vacate his office on the Dissolution
of the House of the People, but the Speaker shali not vacate
his office until immediately before the first meeting of the
House after Dissolution."
156,"With regard to Panel of Chairperson, Lok

Sabha, which of the following statements is/

are correct?

1. Panel of Chairperson is drawn from the
ruling party only.

2. Panel of Chairperson is nominated by
different political parties and appointed
by Speaker, Lok Sabha.

3, Panel of Chairperson consists of 10
members and one of them presides over
the House when both Speaker and Deputy
Speaker are not there.

Select the correct answer using the codes

given below:",land 3,2 and 3,3 only,2 only,CAPF,2020.0,b,"Exp) Option b is the correct answer.

Statement 1 is incorrect- The Panel of Chairperson in Lok
Sabha is not restricted to members of the ruling party.
It consists of members nominated by different political
parties.

Statement 2 is correct- The Panel of Chairperson is indeed
nominated by different political parties, and the Speaker
of Lok Sabha appoints them to their respective positions.
Statement 3 is correct- The Panel of Chairperson in Lok
Sabha consists of 10 members, and one of them is appointed
to preside over the House in the absence of both the Speaker
and the Deputy Speaker."
157,"A member giving notice of a resolution for
removal of Speaker, Lok Sabha should be

addressed to the","Deputy Speaker, Lok Sabha","Secretary General, Lok Sabha",Prime Minister,President,CAPE,2020.0,b,"Exp) Option b is the correct answer.

A member wishing to give notice of a resolution for the
removal of the Speaker or Deputy Speaker should address
it in writing to the Secretary General of Lok Sabha. The
Secretary General is responsible for receiving and processing
such notices. Once the motion for leave to move the

resolution is received, it is entered into the list of business
in the member’s name, and the Speaker fixes a day for its
discussion and debate, which must be at least fourteen days
after the receipt of the notice."
158,"Which one of the following statements
regarding Public Accounts Committee is

correct?","It consists of fifteen members from Lok
Sabha and seven members from Rajya
Sabha","It consists of twenty members from Lok
sabha and ten members from Rajya Sabha","The term of members of Public Accounts
Committee is five years","Finance Minister is the Chairperson of
the Public Accounts Committee",CAPE,2020.0,a,"Exp) Option a is the correct answer.
The Public Accounts Committee (PAC) is a committee of
the Parliament of India that examines the audit reports of
the Comptroller and Auditor General of India (CAG). The
PAC consists of not more than 22 members, of whom 15 are
elected by the Lok Sabha and 7 are elected by the Rajya
Sabha. The term of office of a member of the PAC is one
year.
Important Tips
Some other information about Public Accounts Committee
« The PAC was first constituted in 1921
* The PAC is one of the three financial standing
committees of the Parliament of India, the other two |
being the Estimates Committee and the Committee |
on Public Undertakings |
« The Chairperson of the PAC is elected by the members
of the committee from amongst themselves _|"
159,"Which of the following statements with
regard to the Speaker, Lok Sabha is/are
correct?

1. The election of the Speaker of Lok Sabha
is conducted by the Election Commission
of India.

2. The Speaker on assuming his office is not
required to make and subscribe oath or
affirmation.

3. The Speaker does not exercise a casting
vote in case of equality of votes.

Select the correct answer using the codes

given below: (CAPF 2020]",2 only,1 and 3,1 only,2 and 3,,,a,"Exp) Option a is the correct answer.
Statement 1 is incorrect- The election of the Speaker of
Lok Sabha is conducted by the members of the Lok Sabha
themselves. The Election Commission of India does not have
any role in the election of the Speaker.
Statement 2 is correct- The Speaker on assuming his office
is not required to make and subscribe oath or affirmation.
This is because the Speaker is already a member of the Lok
Sabha and has already taken the oath or affirmation as a
member of the House
Statement 3 is incorrect- The Speaker does exercise a
casting vote in case of equality of votes. This is a special
power that is given to the Speaker to break a tie in the Lok
Sabha"
160,"Which one of the following does not fall
under the definition of the Money bill?","Amendment of law with respect to any
financial obligations undertaken by the
government of India","The payment of money into the
Consolidated Fund of India","Any financial bill as per requirements of
Article-117","Appropriation of money out of the
Consolidated Fund of India",CAPE,2019.0,c,"Exp) Option c is the correct answer
Financial Bills are a broader category that includes Money
Bills as well as bills that deal with any other financial
matters. Financial Bills are dealt with under Articles 117
(1) and Article 117 (3.) Though Money Bill is a species of
the financial bill however, not all financial bills are money
bill.
Important Tips
Financial Bills (I)
¢ They arc bills that contain matters related to finances,
including matters beyond the scope of a Money Bill
(Article 110).

« They are introduced in the Lok Sabha and require the |
President’s recommendation.

e Unlike Money Bills, they can be rejected or amended
by the Rajya Sabha.

« Incase ofa deadlock, a joint sitting can be summoned.
The President has the authority to give assent, withhold
the bill, or return it for reconsideration.

Financial Bills (II)

« They solely deal with provisions involving expenditure
from the Consolidated Fund of India and do not
include any matter of a Money Bill (Article 110).

¢ ‘They are treated as ordinary bills in all respects. These |
bills cannot be passed by either house of Parliament
unless recommended by the President. |

« They can be rejected or amended by either House, and |
a joint sitting can be summoned in case of a deadlock. |

« The President has the power to give assent, withhold |
the bill, or return it for reconsideration, _|"
161,"Consider the following statements relating
io short notice questions asked in the

Legislature

1. These relate to matters of urgent public
importance and can be asked for oral
answer at a notice less than 10 days.

2. Short notice questions can be admissible
if the Minister concerned agrees to
answer to it.

3. Short notice questions are asked during
question hour.

Which of the statements given above are

correct?","1,2 and 3",1 and 2 only,2 and 3 only,1 and 3 only,CAPF,2019.0,b,"Exp) Option b is the correct answer

Statement 1 is correct: Short notice questions allow
Members of Parliament or Legislators to seck immediate
clarification or information from the government on
pressing issues. ‘These questions can be asked for oral answer
at a notice period less than 10 days.
Statement 2 is correct: In the case of short notice questions,
the concerned Minister has the discretion to accept
or reject the question. If the Minister agrees to answer,
the question bhecoines adinissible and can be taken up for
discussion during te session.
Statement 3 is incorect: Short notice questions are taken
up after the question hour."
162,"Which one of the following is NOT true
of the 10th Schedule of the Constitution
of India pertaining to disqualification
of members of the Parliament and State

legislatures?","The schedule lays down that elected
members may be disqualified on the
grounds of defection.","Disqualification on grounds of defection
does not apply in cases of merger with
another political party.","Cases of dispute are decided by the speaker
or Chairman of the House concerned.","The Supreme Court of India is the final
arbiter in cases which remain unresolved.",CAPF,2019.0,d,"Exp) Option d is the correct answer
When there is a dispute regarding the disqualification of a
member on grounds of defection, the Speaker or Chairman
of the House makes the decision and not Supreme Court,
however the decision of the Speaker or Chairman is subject
to judicial review.

Important Tips

Grounds for Defection

* Voluntary Give Up: If an elected member voluntarily
gives up his membership of a political party.

¢ Violation of Instructious: If he votes or abstains from
voting in such House contrary to any direction issued
by his political party or anyone authorized to do so,
without obtaining prior permission.

° As a pre-condition for his disqualification, his
abstention from voting should not be condoned by
his party or the authorized person within 15 days of
such incident.

« Independently Elected Member: If any independently
elected member joins any political party.
- Nominated Member: If any nominated member joins
any political party after the expiry of six months. |"
163,"Which of the following pairs of list and
contents is/are correctly matched?

1. State List: Public health and sanitation

2. Union List: Citizenship, naturalization
and aliens

3. Concurrent List: Legal, medical and other
professions

Select the correct answer using the code given

below:",l only,"1,2 and 3",2 and 3 only,3 only,CAPE,2019.0,b,"Exp) Option b is the correct answer

Pair 1 matched correctly: Public health and sanitation are

among the subjects listed in the State List.

Pair 2 matched correctly: Citizenship, naturalization, and

aliens are among the subjects listed in the Union List.

Pair 3 matched correctly: Legal, medical, and other

professions are among the subjects listed in the Concurrent

List."
164,"The following item consists of two

statements, Statement J and Statement II.

Examine these two statements carefully and

select the correct answer using the codes

given below

Codes: 

Statement I: In India, a majority of the

members of the Rajya Sabha are clected by

the elected members of the State Legislatures.

Statement IT; Members of the Rajya Sabha

elected by the State Legislative Assemblies

need to have their domicile in the concerned

State.","Both the statements are individually
true and Statements II is the correct
explanation of Statement I","Both the statements are individually
true but Statement II is not the correct
explanation of Statement J",Statement I is true but Statement II is false,"Statement I is false but Statement II is
true",CAPF,2018.0,c,"Exp) Option c is the correct answer

Statement I is true: Article 80 of the Constitution of

India states that not more than 238 of the 250 members of

the Rajya Sabha are clected by the elected members of the

State Legislative Assemblies. This means that a majority

of the members of the Rajya Sabha are elected by the State

Legislative Assemblies.

Statement II is False: Article 84 of the Constitution of India

states that a person can be elected to the Rajya Sabha if he/

she is a citizen of India and has completed 30 years of age.

There is no requirement that a member of the Rajya Sabha

elected by the State Legislative Assemblies must have his/her

domicile in the concerned State."
165,"Which one of the following Constitutional
Amendments has enormously strengthened
the powers of the Speaker/Chairman
of the 2 Houses of the Parliament/State
Legislatures?","61st Amendment which reduced the
voting age from 21 to 18 years","Anti-defection provisions of 52nd
Amendment","Repealing of many of the provisions of
42nd Amendment by 44th Amendment","73rd Amendment that conferred extensive
the powers on Panchayat Bodies",CAPF,2018.0,b,"Exp) Option b is the correct answer

The Anti-Defection Law empowers the Speaker/Chairman

to make decisions on disqualification and to maintain the

stability and integrity of political parties and legislative

bodies by curbing defections. Thus, it can be said that

the 52nd Amendment has enormously strengthened the

powers of the Speaker/Chairman of the Parliament and State

Legislatures."
166,"Which one of the following Committees of
the Parliament has no Members from the
Rajya Sabha?",Public Accounts Committee,Committee on Public Undertakings,Estimates Committee,"Departmentally Related Standing

Committee (DRSC) on Finance",CAPE,2018.0,c,"Exp) Option c is the correct answer

The Fstimates Committce is a Parliamentary Committee
- that examines the budget estimates of the government. The

Committee is composed of 30 members, all of whom are

members of the Lok Sabha. The Rajya Sabha does not have

any representation on the Estimates Committee."
167,"Over which of the following, the Lok Sabha
and the Rajya Sabha held joint sittings to
resolve their differences?

1. The Dowry Prohibition Bill, 1959

2. The Banking Service Commission
(Repeal) Bill, 1978

3. The Prevention of Terrorism Bill, 2002

4. The Land Acquisition, Rehabilitation and
Resettlement Act, 2013

Select the correct answer using the codes

given below:","1,2,3 and 4",3 and 4 only,"1,2 and 3 only",2 and 4 only,CAPF,2018.0,c,"Exp) Option c is the correct answer

Joint Sitting of Indian parliament has been called for only 3

bills:

¢ Dowry Prohibition Bill, 1961

« Banking Service Commission (Repeal) Bill, 1978

e Prevention of Terrorism Bill, 2002"
168,"Which of the following pair(s) is/are
correctly matched?

1. Rule of lapse: Part of grant that can be
carried over to next year.

2, Supplementary grant: An advance grant
to meet expenditures,

3. Vote on account: Additional funds
granted in the course of financial year.
Select the correct answer using the code given
below:",l only,land 2,2 and 3,None of the above,CAPF,2017.0,d,"Exp) Option d is the correct answer

¢ Rule of lapse refers to the provision that unspent money from
a budget does not carry over to the next financial year. If the
government doesn't utilize the allocated funds, the remaining
amount lapses and cannot be used in the following year.

« A supplementary grant is an additional allocation for
unforeseen expenses, provided when the government
underestimates its financial needs.

e A vote on account is a temporary grant to meet
government expenses until the final budget is passed,
typically granted at the start of a financial year before the
budget process is complete."
169,"Which one of the following is the correct
sequence of different stages a budget has to
go through in the Parliament?

1, Presentation of the Budget

2. Scrutiny by Departmental Committees

3. Passing of Finance Bill

4. Passing of Appropriation Bill

Select the correct answer using the code
given below:",1-2-4-3,1-3-2-4,2-1-3-4,4-3-2-1,CAPF,2017.0,a,"Exp) Option a is the correct answer

The correct sequence of different stages a budget has to go

through in the Parliament is as follows:

1- Presentation of the Budget

2- Scrutiny by Departmental Committees

4- Passing of Appropriation Bill

3- Passing of Finance Bill

Important Tips |

The stages of the enactment of the budget are as follows: |

A) Presentation: The budget is presented by the Finance

Minister, with a budget speech in February, laying it |
before both houses.

B) General discussions: General principles of the budget |
| are discussed, without motions of reduction or votes, |
in both houses. The Finance Minister provides a |
| concluding response.

C) Scrutiny by departmental committees: Each

departmental standing committee scrutinizes the

demands for grants, producing a report after several
weeks of recess.

D) Voting on demands for grants: Members of the Lok
| Sabha vote on cach demand for grants, excluding

expenditure charged on the consolidated fund. CUT
| Motions for grant reduction can be moved.

| E) Appropriation and Finance bills: The appropriation

| bill includes voted demands for grants and expenses

from the consolidated fund, while the finance bill
contains provisions for taxation. Amendments can be
proposed for the finance bill. Both bills become acts
after receiving presidential assent, enabling expenses
and taxation."
170,"Whichone of the following is a characteristic
of Presidential form of government?

(CAPF 2016]",President is not a part of legislative body,"It does not separate Legislative and
Executive functions","President follows the principle of
collective responsibility","The tenure of the President depends on
the legislature",,,a,"Exp) Option a is the correct answer.

In a presidential form of government, the President is

separate from the legislative body, which means that the

President is not a member of the legislature. The President is

the head of the executive branch and is elected independently

of the legislature. This separation of powers ensures a clear
distinction between the executive and legislative functions.
Option b is incorrect: The Presidential form of government
does separate the legislative and executive functions,
with the President being the head of the executive branch
and the legislature having its own separate powers and
responsibilities.
Option c is incorrect: The principle of collective
responsibility is usually associated with parliamentary
systems, where the executive (Prime Minister and
Cabinet) is collectively responsible to the legislature. In
a presidentia) system, the President is not bound by the
principle of collective responsibility.
Option d is incorrect: In a presidential form of government,
the tenure of the President is typically fixed and does not
depend on the legislature. The President serves a fixed term
as specified by the constitution and is not subject to removal
by the legislature, except under specific circumstances
outlined in the constitution."
171,"Which one of the following articles of the
Constitution of India contains provisions
for the abolition and creation of Legislative
Councils?",Article-171,Article-169,Article-356,Article-182,CAPF,2016.0,b,"Exp) Option b is the correct answer.
Article 169 of the Constitution of India contains provisions
for the abolition and creation of Legislative Councils in
states. It empowers the Parliament to pass a law to create or
abolish the Legislative Council in a state if the Legislative
Assembly of that state passes a resolution to that effect by a
special majority.
Important Tips
| e Article 171 of the Constitution of India pertains to the
composition of the Legislative Councils in states that
| have such councils. It specifies the number of members,
. their method of election, and other related details.
| « Article 356 of the Constitution of India deals with the
imposition of President's rule in a state when there is
| a failure of the constitutional machinery in that state.
| « Article 182 of the Constitution of India relates to the
| power of the Governor of a state to issue ordinances
during recess periods of the state legislature.
Ln"
172,"With regard to a Constitution Amendment
Bill, which one of the following statements
is not correct?","The Speaker of the Lok Sabha can call a
joint sitting of both the Houses to pass
the Bill","Each House needs to pass the Bill
separately bya prescribed special majority
end","The Bill can be introduced in either
House of Parliament","The Bill can be sponsored by a Private
Member",CAPF,2016.0,a,"Exp) Option a is the correct answer.
Option a is incorrect: The Speaker of Lok Sabha cannot
call a joint sitting of both Houses to pass a Constitution
Amendment Bill, as such a bill must be passed separately by
each House with the required majority.
Option b is correct: A Constitution Amendment Bill must be
passed separately by both the Houses of Parliament with a
special majority. This means that it should be supported by
a majority of the total membership of each House, as well
as by a majority of not less than two-thirds of the members
present and voting.
Option c is correct: A Constitution Amendment Bill can be
introduced in either House of Parliament by a minister or

a private member, and does not require the prior approval

of the President

Option d is correct: A Constitution Amendment Bill can be

sponsored by a private member, but it has very little chance

of being passed by Parliament."
173,"‘Cut Motion’ can be introduced after the
presentation of",any Bill introduced in the Parliament,the Railway and General Budgets,any Private Member’s Bill,a Constitution Amendment Bill,CAPF,2016.0,b,"Exp) Option b is the correct answer.

A “Cut Motion” is a parliamentary procedure in India where

a member of the Parliament proposes to reduce the amount

of a demand in the budget presented by the government.

These motions can be introduced after the presentation of

the Railway Budget and the General Budget. The purpose of

Cut Motions is to debate and challenge specific expenditures

mentioned in the budget proposals.

Important Tips

¢ There are three types of Cut Motions: Policy Cut,
Economy Cut and Token Cut

¢ Policy Cut isa motion that seeks to reduce the amount
of demand to Re.1. It represents the disapproval of
the policy underlying the demand and suggests an
alternative policy.

e Economy Cut is a motion that seeks to reduce the
amount of demand by a specified amount. It represents
the economy that can be effected by reducing or
omitting an item in the demand.

¢ Token Cut is a motion that seeks to reduce the amount
of demand by Rs.100. It represents a specific grievance
that is within the responsibility of the government."
174,"According to Article 3 of the Constitution
of India, the Parliament may by law
1. declare war on any country.

2. alter the boundaries of any State.
3. increase the area of any State
' 4. establish an Autonomous Council within
any State.
Select the correct answer using the code given
below.",Only 3,"1,2 and 4",2 and 3,"1,2 and 3",CAPF,2015.0,c,"Exp) Option c is the correct answer,

According to Article 3 of the Constitution of India, the

Parliament may by law:

+ Alter the boundaries of any State: The Parliament has
the power to alter the boundaries of any State in India.
This can be done through the process of reorganization
of states, which requires the introduction and passing of
a law by Parliament.

e Increase the area of any State: The Parliament also has
the authority to increase the area of any existing state by
annexing or merging territories with it. This can be done
through the enactment of a law by Parliament.

Statement | is not related to Article 3, but to Article 253,

which empowers Parliament to make laws for implementing

treaties, agreements or conventions with foreign countries or
international organizations.

Statement 4 is not related to Article 3, but to Article 244A,

which provides for the creation of an autonomous state

comprising certain tribal areas in Assan and for the creation
of local legislature or council of ministers or both for such
state,

——__—___——,
Important Tips |
+ Article 3 of the Constitution of India deals with |
the formation of new States and alteration of areas,
boundaries or names of existing States. In this regard,
the Parliament may by law:
¢ form a new State by separation of territory from any
State or by uniting two or more States or parts of States,
or by uniting any territory to a part of any State;
e increase the area of any State;
* diminish the area of any State;
| + alter the boundaries of any State;
e alter the name of any State."
175,"The Rajya Sabha can withhold its consent to
Money Bill for:",14 days,15 days,30 days,18 day’,CAPF,2015.0,a,"Exp) Option a is the correct answer.

The Rajya Sabha can withhold its consent to a Money Bill for

a maximum period of 14 days.

¢ According to Article 109 of the Constitution of India, if
a Money Bill is passed by the Lok Sabha (the lower house
of Parliament), it is transmitted to the Rajya Sabha (the
upper house).

¢ The Rajya Sabha must return the Bill to the Lok Sabha
within 14 days, cither with recommendations or without
any recommendations.

« The Lok Sabha can then consider these
recommendations, but it is not bound to accept them.
After the expiry of the 14-day period, whether with or
without recommendations, the Bill is deemed to have
been passed by both houses."
176,"The following item consists of two
Statements J and IJ. You are to examine
these two statements carefully and select
the answer to these items using the code
given below.

Statement I: The Rajya Sabha is not subject to

dissolution and the members enjoy a tenure

of six years.

Statezicat IL: According to Article 83 of the

Constitution of India, one-third of members

of Rajya Subha retire every two years.

Codes:","Both the statements are individually true
and Statement II is the correct explanation
of Statement I","Both the statements are individually
true but Statement II is not the correct
explanation of Statement I","Statement I is true and Statement IJ is
false","Statement I is false but Statement II is
true",CAPE,2014.0,a,"Exp) Option a is the correct answer.

Both the statements are individually true and Statement I] is

the correct explanation of Statement I.

Statement I is correct because the Rajya Sabha, which is

the upper house of the Parliament of India, is not subject to

Dissolution unlike the Lek Sabha, which is the lower house.

The members of the Rajya Sabha enjoy a tenure of six years,

after which they are either re-elected or replaced by new

members

Statement II is correct because according to Article 83 of

the Constitution of India, one-third of the members of the

Rajya Sabha retire every two years in accordance with the

provisions made by Parliament by law. This ensures that

the Rajya Sabha is a permanent and continuous body that
reflects the changing composition and preferences of the
states and the union territories.

Statement II is the correct explanation of Statement

I because it shows how the Rajya Sabha maintains its

continuity and stability without being dissolved. The

Staggered retirement of one-third of its members every

two years allows for a gradual and periodic renewal of the

Rajya Sabha, while preserving its institutional memory and

experience"
177,"The issue whether a commitment made bya
Minister on the floor of the House has been
fulfilled or not is decided by the","Concerned Departmentally Related
Committee",Business Advisory Committee,Committee on Public Assurances,"Political Affairs Committee of the Union
Cabinet",CAPF,2014.0,c,"Exp) Option c is the correct answer.
The Committee on Public Assurances is responsible for
examining the assurances, promises, and undertakings
given by Ministers on the floor of the House and ensuring
their implementation. This committee acts as a watchdog
to verify whether the commitments made by Ministers have
been fulfilled or not.

Important Tips

« Departmentally Related Committees are
parliamentary committees that are assigned specific
departments or ministries for detailed examination and
scrutiny of their policies, budgets, and other matters.

e The Business Advisory Committee is a committee
formed in the Parliament of India. Its main function is
to allocate time for the discussions on various items of
business and to recommend the allocation of time for
different stages of the legislative process.

e The Political Affairs Committee of the Union
Cabinet is a high-level committee consisting of senior
ministers. It is responsible for discussing and deciding
various political matters and policy issues."
178,"Which of the following statements related

to Money Bills is not correct?","It cannot be introduced in the Council of
States.","If any question arises whether the Bill
is Money Bill or not, the decision of the
Speaker is final.","Incase of deadlock over a Money Bill, the
President can summon a joint sitting of
the Parliament.","A Money Bill cannot be introduced except
on the recommendation of the President.",CAPF,2014.0,c,"Exp) Option c is the correct answer.

Option a is correct: As per Article 110 of the Constitution of
India, a Money Bill can only be introduced in the Lok Sabha
(House of the People), the lower house of Parliament. It
cannot be introduced in the Rajya Sabha (Council of States),
the upper house of Parliament.

Option b is correct: According to Article 110(3) of the
Constitution of India, the decision of the Speaker of the
Lok Sabha on whether a bill is a Money Bill or not is final.
The Speaker’s decision is not subject to judicial review.
Option c is incorrect: In the case of a deadlock over a
Money Bill between the Lok Sabha and the Rajya Sabha,
the President does not have the power to summon a joint
sitting of the Parliament. The deadlock can only be resolved
by the passage of the Moncy Bill by the Lok Sabha.

Option d is correct: According to Article 117(1) of the
Constitution of India, a Money Bill can only be introduced
in the Lok Sabha with the recommendation of the
President. The President's recommendation is necessary for
the introduction of a Money Bill."
179,"Which of the following statements
regarding the residuary powers under the

Constitution of India is/are correct?

1. Residuary powers have been given to the
Union Parliament.

2. In the matter of residuary powers,
the Constitution of India follows the
Constitution of Australia.

3. Schedule 7 of the Constitution of India
provides a list of residuary powers.

4. The Government of India Act, 1935
placed residuary powers in the hands of
the Governor-General.

Select the correct answer using the codes

given below:

Codes:","land3

~",2 and 3,land 4,Only 4,CAPF,2014.0,c,"Exp) Option c is the correct answer.

Statement 1 is correct: Residuary powers have been given
to the Union Parliament by Article 248 and Entry 97 of the
Union List. These provisions give Parliament exclusive power
to make any law with respect to any matter not enumerated
in List If or List UI, including any tax not mentioned in
either of those lists.

Statement 2 is incorrect: In the matter of residuary powers,
the Constitution of India does not follow the Constitution

of Australia, but follows the Constitution of Canada. The
Constitution of Australia does not vest the residuary powers
in any level of government, but leaves them to be determined
by judicial interpretation. The Constitution of Canada, on
the other hand, vests the residuary powers in the federal
government by Section 91 of its Constitution Act, 1867.
Statement 3 is incorrect: Schedule 7 of the Constitution
of India does not provide a list of residuary powers, but
provides three lists of subjects on which Parliament and state
legislatures can make laws. These are List ] (Union List), List
II (State List) and List II] (Concurrent List). The residuary
powers are those that are not covered by any of these lists.
Statement 4 is correct: Government of India Act, 1935 placed
residuary powers in the hands of the Governor-General.
This was done to ensure that no important subject was left
out from legislative competence and to give flexibility to deal
with unforeseen situations. The Governor-General could
legislate on any matter that was not included in any of the
seven lists provided by this Act"
180,"Which of the following statements about
the Presidential system is/are correct?

1. The Head of Government is also the Head
of State.

2. The Executive can veto Legislative acts.

Select the correct answer using the codes

given below.

Codes:",Only 1,Only 2,Both 1 and 2,Neither 1 nor 2,CAPF,2014.0,c,"Exp) Option c is the correct answer.
Statement | is correct: The head of government is also
the head of state in the presidential system. The president
represents the nation both internally and externally, and has
the authority to appoint and dismiss cabinet members, issue
executive orders, veto legislative acts, negotiate treaties,
command the armed forces, etc.
Statement 2 is correct: Executive can veto legislative acts
in the presidential system. The president has the power to
reject or approve bills passed by the legislature, and can also
propose legislation to the legislature. However, the legislature
can override the president’s veto by a supermajority vote in
some Cases"
181,"Which one of the following is not a provision

related to a Money Bill?- [CDS 2022

(1))","Imposition, abolition, remission
alteration or regulation of any tax.","Appropriation of money out of the
Consolidated Fund of India.","Imposition of fines by local authority for
local purpose.","Custody of the Consolidated Fund of
India or the Contingency Fund of India.",,,c,"Exp) Option c is the correct answer.
Money Bills in India are governed by Article 110 of the
Constitution, which specifies that provisions related to the
imposition, abolition, remission, alteration, or regulation
of any tax, appropriation of money from the Consolidated
Fund, and custody of the Consolidated Fund or Contingency
Fund are considered Money Bills.
The imposition of fines by a local authority for a local
purpose fall outside the scope of Money Bills.
Important Tip
¢ The President can either give assent to the bill or
withhold assent, but cannot return a money bill for
reconsideration like an ordinary bill.
¢ The Speaker of the Lok Sabha has the authority to
decide whether a bill is a money bill or not, and their
decision is final. It cannot be questioned or challenged
in any court of law,
« Money bills can only be introduced in the Lok Sabha
and not in the Rajya Sabha (Council of States).

« The Rajya Sabha can discuss and suggest amendments
toa money bill, but it does not have the power to reject
or block it. The Lok Sabha has the final say on the
bill."
182,"Which of the following statements is/are
correct?

1. Committee on Estimates is an ad hoc
committee of the Parliament.

2. Committee on Railway Convention is a
standing committee of the Parliament.
Select the correct answer using the code given
below:-",1 only,2 only,Both 1 and 2,Neither 1 nor 2,CDS  (1),2022.0,d,"Exp)- Option dis the correct answer.

Statement 1 is incorrect- Committee on Estimates is a

standing committee. The function of the committee is to

examine the estimates included in the budget and suggest

‘economies’ in public expenditure. Hence, it has been

described as a ‘continuous economy committee’.

Statement 2 is incorrect- The Committee on Railway

Convention is an ad hoc committee established in 1949. Its

initial focus was determining the Rate of Dividend payable

by Railways to General Revenues. Since 1971, it has expanded

to cover broader subjects related to Railways and Railway

Finances.

| Important Tips

!e The first Estimates Committee was established in 1950
based on the suggestion of John Mathai, the finance
minister at that time.

| « It has 30 members, all from Lok Sabha only. Rajya
Sabha has no representation in it.

« The term of office for members is one year.

¢ The committee's chairman is chosen by the Speaker
from its members, typically belonging to the ruling
party."
183,"Which one of the following statements
about the Speaker of Lok Sabha is not
correct? -","He shall vacate his office if he ceases to

be a member of the House of the People.","He may, at any time, resign by writing his
resignation to the President of India.","He may be removed from his office by
a resolution of the House of the People
passed by majority of all the then
members of the House.","While the office of the Speaker is vacant,
the duties of the office shall be performed
by the Deputy Speaker.",CDS  (1),2022.0,b,"Exp) Option b is the correct answer.
The Speaker of the Lok Sabha, who serves as the presiding
officer, typically holds office for the duration of the Lok
Sabha’s term. However, if the Speaker wishes to resign
before the completion of the term, they must submit their
resignation in writing to the Deputy Speaker of the Lok
Sabha."
184,"Whichoneofthe following statements about
a Bill for Amendment of the Constitution
of India is not correct?-","It is governed by Article 368(2) of the

Constitution of India.","Joint sitting can be resorted to for Passing
a Bill amending the Constitution of India.","The State Legislatures cannot initiate any
Bill or proposal for amendment of the
Constitution of India.","The previous sanction of the President of
India is not required for introducing any
Bill in the Parliament for amendment of
the Constitution of India.",CDS  (I),2022.0,b,"Exp) Option b is the correct answer,
A joint sitting of both Houses of Parliament is not allowed
in the case of a deadlock over the passage of a constitutional
amendment bill. However, in the case of an ordinary bill,
there is a provision for a joint sitting if needed.

Important Tips:

» The procedure for amending the Indian Constitution
was borrowed from the South Africa Constitution.

+ Article 368 in Part XX of the Constitution deals with
the powers of Parliament to amend the Constitution
and its procedure.

e “Parliament can amend the constitution provided that
Basic Structure remains intact”- Kesvananda Bharti
Case 1973.

« Parliament can only initiate constitutional amendment
bill.

« Jt can be introduced by either minister or private
member- does not require president approval.

¢ The bill must be passed by each house by Special
Majority.

+ The President must give his assent- Can not return or
withhold assent of the constitutional amendment bill.

e Three ways in which constitution can be ainended:

¢ Simple Majority of the parliament.

e Special Majority of the Parliament.

+ Special Majority of the Parliament and the ratification
of half of the state legislatures"
185,"Which one of the following statements
about the Public Accounts Committee
(PAC) of the Parliament is not correct?","It examines the Finance Accounts of the
Government of India.","Fifteen members of the Committee are
elected by the Lok Sabha from amongst
its members.","The Chairperson of the Committee is
elected by its members.","In case a member of any other Committee
constituted by the Government is elected
to the PAC, the Speaker of the Lok Sabha
decides whether he should continue to be
a member of the former Committee.",CDS  (IT),2022.0,c,"Exp) Option c is the correct answer

Chairperson of the Public Accounts Committee (PAC) is

not elected by its members. The Chairperson of the PAC

is appointed by the Speaker of the Lok Sabha from among

its members."
186,"Which one of the following statements
about Money Bill is not correct?","Money Bill cannot be introduced in the
Council of States.","The Council of States has no power to
reject or amend the Money Bill.","The Speaker of the Lok Sabha has the sole
and final power in deciding whether a
Bill is a Money Bill or otherwise.","The Council of States has no power to
discuss the Money Bill.",CDS  (II),2022.0,d,"Exp) Option d is the correct answer

The Rajya Sabha does have the power to discuss a Money

Bill . but it has no authority to reject or amend the bill.
Important Tip: |

Facts regarding Money Bill in India |

¢ Unlike Ordinary Bills, Money Bills are introduced only |
in Lok Sabha on the President’s recommendation, |
which is mandatory. |

¢ The bill, introduced in the Lok Sabha on the President’s
recommendation, is referred to as a government bill. |

e It should be noted that all government bills are
introduced only by the Minister. |

e After the bill is passed by the Lok Sabha, it is sent to |
the Rajya Sabha, which has only limited authority. It |
has no authority to reject or amend the bill. |

¢ There is no possibility of disagreement, hence there is
no provision for a joint sitting regarding money bills.

¢« The Lok Sabha speaker certifies the bill as a money
bill and his decision is final in this regard.

« The President’s consent is required when the bill
has passed both houses. He can either give assent
or withhold assent but cannot send a bill fer

| __ reconsideration. _ ee"
187,"Which one of the following is not a
category under which the President of India
nominates Members of Parliament?",Literature,Science,Art,State Service,CDS  (II),2022.0,d,"Exp) Option d is the correct answer

According to Article 80 of the Constitution of India, the
President of India can nominate members to the Parliament
under the category of “Persons having special knowledge
or practical experience in respect of literature, science,
art, and social service.” “State Service” is not a category

under which the President of India nominates Members
of Parliament."
188,"Which among the following is not the
strength or chief benefit of Bicameralism?","Second chambers check the first chambers
and prevent majoritarian rule.",It checks the powers of the executive.,"The second chambers can act as a
constitutional safeguard.","It often acts as a check on democratic
rule, particularly when their members are
non-elected or indirectly elected.",CDS  (ID,2022.0,d,"Exp) Option d is the correct answer

Option (d) is not a strength or chief benefit of bicameralism.
In fact, it presents a potential limitation or criticism of
bicameral systems. When the members of the second
chamber are non-elected or indirectly elected, it can lead
to a situation where the democratic principle of direct
representation is undermined. Critics argue that this can
diminish the democratic legitimacy of the second chamber
and create an imbalanced representation of the people’s will."
189,"Which of the following statements regarding
the ‘casting vote’ in the Parliament is/are
correct? 
1. Itis cast by the speaker or a person acting

as such.

2. It is cast in addition to voting in the first
instance.

3. It is cast in the case of equality of votes.

4. It is always cast to maintain the status
quo.

Select the correct answer using the codes

given below:","1,2 and 3 only",1 and 3 only,2 and 4 only,3 only,CDS (D,2021.0,b,"Exp) Option b is the correct answer

Statement | is correct: The casting vote in the Parliament
is cast by the Speaker or a person acting as the Speaker. The
Speaker is the presiding officer of the House and has the
authority to exercise the casting vote when required.
Statement 2 is incorrect: The casting vote is not cast in
addition to voting in the first instance. It is only used in
specific situations when there is an equality of votes on a
particular matter.

Statement 3 is correct: The casting vote is cast in the case
of equality of votes. In parliamentary proceedings, if there
is a tie or equal number of votes on a particular issue, the
Speaker or the person acting as the Speaker can exercise the
casting vote to break the tie and reach a decision.
Statement 4 is incorrect: The casting vote is not always cast
to maintain the status quo. The Speaker or the person acting
as the Speaker can exercise the casting vote based on their
discretion or in accordance with parliamentary rules and
procedures."
190,"Which one among the following motions
cannot be made while introducing an
ordinary Bill in the Parliament?",That the Bill be taken into consideration,"That the Bill be circulated for the purpose
of eliciting public opinion","That the Bill be referred to a Select
Committee","That the Bill be referred to a Joint
Committee of the House without the
concurrence of the other House",CDS (1),2021.0,d,"Exp) Option d is the correct answer

Referring an Ordinary Bill to a Joint Committee of both
Houses of Parliament requires the concurrence of both
Houses. The purpose of a Joint Committee consisting of
members from both Houses of parliament is to ensure
cooperation and consensus on the matter being examined."
191,"Which one of the following statements
about the composition of the Parliament is

not correct?","Representatives of the states in Rajya
Sabha are elected directly by the people.","Representatives from Union Territories in
Lok Sabha are chosen by direct elections.",Rajya Sabha has 12 nominated members.,"Lok Sabha has seats reserved for SCs and
STs.",CDS (1),2021.0,a,"Exp) Option a is the correct answer

The Rajya Sabha members are not elected directly by the
people. Instead, they are elected by the elected members of
the State Legislative Assemblies."
192,A motion of no-confidence is moved against,an individual Minister.,the Council of Ministers.,the Prime Minister.,a political party.,CDS (1),2021.0,b,"Exp) Option b is the correct answer

A motion of no-confidence is a parliamentary motion that
is moved against the Council of Ministers and not against
an individual minister, the Prime Minister, or a political
party. A motion of no-confidence is a parliamentary
procedure through which members of the legislative body

express their lack of confidence in the Council of Ministers.
If such a motion is passed, the Council of Ministers has to
resign."
193,"Which of the following statements are
correct?

1. Speaker may permit any Member to
address the House in his/her mother
tongue, if he/she cannot adequately
express in either Hindi or English.

2. Business ofthe Parliamentary Committees
is transacted either in Hindi or in English.

3. The minutes of the Parliamentary
Committees are prepared invariably in
Hindi or English.

Select the correct answer using the codes

given below:","1,2 and 3",1 and 2,2and3,1 and 3,CDS  (ID,2021.0,a,"Ex) Option a is the correct answer.
Statement 1 is correct- The Speaker of the House has the
authority to permit any Member to address the House in
their mother tongue if they are unable to adequately express
themselves in Hindi or English. This provision ensures that
Members have the freedom to communicate effectively in a
language they are comfortable with.
Statement 2 is correct- The business of the Parliamentary
Committees can be transacted in either Hindi or English. This
allows Members to participate and contribute to committee
discussions using the language of their preference.
Statement 3 is correct- The minutes of the Parliamentary
Committees are invariably prepared in Hindi or English.
This ensures that the proceedings and decisions of the
committees are documented and accessible to all members
in the official languages of the Parliament."
194,"Which one among the following is the
largest State in terms of seats in the Rajya

Sabha?",Andhra Pradesh,Bihar,Rajasthan,Karnataka,CDS  (ID,2021.0,b,"Exp) Option b is the correct answer.
State soy), ty |.No- of MP’s in the Rajya Sabha .:, .
7

Uttar Pradesh 31
r
i

Andhra Pradesh 11

Gujarat 11

Kerala 9"
195,"Which of the following statements regarding
constitutional amendment is/are correct?

1. The procedure for amendment to the
Constitution is provided in Article 368,

2. A Bill to amend the Constitution can
be introduced in either House of the
Parliament.

3. The special procedure in Article 368 vests
constituent powers upon the ordinary
legislation,

Select the correct answer using the codes

given below:",Only 1,"1,2 and 3",2and 3,land 2,CDS  (ID,2021.0,b,"Exp) Option b is the correct answer.
Statement 1 is correct- The procedure for amending the
Constitution is provided in Article 368 of the Constitution of
India. According to article 368, constitution can be amended
in three ways- Simple Majority, Special Majority, Special
Majority of the Parliament and the ratification of half of the
state legislatures.
Statement 2 is correct- A bill to amend the Constitution
can be introduced in either House of Parliament. It can be
introduced as a Constitutional Amendment Bill and must go
through the prescribed legislative process before it can be
enacted into law.
Statement 3 is correct- The special procedure outlined in
Article 368 of the Constitution vests constituent powers upon
the ordinary legislation. This means that the Parliament,
while acting in its legislative capacity, has the power to amend
or modify the provisions of the Constitution provided that
Basic Structure of the Indian Constitution remains intact."
196,Which one of the following is not correct?,"Taxes on agricultural income is a subject
under the State List.","Price control is a subject under the
Concurrent List.

{c) Insurance does not come under the Union
List.",,"‘Forests’ is a subject under the Concurrent
List.",CDS  (I1),2021.0,c,"Exp) Option c is the correct answer.
Insurance is a subject that comes under the Union List
(Entry 43 and 47) of the Indian Constitution. The central
government has the authority to make laws related to
insurance.

Important Tips

State List:

* It contains subjects on which the state governments
have the cxclusive power to make laws and regulations.

* Itincludes matters such as public health, police, public
order, local government, agriculture, state taxes, land
and land reforms, education, and public libraries.

« The State List consists of a total of 59 subjects listed
under Schedule VII of the Indian Constitution.

Union List:

« The Union List contains subjects on which the central
government has exclusive authority to make laws and
regulations.

« It includes matters such as defense, foreign affairs,
atomic energy, banking, currency, railways, airways,
communication, and inter-state trade and commerce.

¢ The Union List consists of a total of 98 subjects listed
under Schedule VII of the Indian Constitution.

Concurrent List:

© The Concurrent List contains subjects on which both
the central and state governments have the power to
make laws and regulations.

¢ It includes matters such as criminal law, marriage
and divorce, bankruptcy and insolvency, adoption,
education, forests, trade unions, bankruptcy and
insolvency, and bankruptcy and insolvency.

« The Concurrent List consists of a total of 52 subjects
listed under Schedule VII of the Indian Constitution."
197,"Which among the following is not a
condition for the disqualification of a
Member of Parliament?","Voluntary acquisition of citizenship of a
foreign country","Holding the office of the Chairperson of
the National Commission for Women","he member abstains from voting in the
House without prior permission","The Member holds the office of the
Chairman of the Board of Directors of the
National Coal Development Corporation
Ltd",CDS  (11,2021.0,b,"Exp) Option b is the correct answer.
According to Article 102 of the Indian Constitution, certain
conditions can lead to the disqualification of a Member of
Parliament. Option (b) Holding the office of the Chairperson
of the National Commission for Women does not come
under the office of profit.

Important Tips

Factors leading to disqualification from being elected as a

Membcr of Parliament (MP) in India:

« Holding any office of profit under the Union or state
government, except for exempted offices.

¢ Being declared of unsound mind by a court or being an
undischarged insolvent.

« Acquiring citizenship of a foreign state voluatarily or
having allegiance to a foreign state.

« Additional disqualifications specified in the
Representation of People Act (1951) include
convictions for election offenses, corrupt practices,
imprisonment of two or more years, failure to
submit election expense accounts, and having an
interest in government contracts or corporations with
government shareholding.

* Disqualifications also apply to individuals dismissed
from government service for corruption, convictions
for promoting enmity between groups or bribery,
and punishments related to social crimes such as
untouchability, dowry, and sati. The President’s
decision, based on the Election Commission’s opinion,
is final in determining disqualifications."
198,"Overseas Indians can exercise franchise in
an election to the Lok Sabha under which of
the following conditions?

1. They must be citizens of India.

2. Their names must figure in the electoral
roll,

3. They must be present in India to vote.

Select the correct answer using the codes

given below. }","1,2 and 3",2 and 3,land2,Only 1,CDS  (1),2020.0,a,"Exp) Option a is the correct answer.

Statement 1 is correct - An overseas elector must be a citizen
of India to be eligible for voting in the Lok Sabha elections.

Statement 2 is correct - The name of the overseas clector

must be included in the electoral roll of the constituency
they would be voting from to be eligible to vote.
Statement 3 is correct - Overseas Indian voters are required
to be physically present in India for voting, as e-voting is not
allowed. They have the options of postal ballots and proxy
voting, with certain restrictions and eligibility criteria."
199,"Which one among the following is not
correct about the Secretary General of the
Lok Sabha?","The Secretary General is the advisor to
the Speaker.","The Secretary General acts under the
authority in the name of the Speaker.","The Secretary General works under the
Speaker with delegated authority.","The Secretary General passes orders in
the name of the Speaker.",CDS  (11),2020.0,c,"Exp) Option c is the correct answer
The Secretary General of the Lok Sabha does not work under
the Speaker with delegated authority. Instead, the Secretary
General works independently and performs various
administrative functions related to the functioning of
the Lok Sabha. The Secretary General is the principal
administrative officer of the Lok Sabha Secretariat and is
responsible for the overall management and coordination of
its activities.

Important Tips

e In the discharge of his constitutional and statutory
responsibilities, the Spcaker of the Lok Sabha is assisted
by the secretary general of Lok Sabha, (whose pay
scale, position and status etc. is equivalent to that
of the highest-ranking official in the Government of
India i.e. Cabinet Secretary).

« The secretary general remains in office must retire

""at the age of 60. The secretary general is answerable
only to the Speaker; actions cannot be discussed or
criticised in or outside the Lok Sabha.

« On behalf of the President, the secretary-general
summons each Member of Lok Sabha to aitend
session of the Parliament and authenticates bills in
the absence of the Speaker."
200,"Which of the following statements with
regard to the privileges of the Members of
the Parliament are correct?

1. Privileges would not be fettered by the
Article-19(1)of the Constitution of India.

2. Privileges must be read subject to the
Articles 20-22 and Article-32 of the
Constitution of India.

3. Immunity is available in relation to both
civil and criminal prosecution.

4, Immunity is available in relation to
freedom of speech even in his/her private
or persona] capacity.

Select the correct answer using codes given

below","1,2 and 4 only",1 and 2 only,2 and 3 only,1 and 4 only,CDS  (IT),2020.0,b,"Exp) Option b is the correct answer

Statement 1 is correct: The privileges of Members of
Parliament (MPs) are separate from the fundamental
rights guaranteed under Article 19(1)(a). The privileges of
MPs are defined by the Constitution and laws passed by
the Parliament, and they are not subject to the limitations
imposed by Article 19(1)(a).
Statement 2 is correct: While the privileges of MPs are
protected, they are subject to certain limitations. Articles
20-22 of the Indian Constitution provide specific rights and
protections regarding protection against self-incrimination,
protection against double jeopardy, and protection of
personal liberty. Article 32 allows individuals to approach
the Supreme Court for the enforcement of their fundamental
rights. Therefore, the privileges of MPs must be read subject
to these constitutional provisions.
Statement 3 is incorrect: The privileges of MPs grant them
immunity from civil proceedings only and not from criminal
prosecution. MPs are not immune from criminal charges
and can be prosecuted for offenses committed like any other
citizen.
Statement 4 is incorrect: While MPs enjoy certain
protections for their speech and conduct within Parliament,
these privileges de not extend to their private or personal
capacity outside of parliamentary proceedings. Outside of
Parliament, MPs are subject to the same laws and regulations
as any other citizen, and their freedom of speech is governed
by the general laws of the land.
Important Tips |
Individual Privileges of the Members of the Parliament
| « No arrest of the member of the parliament can take |
place during its session. Also, members can't be
| arrested 40 days before and after the session’s beginning
and end of the session.
| ¢ The members of parliament are entitled to the |
freedom of speech in the houses. They are not liable
to any court proceedings for the speech given in the |
parliament or its committees. However, it is regulated
using the rules guiding such provisions of the house. |
le They are exempted from jury service. They can refuse
| to give evidence and appear as a witness in a case |
pending in a court when Parliament is in session."
201,"Which one of the following statements with
regard to the appointment of the Members
of the Parliamentary Committees is correct?",The Members are only appointed,The Members are only elected,The Members are only nominated.,"The Members are appointed or elected on
a motion made and adopted or nominated
by the Speaker of the Lok Sabha or the
Chairman of the Rajya Sabha",CDS  (I1),2020.0,d,"Exp) Option d is the correct answer
The process of appointing Members of Parliamentary
Committees involyes a combination of appointment,
election, and nomination. In the case of some committees,
the Members are appointed or elected through a motion
made and adopted by the Speaker or Chairman. In other
cases, Members may be nominated directly by the Speaker
or Chairman without the need for a motion. Nominations
are made based on various considerations such as party
representation, expertise, and experience."
202,"Which one of the following is not a correct
statement regarding the provision of
Legislative Council in the State Legislature?

(CDS Pre.2019 I]","The States of Bihar and Telangana have

Legislative Councils","The total number of members in the
Legislative Council of a State shall not
exceed one third of the total number of
members in the Legislative Assembly","One-twelfth of all members shall be
elected by electorates consisting of local
bodes and authorities","One-twelfth of all members shall be
elected by graduates residing in the state.",,,c,"Exp) Option c is the correct answer.

e Ina state, the state legislative council is considered as the
upper house of the state which have a bicameral legislature
and the state Legislative assembly is called as lower
house house of the state. One third of the Members of
legislative council are elected by electorate consisting
of local bodies and authorities (option c is incorrect)

« At present there are 6 out of 28 states have a legislative
Council.

« The members of the Legislative council can’t be more
than one-third of the membership of the state legislative
assembly and its composition can’t be less than 40
members.

Important Tips

e India has a bicameral] system of legislatures both at the
centre and in some states.

e At the state level, the equivalent of the Lok Sabha is

| the Vidhan Sabha or Legislative Assembly and that of

the Rajya Sabha is the Vidhan Parishad or Legislative
| Council.

« Article 169 provides for creation and abolition of
legislative councils in states."
203,Rajya Sabha has exclusive jurisdiction in,creation of new states,declaring a war,financial emergency,"authorising Parliament to legislate on a
subject in the state list",CDS Pre.  II,2019.0,d,"Exp) Opton d is the correct answer

Rajya Sabha being a federal chamber - representing States/

Union territories, enjoys certain special powers:

a) To empower Parliament to make laws in respect of any
matter enumerated in the State List in the national
interest by adopting a resolution to this effect (article
249), (option d is correct)

b) Creation of All India Services (article 312)

c) Approving Proclamations (issued under article 352 or
article 356 or article 360) if the Lok Sabha stand dissolved
or the Dissolution of the Lok Sabha takes place within the
period allowed for the approval of the Proclamation by
Parliament.

d) To Initiate the proceeding for removal of Vice President
is also the exclusive jurisdiction of Rajya Sabha i.e. The
resolution for removal of Vice President can only be
initiated in Rajya Sabha and not in Lok Sabha.

Important Tips

The Council of States (Rajya Sabha) was First Constituted

on 3rd April, 1952.

« The Council of States as Rajya Sabha in Hindi on 23rd
August, 1954.

¢ Rajya Sabha is a permanent and a continuous chamber
where representatives are elected for the house.

« The First Chairman of Rajya Sabha was Dr. S. Radhakrishnan.

« Dr. S. Radhakrishnan was the first Chairman of
Rajya Sabha for two consecutive terms (13.5.1952 to
12.5.1962).

« The First Deputy Chairman of Rajya Sabha was Shri
S.V. Krishnamoorthy Rao."
204,"Which one of the following regarding the
procedure and conduct of business in the
Parliament is not correct?",To discuss state matters,"To discuss issues of the use of police force
in suppressing the Scheduled Caste and
Scheduled Tribe communities","To discuss issues in dealing with violent
disturbances in an undertaking under the
control of the Union Government","To discuss issues for putting down the
demands of the industrial labour",CDS Pre. IT,2018.0,a,"Exp) Option a is the correct answer

¢ ‘Lo discuss state matters in general condition docs not lie
under procedure and conduct of business of Parliament
under Article 246 of the Constitution. (option a is not
correct)

e Parliament has right to make laws on Union list and
Concurrent list of Schedule seven.

¢ Parliament can discuss the issue of Police action against
the Schedule Castes and Tribes under the Scheduled
Castes and Tribes (Prevention of Atrocities) Act, 1989
Issue of Industrial labours come under Concurrent list,
so it can be discussed in Parliament.

e Parliament can also discuss issues in dealing with violent
disturbances in an undertaking under the control of the
Union Government

Important Tips

Rules of Procedure and Conduct of Business in the

Council of States have been formulated under Article 118

of the Constitution wherein cach House of Parliament is

required to make rules for regulating its Procedure and
conduct of business."
205,"Which one of the following is not considered
a part Legislature of States?

(CDS Pre.2018 IT]",The Governor,The Legislative Assembly,The Legislative Council,The Chief Minister State,,,d,"Exp) Option d is the correct answer

e The legislature of states involve Governor, Legislative
Assembly and the Legislative Council.

e Under article 164 of the Indian constitution chief
minister shall be appointed by the governor.

Important Tips

° Part VI of the Constitution containing Articles 153 to
167 deals with the government in the States.

e The state executive consists of the Governor, the Chief
Minister, the Council of Minister and the Advocate
General of the state."
206,"A joint sitting of the Parliament is resorted
to, for resolving the deadlock between two
Houses of the Parliament for passing which
of the following Bills?

1. Money Bill

2. Constitutional Amendment Bill

3. Ordinary Bill

Select the correct answer using the codes
given below:",land2,2 and 3,"1,2 and 3",Only 3,CDS Pre. II,2017.0,d,"Exp) Option d is the correct answer.

« According to articie 108 a joint sitting is called by the
President and presided over by the speaker.

« Abdill which requires special majority in both the houses
cannot be introduced in joint sitting of the Parliament

e« Even for money bill Rajya sabha can only amended some
changes and it is Lok sabha only which passes the money
bill. Hence there is no point in introducing the money
bill in the joint sitting of the Parliament"
207,"Which one of the following cannot be
introduced first in the Rajya Sabha?",Constitutional Amendment,CAG Report,Annual Financial Statement,Bill to alter the boundaries of any state,CDS Pre. II,2017.0,c,"Exp) Option c is the correct answer.

¢ Annual Financial Statement is a document presented to
the Parliament every Financial Year as a part of Budget
process under Article 112.

e¢ This document comprises the receipts and expenditures
of the government of current year, previous year and

budget year in three separate parts viz. Consolidated

Fund of India, Contingency Fund of India and Public

Account of India."
208,"Which one of the following Schedules of the
Constitution of India has fixed the number
of Members of the Rajya Sabha to be
elected from each state?",Fifth Schedule,Third Schedule,Sixth Schedule,Fourth Schedule,CDS Pre. II,2017.0,d,"Exp): Option d is the correct answer.
Third : “It contains the forms of oath and affirmation :
“Schedule for: :
: e Union Ministers of India
e Parliament Election Candidates |
« Members of Parliament (MPs)
_* Supreme Court Judges
; ‘« Comptroller and Auditor General
* State Ministers .
: + State Legislature Elections’ Candidates — ;
; '« State Legislature Members
¢ High Court Judges i
: Fourth . It “contains the provisions in relation to
: Schedule the allocation of seats for States and Union :
Territories in the Rajya sabha (option d is
correct) :
Fifth | It contains provisions in relation to the |
Schedule | administration and control of scheduled areas |
Sixth ‘It contains provisions in relation to the }
- Schedule administration of tribal areas in the states of |
: , Assam, Meghalaya, Tripura and Mizoram :"
209,"A Member of Lok Sabha does not become
disqualified to continue as a Member of the
House if the member","voluntarily gives up his/her membership

of the political party from which he/she
was elected","is expelled by the political party from
which he/she had been elected to the
House","joins a political party after being elected
as an independent candidate","abstains from voting contrary to the
direction by his/her political party",CDS Pre. I,2016.0,b,"Exp) Option b is the correct answer.
« According to article 102 of the constitution of India:
1. A person shall be disqualified for being chosen as, and for
being, a member of either House of Parliament:

(a) if he holds any office of profit under the Government of
India or the Government of any State, other than an office
declared by Parliament by law not to disqualify its holder

(b) if he is of unsound mind and stands so declared by a
competent court;

(c) if he is an undischarged insolvent;

(d) if he is not a citizen of India, or has voluntarily acquired
the citizenship of a foreign State, or is under any
acknowledgement of allegiance or adherence to a foreign
State ;

(e) if he is so disqualified by or under any law made by
Parliament Explanation

2. A person shall be disqualified for being a member of
either House of Parliament if he is so disqualified under
the Tenth Schedule.

Important Tips
Disqualification of MPs & MLAs according to
representation of people act 1951:

a. A member of a house belonging to any political party
becomes disqualified for being a member of the house:

e ifhe voluntarity gives his membership of such political
party.

e if he votes or abstains from voting

b. He/she doesn’t become disqualified if it is expelled by

| the political party from which he/she had been elected

to the house. (statement b is incorrect)"
210,"After the general elections, the Protem

Speaker is",elected by the Lok Sabha,appointed by the President of India,"appointed by the Chief Justice of The
Supreme Court",the senior most member of the Lok Sabha,CDS Pre.  IT,2015.0,b,"Exp) Option b is the correct answer,

« Pro tem is a latin phrase meaning “for the time being”.

* The Protem Speaker is mainly an operating and
temporary Speaker.

« After Every general election, usually a senior most
member of Lok Sabha is appointed by the President as
Protem Speaker

« The Protem Speaker has all the powers of the Speaker
and presides over the first sitting of the newly-elected
Lok Sabha

« His main dutyis to administer oath to the new members,"
211,"Which of the following statement(s) in the
context of structure of the Parliament is/are
correct?

1. The Parliament of India consists of the
President, the Council of States and the
House of People.

2. The President of India is directly elected
by an electoral college consisting of the
elected members of both the Houses of
the Parliament only.

Select the correct answer using the codes

given below:",Only 1,Only 2,Both 1 and 2,Neither 1 nor 2,CDS Pre. (I),2014.0,a,"Exp) Option a is the correct answer.

* As per Article 79, Parliament shall consist of the
President and the two Houses, i.e. House of the People
and Council of States. (Option a is correct)

* The President is indirectly elected by an electoral
college consisting of the elected representatives of the
Parliament of India and the legislative assemblies of
the states of India and the union territories of Delhi
and Puducherry. (Option b is incorrect)"
212,"The Annual Financial Statement of the

Government of India in respect ot each

financial year shall be presented to the

House on such day as the",Speaker may direct,President of India may direct,Parliament may decide,Finance Minister may decide,CDS Pre. (D,2014.0,b,"Exp) Option b is the correct answer.

¢ As per Article 112 of the Indian Constitution, the
President shall in respect of every financial year cause to
be laid before both the Houses of Parliament a statement
of the estimated receipts and expenditure of the
Government of India for that year, in this part referred to
as the ‘Annual Financial Statement’."
213,"The principle of ‘collective responsibility’
under parliamentary democracy implies
that

1. a motion of no-confidence can be moved
in the Council of Ministers as a whole as
well as an individual minister.

2. no person shall be nominated to the
cabinet except on the advice of the Prime
Minister.

3. no person shall be retained as a member
of the Cabinet if the Prime minister says
that he shall be dismissed.

Select the correct answer using the codes

given below:",Only 1,Only 2,Only 3,2 and 3,CDS Pre. (D,2014.0,d,"Exp) Option d is the correct answer.

- A no-confidence motion is a parliamentary motion that
is moved in the Lok Sabha against the entire council
of Ministers (not an individual minister). (option a is
incorrect) ;

« It means that the ministry stays in office so long as it
enjoys confidence of the majority of the members of the
Lok Sabha. ,

« According to Dr Ambedkar, “Collective responsibility
can be achieved only through the instrumentality of the
Prime Minister."
214,"The subject matter of an adjournment
motion in the Parliament

1. must be directly related to the conduct of
the Union Government.

2. may involve failure of the Government of
India to perform its duties in accordance
with the Constitution.

Select the correct answer using the codes

given below",Only 1,Only 2,Both | and 2,Neither 1 nor 2,CDS Pre. (I),2014.0,b,"Exp) Option b is the correct answer.

« It is introduced in the Lok Sabha to draw the attention
of the House to a definite matter of urgent public
importance.

e¢ It involves an element of censure against the
government.

« It can be moved only in Lok Sabha

¢ An adjournment of the house suspends the work in a
sitting for a specified time, which may be hours, days
or weeks.

« The power of adjournment lies with the presiding
officer of the House.

¢ The subject of the motion must have a direct or indirect
relation to the conduct or default on the part of the
Union Government. (option a is incorrect)

Important Tips
Special powers of Rajya Sabha:
a) Legislation on matters of the state list
b) Proclamation of the President rule
c) Creation of All India Services
d) Removal of vice-President.
Special powers of Lok Sabha:
a. To pass a motion of no-confidence against the Council
of Ministers. .
b. Money bills can only be introduced in the Lok Sabha.
¢: In matters about non-financial (ordinary) bills."
215,"Certain Bills cannot be introduced or
proceeded with unless the recommendation
of the President is received.

However, no recommendation is required

in some other cases. In which one of the

following cases such recommendation is
not required? [CDS Pre.2014 YJ","For introduction of Bills and for moving
amendments relating to financial matters.","For introduction of a Bill relating to
formation of new states or of alternation
of areas of existing states","For moving of an amendment making
provision for the reduction or abolition
of any tax","For introduction of a Bill or moving of an
amendment affecting taxation in which
states are interested",,,c,"Exp) Option c is the correct answer.

e« Ordinary Bill can be introduced without the
recommendation of the President of India.

¢ Features of an ordinary bill:

a) It can be introduced either in the Lok Sabha or the Rajya
Sabha.

b) It can be introduced either by a minister or by a private
member,

c) It is introduced without the recommendation of the
President.

d) It can be amended or rejected by the Rajya Sabha.

e) It can be detained by the Rajya Sabha for a maximum
period of six months.

f) It doesn’t require the certification of the speaker,when
transmitted to the Rajya Sabha."
216,"Which one of the following statements
regarding the Departmental Committee of
the Parliament of India on theempowerment

of women is correct? (CDS Pre.2014 I]","The Committee will consist of members
of the Lok Sabha only","A Cabinet Minister can be a member of
the Cominittees","The term of office of the members of the
Committee shall not exceed two years","It reports on the working of welfare
programmes for the women",,,d,"Exp) Option d is the correct answer.

« Departmentally Related Standing Committee (DRSC)
evolved as a Parliamentary innovation in 1993.

« It has evolved as a mini parliament with proportional
representation of all parties.

e There are 24 JJRSCs at present with 31 members each 21
from Lok sabha and 10 from Rajya Sabha.

e The term of office of these committees doesn’t exceed
one year.

e The Parliamentary committces are of two kinds — standing
or permanent committees and ad hoc committees

Important Tips

|

i* The Parliamentary Committee on Empowerment of

| Women was constituted in 1997,

t

| e It has 30 members, 20 from the Lok Sabha & 10 from

: the Rajya Sabha.

| « The mandate of the Committee is to review and monitor the

| measures taken by the Union Government in the direction of

y

| securing for women equality, status and dignity in all matters.

|* The functions of the Committee include, inter-alia,

considering the reports submitted by the National
| Commission for Women (NCW) and to report on

| the measures taken by the Union Government for

| improving the status/condition of women. (statement

! d is incorrect)."
217,"The legislative power of the Parliament
includes making laws

1. On matters not enumerated in the
Concurrent List and State list.

2. In respect of entries in State List if two
or more State Legislatures consider it
desirable

3. For implementing any treaty agreement
or convention with any country even if it
falls in the State List.

Select the correct answer using the codes

given below:",Only 2,l and 2,land 3,All of these,CDS Pre. 1,2014.0,d,"Exp) Option d is the correct answer.

¢ As per Article 248, Parliament has exclusive power to
make any law with respect to matters not enumerated in
the Concurrent List and State List.

* As per Article 252, Parliament has power to legislate
for two or more states by consent and adoption of such
legislation by any other state. .

e Article 253 gives power to Parliament to make any law for
any part of territory of India for implementing any treaty,
agreement or convention with any other country.

Important Tips
e ‘The Parliament is the legislative organ of the Union |
Government.
e Part V of the Constitution from Article 79 te Article |
122 provides provisions for the Parliament.
e Article 79: The Parliament to consist (President + |
council of states + House of people) |
¢ Powers of the Parliament: Legislative Power, Financial |
power, Electoral Functions, Amendment of the |
Constitution, Power over Executive. i"
218,"There are provisions in the Constitution
of India which empower the Parliament to
modify or annul the operation of certain
provisions of the Constitution without
actually amending them. They include

1. any law made under Article 2 (relating
to admission or establishment of new
states).

2. any law made under Article 3 (relating to
formation of new states).

3. amendment of First Schedule and Fourth
Schedule.

Select the correct answer using the codes

given below :",land2,2 and 3,1.2 and 3,None of these,CDS Pre. I,2014.0,a,"Exp) Option a is the correct answer

« Article 4 itself declares that law made for the admission
or establishment of new States under Article 2 and
formation of new States and alteration of area,boundaries
or naines of existing State under Article 3 are not to be
considered as amendments of the Constitution under
Article 368 This means that such laws can be passed by
a simple majority and by the ordinary legislative process

« ‘ke amendment of the Ist and 4th Schedule is related to
the federal structure of the polity with actually amending
the Constitution. Hence, statement 3 is incorrect."
219,"Which of the statements relating to the

Deputy Speaker of the Lok Sabha is/are

correct?

1. The office of the Deputy Speaker acquired
a more prominent position after the
enforcement of the Constitution of India
in 1950.

2. He/She is elected from amongst the
members.

3. He/She holds office until he/she ceases to
be a member of the House.

Select the correct answer using the codes

given below:",Only 1,"l and 2

(c} 1,2 and 3",,2 and 3,CDS Pre. I,2014.0,c,"Exp) Option c is the correct answer.
+ The Deputy Speaker of the Lok Sabha is the vice-
Presiding officer of the Lok Sabha.
¢ He/She is elected from amongst the member Lok Sabha is
the lower house of the Parliament of India
o Deputy speaker acts as the presiding offier in case of
leave or absence of speaker of the Lok Sabha.
« He holds the office till either he ceases to be member of
the Lok Sabha or resigns himself.
Important Tips
* The institutions of Speaker & deputy speaker originated |
in India in 1921 under the provisions of GOI act of |
1919 |
¢ The Speaker is elected by the Lok Sabha from amongst
its members, (Article 93) |
* The date of clection of the Speaker is fixed by the |
President. |
* The date of election of the deputy Speaker is fixed by |
the Speaker. |
e When Lok Sabha is dissolved. Speaker does not vacate
office and continues till the newly elected Lok Sabha |
meets. |
« G.V. Mavalankar & Ananthasayanam Ayyangar
had the distinction of being the first speaker & first
deputy speaker (respectively) of the Lok Sabha."
220,"The Committee on Public Accounts under
the Constitution of India is meant for :

1. The examination of accounts showing
the appropriation of sums granted by
the House for the expenditure of the
Government of India.

2. scrutinising the report of the Comptroller
and Auditor General.

3. suggesting the form in which estimates
shall be presented to the Parliament.

Select the correct answer using the codes
given below:",Only 1,Only 2,l and 2,All of these,CDS Pre. I,2014.0,c,"Exp) Option c is the correct answer.
« Public Accounts is fund accounts for flows for those
transactions where the government is merely acting as
a banker.
e The committee on Public Accounts was first constituted
in 1921 under the act of 1919.
° Itisconstituted by Parliament each year for examination
of accounts. :
« Apart from the reports of the Comptroller and Auditor
General of India on appropriation accounts of the Union
Government, the committee also examines the various audit
reports of Comptroller and Auditor General on revenue
receipts, expenditure by various ministries/ Department of
Government and accounts of autonomousbodies.
Important Tips
e most important financial committee of the Parliament.
e 22 members [15 (LS) + 7 (RS)]
* Term (1 year); No membership of minister; Chairman
appointed by Speaker;
e¢ Chairman from opposition (Convention)
« Functions: Audits the appropriation and Revenue
Account of the CAG. _"
221,"The functions of the committee on estimates,
as incorporated in the Constitution of

India, shall be to

1. report what economies, improvements in
organisation, efficiency or administrative
reform may be effected.

2. suggest alternative policies in order to
bring about efficiency and economy in
administration.

3, examine whether the money is well laid
out within the limits of the policy implied
in the estimates.

4. examine the reports, if any, of the
Comptroller and Auditor General on the
public undertakings.

Select the correct answer using the codes

given below :","1 and2

(b} 2 and 3",,"1,2 and 3",3and4,CDS Pre. I,2014.0,c,"Lo Do

Exp) Option cis the correctanswer, => 7 Ds

« The first estimates committee in the post-independence
was constituted in 1950 on the recommendation of John
Mathai, Finance Minister.

The function of the committee are to ;

* report what economies, improvements in organisation,
efficiency or administrative reform consistent with the
policy underlying estimates can be affected.

¢ suggest the form in which the estimates are to presented
to Parliament.

e suggest alternative policies in order to bring about
efficiency and economy in administration.

* examine whether the money is well laid out within the
limits of the policy implied in the estimates

Important Tips

Estimates Committee

« 30 members (Lok Sabha)

e Members elected by Proportional representation;
Term (1 year); No Membership of minister; Chairman
appointed by Speaker.

¢ Function: Scrutinizes the Estimates Presented in the
Budget"
222,"Which of the following statements are
correct regarding Joint Session of the

Houses of the Parliament in India?

1. It is an enabling provision. empowering
the President to take steps for resolving
deadlock between the two Houses,

2. It is not obligatory upon the President to
summon the Houses to meet in a joint
sitting.

3. It is being notified by the President.

4, It is frequently resorted to establish the
supremacy of the Lok Sabha

Select the correct answer using the codes

given below:

[CDS Pre.2014 IJ

(a} l and 2",,"1, 2 and 3",2 and 3,3and 4,,,b,"Exp) Option b is the correct answer.

« As per Article 108 of Constitution, a Joint session of
Parliament can be summoned in the following situation:

e To resolve deadlock when any house of the Parliament
passes a bill and when the other House rejects this bill, or

¢ The houses do not agree on the amendments made to the
bill, or

e More than six months elapsed with the bill being received
by the other House without it being passed. However, in
calculating the period of six months, those days are not
considered when house is prorogued or adjourned for
more than 4 consecutive days.

« According to the Indian Constitution, there are two
exceptions when a joint sitting cannot be summoned.

¢ They are for the following bills: Money Bill and
constitution amendment bill

¢ The joint sitting of the Parliament is called by the
President and is presided over by the Speaker

e Article 108 has laid down the provisions for calling a
joint sitting it does not establish the supremacy of Lok
Sabha.

¢ Itis not frequently resorted to establish the supremacy of
the Lok sabha. (statement 4 is incorrect)."
