q_no,q_statement,a,b,c,d,exam,year,correct_option,explanation
1,"With reference to Home Guards, consider
the following statements:

1. Home Guards are raised under the Home
Guards Act and Rules of the Central
Government.

2. The role of the Home Guards is to serve
as an auxiliary force to the police in
maintenance of internal security.

3. Topreventinfiltration on the international
border/coastal areas, the Border Wing
Home Guards Battalions have been raised
in some States.

How many of the above statements are

correct?",Only one,Only two,All three,,UPSC CSE Pre,2023,b,"Exp) Option b is the correct answer.

‘Home Guards’ is a voluntary force, first raised in India
in December 1946, to assist the police in controlling civil
disturbance and communal riots,

Statement 1 is incorrect: Home Guards are raised under
the Home Guards Act and Rules of the States/Union
Territories (not central Government). They are recruited
from amongst all classes of people and walks of life, who give
their spare time to the organisation for betterment of the
community.

Statement 2 is correct: The role of Home Guards is to serve as
an auxiliary Force to the Police in maintenance of internal
security situations, help the community in any kind of
emergency such as an air-raid, fire, cyclone, earthquake,
epidemic etc., help in maintenance of essential services,
promote communa! harmony and assist the administration
in protecting weaker sections, participate in socio-economic
and welfare activities and perform Civil Defence duties.
Statement 3 is correct: Fifteen Border Wing Home Guards
(BWHG) Battalions have been raised in the border States
viz. Punjab (6 Bns.), Rajasthan ( 4 Bns.), Gujarat (2 Bus.)
and one each Battalion for Meghalaya, Tripura and West
Bengal to serve as an auxiliary to Border Security Force for
preventing infiltration on the international border/coastal
areas, guarding of VA/VPs and lines of communication in
vulnerable area at the time of external aggression.
Therefore, only two statements are correct."
2,"With reference to India, consider the

following pairs:
of police or military Secrets Act,
uniforms 1923
or otherwise interfering | Evidence Act,
with a police officer or | 1872
military officer when
engaged in their duties
3. Celebratory gunfire

which can endanger (Amendment)
the personal safety of — | Act, 2019
others

How many of the above pairs are correctly

matched?",Only one,Only two,All three,,UPSC CSE Pre,2023,b,"Exp) Option b is the correct answer.

Pair 1 is correctly matched: The Official Secrets Act, 1923
prohibits person from using or wearing, without lawful
authority, any naval, military, air force, police or other
official uniform, or any uniform so nearly resembling the
same as to be calculated to deceive, or falsely represents
himself to be a person who is or has been entitled to use or
wear any such uniform

Pair 2 is incorrectly matched: It is under The Official
Secrets Act, 1923, that no person in the vicinity of any
prohibited place shall obstruct, knowingly mislead or
otherwise interfere with or impede, any police officer, or
any member of 21 [the Armed Forces of the Union] engaged
on guard, sentry, patrol] or other similar duty in relation to
the prohibited place.

Pair 3 is correctly matched: The Arms Act Amendment
of 2019 adds news offences such as forcefully taking a
firearm from police or armed forces and using firearms ina
celebratory gunfire which endangers human life or personal
safety of others."
3,"Consider the following statements in respect
of the National Flag of India according to
the Flag Code of India, 2002:

Statement-I:

One of the standard sizes of the National Flag

of India is 600 mm x 400 mm,

Statement-II:

The ratio of the length to the height (width)

of the Flag shall be 3:2.

Which one of the following is correct in

respect of the above statements?","Both Statement-I and Statement-II are
correct and Statement-II is the correct
explanation for Statement-|","Both Statement-I’ and Statement-II are
correct and Statement-II is not the correct
explanation for Statement-I","Statement-l is correct but Statement-II is
incorrect is incorrect","Statement-l is incorrect Statement-II is
correct",UPSC CSE Pre,2023,d,"Exp) Option d is the correct answer
The use, display and hoisting of the National Flag in the
country is guided by an overarching set of instructions called
the ‘Flag Code of India 2002”. The code brings together all
laws, conventions, practices, and instructions for the display
of the National Flag.
Statement 1 is incorrect: As per the Flag code of India
2002, the National Flag cannot be in the dimension of
600mm*400mm. The code states that the National flag can
be of nine standard dimensions as follows:

1 6300 x 4200
: 2 | 3600 x 2400
| 5 1350 x 900
ee ee te
a: —) 225 x 150
Statement 2 is correct: The National Flag shall be rectangular
in shape and the ratio of the length to the height (width) of
the Flag shall be 3:2. Hence Statement 2 is correct."
4,"With reference to anti-defection law in
India, consider the following statements:



1. The law specifies that a nominated
legislator cannot join any political party
within six months of being appointed to
the House.

2. The law does not provide any time-frame
within which the presiding officer has to
decide a defection case.

Which of the statements given above is/are

correct?",1 only,2 only,Both 1 and 2,Neither 1 nor 2,UPSC CSE Pre.,2022,b,"Exp) Option b is the correct answer.
Statement 1 is incorrect: A nominated member of a House
shall be disqualified for being a member of the House if
he joins any political party after the expiry of six months
from the date on which he takes his seat. Thus he/she is free
to join any political party within six menths and would not
be disqualified for the same.
Statemeni 2 is correct: The law does not specify a
time period for the Presiding Officer to decide on a
disqualification plea undcr the Tenth Schedule."
5,"With reference to the “Tea Board” in India,
consider the following statements:

1. The Tea Board is a statutory body.

2. It is a regulatory body attached to the
Ministry of Agriculture and Farmers
Welfare.

3. ‘The ‘lea Board’s Head Office is situated in
Bengaluru.

4. The Board has overseas office at Dubai
and Moscow.

Which of the statements given above are

correct?",l and 3,2 and 4,3 and 4,1 and 4,UPSC CSE Pre,2022,d,"Exp) Option d is the correct answer.
Statement I is correct: The Tea Board of India is a statutory
body created under the Tea Act, 1953 and il was established
for the purposes of regulaiing the Indian tea industry and
protecting the interests of tea producers in India.
Statement 2 is incorrect: It is functioning as a statutory
body of the Central Government under the Ministry of
Commerce.
Statement 3 is incorrect: Tea Board of India’s Head Office is
situated in Kolkata.

Statement 4 is correct: The Tea Board of India has overseas
offices in Moscow, Dubai, Hamburg, London and New
York. Moscow office. The Moscow office of the Tea Board
of India operates under the Embassy of India, and its area
of activity includes Russia and the CIS countries, which
comprise 50% of Indian tea exports."
6,"Consider the following statements:

1. “Right to the city” is an agreed human
right and the UN-Habitat monitors the
Commitments made by each country in
this regard.

2. “Right to the City” gives every occupant of
the city the right to reclaim public spaces
and public participation in the city.

3. “Right to the City” means that the State
cannot deny any public service or facility
to the unauthorized colonies in the city.

Which of the statements given above is/are

correct?",1 only,3 only,l and 2,2 and 3,UPSC CSE Pre,2021,d,"Exp) Option d is the correct answer.

The “right to the city” is individual and collective right of
all residents of a city/town/village to an equal share of its
benefits and to participate in its development. It is not to be
viewed as a new legalistic right, but merely as an articulation
to consolidate the demand for the realisation of multiple
human rights. It developed as a movement for demand of
basic rights to city dwellers by Global NGO’s.

Statement 1 is Incorrect : Right to the city has developed as
a response of social groups and civil society organizations to
ensure better access to and opportunities for everyone living
in cities, especially the most marginalized and deprived
sections. Social movements and organizations from across
the world worked together to develop a World Charter on
the Right to the City that is also supported by UNESCO and
UN Habitat, among other agencies. Hence UN HABITAT
only supports and doesnot monitor the commitments made
by each country in this regard.

Statements 2 and 3. are correct ; The Right to city
demand is based on basic human rights principles of- non-
discrimination; indivisibility of human rights; gender
equality; progressive realisation; non-retrogression,
subsidiarity; solidarity; and, cooperation. It emphasises
priority attention to persons and groups in situations of
vulnerability, including the homeless/landless, children,
persons with disabilities, religious and sexual minorities,
older persons, informal sector workers, Dalits/members of
Scheduled Castes, indigenous and tribal peoples, persons
from economically weaker sections, single women, and
women-headed households, among others. It also stresses
responsibility and sustainability as core principles.

The concept of the right to the city is a means to combat
the exclusionary development, selective benefit sharing,
marginalisation, and discrimination rampant in cities
today."
7,"Consider the following statements in
respect of Bharat Ratna and Padma Awards:


1, Bharat Ratna and Padma awards are
titles under the Article 18 (1) of the
Constitution of India.

2. Padma Awards, which were instituted in
the year 1954, were suspended only once.

3. The number of Bharat Ratna Awards
is restricted to a maximum of five in a
particular year.

Which of the above statements are not

correct?",1 and 2 only,2 and 3 only,1 and 3 only,"1,2 and 3",UPSC CSE Pre.,2021,d,"Exp) Option d is the correct answer.

Statement 1 is incorrect. National awards such as Bharat
Ratna, Padma Vibhushan, Padma Bhushan and Padma Shri
do not amount to titles within the meaning of Article 18(1)
of the Constitution and thus are not to be used as prefixes or
suffixes to the name of the recipient in any manner.

Article 18(1) abolishes all titles. It prohibits the State to
confer titles on anybody whether a citizen or a non-citizen.
Military and academic distinctions are, however, exempted
from the prohibition. Thus, a university can give title or
honor on a man of merit.

Statement 2 is incorrect. Padma Awards were instituted in
1954 to be awarded to citizens of India in recognition of their
distinguished contribution in various spheres of activity.
The government suspended the practice of granting the
Padma awards for two years in 1977. It was again suspended
during mid-1992 when 2 PILs were filed in the High Courts
of India

They are given in three categories: Padma Vibhushan (for
exceptional and distinguished service), Padma Bhushan
(distinguished service of higher-order) and Padma Shri
(distinguished service).

Statement 3 is incorrect. A maximum of 3 people can be
awarded the Bharat Ratna.

The total number of Padma awards to be conferred each
year is limited to 120. But the count excludes posthumous
awards and any non-resident Indian or Overseas Citizen of
India or foreign-based winners."
8,"Consider the following statements:


1. Aadhaar metadata cannot be stored for
more than three months.

2. State cannot enter into any contract
with private corporations for sharing of
Aadhaar data.

3. Aadhaar is mandatory for obtaining
insurance products.
4. Aadhaar is mandatory for getting benefits
funded out of the Consolidated Fund of
India.
Which of the statements given above is/are
correct?",1 and 4 only,2 and 4 only,3 only,"1, 2 and 3 only",UPSC CSE Pre.,2020,b,"Exp) Option b is the correct answer.

Statement 1 is incorrect. A Constitution Bench of the
Supreme Court ruled that the Aadhaar metadata cannot
be stored beyond six months. The Aadhar Act had allowed
storage of such data for five years.

Statement 2 is correct. Supreme Court has struck down
Section 57 that allowed sharing of data with private
entities. But has allowed the unique number to be used for
government schemes and subsidies.

Statement 3 is incorrect. Aadhaar is not mandatory for
obtaining insurance products. Insurance regulator IRDAI
has advised insurers not to mandatorily seek Aadhaar and
PAN/Form 60 from customers, existing or new, for KYC
(Know Your Customer) purpose. The insurers can accept
Aadhaar as one of the documents for KYC, only when the
same is offered voluntarily by the proposer/policy-holder.
Statement 4 is correct. The amendment made to Section
7 of the Aadhaar (Targeted delivery of financial and other
subsidies, benefits and services) Act 2016, make Aadhar
mandatory for beneficiaries for receipt of a subsidy, benefit
or service for which the expenditure is incurred from the
consolidated fund."
9,"Along with the Budget, the Finance Minister
also places other documents before the
Parliament which include “The Macro
Economic Framework Statement’. The
aforesaid document is presented because
thisis mandated by",Long standing parliamentary convention,"Article 112 and Article 110(1) of the
Constitution of India",Article 113 of the Constitution of India,"Provisions of the Fiscal Responsibility
and Budget Management Act, 2003",UPSC CSE Pre.,2020,d,"Exp) Option d is the correct answer.

The Fiscal Responsibility and Budget Management Act,
2003 mandates that Central Government shall lay in each
financial year before both Houses of Parliament the following
statements (along with the annual financial statement):

(a) the Medium-term Fiscal Policy Statement;

(b) the Fiscal Policy Strategy Statement;

(c) the Macro-economic Framework Statement;

(d) the Medium-term Expenditure Framework Statement.
Macro-economic Framework Statement provides an
overview of the economy containing an assessment regarding
the fiscal balance of the Central Government, Price related
fluctuations, GDP growth rate, and the external sector
balance of the economy."
10,"Onecommon agreement between Gandhism
and Marxism is:",the final goal of a stateless society,class struggle,abolition of private property,economic determinism,UPSC CSE Pre.,2020,a,"Exp) Option a is the correct answer.

One common agreement between Gandhism and Marxism

is the final goal of stateless and classless society, whereas

means to achieve these final goals differ.

For Marx, State is an instrument of oppression and an organ

of the bourgeoisie that only works for maintaining the class

dominance. Therefore, he strives for class struggle and

revolution which will ultimately result in a stateless society.

For Gandhi also, in an ideal state, there is no State. In his

words “political power means capacity to regulate national

life through national representatives. If national life becomes

so perfect as to become self-regulated, no representation

becomes necessary. There is then a state of enlightened

anarchy. In such a state everyone is his own ruler. He rules

himself in such a manner that is never a hindrance to his

neighbour. In the ideal state, therefore, there is no political

power because there is no State.”"
11,"Consider the following statements:

1. The Parliament (Prevention of
Disqualification) Act, 1959 exempts
several posts from disqualification on the
grounds of ‘Office of Profit’
2. The above-mentioned Act was amended
five times.
3. The term ‘Office of Profit’ is well-defined
in the Constitution of India,
Which of the statements given above is/are
correct?",1 and 2 only,3 only,2 and 3 only,"1,2 and 3",UPSC CSE Pre.,2019,a,"Exp) Option a is the correct answer.

Statement 1 is correct. Section 3 of the Parliament

(Prevention of Disqualification) Act, 1959 lists certain

offices of profit under the central and state governments,

which do not disqualify the holders from being an MP. It

exempts posts like:

(i) Ministers of State and Deputy Ministers

(ii) Parliamentary Secretaries and Parliamentary Under
Secretaries,

(iii) Deputy Chief Whips in Parliament,

(iv) Vice-Chancellors of Universities,

(v) Officers in the National Cadet Corps, and the Territorial
Army, and

(vi) the Chairman and members of Advisory Committees set
up by the Government when they are not entitled to any
fee or remuneration other than compensatory Etc.

Statement 2 is correct. The Parliament (Prevention of

Disqualification) Act, 1959 has been amended 5 times since

its formulation (in 1960, 1992, 1993, 2006 and 2013).

Statement 3 is incorrect. Article 102 of the Constitution of

India provides that a person shall be disqualified from his

membership of parliament if he holds any office of profit

under the Government of India or the Government of any

State. However, the ‘Office of Profit’ is not defined in the

Constitution of India."
12,"For election to the Lok Sabha, a nomination
paper can be filed by:",anyone residing in India.,"a resident of the constituency from which
the clection is to be contested.","any citizen of India whose name appears
in the electoral roll of a constituency.",any citizen of India.,UPSC CSE Pre.,2017,c,"Exp) Option c is the correct answer.

According to section 4 (d) of the Representation of People

Act, 1951, for election to Lok Sabha, a nomination paper

can be filed by any citizen whose name appears in the

electoral rolls of any parliamentary constituency.

The Constitution lays down the following qualifications for a

person to be chosen a member of the Parliament:

1) He must be a citizen of India.

2) He must make and subscribe to an oath or affirmation
before the person authorised by the election commission
for this purpose. In his oath or affirmation, he swears

(a) To bear true faith and allegiance to the Constitution of
India

(b) To uphold the sovereignty and integrity of India

3) He must be not less than 30 years of age in the case of the
Rajya Sabha and not less than 25 years of age in the case
of the Lok Sabha.

4) He must possess other qualifications prescribed by
Parliament.

The Parliament has laid down the following additional

qualifications in the Representation of People Act (1951).

1) He must be registered as an elector for a parliamentary
constituency, This is same in the case of both, the Rajya
Sabha and the Lok Sabha.

2) He must be a member of a scheduled caste or scheduled
tribe in any state or union territory, if he wants to
contest a seat reserved for them. However, a member of
scheduled castes or scheduled tribes can also contest a
seat not reserved for them."
13,"Consider the following statements:


1. The Election Commission of India is a
five-member body.

2. Union Ministry of Home Affairs decides
the election schedule for the conduct of
both general elections and bye-elections.

3. Election Commission resolves the
disputes relating to splits/mergers of
recognized political parties.

Which of the statements given above is/are

correct?",1 and 2 only,2 only,2 and 3 only,3 only,UPSC CSE Pre.,2017,d,"Exp) Option d is the correct answer.
Statement | is incorrect. Election Commission consists of a
Chief Election Commissioner and such number of Election
Commissioners as the President may deem it necessary
subject to the law made by Parliament in this regard.
Currently, it consists of Chief Election Commissioner and
two Election Commissioners.
Statement 2 is incorrect, Election Commission (not Ministry
of Home Affairs) decides election schedule for the conduct
of both general elections and bye-elections.
Statement 3 is correct. Election Commission resolves the
disputes relating to splits/mergers of recognized political
parties."
14,"The National Green Tribunal Act, 2010 was
enacted in consonance with which of the
following provisions of the Constitution of

India? 

1. Right to healthy environment, construed
as a part of Right to life under Article 21

2. Provision of grants for raising the level
of administration in the Scheduled Areas
for the welfare of Scheduled Tribes under
Article 275(1)

3. Powers and functions of Gram Sabha as
mentioned under Article 243(A)

Select the correct answer using the codes

given below:",1 only,2 and 3 only,1 and 3 only,"1,2 and 3",UPSC CSE Pre.,2012,a,"Exp) Option a is the correct answer.
The National Green Tribunal Act, 2010 was enacted to
create the National Green Tribunal for the facilitation of the
judicial administration.
The National Green Tribunal Act, 2010 specifically aims
at the creation of a National Green Tribunal which would
help in the reduction of the burden of cases from the higher
judiciary and effectively and efficiently dispose of issues
relating to the environment, including basic rights of the
individual for free and safe environment, protection of the
flora and fauna, etc.

This act was created in consonance with the necd to effectively

manage and divert the increasing chunk of pending cases

from the other organs of the judiciary. This tribunal was also
created so that the basic right of the individuals to a safe
environment can be safeguarded as part of Article 21 of the

Constitution. As the aims of the National Green Tribunal

suggest, there is a huge importance attached to Article 21 of

Constitution concerning environmental matters.

The Act was not enacted in consonance with the provisions
of grants for raising the level of administration in the
Scheduled Areas for the welfare of Scheduled Tribes under
Article 275(1) and powers and functions of Gram Sabha as
mentioned under Article 243(A)"
15,"Consider the following statements:


1. Union Territories are not represented in
the Rajya Sabha.

2. It is within the purview of the Chief
Election Commissioner to adjudicate the
election disputes. .

3. According to the Constitution of India,
the Parliament consists of the Lok Sabha
and the Rajya Sabha only.

Which of the statements given above is/are

correct?",1 only,2 and 3 only,3 only,,UPSC CSE Pre.,2012,d,"Exp) Option d is the correct answer.

Statement 1 is incorrect. Union Territories does have
representation in the Rajya Sabha. Although, out of the
nine union territories, only three (Delhi, Puducherry and
Jammu & Kashmir) have representation in Rajya Sabha. The
populations of other six union territories are too small to
have any representative in the Rajya Sabha. The maximum
membership of Rajya Sabha as laid down in the Constitution
is 250. The present strength, however, is 245 members of
whom 233 are representatives of the States and Union
territories and 12 are nominated by the President. The
allocation of seats to be filled by representatives of the States
and Union territories as presently laid down in the Fourth
Schedule.

Statement 2 is incorrect. Chief Election Commissioner
does not adjudicate the election disputes. Special Election
Tribunals are to be constituted at the regional level under
Article 329B of the Constitution to ensure speedy disposal
of election petitions and disputes within a stipulated period
of six months.

However, currently no such tribunal has been established by
the parliament. So, at present, election petitions are filed in
the High Court of the particular state in which the election
was conducted.

Statement 3 is incorrect. According to the Constitution,
Parliament consists of the President and the two Houses—
Rajya Sabha and Lok Sabha."
16,"With reference to the Delimitation
Commission, consider the following
statements: 
1. The orders of the Delimitation

Commission cannot be challenged in a
Court of Law.

2. When the orders of the Delimitation
Commission are laid before the Lok Sabha
or State Legislative Assembly, they cannot
effect any modifications in the orders.

Which of the statements given above is/are

correct?",1 only,2 only,Both 1 and 2,Neither 1 nor 2,UPSC CSE Pre.,2012,c,"Exp) Option c is the correct answer.

The Delimitation Commission or Boundary Commission of
India is a commission established by the Government of India
under the provisions of the Delimitation Commission Act.
The main task of the commission is redrawing the boundaries
of the various assembly and Lok Sabha constituencies based
on a recent census. The representation from each State is not
changed during this exercise. However, the number of SC
and ST seats in a state are changed in accordance with the
census.

Both Statements 1 and 2 are correct. The Commission is
a powerful and independent body whose orders cannot be
challenged in a court of law. The orders are laid before the
Lok Sabha and the respective State Legislative Assemblies.
However, modifications are not permitted."
17,"Consider the following statements:



1. Central Administrative Tribunal (CAT)
was set up during the Prime Ministership
of Lal Bahadur Shastri.

2. The Members of CAT are drawn from °
both judicial and administrative streams.

Which of the statements given above is/are

correct?",1 only,2 only,Both I and 2,Neither 1 nor 2,UPSC CSE Pre.,2011,b,"Exp) Option b is the correct answer.

Statement 1 is incorrect. The Central Administrative
Tribunal (CAT) has been established for adjudication of
disputes with respect to recruitment and conditions of
service of persons appointed to public services and posts

in connection with the affairs of the Union or other local
authorities within the territory of India or under the control
of Government of India. CAT was set up in 1985 during
Rajiv Gandhi’s tenure. This was done in pursuance of the
amendment of Constitution of India by Articles 323A.
Statement 2 is correct. The Chairman of CAT who has been
a sitting or retired Judge of a High Court heads the Central
Administrative Tribunal. At present, there are 66 Hon'ble
Members in various Benches of the Tribunal out of which 33
are Judicial Members, including the Hon’ble Chairman and
33 are Administrative Members. Subject to other provisions
of the Act, a Bench consists of one Judicial Member and one
Administrative Member."
18,"Consider the following statements:

1. The Commonwealth has no charter,
treaty or constitution.

2. All the territories/countries once under
the British Empire (jurisdiction/rule/
mandate) automatically joined the
Commonwealth as its members.

Which of the statements given above is/are

correct?",1 only,2 only,Both 1 and 2,Neither 1 nor 2,UPSC CSE Pre,2010,a,"Exp) Option a is the correct answer
Statement I is correct: The Commonwealth is a voluntary
association of member States and has no charter, treaty or
constitution,
Statement 2 is incorrect: For becoming a member of the
Commonwealth, a country needs to apply for its membership.
Further, not all the former British colonies are the member
of Commonwealth like the USA."
19,"Which Article of the Constitution provides
that every state shall endeavour to providean
adequate facility for instruction in mother-
tongue at primary stage of education?",Article 349,Article 350,Article 350-A,Article 351,UPSC CSE Pre,2001,c,".
Exp) Option c is the correct answer
Article 350A facilitates instruction in the mother tongue at
primary stage of education. The article 350A says that it shall
be the endeavor of every State and of every local authority
within the State to provide adequate facilities for instruction
in the mother tongue at the primary stage of education to
children belonging to linguistic minority groups. It also says
that the President may issue such directions to any State as
he considers necessary or proper for securing the provision
of such facilities.

Important Tips

Some important articles of the Indian Constitution are

following:

e Article 343 - Official Languages of the Union.

« Article 345 - Official Languages or languages of states.

e Article 348 - Languages to be used in the Supreme

court and in the High Courts.
« Article 351 - Directive for the Development of the
Hindi language _"
20,"Given below are two statements, one
labelled as Assertion (A) and the other
labelled as Reason (R):

Assertion (A): The reservation of thirty-three
percent of seats for women in Parliament
and State Legislature docs not require a
Constitutional amendment.
Reason (R): Political parties contesting
elections can allocate thirty-three percent
of scats they contest to women candidates
without any Constitutional amendment.
In the context of the above two statements
which one of the following is correct?","Both (A) and (R) are true, and (R) is the
correct explanation of (A).","Both (A) and (R) are true, but (R) is nota
correct explanation of (A).","(A) is true but, (R) is false.","(A) is false hut, (R) is true.",UPSC CSE Pre,1997,d,"Exp) Option d is the correct answer.
Assertion (A) is false- The reservation of 33% seats for
women in Parliament and State Legislature requires a
constitutional amendment. This is because the Constitution
of India does not explicitly provide for reservation of seats for
women. The Constitution (108th Amendment) Bill, 2008
proposes to reserve one-third of all seats in the Lok Sabha
and state legislative assemblies for women. The allocation of
reserved seats will be determined by an authority prescribed
by Parliament.

Reason (R) is true- Political parties can allocate 33% of seats
they contest to women candidates without any constitutional
amendment. However, this docs not mean that women will be
guaranteed 33% of seats in Parliament and State Legislature.
This is because the number of seats that women actually win
will depend on the number of women candidates that are
fielded by political parties and the number of votes that they
win."
21,"Which one of the following is not a principle
of Panchsheel?",Non-alignment,Peaceful Co-existence,"Mutual respect for cach other’s territorial

integrity and sovereignty","Mutual non-interference in each other’s
internal affairs",UPSC CSE Pre,1997,a,"Exp) Option a is the correct answer
The Panchsheel Agrcement is a pact of “Five Principles
of Peaceful Coexistence”. The first formal declaration of
these concepts was an Agreement on Trade and Commerce
between India and China’s Tibet region, signed on 29th
April 1954. It includes principles of mutual respect for
territorial integrity, non-aggression, non-interference in
internal affairs, equality & mutual benefit, and peaceful
coexistence. Non-alignment, a distinct policy, involves
maintaining neutrality without aligning with major power
blocs during the Cold War cra and is not part of Panchsheel.
Important Tips |
* The 5 principles were emphasized by Prime Minister
Jawaharlal Nehru and Premier Zhou Enlai in a
broadcast speech made at the time of Asian Prime
Ministers Conference in Colombo, Sri Lanka after
signing the Sino-Indian Agreement in Beijing, 1954.
e The five principles were subsequently modified in a
form of a statement of ten principles issued in April
1955 at the historic Asian-African Conference in
Bandung, Indonesia.
¢ The conference itself would lead to the foundation of
the Non-Aligned Movement which gave shape to the
idea that the post-colonial nations had something to
offer to the bipolar world of the Cold War."
22,"Match list-1 with list-IJ and select the
correct answer using the codes given below
the lists:

Fupictionaries)y (affirmations) @ 85 ¥
A. President of
India Information
B. Judges of 2. Faithful discharge of
Supreme | Duties
Court |
C. Members of | 3. Faith and Allegiance |
Parliament to the Constitution |
of India |
D. Ministers for | 4. Upholding the |
the Union sanctity of the |
| Constitution and |
_ Law
Code: 
A B C D",3 4 1 2,4 3 2 1,3 4 2 1,4 3 1 2,UPSC CSE Pre,1997,c,"Exp) Option c is the correct answer
A. President of India: 3. Faith and Allegiance to the
Constitution of India
B. Judges of Supreme Court: 4. Upholding the sanctity of
the Constitution and Law
C. Members of Parliament: 2. Faithful discharge of Duties
D. Ministers for the Union: 1. Secrecy of Information"
23,"Given below are two statements, one

labelled as Assertion (A) and the other
labelled as Reason (R):
Assertion (A): In India, the political parties
which formed the governments represented
the majority of seats secured in the elections
to the House of the People at the Centre and
the Legislative Assemblies in the States but
not the majority of votes.

Reason (R): The result of clections based on

the majority-vote-system is decided on the

basis of the relative majority of votes secured.

In the context of the above two statements

which one of the following is correct?","Both (A) and (R) are true, and (R) is the
correct explanation of (A).","Both (A) and (R) are true, but (R) is nota
correct explanation of (A).","(A) is true but, (R) is false.","(A) is false but, (R) is true.",UPSC CSE Pre,1994,a,"Exp) Option a is the correct answer.
Assertion (A) is true- In India, the political parties that form
the government do not always have the majority of votes.
For example, in the 2014 Lok Sabha elections, the Bharatiya
Janata Party (BJP) won 282 seats, which was only 31.1% of
the total votes cast. However, the BJP was able to form the
government because it had the most seats.
Reason (R) is true and (R) is the correct explanation of
(A)- The majority-vote-system is a system where the party

with the most votes wins. However, this does not mean that
the party with the most votes will also have the majority of
seats, This is because the number of seats a party wins is
based on the number of votes it wins in each constituency.
So, it is possible for a party to win the most votes overall, but
not have the majority of seats."
24,"According to the United Nations Charter
which of the following statements is not
true regarding exercise of veto power in the
Security Council?","For the Security Council decision on

every procedural matter there should
be 9 affirmative votes of its members
including the 5 votes of five permanent
members.","Every permanent member of the Security
Council may by use of Veto Power,
withhold acceptance on any decision.","The word ‘Veto’ has been used under
Article 27 of the UN Charter so that any
permanent member may stop a resolution
going to be passed with a majority.","Any member of the Security Council may
use Veto Power to stop a resolution going
to be passed with a majority.",UPSC CSE Pre,1994,d,"Exp) Option d is the correct answer
The veto power is only available to the five permanent
members of the UN Security Council. Any other member of
the Security Council cannot use veto power.
Ades | Other. Examination//: Previous)’ Years’
es an Questions ”* ESE as EPEIDGY BAER Ose"
25,"With reference to the National Calendar,
which of the statements is/are correct?

1. The National Calendar of India is based
on Vikram Era.

2. The National Calendar is adopted from
January 26, 1950.

Select the correct answer using the codes

given below:",1 only,2 only,Both 1 and 2,Neither 1 nor 2,U.P.P.C.S. (Pre),2019,d,"Exp) Option d is the correct answer
The national calendar based on the Saka Era, with Chaitra
as its first month and a normal year of 365 days was adopted
from 22 March 1957 along with the Gregorian calendar for
the official purposes:
; Important Tips
e The Vikrama era (57 BC) is said in the Jain book |
Kalakacaryakatha to have been founded after a victory
of King Vikramaditya over the Saka. |
¢ The Saka era was started by Kanishka] from 78 CE.
| ¢ The Hijri year started from 622 AD."
26,"Which one of the following is correct
about the languages mentioned in the
Constitution of India?","State can compel the linguistic minorities
to choose their mother tongue as a
medium of instruction in primary
schools.","‘Angika’ is now included in the 8th
Schedule of the Constitution.",Hindi is National language of India.,"Bodo is a recognized language in the 8th
Schedule of the Constitution.",U.P.P.C.S. (Mains),2016,d,"Exp) Option d is the correct answer
The Eighth Schedule of the Indian Constitution includes 22
languages. Originally, it had 14 languages but presently there
are 22 languages. The 22 languages are (1) Assamese, (2)
Bengali, (3) Gujarati, (4) Hindi, (5) Kannada, (6) Kashmiri,
(7) Urdu (8) Malayalam, (9) ‘Telugu, (10) Marathi, (11)
Taimil,(12) Oriya, (13) Punjabi, (14) Sanskrit, (15) Sindhi,
(16) Nepali(17) Manipuri, (18) Konkani,(19) Bodo, (20)
Santhali, (21) Maithili and (22) Dogri.
oe
Important Tips 1
Eighth Schedule: |
« The Eighth Schedule to the Constitution of India lists |
the official languages of India. The Eighth Schedule }
recognises a total of 22 languages.
« However, it can be noted that there are no fixed criteria
for any language to be considered for inclusion in the
Highth Schedule. |
* Part XVII of the Indian constitution deals with the o
fficial languages in Articles 343 to 351.
¢ The Constitutional provisions relating to the Eighth |
Schedule occur in Articles 344(1) and 351 of the
Constitution. |"
27,"Study the following statements and select
the correct answer from the code given
below:

Assertion (A): India has a _ written

Constitution.

Reason (R): Growth of strong regional parties

is an indicator of regional aspirations.

Code:","Both (A) and (R) are true, and (R) is the
correct explanation of (A).","Both (A) and (R) are true, but (R) is not
the correct explanation of (A).","(A) is true, but (R) is false.","(A) is false, but (R) is true.",U.P.P.C.S. (Pre) (Re-Exam),2015,b,":
Exp) Option b is the correct answer.
Assertion (A) is true- India does have a written constitution.
The Constitution of India was adopted on 26 January 1950,
and it is the supreme law of the land.
Reason (R) is true, but (R) is not the correct explanation
of (A)- The growth of strong regional parties is an indicator
of regional aspirations. This means that people in different
regions of India have different needs and interests, and they
want to be represented by political parties that will fight for
their interests. However, The fact that India has a written
constitution does not necessarily mean that there will be
strong regional parties. There are many other factors that
can contribute to the growth of regional parties, such as
economic inequality, linguistic diversity, and historical
factors,"
28,"The Indian Foreign Policy of Non-
Alignment was initiated by-",Jawaharlal Nehru,Mrs. Indira Gandhi,Lal Bahadur Shastri,Morarji Desai,U.P.P.C.S. (Mains),2014,a,"Exp) Option a is the correct answer

The policy of non-alignment was first articulated by

Jawaharlal Nehru, India’s first Prime Minister, in the early

years of India’s independence. Nehru believed that India

should not align itself with cither the Western bloc or the

Eastern bloc, but should instead pursue an independent

foreign policy based on the principles of peace,

cooperation, and non-violence."
29,"Which of the following is a reason of
emergence of regionalism in India?",Uneven development,Fear of losing cultural identity,Political prominence,All of the above,U.P.P.C.S. Spl (Mains),2008,d,"Exp) Option d is the correct answer

Causes of regionalism in India:

e Uneven development: Disparities in economic, social,
and infrastructure development between regions lead to
resentment and frustration.

+ Fear of losing cultural identity: Globalization and
homogenization create a fear of losing diverse cultural
identity, sparking regionalism to protect it.

¢ Political prominence: Rise of regional parties in
Indian politics empowers leaders to advocate for their
constituents’ concerns and demand more resources for
their regions."
30,"Consider the following statements:

1. The design of the National Flag was
adopted by the Constituent Assembly of
India on 22"" July, 1947
2. The wheel in National Flag has 21 spokes
3. The ratio of the width of the National
Flag to its length is 3: 4
Which of the above statements is/are correct?",l and 2,1 only,2 and 3,2 only,U.P.P.C.S. (Mains),2004,b,"Exp) Option b is the correct answer

The National Flag of India “Tiranga” i-e., having three colors

in a rectangular shape. Saffron in the top, White with Navy

blue wheel having 24 spokes in Center and Green in the
bottom. It was adopted by the Constituent Assembly on

22 July 1947 and became official National Flag when India

became Republic. The ratio of the width of the National Flag

to its length is 2: 3.

Important Tips
¢ The top saffron colour indicates the strength and
courage of the country.
¢ The white middle band indicates peace and truth with
Dharma Chakra.
« The green shows the fertility, growth and auspiciousness
of the land."
31,"Which is the correct chronological order of
the following?
1. Shimla Agreement
2. Indo-Soviet Treaty
3. Farakka Accord
4, Tashkent Agreement
Select the correct answer using the code given
below:","4,2, 1,3","3,2,1,4","2, 3,4, 1","1,2, 3,4",U.P.P.C.S. (Mains),2002,a,"Exp) Option a is the correct answer

« Tashkent Agreement (1966): India-Pakistan accord after
the 1965 war, called for a ceasefire and troop withdrawal
from the border.

« Indo-Soviet Treaty (1971): Friendship and cooperation
treaty with the Soviet Union.

+ Shimla Agreement (1972): India-Pakistan pact after the
Bangladesh Liberation War, establishing the LOC and
promoting peaceful dispute resolution.

¢ Farakka Accord (1977): India-Bangladesh agreement aimed to
resolve the water-sharing dispute related to the Ganges River."
32,Meaning of Extra-Constitutional Right-,"That power which violates the limits of
Constitution.","A person who has got exceptional powers
under the Constitution.","That power which is not in accordance
with the provisions of the Constitution,","That official who has all the powers of
the State during the proclamation of
emergency.",U.P. P.C.S. (Pre),2002,c,"Exp) Option c is the correct answer

Extra-constitutional right refers to a power that is not

explicitly granted by the constitution. Such powers may be

derived from custom, tradition, or other sources of law."
33,"Under Article 344 of Indian Constitution,
the first ‘Official Language Commission
was established-","In 1950 under the Chairmanship of K.M.
Munshi","In 1955 Under the Chairmanship of B.G.
Kher","In 1960 under the Chairmanship of M.C.
Chagala","In 1965 under the Chairmanship of
Humayun Kabir",U.P.P.C.S. (Pre),1998,b,"Exp) Option b is the correct answer

Part XVII of the Constitution deals with the official

language in Articles 343 to 351. The first Official Language

Commission was formed in 1955 under the chairmanship

of B.G. Kher. The commission submitted its report to the

President in 1956. The report was examined by a committee

of Parliament constituted in 1957 under the chairmanship of

Gobind Ballabh Pant.

Important Tips

« Article 344(1) provides for the constitution of a
Commission by the President on expiration of five
years from the commencement of the Constitution
and thereafter at the expiration of ten years from such
commencement. This commission shall consist of a
Chairman and such other members representing the
different languages specified in the Fighth Schedule
to make recommendations to the President for the
progressive use of Hindi for official purposes of the
Union.

« The Official Language Commission (as envisaged by
the Constitution) was not appointed in 1960."
34,Inner-Party Democracy stands for-,"A Government formed by several parties
with a common programme","Party closest to the party or parties
forming the Government","Periodical elections within the party to
elect the office bearers of the party","Secrets of Government are shared by
parties in power","U.P, Lower Sub. (Spl) (Pre)",2004,c,"Exp) Option c is the correct answer.

Inner-party democracy is a system of governance within

a political party that allows for the participation of its

members in the decision-making process. This includes the
right to elect party leaders, to participate in party debates,
and to hold the party leadership accountable. Periodical
elections within the party to elect the office bearers of the
party is one of the key features of inner-party democracy.
This ensures that the party leadership is accountable to the
party members and that the party is responsive to the needs
of the people."
35,The Press Council of India is a-,Statutory Body,Statutory Quasi-judicial Body,Judicial Body,Advisory Body,U.P. Lower Sub. (Spl) (Pre),2004,b,"Exp) Option b is the correct answer
The Press Council of India (PCI) is a statutory body
established under the Press Council Act, 1978, serving as a
self-regulatory body for India’s print media. It investigates
complaints, issues directions for corrections and apologies,
and recommends actions against journalists. Though not
a judicial body, it holds quasi-judicial powers, conducting
hearings and issuing legally enforceable orders."
36,"When the Hindi version of National
Anthem Jana-Gana-Mana was adopted by
the Constitution Assembly of India?","26 November, 1949","24 January, 1950","17 November, 1947","9 December, 1946",Uttarakhand PCS (Pre),2021,b,"Exp) Option b is the correct answer, ,
The National Anthem of India Jana-gana-mana, composed
originally in Bengali by Rabindranath Tagore, was adopted
in its Hindi version by the Constituent Assembly as the
National Anthem of India on 24 January 1950.
Important Tips
National Anthem:
° lt was first sung on 27 December 1911 at the Kolkata
Session of the Indian National Congress.
e Rabindranath Tagore had published it in “latvabodhin?’
in 1912 with the title “Bharat Bhagya Vidhata’ and
_ translated it into English in 1919 with the title ‘Morning
song of India.
¢ The credit of composing the present tune (music)
of our national anthem goes to Captain Ram Singh |
Thakur (an I.N.A. sepoy). |"
37,"Who was the Prime Minister of India
when the basic principle of India’s Nuclear
Doctrine of ‘No First Use’ was adopted?",I.K. Gujaral,Atal Bihari Vajpayee,Manmohan Singh,Indira Gandhi,"Uttarakhand P.C.S, (Pre)",2021,b,"Exp) Option b is the correct answer
The ‘No First Use’ policy means that India will not be the first
to use nuclear weapons in any conflict or war. This policy was
officially declared by India in 1999 under the leadership
of Prime Minister Atal Bihari Vajpayee. It reflects India’s
commitment to using nuclear weapons solely as a deterrent
against aggression and not for initiating hostilities."
38,"Who recognizes the political parties in
India?",President of India,Election Commission of India,Ministry of Law and Justice,Speaker of Lok Sabha,Uttarakhand P.C.S. (Pre),2016,b,"Exp) Option b is the correct answer.
The Election Commission of India (ECT) is an autonomous
constitutional body responsible for conducting elections to
the Lok Sabha, Rajya Sabha, state legislative assemblies,
and local bodies in India. The ECI recognizes political
parties in India based on certain objective criteria.

Important Tips

As per the ECI’s Political Parties and Election Symbols,

2019 handbook, a political party can be recognized as a

national party if it meets any of the following conditions:

¢ It is recognized in four or more states.

e Its candidates have secured at least 6% of the total
valid votes in a minimum of 4 states during the latest
Lok Sabha or Assembly elections, and the party has at
least 4 Members of Parliament (MPs) from the last
Lok Sabha polls.

« It has won at least 2% of the total seats in the Lok
Sabha from a minimum of 3 states.

+ Currently, Seven Political Parties in India are
recognized as National Party by the Election
Commission of India"
39,"What does the wheel on the ‘Indian National
Flag’ symbolize?",Freedom,Justice,Equality,Brotherhood,Uttarakhand P.C.S. (Pre),2005,b,"Exp) Option b is the correct answer

The wheel at the centre of our National Flag is known as
Ashoka Chakra. Our National Flag was composed by Pingali
Venkayya. The blue colour denotes the colour of the sky and
ocean. The wheel in the national flag represent Motion.
This wheel is also known as wheel of the law of dharma/
Justice. Truth or satya, dharma or virtue ought to be the
controlling principle of those who work under this flag."
40,"With reference to the UN peacekeeping
operations, consider the following
statements:

1, UN peacekeepers can use force only for
their self-defense,

2. Peacekeeping operations can only be
withdrawn by a resolution by the UN
Security Council.

3. USA is the largest budget contributor to
the UN peacekeeping operations.

Which of the statements given above is/are

correct?",1 and 2 only,2 and 3 only,3 only,"1,2 and 3","67th BB.S.C. (Pre) (Re-Exam),",2022,b,"Exp) Option b is the correct answer

Statement 1 is incorrect: UN peacekeepers are not only
authorized to use force in self-defense or in defense of
the mandate given to them by the UNSC, but in certain
volatile situations, the UNSC has given UN peacekeeping
operations “robust” mandates authorizing them to “use all
necessary means” to deter forceful attempts to disrupt the
political process, protect civilians under imminent threat
of physical attack, and/or assist the national authorities in
maintaining law and order.

Statement 2 is correct: The Security Council is responsible
for authorizing and overseeing peacekeeping missions, and
its decisions determine the continuation or termination of
such operations.

Statement 3 is correct: The USA is the largest budget
contributor to UN peacekeeping operations, providing the
highest percentage (28% in 2021) of assessed contributions
among all member states."
41,"Who was among the following to receive the
first Bharat Ratna?",Rajendra Prasad,Jawahar Lal Nehru,Lal Bahadur Shastri,S. Radhakrishnan,"66th B.B.S.C. (Pre) (Re-Exam),",2020,d,"Exp) Option d is the correct answer

The Bharat Ratna is the highest civilian award of the Republic of
India. Instituted on 2 January 1954, the award is conferred in
recognition of “exceptional service/performance of the highest
order’, without distinction of race, occupation, position, or sex.
The First Recipient of the Bharat Ratna was Dr. Sarvepalli
Radhakrishnan, who received this esteemed award in 1954 for his
distinguished services as a philosopher, statesman, and academic.

Important Tips \

Additional facts on Bharat Ratna Awards

« On the Prime Minister's suggestion to the President of

India, a maximum of three Bharat Ratna awards can be
presented each year.

+ The recipient of the award receives a Sanad (certificate)
signed by the President as well as a medallion. The
prize does not come with a monetary grant.

* The awardees are not allowed to use Bharat Ratna as
a prefix or suffix to their names, as stated in Article
18(1) of the Indian Constitution.

« There is no formal requirement that the Bharat Ratna
be granted solely to Indian nationals. This prestigious
prize was given to a naturalized Indian citizen, Agnes
Gonxha Bojaxhiu, popularly known as Mother Teresa
(1980), as well as non-Indians, Khan Abdul Ghaffar |

| Khan (1987) and Nelson Mandela (1990). |

|e Posthumous honours were not permitted under the |

| 1954 legislation, but this was changed in the January
1955 act, and La} Bahadur Shastri became the first
winner to be honoured posthumously in 1966."
42,"Consider the following statements about
Electoral Bond Scheme 2018:

A. The aim of this scheme is to bring about
transparency in the funding process of
political parties.

B. Only the political parties recognized by
the Election Commission which secured
not less than two percent of the votes
polled in the last general election to
the House of People or the Legislative
Assembly of the State shall be eligible to
receive the Electoral Bonds.

C. Electoral Bonds shall be valid for fifteen
calendar days from the date of issue.

D. The Electoral Bond deposited by an
eligible political party in its account shall
be credited on the same day.

Which of the above statements are correct?",Only A and B,"A, B, C and D","Only B, C and D","Only A, C and D","R.A.S./R.T.S, (Pre)",2018,b,"Exp) Option b is the correct answer.

Statement A is correct- The Electoral Bond Scheme was

introduced by the Government of India in 2018. The aim of

the scheme is to bring about transparency in the funding

process of political parties.

Statement B is correct- Only political parties recognized by

the Election Commission which secured not less than two

percent of the votes polled in the last general election to the

House of People or the Legislative Assembly of the State shall

be eligible to receive the Electoral Bonds.

Statement C is correct- The scheme allows individuals and

companies to donate money to political parties through

Electoral Bonds. Electoral Bonds are bonds that are issued

by the government and can be purchased by individuals and

companies. The bonds are valid for fifteen calendar days

from the date of issue.

Statement D is correct- The Electoral Bond deposited by an

eligible political party in its account shall be credited on the

same day. :"
43,"Who has authored ‘Gandhian Constitution
for Free India?",Aruna Asaf Ali,Achyut Patwardhan,Shriman Narayan Agarwal,Humayun Kabir,R.A.S./R.T.S. (Pre),2018,c,"Exp) Option c is the correct answer

The Gandhian Constitution for Free India was a draft

constitution that was prepared by Shriman Narayan

Agarwal in the early 1940s. The constitution was based on

the principles of Gandhian economics and social justice. It

was never adopted by the Indian government, but it remains

an important document in the history of Indian political

thought."
44,"The powers of District Collector as a
District Magistrate are:

A. To maintain law and order

B. Control over police

C. To check passports of foreigners

D. To control land revenue

Select the correct answer using the code given

below:","A, C,D","A, B,D","A,B,C","B,C, D",R.A.S./R.T.S. (Pre),2016,c,".

Exp) Option c is the correct answer

The District Magistrate is a judicial officer, while the District
Collector is an executive officer. In the role of a magistrate
DC has the powers to maintain law and order, control the
police, and check the passports of foreigners. He/she also has
the power to control land revenue, but this is under the role
of Collector, not as the Magistrate.
Important Tips
Other functions of DC as a Magistrate:
| ¢ As District Magistrate, the powers and responsibilities
| include issuance of adoption orders under the Juvenile
Justice Act, granting arms and ammunition licenses,
and cinema licenses, all subject to appeal to divisional
commissioners.

« They conduct criminal courts as an executive
magistrate, and supervise subordinate executive
magistracy.

« Additionally, they handle cases under the preventive
section of the Criminal Procedure Code, oversee jails, |
and certify capital sentence executions. |

« Their duties involve inspecting police stations,
prisons, and juvenile homes, authorizing parole orders,
preparing panels for appointing public prosecutors,
and managing crises during riots, and issues related to
child labor and bonded labor."
45,"What is true about gallantry award ‘Param
Vir Chakra’?","This award can be given to an individual
only once in his/her lifetime","On its medal, four replicas of “Indra Vajra’
are embossed","Till 31st December 2021, 25 people have
been awarded with Param Vir Chakra",This award was instituted on 26th January 1952,Chhattisgarh P.C.S. (Pre),2021,b,"Exp) Option b is the correct answer

The Param Vir Chakra, highest gallantry award in India,

features a circular bronze disc 35 millimetres in diameter.

The obverse side displays the National Emblem of India

at the center, surrounded by four copies of the vajra, the

weapon of Indra, the ancient Vedic king of the gods. This

motif symbolizes the sacrifice of Rishi Dadhichi, who gave

his bones to make the vajra to kill the demon Vritra.
Important Tips

Gallantry Awards in India: |

« Param Vir Chakra is the highest wartime award or
exceptional valor, followed by Maha Vir Chakra and
Vir Chakra.

+ Ashoka Chakra tops peacetime awards for bravery

| or sacrifice, followed by Kirti Chakra and Shaurya

Chakra.

|, Additional awards like Sena Medal, Nao Sena Medal,
and Vayu Sena Medal are bestowed for acts of courage
or devotion to duty in their respective services.

+ The first recipient was Major Somnath Sharma for his
actions in the 1947-48 India-Pakistan War and the last
recipient was Captain Vikram Batra for actions in the
Kargil War in 1999.

« Till now it has been granted to 21 armed forces
personnel.

« It was designed by Savitri Khanolkar, a Swiss national

____ whose real name was Eve Yvonne Maday de Maros."
46,"What is not true in reference to Chief of
Defence Staff?","Maximum age limit for this post is 65
years","He is permanent Chairman of Chief of
Staff Committee","He is Chairman of Defence Acquisition
Council","He is member of Defence Planning
Committee",Chhattisgarh P.C.S. (Pre),2021,c,"Exp) Option c is the correct answer

The DAC is the highest decision-making body in the Defence

Ministry for deciding on new policies and capital acquisitions

for the three services (Army, Navy and Air Force) and the

Indian Coast Guard. The defence minister is the chairman

of DAC. Its members include the Chief of Defence Staff

(CDS) and Chiefs of the Army, Navy, and Air Force.
——- Important Tips

+ The CDS holds the highest military rank in India
and provides single-point military advice to the
government.

+ Appointed by the President on the advice of the Prime
Minister, the CDS is a four-star general and serves

as the permanent Chairman of the Chiefs of Staff
Committee (COSC).

« The CDS is a member of the Defence Planning
Committee (DPC) responsible for formulating long-
term defence plans. |

+ As the head of the Department of Military Affairs |
(DMA) in the Ministry of Defence, the CDS acts as |
the single-point adviser to the Defence Minister. |

« In the Department of Defence (DoD), the CDS holds
the rank of Secretary and exercises powers limited to
the revenue budget. Additionally, the CDS performs
an advisory role in the Nuclear Command Authority
(NCA). |"
47,"Which of the following may be considered a
Pressure Group?",Members of the Lok Sabha,Members of a Panchayat,Members of the Cabinet,Members of a Trade Union,M.P.P.C.S. (Pre),2017,d,"Exp) Option d is the correct answer.

A pressure group is an organized group of people who
try to influence government policy. They do not contest
elections, but they try to influence the government by
lobbying, protesting, and other forms of advocacy.
Members of a trade union are a pressure group because they
try to influence government policy on issues such as wages,
working conditions, and benefits. They do this by lobbying
government officials, organizing strikes, and other forms of
advocacy."
48,Scientific socialism is attributed to,Karl Marx,Adam Smith,J. M. Keynes,Thomas Mann,"M.P.P.C.S, (Pre)",2016,a,"Exp) Option a is the correct answer

Scientific socialism is attributed to Karl Marx. He, along
with Friedrich Engels, developed the concept of scientific
socialism, which forms the theoretical foundation of
Marxism. It emphasizes the scientific analysis of society,
historical materialism, and the inevitable transition from
capitalism to communism.

| Important Tips

¢ Scientific socialism employs the scientific method to |
analyze historical trends, predict social and economic |
outcomes, and understand material phenomena. It
differs from utopian socialism and classical liberalism,
focusing on materialist explanations rather than
metaphysical or moral notions.

« Some of the key tenets of scientific socialism include:

¢ The materialist conception of history: This is the
belief that the material conditions of life, such as the
way people produce and distribute goods and services,
determine the social, political, and intellectual
development of society.

« The class struggle: This is the belief that society is
divided into two main classes, the bourgeoisie and
the proletariat, The bourgeoisie are the owners of the |

} means of production, while the proletariat are the |
| workers who sell their labor to the bourgeoisie.
je The dictatorship of the proletariat: This is the belief
that the working class will eventually overthrow the
capitalist system and establish a socialist society. The
socialist society will be a classless society in which the
means of production are owned and controlled by the
working class."
49,"The state emblem was adopted by Govt. of
India on","15% August, 1948","2° October, 1947","26™ January, 1948","26"" January, 1950",M.P.P.C.S. (Pre),1999,d,"Exp) Option d is the correct answer.
National Emblem of India is a representative seal of the
Republic of India that is adapted from the Lion Capital
of Ashoka Pillar (based in Sarnath, Uttar Pradesh.) India
adopted it as the State Emblem on 26th January 1950. The
motto of the Indian National Emblem is ‘Satyamev Jayate’ or
‘Truth Alone Triumphs.
ce
Important Tips

« The National Emblem is the symbol of authority and
is present in all the official communications of the
government.

e There are Four Asiatic Lions and one each of Elephant,
Horse, and a Bull on national emblem.

¢ Dinanath Bhargava sketched and illuminated India’s
National Emblem"
50,"A complete or formal rendition of national
anthem takes-",50 seconds,45 seconds,52 seconds,55 seconds,Jharkhand P.C.S. (Pre),2011,c,"Exp) Option c is the correct answer.

The formal rendition of ‘Jana Gana Mana’, which is written
in Bengali Sanskrit, takes 52 seconds, a shorter version takes
approximately 20 seconds. The shorter version includes the
first and last lines of the National Anthem and is played on
certain occasions. Composed by Rabindranath Tagore, ‘Jana
Gana Mana’ was officially declared India’s National Anthem
on January 24, 1950."
51,"Which one of the following statements
about ‘personal liberty’ is not correct?","State does not have the authority to
deprive any person within the Territory of
India of his/her personal liberty without
any rational basis.","Basis of depriving a person of his/her
personal liberty must be in accordance
with procedures established by law.","Personal liberty can be secured by the
judicial writ of Habeas Corpus.","The majority view of the Supreme Court
in A.K. Gopalan v/s. State of Madras case
invented ‘due process of law.",CAPF,2021,d,"Exp) Option d@ is the correct answer.

“Due process of law” was already a part of the Indian legal
system, inherited from the British common law tradition.
The majority view in the A.K. Gopalan case held that
the right to “due process of law” was not a fundamental
right under the Constitution of India, allowing the state to
deprive a person of their personal liberty without following
established legal procedures, as long as the deprivation was
not arbitrary or mala fide. However, the minority view in

the same case argued that “due process of law” was indeed
a fundamental right, necessitating adherence to established
legal procedures even if the deprivation was not arbitrary or
mala fide. Subsequently, the Supreme Court overruled its
decision in the A.K. Gopalan case in the Maneka Gandhi
case, holding that the right to “due process of law” is
indeed a fundamental right. Consequently, the state can
only deprive a person of their personal liberty if it adheres to
the procedures established by law."
52,"Which one of the following is NOT true of
socialism?","Socialists analyse society in terms of

income distribution",It emphasises the centrality of community,"Socialists believe that class divisions
in society are a fact and therefore
irremediable","It believes that material benefits should
be distributed on the basis of need",CAPF,2020,b,"Exp) Option b is the correct answer.
While community and cooperation are valued in socialism,
they are not the central focus or defining characteristic of the
ideology. Socialism primarily centers around the economic
and political aspects of society, with a focus on collective
ownership of the means of production, economic equality,
and social justice. While community plays a role, it is not the
sole emphasis of socialism. The ideology primarily seeks to
transform the economic system and redistribute resources
and wealth to create a fairer society for all."
53,"Match List I with List IY and select the
correct answer using the codes given below
the lists:
| A. Pluralist 1. Power is always
| | democracy exercised by a
|_____._.___|__ privileged few
| B. People’s 2. Highest and
| democracy harmonious

development
of indi- vidual ;
capabilities

C. Developmental | 3. Social equality
democracy through common

ownership of
wealth

D. Elitist 4, Capacity of
democracy groups to ensure

Governmental
responsiveness

Codes 
A B C D",4 3 2 1,4 2 3 1,1 2 3 4,1 3 2 4,CAPF,2020,a,"Exp) Option a is the correct answer.

A. Pluralist democracy - (4) Capacity of groups to ensure
Governmental responsiveness. Pluralist democracy refers
to a system where power is dispersed among different
interest groups, and these groups have the ability to
influence government decisions and policies.

B. People’s democracy - (3) Social equality through
common ownership of wealth. People’s democracy
aims for social equality by advocating for common
ownership of wealth and resources, ensuring equitable
distribution among all members of society.

C. Developmental democracy - (2) Highest and
harmonious development of individual capabilities.
Developmental democracy focuses on promoting the
holistic development of individual capabilities,
allowing individuals to reach their full potential in a
harmonious society.

D. Elitist democracy - (1) Power is always exercised by a
privileged few. Elitist democracy refers to a system where
power is concentrated in the hands of a small, privileged
group, often excluding the majority of the population
from decision-making processes."
54,"The idea of social justice requires that
1. equal treatment be supplemented with

principle of proportionality.

2. due and equal consideration is given to
all individuals

3. equality of treatment be transcended to
recognise special needs

Select the correct answer using the codes
given below:","1,2 and 3",1 and 3 only,2 only,2 and 3 only,CAPF,2020,d,"Exp) Option d is the correct answer.

Statement 1 is incorrect- The idea of social justice does

not necessarily require the principle of proportionality.

The principle of proportionality means that people should

be treated differently if there is a good reason to do so.

For example, a person with a disability may need to be given

special treatment in order to be able to participate in society.

Statement 2 is correct- The idea of social justice entails

giving due and equal consideration to all individuals,

regardless of their background, identity, or social status. It
emphasizes fairness and equal opportunities for all.
Statement 3 is correct- Social justice recognizes that
equality of treatment alone may not address the diverse
needs and challenges faced by individuals or groups. It
emphasizes the need to go beyond equal treatment and take
into account special needs, circumstances, and disadvantages
to ensure fair outcomes."
55,"Which one among the following is NOT the
central feature of Polyarchy?","Government is in the hands of elected
officials",Right to run for office is restricted,"Practically, all adults have the right to
vote","There is free expression and a right to
criticise and protest",CAPF,2019,b,"Exp) Option b is the correct answer
One of the key features of polyarchy is that the right to
run for office is not restricted. In other words, anyone who
meets the legal requirements should be able to run for office,
regardless of their race, gender, religion, or social class.
Important Tips
In his 1989 book Democracy and Its Critics, Dahl gives
the following characteristics of a polyarchy:
« Cantrol over governmental decisions about policy is
| constitutionally vested in elected officials.
|"" Elected officials are chosen and peacefully removed
in relatively frequent, fair and free elections in which
coercion is quite limited.
« Practically all adults have the right to vote in these
| elections.
« Most adults also have the right to run for the public
| offices for which candidates run in these elections.
| e Citizens have an effectively enforced right to freedom
of expression, particularly political expression,
| including criticism of the officials, the conduct of the
| government, the prevailing political, economic, and
social system, and the dominant ideology.
| « They also have access to alternative sources of
| information that are not monopolized by the
government or any other single group."
56,"Which of the following are the defining
features of liberal democracy?
1. Constitutional government based on
formal, usually legal, rules
2. Guarantees of civil liberties and individual
rights
3. It invests political authority with
potentially unlimited power
Select the correct answer using the code given
below:",1 and 3 only,1 and 2 only,2 and 3 only,"1,2 and 3",CAPE,2019,b,"Exp) Option b is the correct answer
Statement 1 is correct: Liberal democracies have a system of
government that is based on a constitution, and government
operates within the framework of formal rules, which provide
a check on the exercise of power.
Statement 2 is correct: Liberal democracies place a strong
emphasis on protecting the civil liberties and individual
rights of their citizens. The government is obligated to
respect and protect these rights, and individuals have the
freedom to exercise them without undue interference.
Statement 3 is incorrect: Liberal democracy is characterized
by a limitation on political authority and the existence of
checks and balances."
57,"Who among the following leaders is
associated with the concept of party less
democracy?",JB Kripalani,Jay Prakash Narayan,Acharya Narendra Dev,Vinoba Bhave,CAPE,2017,b,"Exp) Option b is the correct answer
Jay Prakash Narayan (JP) was an Indian socialist leader and
advocate of partyless democracy. He believed that political

parties were corrupt and inefficient, and proposed a system
without parties for greater transparency, accountability, and
people’s participation."
58,"Which of the following most suitably
captures the meaning and essence of
‘globalization’?
1. It is about conducting external relations
between two or more States of the world.
2, It is a process of coming together of
world-wide social relations bypassing
territories.
3. It refers to thinking trans territorially
about global risks affecting people.
4, It has a wishful vision of suprastate
governance
Select the correct answer using the code given
below:",1 and 4 only,2 and 3 only,"2,3 and 4 only","1,2,3 and 4",CAPE,2017,c,"Exp) Option c is the correct answer

Statement 1 is incorrect: Globalization is not just about
conducting external relations between two or more States of
the world. It is a much broader process that encompasses
the free flow of goods, services, capital, and people across
national borders.

Statement 2 is correct: Globalization involves the integration
and interconnectedness of social, economic, cultural, and
political relations on a global scale, often transcending
national boundaries and territories.

Statement 3 is correct: Globalization entails recognizing
and addressing global risks and challenges that affect
people worldwide, emphasizing the need for a transnational
perspective and cooperation.

Statement 4 is correct: There is no single global government
that is responsible for managing the world. However, there
are a number of international organizations that play a role
in managing global issues. These organizations can help to
coordinate our efforts and to ensure that we are working
together to address global challenges."
59,"Which one of the following is net a source
of political legitimacy?",Consent,Rational prudence,Political will of the ruler,Public reason,CAPE,2016,c,"Exp) Option c is the correct answer.

Statement a is correct: Consent refers to the voluntary
agreement of the governed to be governed and to accept
the authority of the government. When people willingly
consent to be governed, it contributes to the legitimacy of
the political system.

Statement b is correct: Rational prudence involves the use
of reason and prudence in decision-making, taking into
account the best interests of the society. It is a source of
political legitimacy.

Statement c is incorrect: It implies that Government has
authority because of its own power or interests, which does
not match any of the sources mentioned above. In fact, this
option could be seen asa form of illegitimate rule, especially
if it contradicts the other sources of legitimacy.

Statement d is correct: Public reason refers to the use of
impartial and justifiable reasoning in political decision-
making. It involves considering the common good and the
interests of all citizens when making policy choices. Public
reason can enhance political legitimacy by ensuring that
decisions are fair, transparent, and grounded in rationality."
60,"Parochial political culture is generally
found in",developing societies,societies having multi-party system,developed societies,monarchical societies,CAPE,2016,a,"Exp) Option a is the correct answer.

Parochial political culture is generally found in developing
societies. In parochial political cultures, people tend to have
limited political awareness, low political participation, and
a strong attachment to traditional and local loyalties. This
type of political culture is often associated with societies

that are still developing and transitioning from traditional
or agrarian structures to modern political systems."
61,What is meant by Social Equality?,"Each person should perform the functions
according to his status","No effort should be made to modify the
existing social system","No person should be made to suffer a
position of relative inferiority in relation
to other men due to caste, race or religion","Special effort to improve the lot of weaker
section",CAPE,2016,c,"Exp) Option c is the correct answer.

Social equality refers to the principle that all individuals
in a society should have equal rights, opportunities, and
treatment without discrimination based on factors such
as caste, race, religion, gender, or socioeconomic status. It
emphasizes the elimination of social hierarchies and the
absence of any form of relative inferiority or subjugation.
Option (c) correctly captures the essence of social equality
by stating that no person should be subjected to a
position of relative inferiority in comparison to others
due to factors like caste, race, or religion. This means
that individuals should be treated with dignity and respect
regardless of their background, and they should have equal
access to opportunities, resources, and social benefits."
62,"Which one of the following statements
regarding Human Rights is not correct?","Human Rights derive their inspiration
from moral principles","They are applicable subject to their
adoption by States","The International Covenant on Civil
and Political Rights was adopted by the
United Nations in the year 1948","The universalism of Human challenged
by the cultural relativists Rights is
challenged by the cultural relativists",CAPE,2016,c,"Exp) Option c is the correct answer.

Option a is correct: Human rights are based on fundamental
moral principles and values that recognize the inherent
dignity and worth of every individual. They encompass
principles such as equality, freedom, justice, and respect for
human dignity.

Option b is correct: Human rights are recognized
and protected through international human _ rights
instruments, such as treaties and conventions, which
are adopted by states. States have the responsibility to
incorporate these rights into their domestic laws and ensure
their implementation and enforcement.

Option c is incorrect: International Covenant on Civil and
Political Rights (ICCPR) was adopted by the United Nations
General Assembly on December 16, 1966, and it entered
into force on March 23, 1976. The Universal Declaration of
Human Rights (UDHR) was adopted by the United Nations
General Assembly on December 10, 1948, and it served as
an inspiration for the development of various human rights
instruments, including the ICCPR.

Option d is correct: The concept of cultural relativism
challenges the universality of human rights. Cultural
relativists argue that human rights should be understood and
interpreted within the context of specific cultural, social,
and historical circumstances, and that different cultures may
have different values and norms regarding rights."
63,"Who among the following divided
governments into “Republican,
‘Monarchical and ‘Despotic”?",Aristotle,Hobbes,Montesquieu,St. Augustine,CAPF,2016,c,"Exp) Option c is the correct answer.

Montesquieu, a French political philosopher of the
Enlightenment era, categorized governments into three
types: Republican, Monarchical, and Despotic. He
discussed these forms of government in his influential work
“The Spirit of the Laws” (1748). Montesquieu’s ideas on
the separation of powers and the importance of checks and
balances in government greatly influenced political thought
and constitutional design.

Important Tips

« Aristotle was an ancient Greek philosopher and
polymath. He is known for his contributions to various
fields, including philosophy, politics, ethics, and more.
Aristotle’s works, such as “Politics,” explored different
forms of government and discussed the ideal forms of
governance.

« Thomas Hobbes was an English philosopher who is
best known for his book “Leviathan.” In his work,
Hobbes discussed social contract theory and the need
for a strong central authority to maintain order and
prevent the “state of nature”

e St. Augustine, also known as Augustine of Hippo, was
an early Christian theologian and philosopher. While
he made significant contributions to Christian theology
and philosophy, his writings do not specifically
focus on categorizing governments into Republican,
Monarchical, and Despotic forms. _"
64,"Which one of the following is under the
control of the Ministry of Defence?",Indo-Tibetan Border Police,Rashtriya Rifles,National Security Guard,Sashastra Seema Bal,CAPF,2015,b,"Exp) Option b is the correct answer.
Rashtriya Rifles is under the control of the Ministry of
Defence. The Rashtriya Rifles is a counter-insurgency force
of the Indian Army that operates in the state of Jammu
and Kashmir. It was established in 1990 with the objective
of conducting anti-insurgency operations and maintaining
peace in the region.

Important Tips

¢ The Indo-Tibetan Border Police (ITBP) is under the |
control of the Ministry of Home Affairs. It is primarily
responsible for guarding the Indo-Tibetan border. |

¢ The National Security Guard (NSG) is also under |
the control of the Ministry of Home Affairs. It is a""
specialized counter-terrorism force that deals with
specific security situations. |

¢ The Sashastra Seema Bal (SSB) is also under the |

control of the Ministry of Home Affairs. It is primarily
responsible for guarding the borders with Nepal and |
Bhutan."
65,"The provision under Article 350A of the
Constitution of India relates to the","right of any section of the citizens to
preserve its distinct language and culture","right of the Sikh community to carrying
and wearing of kirpans","provision for providing facilities for
instruction in mother-tongue at primary
stage","freedomofMinority-managed educational
institutions from discrimination in the
matter of receiving aid from the State",CAPF,2015,c,"Exp) Option c is the correct answer.

Article 350A of the Constitution of India states that it

shall be the endeavor of every State and of every local

authority within the State to provide adequate facilities

for instruction in the mother tongue at the primary stage

of education to children belonging to linguistic minority

groups. This provision aims to protect and promote the

linguistic rights of minority communities by ensuring that

children have the opportunity to receive education in their

mother tongue."
66,"Which of the following committees
submitted reports on Electoral reforms?
1. Dinesh Goswami Committee
2. ‘Tarkunde Committee
3. Indrajit Gupta Committee
4, Balwantrai Mehta Committee
Select the correct answer using the code given
below.","1,3 and 4",2 and 4,"1,2and3",3 and 4,CAPF,2015,c,"Exp) Option c is the correct answer.

The following committees submitted reports on electoral

reforms in India:

e Dinesh Goswami Committee (1990): This committee
made several recommendations on issues such as the
appointment of the Chief Election Commissioner, the
anti-defection law, the voting system, the model code of
conduct, the security deposit, etc.

« Tarkunde Committee (1975): This committee was
headed by Justice V.M. Tarkunde and consisted of
eminent citizens such as Jaya Prakash Narayan, A.G.
Noorani, R.D. Desai, etc. The committee suggested
changes in the procedure of appointment of the Chief
Election Commissioner, the reduction of voting age to 18
years, the use of electronic voting machines, etc.

« Indrajit Gupta Committee (1998): This committee
was headed by former Home Minister Indrajit Gupta
and dealt with the issue of state funding of elections.
The committee recommended partial state funding of
elections in kind such as petrol, paper, vehicles, etc. to
recognized political parties and candidates.

The Balwantrai Mehta Committee (1957) was not related to
electoral reforms, but to panchayati raj institutions."
67,"Under Section 10(26) of the Income Tax
Act, which of the following category of
people are exempted from income tax?","Members of the Scheduled ‘Tribes in
Chhattisgarh","Members of the Scheduled Tribes and
the Scheduled Castes in Special Category
States","Members from the Economically
Backward Class in All States","Members of the Scheduled Tribes in
States of Manipur, Mizoram, Nagaland
and Tripura",CAPF,2015,d,"Exp) Option d is the correct answer.
Section 10(26) of the Income Tax Act provides specific
exemptions from income tax for certain categories of
individuals. In this case, the exemption applies to members
of the Scheduled Tribes in the states of Manipur, Mizoram,
Nagaland, and Tripura."
68,"The major cleavage in global human rights
discourse has been between:",religious rights vs. civil rights,national rights vs. minority rights,gender rights vs. equal rights,"civil and political rights vs. economic,
social and cultural rights",CAPF,2014,d,"Exp) Option d is the correct answer.
The major cleavage in global human rights discourse is often
seen between civil and political rights on one hand, and
economic, social, and cultural rights on the other hand.
There is often a debate and tension between these two
categories of rights, as they require different approaches
and resource allocation. Some argue that civil and political
rights are fundamental and must be prioritized, while others
emphasize the importance of economic, social, and cultural
rights for achieving social justice and equality."
69,"Which one among among the following
Departments/Authorities is not under the
Ministry of Home Affairs?",The Department of States,The Department of Language Official,"The National Authority Chemical
Weapons Convention","The Department of Jammu, Kashmir and
Ladakh Affairs",CDS,2023,c,"Exp) Option ¢ is the correct answer

The National Authority for Chemical Weapons Convention

(NACWC) has been set up as an office of the Cabinet

Secretariat, Government of India in 1997 to fulfill, on

behalf of the Government of India, the obligations under the

Chemical Weapons Convention and to act as the national

focal point for effective liaison with the Organization for the

Prohibition of Chemical Weapons (OPCW) and other State

Parties on matters relating to the Convention."
70,"National Disaster Management Authority is
headed by",the Prime Minister,the Home Minister,the President,the Health Minister,CDS (1),2021,a,"Exp) Option a is the correct answer

The National Disaster Management Authority (NDMA) is

the apex statutory body for disaster management in India

and is headed by the Prime Minister. As the head of the
NDMaA, the Prime Minister oversees the overall functioning
of the organization and provides strategic direction for
disaster management initiatives.
[ Important Tips
| « Mandate: Its primary purpose is to coordinate response |
| to natural or man-made disasters and for capacity-
building in disaster resiliency and crisis response. It
| is also the apex body to lay down policies, plans and |
guidelines for Disaster Management to ensure timely |
| and effective response to disasters.
;* Vision: To build a safer and disaster resilient India by
| a holistic, proactive, technology driven and sustainable
development strategy that involves all stekeholders|
| and fosters a culture of prevention, preparedness and
| mitigation.

« Divisions: NDMA has 5 major divisions viz. Policy &

| Plans, Mitigation, Operations & Communications

& Information & Technology, Admiuistration and
| Finance.
Na RR Rr"
71,‘Legal PositivisnY theory was developed by,T.H. Green,Thomas Hobbes,John Austin,Patrick Devlin,CDS,2021,c,"Exp) Option c is the correct answer
John Austin is widely credited with developing the theory
of Legal Positivism, According to Legal Positivism, the law
derives its authority from the recognition and acceptance
by the legal system rather than from any inherent moral or
natural principles.

Important Tips

Here are few features of legal positivism as explained by

John Austin:

* Separation of Law and Morality: According to legal
positivism, the existence and validity of a law are not
dependent on its moral or ethical qualities.

« Command Theory of Law: Austin’s legal positivism is
based on the command theory of law, which suggests
that laws are essentially commands issued by a
sovereign to its subjects.

+ Legal Positivism and Legal Certainty: By separating
law from morality, he aimed to create a clear and concise
legal system based on explicit rules and commands,
enabling individuals to know their legal obligations.

¢ Criticism of Natural Law: He criticized natural law
concepts for being vague, subjective, and susceptible
to varying interpretations. In contrast, legal positivism
sought to provide a more concrete and objective
foundation for the understanding and application of
law."
72,"Who among the following said that
Democracy means a system of ‘Government
by Consent’?",John Locke,J.S. Mill,Jeremy Bentham,J.J. Rousseau,CDS,2021,a,"Exp) Option a is the correct answer

According to John Locke, democracy is a system of
government by consent because the authority of the
government is derived from the consent of the people it

governs. He believed that individuals enter into a social
contract with the government, willingly giving up some of
their freedoms in exchange for the protection of their rights
and the common good.

Important Tips

« Views of J.S Mill on Democracy: Mill believed in
the importance of democracy as a means to protect
individual liberties and promote social progress. He
argued that democracy serves as a safeguard against
the potential tyranny of the majority by providing
mechanisms for the protection of individual rights and |
freedoms.

« Views of Jeremy Bentham on Democracy: He saw |
democracy as a means to achieve the greatest happiness for |
the greatest number of people and promote the public interest.
Bentham favored representative democracy, where elected |
representatives make decisions on behalf of the people.

« Views of J.J Rousseau on Democracy: According to
him, a true democracy operates when the general will
guides decision-making processes. Rousseau favored
direct democracy, where citizens actively participate
in decision-making rather than relying on clected
representatives."
73,"Which one of the following is not an Indian
form of Socialism? -",Democratic Socialism,Radical Socialism,Communitarian Socialism,Nehruvian Socialism,CDS  (1),2022,b,"Exp) Option b is the correct answer.

While Democratic Socialism, Communitarian Socialism, and
Nehruvian Socialism represent different forms of socialism
in India, Radical Socialism is not recognized as an Indian
form of socialism.

Democratic Socialism refers to a system that combines
democracy with socialist principles, Communitarian
Socialism emphasizes community ownership and
participation, and Nehruvian Socialism refers to the
socialist policies and ideals advocated by India’s first Prime
Minister, Jawaharlal Nehru."
74,"Which one of the following statements is
not correct about “Totalitarianism”?","It is not akin to autocracy and
authoritarianism.","It usurps political freedom of the
individuals, but it doesn’t usurp personal
freedoms.",It implies abolition of civil society.,"It is usually identified with a one-party
state.",CDS  ID,2021,b,"Exp) Option b is the correct answer.

Totalitarianism sceks absolute control over all aspects
of public and private life. It aims to eliminate dissent and
extend authority into personal domains. This ideology
suppresses individual autonomy and freedom of expression,
Totalitarian rule spans political, social, cultural, economic,
and ideological spheres."
75,"Which of the following statements is
not correct regarding the Members of
Parliament Local Area Development
Scheme (MPLADS)? -","Members of the Parliament (MPs)

sanction, execute and complete works
under the scheme","Nominated Members of the Parliament
can recommend works for implementation
anywhere in the country","The scheme is fully funded by the
Government of India",The annual entitlement per MP is 5 crores,CDS  (I),2020,a,"Exp) Option a is the correct answer.

MPs do not personally sanction, execute, and complete works
under the Members of Parliament Local Area Development
Scheme (MPLADS). Their role is to recommend development
works to the District Authorities or District Collectors, who
are responsible for the implementation and execution of the
projects.

Important Tips

« MPLADS is a Central Sector Scheme introduced in |
December 1993.

« MPs receive Rs. 5 crores annually in two instalments
for MPLADS, and the funds are non-lapsable.

¢ Lok Sabha MPs are required to recommend projects
to the district authorities within their respective Lok
Sabha constituencies, whereas Rajya Sabha MPs are
expected to allocate funds within the state that elected
them to the House.

« Nominated Members of both the Rajya Sabha and
Lok Sabha have the authority to recommend works
anywhere in the country.

* MPLADS funds can be used for various schemes such
as Swacbh Bharat Abhiyan, Accessible India Campaign,
water conservation, and Sansad Aadarsh Gram Yojana.
The district authority must inspect a minimum of 10%
of works under implementation each year."
76,"Overseas Indians can exercise franchise in
an election to the Lok Sabha under which of
the following conditions?

1. They must be citizens of India.

2. Their names must figure in the electoral
roll.

3. They must be present in India to vote.

Select the correct answer using the codes

given below.","1,2 and 3",2 and 3,1 and 2,Only i,CDS  (1),2020,a,"Exp) Option a is the correct answer.
Statement 1 is correct - An overseas elector must be a citizen
of India to be eligible for voting in the Lok Sabha elections.
Statement 2 is correct - The name of the overseas elector
must be included in the electoral roll of the constituency
they would be voting from to be eligible to vote.
Statement 3 is correct - Overseas Indian voters are required
to be physically present in India for voting, as e-voting is not
allowed. They have the options of postal ballots and proxy
voting, with certain restrictions and eligibility criteria."
77,"The First Delimitation Commission in
India was constituted in-",1949,1950,1951,1952,CDS  (1),2020,d,"Exp) Option d is the correct answer.
The First Delimitation Commission in India was constituted
in 1952. The Delimitation Commission is responsible for
redrawing the boundaries of parliamentary and assembly
constituencies based on population changes and demographic
shifts.

Important Tips

* The Delimitation Commission is a statutory body in
India responsible for redrawing the boundaries of
parliamentary and assembly constituencies.

« The first Delimitation Commission was established in
| 1952, and subsequent commissions have been formed
| when needed.

¢ The purpose of the Delimitation Commission is to
ensure fair representation by redefining constituency
boundaries based on changes in population,
geographical factors, and other relevant considerations.

« The Delimitation Commission is appointed by the
President of India and consists of a Chief Election
Commissioner or Election Commissioner as the
ex-officio chairperson, along with other members
nominated by the President. ;

¢ The Delimitation Commission’s recommendations are
binding and come into effect after they are published
in the official gazette of the concerned state or
union territory. These recommendations determine
the allocation of seats and help maintain equitable
representation in democratic elections,"
78,"The formulation of policy in respect to
Intellectual Property Rights (IPRs) is the
responsibility of-",the Ministry of Law and Justice,"the Department of Science and
Technology","the Department for Promotion of
Industry and Internal Trade","the Ministry of Human Resource
Develonment",CDS  (1),2020,c,"Exp) Option c is the correct answer.

The Department for Promotion of Industry and Internal

Trade (DPIIT) is a department under the Ministry of

Commerce and Industry in the Government of India.

It is responsible for formulating policies and promoting

industrial development, foreign investments, and internal

trade in the country. One of its key areas of focus is the
protection and promotion of Intellectual Property Rights

(IPRs)."
79,"Which one of the following is not a
classified categury of political parties as
outlined by the Election Commission of
India?",National Parties,State Recognised Parties,Regional Parties,Registered Unrecognised Parties,CDS,2020,c,"Exp) Option c is the correct answer

While there are numerous political parties in India that

are based on regional interests and have a strong presence

in specific states or regions, the Election Commission
does not specifically classify them as “Regional Parties.”

The classification system mainly focuses on recognizing

parties at the national and state levels based on their

electoral performance and adherence to certain criteria."
80,"The ‘Gujral Doctrine’ relates to which one
of the following Issues?",Build trust between India and _ its neighbours,"initiate dialogue with all insurgent groups
in India","Undertake development activities in
Naxal-dominated areas",Ensure food security,CDS Pre.  I,2019,a,"Exp) Option a is the correct answer

¢ This doctrine is considered as epitome of India’s foreign
policy

* It was propounded by IK GUJRAL, the 12"" PM of India.

e« The doctrine advocates that India, being the biggest
country in South Asia, should extend unilateral
concessions to the smaller neighbours.

« In other words, the doctrine is formulated on India’s
accommodating approach towards its smaller neighbours
on the basis of the principle of non-reciprocity.

e It recognises the supreme importance of friendly and
cordial relations with India’s neighbours."
81,"The Prime Minister’s National Relief Fund
is operated by which one of the following
bodies?",The Prime Minister’s Office (PMO),"The National Disaster Management
Authority",The Ministry of Finance,The National Development Council (NDC),CDS Pre.,2019,a,"Exp) Option a is the correct answer

« Established in: 1948

e Used for: immediate relief to families of those killed in
natural calamities like floods, cyclones and earthquakes,
etc. and to the victims of the major accidents and riots

* Headed by: Prime Minister

¢ Administration: Administered on an Honorary basis by
Joint Secretary to the Prime Minister as Secretary of the
fund.

« PMNRE operates from the Prime Minister’s Office
(PMO) (option a is correct)

Features:

(a) Consists entirely of public contributions and does not get
any budgetary support.

(b) Recognized as a Trust under the Income Tax Act

(c) Exempt under the Income Tax Act, 1961 under Section
10 and 139 for return purposes."
82,"Which one of the following is not an
International Human Rights Treaty?","International Covenant on Civil and
Political Rights","Convention of the Elimination of All
Forms of Discrimination against Women","Convention on the Rights of Persons with
Disabilities",Declaration on the Right to Development,CDS Pre. I,2018,d,"Exp) Option dis the correct answer.

International Human Rights Treaty consists of 9 core

treaties that are responsible for the international system for

the promotion and protection of human rights.
Important Tips

| There are seven core international human rights treaties:

|

| International Convention on the Elimination

i | of A! Forms of Racial Discrimination (ICERD)

| International Covenant on Civil and Political

| Rights (ICCPR) 1966 |

| International Covenant on Economic, Social | 1966

i| and Cultural Rights (ICESCR)

| Convention on the Elimination of All Forms of | 1979

Discrimination against Women (CEDAW)

| Convention against Torture and Other

| Cruel, Inhuman or Degrading Treatment or

| Punishment (CAT)

Convention on the Rights of the Child (CRC) | 1989
International Convention on Protection of the | 2003

————
Their Families (ICMRW)"
83,"According to the Election Commission
of India, in order to be recognised as a
‘National Party’, a political party must be as
a recognised as a state party in how many
states?",At least two states,At least three states,At least four states,At least five states,CDS Pre. I,2018,c,"Exp) Option c is the correct answer.

As per the ECI’s Political Parties and Election Symbols, 2019

handbook, a political party would be considered a national

party if:

i. it is ‘recognised’ in four or more states; or

ii. if its candidates polled at least 6% of total valid votes in
any four or more states in the last Lok Sabha or

iii, Assembly elections and has at least four MPs in the last
Lok Sabha polls; or

iv, If it has won at least 2% of the total seats in the Lok Sabha
from not less than three states."
84,"Which one of the following intellectual
property rights is protected without making
any registration?",Copyright,Patent,Industrial design,Trademark,CDS Pre. (1),2017,a,"Exp) Option a is the correct answer.

e« Copyrights: A copyright exists from the moment the
work get created, so registration is voluntary hence it is
protected without making any registration

¢ Patent: A patent is used to prevent an invention from
being created sold or used by another party without
permission

e Industrial design: An industrial design right is an
intellectual property right that protects the visual design
of objects that are purely utilitarian. .

¢ Trademark: A trademark isa type of intellectual property
consisting of a recognizable sign, design, or expression
that identifies products or services from a particular
source and distinguishes them from others."
85,"Which among the following Acts were
repealed by Article-395 of the Constitution
of India?
1. The Government of India Act. 1935
2. The Indian Independence Act. 1947
3. The Abolition of Privy Council
Jurisdiction Act, 1949
4. The Government of India Act. 1919
Which of the statement(s) given above is/are
correct?",land 2,1 and 3,"1,2 and 3",All of these,CDS Pre.  IT,2016,a,"Exp) Option a is the correct answer.

As per Art 395 of the constitution of India- The Indian

Independence Act, 1947, and the Government of India

Act, 1935, together with all enactments amending or

supplementing the latter Act, but not including the Abolition

of Privy Council Jurisdiction Act, 1949, are hereby repealed."
86,"Which one of the following statements
about electoral government in India is not
correct?","The superintendence direction and
control of elections are vested in the
Election Commission of India","There is one general electoral roll for
every territorial constituency","The Parliament has the power to make
laws relating to the delimitation of
constituencies","The Supreme Court of India has the
authority to scrutinise the validity of a law
relating to delimitation of constituencies.",CDS Pre. IT,2015,d,"Exp) Option d is the correct answer.

e Article 324 provides for the superintendence, direction
and control of elections are vested in the Election
Commission of India (ECI) which prepares and
periodically revised one general electoral roll for every
territorial constituency.

e It is based on the delimitation act of Parliament. The
Supreme Court has no authority to scrutinise the validity
of this act. (statement d is incorrect)

Important Tips
| « The Election Commission of India (ECI) is a
| constitutional body. :
* It was established by the Constitution of India to |
; conduct and regulate elections in the country. |
+ Article 324 of the Constitution provides that the power |
of superintendence, direction, and control of elections
to parliament, state legislatures, the office of the |
president of India, and the office of vice-president of
India shall be vested in the election commission."
87,"Which of the following about the principles

of Panchsheel are correct?

1. These area set of five principles governing
relations between States.

2. The assumption of Panchsheel was
that newly independent States after

decolonisation would be able to develop
Oo a new and more principled approach to
international relations.
3. The first formal codification in treaty
. form was done in an agreement between
China and India.
Select the correct answer using the codes
given below: |",l and 2,2 and 3,"1,2and3 ©",land 3,CDS Pre. IT,2014,c,"Exp) Option c is the correct answer.

« The Panchsheel agreement is a set of principles that
govern relation between states. It is also known as five
principles of co-existence

e Their first formal codification in treaty form was in an
agreement between China and India on 29th April, 1954.

¢« An underlying assumption of the Five Principles was that
newly independent States after decolonisation would be
able to develop a new and more principled approach to
International relations.

) Import
The Panchsheel or ‘Five Principles of Peaceful Existence’ wa
visits to India in 1954.
It was the period marking end of colonialism and emergence
These five principles were as follows:
« Mutual respect for sovereignty and territorial integrity
e Mutual non-aggression
e Mutual non-interference in internal matters
e Equality and mutual benefit
e Peaceful co-existence

int Tips
3 a joint statement issued during Chinese premier Zhou Enlai’s
of new nations in Asia and Africa."
