q_no,q_statement,a,b,c,d,exam,year,correct_option,explanation
1,"Consider the following statements:

1. If the election of the President of India
is declared void by the Supreme Court
of India, all acts done by him/her in the
performance of duties of his/her office
of President before the date of decision
become invalid.

2. Election for the post of the President of
India can be postponed on the ground
that some Legislative Assemblies have
been dissolved and elections are yet to
take place.

3. When a Bill is presented to the President
of India, the Constitution prescribes time
limits he/she has to declare his/her assent.

How many of the above statements are

correct?",Only one,Only two,All three,,UPSC CSE Pre,2023.0,d,"Exp) Option d is the correct answer
The President is elected indirectly by the electoral college
consisting of elected members of both the houses of
Parliament, elected members of State legislative Assembly
and elected members of the legislative assemblies of the
Union Territories of Delhi and Puducherry.
Statement 1 is incorrect: If the election of a person as
President is declared void by the Supreme Court, acts done
by him before the date of such declaration of the Supreme
Court are not invalidated and continue to remain in force.
Statement 2 is incorrect: The Supreme court in 1974 held
that the dissolution of state legislative assembly will not be
a ground for preventing the holding of the election on the
expiry of the term of the President. Nor can it be a ground
to suggest that the election to office of the President could
be held only after the election to the state is held, where the
Legislative Assembly of a State is dissolved.
Statement 3 is incorrect: The Constitution of India does not
prescribe any time-limit within which the President has to
take decision with respect to a bill presented to him/her for
his/her assent. ‘Thus the President of India can simply keep
the bills pending for an indefinite period."
2,"Consider the following statements:

1. According to the Constitution of India,
the Central Government has a duty to
protect States from internal disturbances.

2. The Constitution of India exempts the
States from providing legal counsel
to a person being held for preventive
detention.

3. According to the Prevention of ‘Terrorism
Act, 2002, confession of the accused
before the police cannot be used as
evidence.

How many of the above statements are

correct?",Only one,Only two,All three,,UPSC CSE Pre,2023.0,b,"Exp) Option b is the correct answer.
Statement 1 is correct. Article 355 of the Indian Constitution
specifically states that “It shall be the duty of the Union
to protect every State against external aggression and
internal disturbance and to ensure that the government of
every State is carried on in accordance with the provisions of
this Constitution.”

Statement 2 is correct. According to Article 22 of Constitution

of India (Protection against arrest and detention in certain

cases):

1. No person who is arrested shall be detained in custody
without being informed, as soon as may be, of the
grounds for such arrest nor shall he be denied the right
to consult, and to be defended by, a legal practitioner of
his choice

2. Every person who is arrested and detained in custody
shall be produced before the nearest magistrate within a
period of twenty-four hours of such arrest excluding the
time necessary for the journey from the place of arrest to
the court of the magistrate and no such person shall be
detained in custody beyond the said period without the
authority of a magistrate

3. Nothing in clauses (1) and (2) shall apply (a) to any
person who for the time being is an enemy alien; or (b)
to any person who is arrested or detained under any
law providing for preventive detention

Hence, According to Clause (3) Article 22 of the Constitution
of India, it is not mandatory for states to provide access to
legal counsel to the person held for preventive detention,
Statement 3 is incorrect. Section 32 (1) of the Prevention
Of Terrorism Act (POTA) 2002 stated that “Notwithstanding
anything in the Code 12 or in the Indian Evidence Act, 1872
(1 of 1872), but subject to the provisions of this section, a
confession made by a person before a police officer not
lower in rank than a Superintendent of Police shall be
admissible in the trial of such person.”"
3,"Consider the following statements in
respect of election to the President of India:

1. The members nominated to either House
of the Parliament or the Legislative

Assemblies of States are also eligible to be
included in the Electoral College.

2. Higher the number of elective Assembly
seats, higher is the value of vote of each
MLA of that State.

3. The value of vote of each MLA of Madhya
Pradesh is greater than that of Kerala.

4. The value of vote of each MLA of
Puducherry is higher than that of
Arunachal Pradesh because the ratio
of total population to total number
of elective Puducherry is greater as
compared to Arunachal Pradesh.

How many of the above statements are

correct?",Only one,Only two,Only three,All four,UPSC CSE Pre,2023.0,a,"Exp) Option a is the correct answer.

Statement 1 is incorrect. The elected members of the
Upper and Lower Houses of Parliament that is the Rajya
Sabha and the Lok Sabha as well as the elected Members of
the Legislative Assemblies of States and Union Territories
(MLAs) comprise the electoral college for the Presidential
Election in India.

Statement 2 is incorrect. The value of vote of each MLA
depends on the ratio of the State’s population and the
number of MLAs in its legislative Assembly. By dividing
the State’s population by the number of MLAs in its
legislative Assembly, and then further dividing the quotient
achieved by 1000, one may calculate the value of each MILA’s
vote. Based on a calculation that takes into account cach
State’s population in relation to the number of members in
its legislative Assembly, each MLA’s vote value varies from
State to State. According to the Constitution (Eighty-fourth
Amendment) Act of 2001, the population of the States is
currently calculated using data from the 1971 Census.
Statement 3 is incorrect. The vote value of each MLA of
Madhya Pradesh is less than that of the vote value of each
MLA of Kerala as the ratio of total population to total elective
seats in Kerala is greater relative to that in Madhya Pradesh.
Statement 4 is correct. The vote value of each MILA of
Puducherry is higher than that of Arunachal Pradesh as the
ratio of total population to total elective seats in Puducherry
is greater relative to that in Arunachal Pradesh. In 2022
Presidential election the vote value of each MLA from
Puducherry was 16 whereas the vote value of each MLA
from Arunachal Pradesh came out to be 8."
4,"Consider the following statements:


1. The Constitution of India classifies
the ministers into four ranks viz.
Cabinet Minister, Minister of State with
Independent Charge, Minister of State
and Deputy Minister.

2. The total number of ministers in the
Union Government, including the Prime
Minister, shall not exceed 15 percent of
the total number of members in the Lok
Sabha.

Which of the statements given above is/are

correct?",1 only,2 only,Both 1 and 2,Neither 1 nor 2,UPSC CSE Pre.,2022.0,b,"Exp) Option b is the correct answer

Statement 1 is incorrect: There is no classification in the
Constitution of India for the Council of Ministers. Article
74 provides that there shall be a Council of Ministers
with the Prime Minister at the head to aid and advise the
President who shall, in the exercise of his functions, act in
accordance with such advice.

Statement 2 is correct: The Constitution (91st Amendment)
Act, 2003 made Amendment in the Article 75. According to

this amendment, the total number of ministers, including
the Prime Minister, in the COM shall not exceed 15% of
the total strength of the Lok Sabha."
5,"Consider the following statements:


1. Attorney General of India and Solicitor
General of India are the only officers
of the Government who are allowed
to participate in the meetings of the
Parliament of India.

2. According to the Constitution of India,
the Attorney General of India submits his
resignation when the Government which
appointed him resigns.

Which of the statements given above is/are

correct?",1 only,2 only,Both 1 and 2,Neither 1 nor 2,UPSC CSE Pre.,2022.0,d,"Exp) Option d is the correct answer

Statement | is incorrect: The Attorney General for India
is appointed by the President of India under Article 76 of
the Constitution and holds office during the pleasure of the
President. In the performance of his duties, he has the right
to audience in all Courts in India as well as the right to take
part in the proceedings of Parliament without the right to
vote. Solicitor General of India has no such privilege.
Statement 2 is incorrect: As per Article 76, the Attorney
General shall hold office during the pleasure of the
President and shall receive such remuneration as the
President may determine Conduct of Government Business.
There is no mention in the Indian Constitution of the need
for him to submit his resignation when the Government
which appointed him resigns."
6,"With reference to the Union Government,
consider the following statements:

1. N. Gopala Swamy Iyengar Committee
suggested that a minister and a secretary
be designated solely for pursuing the
subject of administrative reform and
promoting it.

2. In 1970, the Depariment of Personnel was
constituted on the recommendation of
the Administrative Reforms Commission, 1966 and this was placed under the Prime
Minister’s charge.

Which of the statements given above is/are

correct?",1 only,2 only,Both 1 and 2,Neither 1 nor 2,UPSC CSE Pre,2021.0,b,"Exp) Option b is the correct answer.

Statement 1 is incorrect. Sh. N. Gopala Swamy Ayyangar,
in his Report namely ‘Reorganization of the Machinery
of Central Government’ in 1950 recommended for the
grouping of ministries, improvement in the capabilities of
the personnel, and also in the working of the O&M Division.
It nowhere mentions that a minister and a secretary be
designated solely for pursuing the subject of administrative
reform and promoting it.

Statement 2 is correct. In 1970, on the basis of the
recommendations of the Administrative Reforms
Commission, the Department of Personnel was set up in the
Cabinet Secretariat. It was placed under the Prime Minister’s
Office."
7,"At the national level, which ministry
is the modal agency to ensure effective
implementation of the scheduled Tribes
and Other Traditional Forest Dwellers

(Recognition of Forest Rights) Act, 2006?","Ministry of Environment, Forest and
Climate Change",Ministry of Panchayati Raj,Ministry of Rural Development,Ministry of Tribal Affairs,UPSC CSE Pre,2021.0,d,"Exp) Option d is the correct answer.

The Union Ministry of Tribal Affairs (MoTA) is the nodal
agency for the implementation of the Scheduled Tribes
and Other ‘Traditional Forest Dwellers (Recognition Of
Forest Rights) Act, 2006. The ministry deals with forest and
livelihood objectives at the national level."
8,"Consider the following statements:



1, The President of India can summon a
session of the Parliament at such place as
he/she thinks fit.

2. The Constitution of India provides for
three sessions of the Parliament in a year,
but it is not mandatory to conduct all
three sessions.

3. There is no minimum number of days
that the Parliament is required to meet in
a year.

Which of the statements given above is/are

correct?",l only,2 only,1 and 3 only,2 and 3 only,UPSC CSE Pre.,2020.0,c,"Exp) Option c is the correct answer.

Statement 1 is correct and statement 2 is incorrect.
According to Article 85(1) of the Constitution “The President
shall from time to time summon each House of Parliament to
mee! at such time and place as he thinks fit, but six months
shall not intervene between its last sitting in one session and
the date appointed for its first sitting in the next session.”
Hence, Parliament must meet at least twice a year.
Statement 3 is correct. The parliament sits thrice in a year—
Budget Session (February to May), Monsoon Session (July to
September) and Winter Session (November to December).

The period during which the House meets to transact its
business is called a session. There is no minimum number of
days that Parliament is required to meet in a year."
9,"With reference to the Legislative Assembly
of a State in India, consider the following

statements: (UPSC CSE Pre. 2019]

1. The Governor makes a customary address
to Members of the state legislature at the
commencement of the first session of the
year.

2, When a State Legislature does not have a
rule on a particular matter, it follows the
Lok Sabha rule on that matter.

Which of the statements given above is/are

correct?","1 only

'",2 only,Both 1 and 2,Neither 1 nor 2,,,c,"Exp) Option c is the correct answer.

Statement 1 is correct. The Governor can summon
or prorogue the state legislature and dissolve the state
legislative assembly, He can address the state legislature at
the commencement of the first session after each general
election and the first session of each year.

Statement 2 is correct. Article 208 states that, “A House
of the Legislature of a State may make rules for regulating
subject to the provisions of this Constitution, its procedure
and the conduct of its business.

Until such rules are made, the rules of procedure and standing
orders in force immediately before the commencement
of this Constitution with respect to the Legislature for the
corresponding Province shall have effect in relation to
legislature of state subject to modifications by Speaker of
Legislative Assembly or Chairman of Legislative Council”."
10,"Consider the following statements:


1. No criminal proceedings shall be
instituted against the Governor of a State
in any court during his term of office.

2. The emoluments and allowances of
the Governor of a State shall not be
diminished during his term of office.

Which of the statements given above is/are

correct?",1 only,2 only,Both 1 and 2,Neither 1 nor 2,UPSC CSE Pre.,2018.0,c,"Exp) Option c is the correct answer.

According to provisions made in the Constitution,
Governor of a state has following immunities and office
conditions -

Article 361(2): During his term of office, he is immune from
any criminal proceedings, even in respect of his personal
acts. .

Article 158(4): His emoluments and allowances cannot be
diminished during his term of office."
11,"Consider the following statements:


1. The Chief Secretary in a State is appointed
by the Governor of that State.

2. The Chief Secretary in a State has a fixed
tenure.

Which of the statements given above is/are

correct?",1 only,2 only,Both | and 2,Neither 1 nor 2,UPSC CSE Pre.,2016.0,d,"Exp) Option d is the correct answer.

Neither | nor 2 is correct. The Chief Secretary of the state
is appointed by the Chief Minister of the state. There is no
fixed tenure of a Chief Secretary in a state.

However, at the central level, there is assured tenure of
two years for Cabinet Secretary, Home Secretary, Defence
Secretary, Foreign Secretary as well as RAW and IB chief.
The Administrative Reform Commission in 1969 had
recommended that a Chief secretary should have a minimum
tenure of three to four years."
12,"Consider the following statements:


1. The Executive Power of the Union of
India is vested in the Prime Minister.

2. The Prime Minister is the ex Officio
Chairman of the Civil Services Board.
Which of the statements given above is/are

correct?",lonly,2 only,Both 1 and 2,Neither 1 nor 2,UPSC CSE Pre.,2015.0,d,"Exp) Option d is the correct answer.

Statement 1 is incorrect. All executive actions of the
Government of India are formally taken in the name of
President. He can make rules specifying the manner in which
the orders and other instruments made and executed in his
name shall be authenticated. He also can make rules for more
convenient transaction of business of the Union government,
and for allocation of the said business among the ministers.
Thus, the executive power of the Union of India is not
vested in the Prime Minister, but in the President.

Statement 2 is incorrect. Cabinet secretary (not Prime

Minister) is the ex-officio chairman of the Civil Services

Board. The Cabinet Secretariat functions directly under the

Prime Minister. The administrative head of the Secretariat

is the Cabinet Secretary who is also the ex-officio Chairman

of the Civil Services Board. The business allocated to

Cabinet Secretariat undcr Government of India (Allocation

of Business) Rules, 1961 includes (i) Secretarial assistance

to the Cabinet and Cabinet Committees; and (ii) Rules of

Business."
13,"Which of the following is/are the function/
functions of the Cabinet Secretariat?


1. Preparation of agenda for Cabinet
Meetings

2. Secretariat assistance to Cabinet
Committees

3. Allocation of financial resources to the
Ministries

Select the correct answer using the code given

below:",1 only,2 and 3 only,1 and 2 only,"1,2 and 3",UPSC CSE Pre.,2014.0,c,"Exp) Option c is the correct answer.

The Cabinet Secretariat is responsible for the administration

of the Government of India (Transaction of Business) Rules,

1961 and the Government of India (Allocation of Business)

Rules 1961.

This Secretariat provides Secretarial assistance to the Cabinet

and its Committees, and also assists in decision-making in

Government by ensuring Inter-Ministerial coordination. It

also prepares agenda for Cabinct Meetings.

The Cabinet Secretariat ensures that the President, the Vice

President and Ministers are kept informed of the major

activities of all Ministrics/Departments by means of monthly

summary of their activities.

It does not allocate financial resources to the Ministries."
14,"Consider the following statements:


1. The President shall make rules for the
more convenient transaction of the
business of the Government of India.

2. All executive actions of the Government
of India shall be expressed to be taken in
the name of the Prime Minister.

Which of the statements given above is/are

correct?",1 only,"2 only

{c) Both 1 and 2",,Neither 1 nor 2,UPSC CSE Pre.,2014.0,a,"Exp) Option a is the correct answer.

Statement 1 is correct. According to Article 77(3),

the President shall make rules for the more convenient

transaction of the business of the Government of India and

for the allocation among Ministers of the said business.

Statement 2 is incorrect. According to Article 77(1),

all executive action of the Government of India shall be

expressed to be taken in the name of the President (and not

the Prime Minister)."
15,"Which of the following are the discretionary
powers given to the Governor of a State?


1. Sending a report to the President of India
for imposing the President’s rule

2. Appointing the Ministers

3, Reserving certain bills passed by the
State Legislature for consideration of the
President of India

4. Making the rules to conduct the business
of the State Government

Select the correct answer using the code given

below:",land 2 only,1 and 3 only,"2,3 and 4 only","1,2,3 and 4","UPSC CSE Pre,",2014.0,b,"Exp) Option b is the correct answer.

Only statements I and 3 are correct.

The governor can use discretionary powers:

a) If no party gets an absolute majority, the governor can
use his discretion in the selection of the chief minister;

b) During an emergency he can override the advice of the
council of ministers. At such times, he acts as an agent of
the president and becomes the real ruler of the state;

c) He uses his discretion in submitting a report to the
president regarding the affairs of the state;

d) He can withhold his assent to a bill and send it to the
president for his approval.

Options 2 and 4 are incorrect.

Article 166(3) - The Governor shall make rules for the more

convenient transaction of the business of the Government of

the State, and for the allocation among Ministers of the said

business in so far as it is not business with respect to which

the Governor is by or under this Constitution required to
act in his discretion, Hence, making the rules to conduct
the business of the State Government is not a discretionary
power but a constitutional obligation. Also, the Governor
appoints Ministers on the advice of the Chief Minister."
16,"With reference to Union Government,
consider the following statements:

1. The Constitution of India provides that all
Cabinet Ministers shall be compulsorily
the sitting members of Lok Sabha only.

2. The Union Cabinet Secretariat operates
under the direction of the Ministry of
Parliamentary Affairs.

Which of the statement(s) given above is/are

correct?",l only,2 only,Both 1 and 2,Neither 1 nor 2,U.BS.C (Pre),2013.0,d,"Exp) Option dis the correct answer

Statement I is incorrect: Cabinet ministers in India can be
members of either house of Parliament (Lok Sabha or Rajya
Sabha) or not members of either house at the time of their
appointment. If a person who is not a member of either
house of Parliament is appointed as a Cabinet Minister, they
are required to get elected to cither the Lok Sabha or Rajya
Sabha within six months from the date of their appointment.
Statement 2 is incorrect: The Cabinet Secretariat functions
directly under the Prime Minister. The administrative head
of the Secretariat is the Cabinet Secretary who is also the ex-
officio Chairman of the Civil Services Board."
17,"Towhom does the President of India address

his resignation?",Speaker of the Lok Sabha,Vice-President of India,Chief Justice of India,Prime Minister of India,UPSC CSE Pre,2009.0,b,"Exp) Option b is the correct answer

President of India addresses his resignation letter to Vice
President of India and in the absence of Vice President of
India he will address it to the Chief Justice of India."
18,"Consider the following statements:

1. The Advocate General of a State in India
is appointed by the President of India on
the recommendation of the Governor of
the concerned State.

2. As provided in the Civil Procedure Code,
High Courts have original, appellate and
advisory jurisdiction at the State level.

Which of the statement(s) given above is/are

correct?",1 only,2 only,Both 1 and 2,Neither I nor 2,UPSC CSE Pre,2009.0,d,"Exp) Option d is the correct answer.

Statement | is incorrect: The Advocate General of a State
in India is appointed by the Governor of the State under
Article 165 of the Constitution, not by the President of India
on the recommendation of the Governor.

Statement 2 is incorrect: High Courts have Original
Appellate and Writ jurisdiction not advisory jurisdiction.
High Courts primarily function as appellate courts and
have the power to hear appeals from lower courts within
their jurisdiction. High Courts also have writ jurisdiction to
protect fundamental! rights. but they do not have advisory
jurisdiction at the State level."
19,"With reference to Union Government,
consider the following statements:

1. The Ministries/Departments of the
Government of India are created by
the Prime Minister on the advice of the
Cabinet Secretary.

2. Each of the Ministries is assigned to a
Minister by the President of India on the
advice of the Prime Minister.

Which of the statement(s) given above is/are

correct?",1 only,2 only,Both 1 and 2,Neither 1 nor 2,UPSC CSE Pre,2009.0,b,"Exp) Option b is the correct answer

Statement 1 is incorrect: The Ministries/Departments of
the Government of India are created by the President on the
advice of the Prime Minister under Government of India
(Allocation of Business) Rules, 1961.

Statement 2 is correct: The Prime Minister recommends
the allocation of Ministries to different Ministers, and the
President formalizes these appointments."
20,"As per Indian Protocol, who among the
following ranks highest in the order of
precedence?",Deputy Prime Minister,Former President,Governor of a State within his State,Speaker of Lok Sabha,UPSC CSE Pre,2003.0,c,"Exp) Option c is the correct answer

In the order of precedence of the Government of India, the
Governors of States within their respective States

comes above the other given Functionaries. The order of
precedence of important functionaries is given below.

1, President

2. Vice-President

3. Prime Minister

4. Governors of States within their respective States

5. Former Presidents

6. Deputy Prime Minister

7. Speaker of Lok Sabha and Chief Justice of India"
21,"Consider the following statements-
Assertion(A): President of India is different
from the British King.
Reason (R): Office of Indian President is
similar to that of Amcrica.
Code:","Both (A) and (R) are true, and (R) is the
correct explanation of (A).","Both (A) and (R) are true but (R) is not
the correct explanation of (A).",(A) is true but (R) is false.,(A) is false but (R) is true.,UPSC CSE Pre,2000.0,c,"Exp) Option c is the correct answer

The Constitution of India has opted for the British
Parliamentary System of Government rather than American
Presidential System of Government. Even though the Indian
parliamentary system is largely based on the British pattern,
there are some fundamental differences between the two. For
example, the Indian Parliament is not a sovereign body like
the British Parliament. Further, the Indian State has an elected
head (republic) while the British State has hereditary head
(monarchy). Hence Assertion (A) is correct. US president
is more or less directly elected whereas the Indian president
is indirectly elected. Hence office of Indain President is not
similar to that of USA President. Therefore Reasoning (R)
is incorrect."
22,"Consider the following statements about
the Attorney General of India:
1. He is appointed by the President of India.
2. He must have the same qualifications as
are required for a Judge of the Supreme
Court.
3. He must be a member of either House of
Parliament.
4. He can be removed by Impeachment by
Parliament.
Which of these statements are correct?",land2,1 and 3,"2,3 and 4",3 and 4 only,UPSC CSE Pre,2000.0,a,"Exp) Option a is the correct answer.

Statement 1 is correct: The Attorney General of India
is the highest law officer of the country and he/she is the
chief legal advisor to the Government of India. He/she is
appointed by the President of India under Article 76 (1) of
the Constitution and holds office during the pleasure of the
President.

Statement 2 is correct: The Attorney Genera! of India must
be a person qualified to be appointed as a Judge of the
Supreme Court.

Statement 3 is incorrect: He/she need not be a member
of either House of Parliament. However, he/she has the
right to attend and speak in any House of Parliament or any
committee thereof, but without a right to vote. ,
Statement 4 is incorrect: He/she can be removed by the
President at any time without any reason or procedure.
There is no provision for impeachment by Parliament for
the Attorney General of India."
23,"Consider the following functionaries:
1. Cabinet Secretary
2. Chief Election Commissioner
3. Union Cabinct Minister
4. Chief Justice of India
Their correct sequence in the Order of
Precedence is:","3, 4,2, 1","4, 3, 1,2","4, 3,2, 1","3, 4, 1,2",UPSC CSE Pre,2000.0,c,"Exp) Option cis the correct answer

The protocol list or hierarchy of significant posts, known
as the Order of Precedence of the Republic of India lists
functionaries and officials in order of their rank and office
within the Indian government. Among the given options,
Chief Justice of India, Union Cabinet Minister, Chief
Election Commissioner and Cabinet Secretary is the
correct order of precedence.

Important Tips

Order of precedence:

e The order of precedence is a list of dignitaries in an
order of their rank for ceremonial purposes and has no
role in the government functioning.

e It is neither an order of succession nor does it have any
application in any parliamentary business.

¢ It is made by the President secretariat and maintained
by the ministry of home affairs.

¢ IJfinthe table or order of precedence there are multiple
members of a similar rank, then they are listed in an
alphabetical order and the order of precedence is based
on the date of entry to that particular office or rank ."
24,"If the Prime Minister of India belongs to

the Upper House of Parliament","He will not be able to vote in his favour in
the event of a no-confidence motion.","He will not be able to speak on the budget
in the Lower House.","He can make statements only in the
Upper House.","He will have to become a member of the
Lower House within six months after
being sworn in as the Prime Minister.",UPSC CSE Pre,1997.0,a,"Exp) Option a is the correct answer
If the Prime Minister of India belongs to the Rajya Sabha,
he will not be able to vote in his favor in the event of a no-
confidence motion. This is because the no-confidence
motion is moved and voted upon in the Lok Sabha, and as
a member of the Rajya Sabha, the Prime Minister does not
have voting rights in the Lok Sabha."
25,"Which one of the following statements is
correct about the Prime Minister of India","He is free to choose his ministers only
among those who are members of either
House of Parliament.","He can choose his cabinet colleagues after
due counselling by the President of India
in this regard.","He has full discretion in the choice of
persons who are to serve as ministers in
his cabinet.","He has only limited power in the choice
of his cabinet colleagues because of
the discretionary powers vested in the
President of India.",UPSC CSE Pre,1996.0,c,"Exp) Option c is the correct answer.
The Prime Minister of India has full discretion and
freedom in the choice of persons who are to serve as
ministers in his cabinet. The Prime Minister is the leader
of the ruling party or coalition, and,after being appointed by
the President, he has the authority to select the members of
his cabinet.

Important Tips

Important Articles in the Constitution related to Prime

Minister

¢ ARTICLE 74: Council of Ministers aids and advises
the President, who acts in accordance with the advice.
The President can ask for reconsideration but must
follow the advice after that. Courts cannot inquire
about advice.

« ARTICLE 75: The President appoints the Prime
Minister and other Ministers on the Prime Minister’s
advice. The total number of Ministers should not
exceed 15% of the total House of the People members.
The article also mentions the collective responsibility
of the Council of Ministers to the Lok Sabha.

« ARTICLE 78: Prime Minister's duties include
communicating Council of Ministers’ decisions and
legislation proposals to the President, providing
information upon request, and presenting individual
Minister’s decisions to the Council if required."
26,"Which one of the following is a part of the
electoral college of the President but not of
the process of impeachment?",Lok Sabha,Rajya Sabha,State Legislative Councils,State Legislative Assemblies,UPSC CSE Pre,1996.0,d,"Exp) Option d is the correct answer

The elected members of the legislative assemblies of states
and the Union Territories of Delhi and Puducherry do not

participate in the impeachment of the President though
they participate in his election.
Important Tips
The President is elected not directly by the people but by
members of electoral college consisting of:
* the elected members of both the Houses of Parliament;
° the elected members of the legislative assemblies of the
states;
e the elected members of the legislative assemblies of the
Union Territories of Delhi and Puducherryl.
The nominated members of both of Houses of Parliament,
the nominated members of the state legislative assemblies,
the members (both elected and nominated) of the state
legislative councils (in case of the bicameral legislature)
and the nominated members of the Legislative Assemblies
of Delhi and Puducherry do not participate in the election
of the President."
27,"Which one of the following is not explicitly
stated in the Constitution of India but
followed as a convention?","The finance minister is to be a Member of
the Lower House.","The Prime Minister has to resign if he
loses the majority in the Lower House.","All the parts of India are to be represented
in the Council of Ministers.","In the event of both the President and
the Vice-President demitting office
simultaneously before the end of the
tenure, the Speaker of the Lower House
of the Parliament will officiate as the
President.",UPSC CSE Pre,1995.0,b,"Exp) Option b is the correct answer
While the Constitution outlines the process of forming a .
government and the procedure for a vote of no confidence,
it does not explicitly mention the requirement for the
Prime Minister to resign in case of losing the majority.
Instead, this practice has evolved as a convention in India’s
parliamentary democracy. This convention is based on
the principle of responsible government, where the Prime
Minister is accountable to the Parliament, particularly the
Lower House where the government needs the support to
function effectively.
Important Tips
e Under President discharge of functions act 1969,in the
event of the occurrence of vacancies in the office of
the President and Vice President, by reason in each
case of death, registration or removal, or otherwise the
Chief Justice of India of the Supreme Court of India
available shall discharge the functions of the President
until a new President elected in accordance with the
provisions of the constitution,
* The Constitution does not mandate regional quotas
| for Ministers. However, the convention of including
representation from diverse regions in the Council of
Ministers is followed to ensure inclusive governance
and consider regional interests. |"
28,"Article 156 of the Constitution of India
provides that a Governor shail hold office
for a term of five years from the date on
which he enters upon his office. Which of
the following can be deduced from this?

1. No Governor can be removed from office
till the completion of his term.

2. No Governor can continue in office
beyond the expiration of a period of five
years.

Code:",1 only,2 only,Both | and 2,Neither 1 nor 2,UPSC CSE Pre,1995.0,d,"Exp) Option d is the correct answer.
Governor can be removed from office before the completion
of his term by the President. There is not security of tenure
provided to the Governor. Article 156 also mentions that a
Governor shall continue to hold office until his successor
enters upon his office. In such case, Governor can continue
in office beyond the expiration of a period of five years.
Hence, both the statements are incorrect."
29,"Whichamong the following is/are appointed
by the President of India?

1. Chairman of the Finance Commission

2. Vice-Chairman of the Planning
Commission

3. Chief Ministers of the Union Territories

Select the correct answer by using the

following code:",1 is correct,1 and 2 are correct,1 and 3 are correct,2 and 3 are correct,UPSC CSE Pre,1994.0,c,"Exp) Option c is the correct answer
According to Article -280 (1), the Chairman of the Finance
Commission is appointed by the President. According to
Article 239 (AA) (5) the Chief Minister of the Union Territory
is appointed by the President. The Vice-Chairman of the
Planning Commission is not appointed by the President of
India."
30,"The Chief Minister of a State in India is not
eligible to vote in the Presidential election
if-",He is a candidate,"He is yet to prove his majority on the

floor of the Lower House of the State
Legislature.","He is a member of the Upper House of the
State Legislature.","He is a member of the Lower House of the
State Legislature.",UPSC CSE Pre,1993.0,c,"Exp) Option c is the correct answer
The Chief Minister of a State in India is not eligible to vote
in the Presidential election if he is a member of the Upper
House of the State Legislature.
[a
| Important Tip
The President is elected not directly by the people but by
members of electoral college consisting of:
e the elected members of both the Houses of Parliament;
e the elected members of the legislative assemblies of the
states; |
¢ the elected members of the legislative assemblies of the
Union Territories of Delhi and Puducherry."
31,"The only instance when the President of
India exercised his power of veto, is related
to-",The Hindu Code Bill,The PEPSU Appropriation Bill,The Indian Post Office (Amendment) Bill,"The Dowry Prohibition Bill

| GA | Other’ sExamination, “Previous; Years’,

_| Questions Ge",UPSC CSE Pre,1993.0,c,"Exp) Option c is the correct answer
The Bill passed by the Parliament becomes an Act only when
President gives his assent to it. The President can withhold
or refuse to give assent on Bill presented. This power is
called “Veto Power” of the President. In 1986 President Zail
Singh exercised the pocket veto with respect to the Indian
Post Office (Amendment) Bill. This Bill intended to impose
restrictions on the freedom of the press.
ee Other. Examination |; Previous ... Years’,
Linda Questions: Ee eee & a ©."
32,"Which one of the following did not serve as
Vice-President before assuming the office
of the President of India?",Neelam Sanjiva Reddy,R. Venkatraman,Dr. Shankar Dayal Sharma,Dr. Zakir Hussain,UPPCS (Pre),2022.0,a,"Exp) Option a is the correct answer
Neelam Sanjiva Reddy did not serve as Vice President
before assuming the office of the President of India. The
only unopposed President of India, Neelam Sanjiva Reddy
became the President in 1977. He was elected on 21 July 1977
and was sworn in as the sixth President of India on 25 July
1977, R. Venkatraman, Dr. Shankar Dayal Sharma, and Dr.
Zakir Hussain serve as Vice President before assuming the
office of the President of India.
Important Tips
e In India, Vice-President has the second-highest office
in the country.
« Article 63 of the Indian Constitution mentions the post
| of Vice-President. |
« There is no direct election for the Vice-President
of India however, he/she is indirectly elected by an
Electoral College.
e He acts as the ex-officio Chairman of Rajya Sabha"
33,"TheNational Disaster Management Division
in India is the nodal division in the Ministry
of Home Affairs for disaster management.

Who is the Ex-officio Chairman of the

National Disaster Management Authority?",The Prime Minister,The Home Minister,The Defence Minister,The Health and Family Welfare Minister,U.P.P.C.S. (Pre),2021.0,a,"Exp) Option a is the correct answer.

The Ex-officio Chairman of the National Disaster

Management Authority (NDMA) in India is the Prime

Minister. The NDMA is the apex body responsible for

disaster management in the country. It sets policies,

guidelines, and coordinates efforts for disaster preparedness,
mitigation, response, and recovery. As the Chairman of the

NDMaA, the Prime Minister plays a crucial role in overseeing

and guiding the country’s disaster management activities,

especially during major disasters or emergencies.
Important Tips

* The NDMA was formally constituted on 27th
September 2006, in accordance with the Disaster
Management Act, 2005 with Prime Minister as its
Chairperson and nine other members, and one such
member to be designated as Vice-Chairperson.

« Its primary purpose is to coordinate response to
natural or man-made disasters and for capacity-
building in disaster resiliency and crisis response.

e Itis also the apex body to lay down policies, plans and
guidelines for Disaster Management to ensure timely
and effective response to disasters."
34,"Which of the following gave legal basis
to extraordinary powers exercised by the

Government of India during Lockdown?



1, Mental Health Care Act, 2017

2. Disaster Management Act, 2005

3. Enemy Property Act, 1968

4. Epidemic Diseases Act, 1897

Select the correct answer from the codes

given below.","1,2 and 3","2,3 and 4",2 and 4,"1,3 and 4",U.P.P.C.S. (Pre),2020.0,c,"Exp) Option c is the correct answer.

The legal basis for the extraordinary powers exercised by

the Government of India during the lockdown is provided

by the following Acts:

« Disaster Management Act, 2005: The Disaster
Management Act, 2005, empowers the government
to take necessary measures to prevent, mitigate, and
manage disasters, including public health emergencies.
It provides the legal framework for the government to
declare disasters, issue guidelines and orders, and take
actions to control the situation.

« Epidemic Diseases Act, 1897: The Epidemic Diseases Act,
1897, gives the government the authority to take special
measures and prescribe regulations to control the spread
of epidemic diseases. This Act provides the legal basis
for the government to impose restrictions, quarantine
measures, and other necessary actions during public
health emergencies.

Therefore, the combination of the Disaster Management

Act, 2005, and the Epidemic Diseases Act, 1897, gave the

legal basis for the extraordinary powers exercised by the

Government of India during the lockdown."
35,"Consider the following statements in the
context of Attorney General of India:

1. The President shall appoint such a person
as Attorney General of India who is
qualified as to be appointed a Judge of
Supreme Court.

2. The Attorney General shall receive such
remuneration as the Parliament may
determine.

Select the correct answer using the codes

given below.",Only 1 is correct,Only 2 is correct,Both | and 2 are correct,} Neither 1 nor 2 is correct,U.P.P.C.S. (Pre),2020.0,a,"Exp) Option a is the correct answer.

Statement 1 is correct: The Attorney General of India is the

highest law officer of the country and he/she is the chief legal

advisor to the Government of India. He/she is appointed by
the President of India under Article 76 (1) of the Constitution
and holds office during the pleasure of the President. He/she

must be a person qualified to be appointed as a Judge of
the Supreme Court.

Statement 2 is incorrect: The Attorney General of India
shall receive such remuneration as the President may
determine. ‘There is no provision in the Constitution or any
other law that empowers the Parliament to determine the
remuneration of the Attorney General of India."
36,"Consider the following statements and
select your answer from the codes given
below:

1. The Governor does not have the power to
appoint a judge of a state High Court.

2. He is not a part of the Legislature.

3. He has the power to nominate some
members of the Legislative Council.

4. He has no judicial powers.

Code:",1 and 2 are correct,1 and 3 are correct,2 and 4 are correct,All are correct,U.P.P.C.S. (Pre),2017.0,b,"Exp) Option b is the correct answer.

Statement 1 is correct: The Governor does not have
the power to appoint a judge of a state High Court. The
judges of a high court are appointed by the President in
consultation with the Chief Justice of India (CJI), the
Governor of the State.

Statement 2 is incorrect: Governor is a part of the State
Legislature, In unicameral system, the state legislature
consists of the governor and the legislative assembly. In the
states having bicameral system, the state legislature consists
of the governor, the legislative council and the legislative
asseinbly.

Statement 3 is correct: Governor has the power to nominate
some members of the Legislative Council. One sixth is
nominated by the Governor from persons having knowledge
or practical experience in fields such as literature, science,
arts, the co-operative movement and social services.
Statement 4 is incorrect: Governor has judicial powers
as well. He can grant pardons, reprives, respites and
remissions of punishment any person convicted of any
offence against any law relating to a matter to which the
executive power of the state extends. He is consulted by the
president while appointing the judges of the concerned
state high court."
37,Which of the following is not true?,"The President or Governor is immune
from legal action for officials acts.","No Court can compel a Governor to
perform any duty.","A two months’ notice in writing must be
delivered to the Governor for bringing
civil proceedings in respect of their
personal acts.","Courts are empowered to enquire the
advice tendered by the Ministers to the
President or Governor.",U.P.P.C.S. (Mains),2016.0,d,"Exp) Option d is the correct answer.

Option a is correct: Article 361 provide protection to
President and Governors and Rajpramukhs. The President,
or the Governor shall not be answerable to any court for the
exercise and performance of the powers and duties of his
office or for any act done or purporting to be done by him
in the exercise and performance of those powers and duties.
Option b is correct: Writ of Mandamus issued by the court
to a public official asking him to perform his official duties
that he has failed or refused to perform. However, the writ
of mandamus cannot be issued against the president of
India or the state governors.

Option c is correct: According to Article 361, Governor
is immune from criminal proceedings only. A_ civil
proceedings can be instituted against him during his term
of office in respect of his personal acts but only after giving
two months’ notice.)

Option d is incorrect: Article 74(2) barred courts from
inquiring into the advice given by Council of Ministers to ,
President. Similarly, Article 163 mentions that advice was
tendered by Ministers to the Governor shall not be inquired
into in any court."
38,"When the same person is appointed as
a Governor of two or more States, the
emoluments and allowances payable to the
Governor shall be-","As expressed, wish of the Governor",As decided by the President,As decided by the Home Ministry,"It shall be allocated among the States in
such proportion as the President may by
order determine",U.P.P.C.S. (Mains),2016.0,d,"Exp) Option d is the correct answer.
Article 158 (3A) mentions that when the same person
is appointed as Governor of two or more States, the
emoluments and allowances payable to the Governor shall
be allocated among the States in such proportion as the
President may by order determine."
39,"Which one of the following is not correct
regarding the Presidential election?","Election of the successor must be held
before the expiry of the term of the
incumbent President.","The President shall hold office for a term
of five years from the date on which he
enters upon his office.","On the expiration ofhis term, he continues
to hold office until his successor enters
upon his office.","President’s election may be postponed on
the ground that the electoral college is
incomplete.",U.P.P.C.S. (Mains),2016.0,d,"Exp) Option d is the correct answer
The election of a person as President cannot be challenged
or postponed on the ground that the electoral college was
incomplete The President holds office for a term of five years
from the date on which he enters upon his office. However,
he can resign from his office at any time by addressing the
resignation letter to the Vice President. The President can
hold office beyond his term of five years until his successor
assumes charge. When the vacancy is going to be caused by
the expiration of the term of the sitting President, an election
to fill the vacancy must be held before the expiration of the
term."
40,"Who among the following holds his/her
office during the pleasure of the President?",Comptroller and Auditor General of India,Chief Election Commissioner,Speaker of Lok Sabha,Attorney General of India,U.P.P.C.S. (Pre),2016.0,d,"Exp) Option d is the correct answer.
The Attorney General of India is the highest law officer
of the country and he/she is the chief legal advisor to the
Government of India. He/she is appointed by the President
of India under Article 76 of the Constitution and holds
office during the pleasure of the President. He/she can be
removed by the President at any time without any reason.
pe

Important Tips

¢ The Comptroller and Auditor General of India can
be removed by the President only on an address from
both Houses of Parliament on the grounds of proved
misbehavior or incapacity.

¢« The Chief Election Commissioner can be removed by
the president on the basis of a resolution passed to that
effect by both the Houses of Parliament with special
majority, cither on the ground of proved misbchavior
or incapacity.

@ The Speaker of Lok Sabha can be removed by a
resolution passed by a majority of all the then members
of Lok Sabha after giving him/her 14 days’ notice."
41,"Given below are two statements:

Assertion (A); The President of India is
elected by indirect election.
Reason (R): There is a provision of Electoral
College consisting of the elected members
of both Houses of Parliament and elected
members of the Legislative Assemblies of the
States.
In the context of above statements select the
correct answer.","(A) is true, but (R) is false.","(A) is false, but (R) is true.","Both (A) and (R) are individually true
and (R) is the correct explanation of (A).","Both (A) and (R) are individually true,
but (R) is not the correct explanation of
(A).",U.P.P.C.S. (Mains),2015.0,c,"Exp) Option c is the correct answer

The President is elected indirectly by the people but by

members of electoral college consisting of:

e the elected members of both the Houses of Parliament;

e the elected members of the legislative assemblies of the
states;

e the elected members of the legislative assemblies of the
Union Territories of Delhi and Puducherry

Important Tips
The nominated members of both of Houses of Parliament,
the nominated members of the state legislative assemblies,
the members (both elected and nominated) of the state
legislative councils (in case of the bicameral legislature)
and the nominated members of the Legislative Assemblies
of Delhi and Puducherry do not participate in the election
of the President."
42,"In case the post of President of India falls
vacant, and there is no Vice-President also,
who among the following would be the
acting President?",Vice-Chairman of Rajya Sabha,Attorney-General of India,Lok Sabha Speaker,Chief Justice of the Supreme Court,U.P.P.C.S. (Pre) (Re. Exam),2015.0,d,"Exp) Option d is the correct answer
When the office of President falls vacant due to his
resignation, removal, death or otherwise, the Vice-president
acts as the President until the new President is clected. If
the office of Vice- President is vacant, the Chief Justice of
India acts as the President and discharges the Function of
President."
43,"Under which one of the following Articles,
the procedure for removal of the President of
India through the process of impeachment
has been laid down?",Article-53,Article-6],Article-74,Article-13,U.P.P.C.S. (Pre) (Re. Exam),2015.0,b,"Exp) Option b is the correct answer
Article 61 deals with the procedure for the impeachment
of the President, When a President is to be impeached for
violation of the Constitution, the charge shall be preferred
by cither House of Parliament. ‘The proposal to prefer such
charge is contained in a resolution which has been moved
after at least fourteen days’ notice in writing signed by not
less than one-fourth of the total number of members of
the House has been given of their intention to move the
resolution, Such a resolution cannot be passed by a majority
of not less than two-thirds of the total number of members
of that House.
important Tips |

« Article 53 - The executive power of the Union shall be
vested in the President and shall be exercised by him
either directly or through officer’s subordinate to him
in accordance with this Constitution.

« Article 74 - mentions that the Council of Ministers |
is to aid and advise the President. But generally, the |
President asks the Council of Ministers to reconsider |
the given advice, or otherwise, the President shall |
act in accordance with the advice given after such |
reconsideration. |

¢ Article 13 - This article provides a constitutional basis
for judicial review as it empowers the Supreme Court
and the High Courts to interpret pre-Constitution
laws and decide whether such laws are in line with the
values and principles of the present Constitution."
44,"Who among the following is the legal

adviser of a State Government?",The Advocate-General,The Attorney-General,The Solicitor-General,The Comptroller and Auditor General,"U.P. Lower Sub, (Pre)",2015.0,a,"Exp) Option a is the correct answer.

The Advocate General of a State is the highest law officer
of a State and advises the State Government on legal
matters. He is appointed by the Governor of a State under
Article 165 of the Constitution and holds office during his
pleasure. He gives advice to the State Government upon such

legal matters, which are referred or assigned to him by the
Governor. He also performs other duties as are assigned
to him by the Governor or conferred upon him by the
Constitution or any other law."
45,"The Vice-President may be removed from

his office by a resolution of -",Council of States,Lok Sabha,Cabinet,Council of Ministers,U.P.P.C.S. (Mains),2013.0,a,"Exp) Option a is the correct answer.
Vice-President can also be removed from the office before
completion of his term. A formal impeachment is not
required for his removal. He can be removed by a resolution
of the Rajya Sabha (Council of States) passed by an absolute
majority (ie, a majority of the total members of the House)
and agreed to by the Lok Sabha. But, no such resolution
can be moved unless at least 14 days’ advance notice has
been given. Notably, no ground has been mentioned in the
Constitution for his removal."
46,"Which of the following statements is correct
about Prime Minister of India","Prime Minister is the nominal head of the
Council of Ministers.",He is not responsible to Parliament.,He cannot dismiss any of his ministers.,"Prime Minister is the real head of the
Council of Ministers.",U.P.P.C.S. (Mains),2013.0,d,"Exp) Option d is the correct answer.
‘The Prime Minister is the real head of the Council of Ministers,
not the nominal head. The Prime Minister is responsible to
Parliament and can dismiss any of his ministers."
47,"The number of Lok Sabha members
required to table a ‘No Confidence Motion’
against the Council of Ministers is-

(U.P.P.C.S. (Mains) 2013]",30,40,50,60,,,c,"Exp) Option c is the correct answer
In India, a motion of no confidence can be introduced
only in the Lok Sabha and after at least 50 members of
Lok Sabha support it, the Speaker may grant a leave and
after considering the state of business in the House, allot a
day or days or part of a day for the discussion of the motion
(under sub-rule (2) and (3) of rule 198 of Lok Sabha Rules,
16th edition).
a
Important Tips
¢ Acharya Kripalani moved the first-ever no-confidence
motion on the floor of the Lok Sabha in August 1963,
immediately after the disastrous Sino-Indian War.
¢ As of July 2019, 27 no-confidence motions have been
moved.
¢« Prime Minister Indira Gandhi faced the most no-
confidence motions (15), followed by Lal Bahadur
Shastri and P. V. Narasimha Rao (three each), Morarji
Desai (two) and Jawaharlal Nehru, Rajiv Gandhi, Atal
Bihari Vajpayee, Narendra Modi (one each).
* The most recent no-confidence motion was against
the Narendra Modi government and accepted by the
Speaker but defeated by 325-126,"
48,"The Policy of Liberalisation, Privatisation,
and Globalisation was announced as New
Economic Policy by Prime Minister-",Rajeev Gandhi,Vishwanath Pratap Singh,P.V. Narsimha Rao,Atal Bihari Vajpayee,"U.P, Lower Sub. (Pre)",2013.0,c,"Exp) Option c is the correct answer
The New Economic Policy was announced by Prime
Minister P.V. Narsimha Rao in 1991. The policy was a major
shift from the inward-looking and protectionist economic
policies that had been followed by India since Independence.
The New Economic Policy was based on the principles of
liberalization, privatization, and globalization."
49,"Given below are two statements:
(U.P.P.C.S. (Mains) 2012]
Assertion (A): The Union Executive is
headed by the President of India.
Reason (R): There is no limitation on the
power of the President.
In the context of the above which of the
following is correct?","Both (A) and (R) are true, and (R) is the
correct explanation of (A).","Both (A) and (R) are true, but (R) is not
the correct explanation of (A).","(A) is true, but (R) is false.","(A) is false, but (R) is true.",,,c,"Exp) Option c is the correct answer
The Union executive consists of the President, the Vice
President, the Prime Minister, the council of ministers and
the attorney general of India. All executive actions of the
Government of India are formally taken in the name of the
President. He is the chief executive head of the Union.
Hence Assertion (A) is correct. The President of India has
been made only a nominal executive; the real executive being
the Council of Ministers headed by the Prime Minister. There
are limitations on the power of the President and does not
enjoy unlimited power. Hence Reasoning (R) is incorrect."
50,"Who among the following Presidents of
India was associated with Trade Union
Movement?",V. V. Giri,N. Sanjiva Reddy,K.R. Narayanan,Zakir Hussain,U.P P.C.S.(Pre),2012.0,a,"Exp) Option a is the correct answer
V.V. Giri was closely associated with the labor and trade
union movement in India throughout his career. Giri was a
founding member of the All-India Railway men’s Federation
which was formed in 1923 and served as its general secretary
for over a decade. He was elected president of the All-India
Trade Union Congress for the first time in 1926, In 1929, the
Indian Trade Union Federation (ITUF) was formed by Giri,
N. M. Joshi, and others with V. V. Giri as the president."
51,"The Vice-President of India is elected by the
members of an electoral college comprising -","Only elected members of both the Houses
of Parliament.","All the members of both the Houses of
Parliament.","Only elected members of Rajya Sabha and
State Assemblies.",Only elected members of State Assemblies.,U.P.P.C.S. (Mains),2012.0,b,"Exp) Option b is the correct answer.
The Vice-President, like the President, is elected not directly
by the people but by the method of indirect election. S/he is
elected by the members of an electoral college consisting of
the members of both Houses of Parliament.
oa
Important Tips
| ¢ The original Constitution provided that the Vice-
President would be elected by the two Houses of
Parliament assembled at a joint meeting.
e This cumbersome procedure was done away by the
11th Constitutional Amendment Act of 1961"
52,"Consider the following statements and
select the correct answer from the code
given below:

1. The executive power of the Union is
vested in the Prime Minister.

2. The Prime Minister is appointed by the
President.

3. The Prime Minister is the head of the
Council of Ministers.

4, The Prime Minister, at the time of his
appointment, needs not be a member of
either House of Parliament.

Code:","Only 1, 2 and 4 are correct.","Only 1, 2 and 3 are correct.","Only 2, 3 and 4 are correct.","Only 1, 3 and 4 are correct.",U.P.P.C.S. (Mains),2011.0,c,"Exp) Option c is the correct answer
Statement 1 is incorrect: Article 53 of the Constitution
of India says that the executive power of the union shall be
vested in President.
Statement 2 is correct: The President appoints the Prime
Minister following the convention of inviting the leader
of the majority party or group in the Lok Sabha to form
the government. The appointed leader becomes the Prime
Minister..
Statement 3 is correct: Article 75 provide for the Council
of Ministers with the Prime Minister at the head to aid and
advice the President and he shall act in accordance with such
advice while exercising his functions.
Statement 4 is correct: ‘The person who is not a member
of either house of Parliament can be appointed as Prime
Minister. But within six months he should become a member
of either house of Parliament otherwise he ceases to be the
Prime Minister."
53,"Which of the following statements is not
true regarding the Parliament of India?","The Constitution provides for a
Parliamentary form of Government.","The function of Parliament is to provide
for a Cabinet.","The membership of the cabinet is
restricted to the Lower House.","The cabinet enjoys the confidence of the

: majority in the popular chamber of the
house.",U.P.B.C.S. (Pre),2011.0,c,"Exp) Option c is the correct answer

In India’s parliamentary system, members of the cabinet can

be drawn from both houses of Parliament, ie., the Lower

House (Lok Sabha) and the Upper House (Rajya Sabha). This

provision allows for a broader representation and expertise

to be included in the cabinet."
54,"Whoamongst the following is considered to

be the first law officer of the Govt. of India?",Chief Justice of India,Solicitor-General,Attorney-General,Advocate-General,U.P.P.S.C. (SpI) (Pre),2010.0,c,"Exp) Option c is the correct answer.

The Attorney-General is considered to be the first law

officer of the Government of India. The Attorney-General

represents the Government of India in legal matters and
provides legal advice to the government. The Solicitor-

General and Advocate-General are legal officers, but they do

not hold the position of the first law officer at the national

level.

« The Solicitor General of India is the second-highest law
officer of the country and assists the Attorney General in
his/her functions.

¢ The Advocate General of a State is the highest law officer
of a State and advises the State Government on legal
matters."
55,"Which one of the following statements
about the President of India is not correct?
(U.P.P.C.S. (Mains) 2010]",He is a constituent part of Parliament.,"He participates in the discussions in the
both Houses.","He addresses the joint meeting of both
the Houses every year.","He can promulgate ordinances in certain
situations.",,,b,"Exp) Option b is the correct answer

The President is the Head of the executive as well as a

constituent part of Parliament. Though the President of

India is a constituent part of Parliament, he docs not sit or

participate in the discussions in either of the two Houses.

| Important Tips |

| Article 87 of the constitution provides two instances |

when the President specially addresses both Houses of

p Y

| Parliament. The President of India addresses both the

| Rajya Sabha and the Lok Sabha at the beginning of the first

| Session after each general election when the reconstituted

lower house meets for the first time. The President also

| addresses both the houses at beginning of the first session

| of each year.

| The President has been cmpowered to promulgate

| Ordinances based on the advice of the central government

| under Article 123 of the Constitution"
56,"Which one of the following motions, the
Council of Ministers in India can move?
(U.P.P.C.S. (Mains) 2010]",No-Confidence Motion,Censure Motion,Adjournment Motion,Confidence Motion,,,d,"Exp) Option d is the correct answer

The Council of Ministers in India can move a Confidence

Motion in the Lok Sabha. This is a motion that asks the

Lok Sabha to express its confidence in the Council of

Ministers. If the Lok Sabha passes the Confidence Motion,

the Council of Ministers remains in power. However, if the

Lok Sabha does not pass the Confidence Motion, the Council

of Ministers must resign.

| Important Tips

'e No-Confidence Motion: This is a motion that is moved

by the opposition parties in the Lok Sabha. It asks

the Lok Sabha to express its lack of confidence in the

; Council of Ministers. If the Lok Sabha passes the No- |

| Confidence Motion, the Council of Ministers must

| resign.

|. Censure Motion: This is a motion that is moved by the

opposition parties in the Lok Sabha. It expresses the
disapproval of the Lok Sabha for the policies or actions
of the Council of Ministers. However, the Censure

Motion does not force the Council of Ministers ta

resign.

¢ Adjournment Motion: The adjournment motion is
introduced in the Parliament to draw the attention
of the House to a definite matter of urgent public
importance and needs the support of 50 members to
be admitted. It is regarded as an extraordinary device
because it interrupts the normal business of the House."
57,The Office of the Deputy Prime Minister,"Was created under the original
Constitution.",Is an extra-Constitutional growth.,Was created by 44th Amendment.,Was created by the 85th Amendment.,U.P.P.C.S. (Mains),2009.0,b,"Exp) Option b is the correct answer
The Constitution of India does not mention the office of
the Deputy Prime Minister. It is an informal position that
is created by the Prime Minister to assist him or her in
the discharge of their duties. The Deputy Prime Minister
is not a constitutional functionary and does not have any
special powers or privileges. It is thus an extra constitutional
growth.
Important Tips |
Deputy Prime Ministers of India
¢ India has had seven Deputy Prime Ministers since

1947.

o Vallabhbhai Patel was the first, serving from 1947
until his death in 1950.

0 Morarji Desai became the second in 1967 and
had the second-longest tenure. Charan Singh and
Jagjivan Ram succeeded him.

° Devi Lal represented two parties in the same post.

¢ Lal Krishna Advani was the last Deputy Prime

Minister until the post became vacant intermittently,"
58,"The approval of ordinance promulgated by
Governor is necessary-",By President,By the State Legislature,By the Ministers of Council of State,None of the above,U.P.P.C.S. (Spl) (Mains),2008.0,b,"Exp) Option b is the correct answer.
The approval of ordinance promulgated by Governor is
necessary by the State Legislature. An ordinance issued by
Governor should be laid before the legislative assembly or
both the Houses of the state legislature (in case of a bicameral
legislature) when reassembles.

~— ——-—----

Important Tips !
Ordinance Making power of Governor:
« Article 213 deals with the power of the Governor to
legislate through ordinances. His power of ordinance
making is quite similar to the President’s power.

me nnn nn a

¢ He can promulgate ordinance when the Legislative |
Assembly is not in session in case of the unicameral
legislature or when both Legislative assembly and |
council are not in session in case of a Picameral
legislature

« His ordinance-making power is co-extensive with the |
legislative power of the state legislature. This means |
that he can issue ordinances only on those subjects on
which the state legislature can make laws. |

+ An ordinance issued by him has the same force and |
effect as an act of the state legislature. |

¢ The ordinance introduced by him can be withdrawn
anytime. |

» His power to promulgate ordinance is not a
discretionary power. Council of Ministers’ (headed by
CM) advice is a pre-requisite.

e An ordinance issued by him ceases to operate on the
expiry of six weeks from the reassembly of the state
legislature. It may cease to operate even earlier than
the prescribed six weeks, if a resolution disapproving
it is passed by the legislative assembly and is agreed
to by the legislative council (in case of a bicameral
legislature)."
59,"A Member of Parliament or a State
Legislature can be elected as President but","He will have to resign from his seat before
contesting the clection","He will have to relinquish his seat within
6 months of his election","He will have to relinquish his seat as soon
as he is elected",An MP can contest but an MLA can not,U.P.P.C.S. (Spl) (Mains),2008.0,c,"Exp) Option c is the correct answer

The President shall not be a member of either House of
Parliament or of a House of the Legislature of any state and if
any such member is elected President he shall be claimed to
have vacated his seat in that House on the date on which he
enters upon office as President i.e., he will have to relinquish
his seat as soon as he is elected."
60,"Which of the following is incorrect about
the powers of the President of India?","The President should accept the advice of
Supreme Court",Emergency powers,"Power of extension of President’s Rule in
States","President can accept or reject the advice
of the Supreme Court",U.P.P.C.S. (Spl) (Mains),2008.0,a,"Exp) Option a is the correct answer

The President can seek advice from the Supreme Court on
any question of law or fact. However, the advice tendered by
the Supreme Court is not binding on the President."
61,"Which one of the following has the power to
initiate the Motion of Impeachment of the
President of India?",Both the Houses of the Parliament,Lok Sabha,Rajya Sabha,Speaker of the Lok Sabha,U.P.P.C.S. (Mains),2007.0,a,"Exp) Option a is the correct answer

The impeachment charges can be initiated by either House
of Parliament i.e. Lok Sabha or Rajya Sabha. These charges
should be signed by one-fourth members of the House (that
framed the charges), and a 14 days’ notice should be given to
the President."
62,"Given below are two statements:
Assertion (A): The President is the part of
the Parliament.
Reason (R): A Bill passed by the two Houses
of Parliament cannot become law without the
assent of the President.
In the context of the above, which one of the
following is correct?","Both (A) and (R) are true, and (R) is the
correct explanation of (A).","Both (A) and (R) are true, but (R) is not
the correct explanation of (A).","(A) is true, but (R) is false.","(A) is false, but (R) is true.",U.P.P.C.S. (Mains),2007.0,a,"Exp) Option a is the correct answer

Assertion is correct. Legislature of the Union, which is
calied Parliament, consists of the President and two Houses,
known as Council of States (Rajya Sabha) and House of the
Peopie (Lok Sabha). Thus the President is an integral part of
the Parliament of India.

Reason is correct explanation for Assertion. A Bill is a
statute in draft and cannot become law unless it has received

the approval of both the Houses of Parliainent and the assent
of the President of India. Hence the President is considered
as an integral part of the Parliament of India."
63,"The Constitution authorizes the President
to make provisions for discharge of duties of
Governors in extraordinary circumstances
under",Article 160,Article 162,Article 165,Article 310,U.P.P.C.S. (Mains),2007.0,a,"Exp) Option a is the correct answer
Article 160 in the Indian Constitution provides for the
discharge of the functions of the Governor in certain
contingencies. It states that the President may make such
provision as he thinks fit for the discharge of the functions
of the Governor of a State in any contingency not provided
Chapter II of the Constitution.

Important Tips

« Article 162 is related with the extent of executive power
of State.

« Article 165 talks about Advocate-General for the State.
The Governor of each State shall appoint a person who
is qualified to be appointed as a Judge of a High Court
to be Advocate General for the State.

« Article 310 guarantees the right to hold a civil post in
the Union or a state to any citizen of India, subject to
the provisions of the Constitution and any law made by
Parliament or the state legislature"
64,"Which one of the following is not
Constitutional Prerogative of the President
of India?","Returning an ordinary’ Bill for
reconsideration","Returning a financial bill for
reconsideration",Dissolving the Lok Sabha,Appointing the Prime Minister,U.P.P.C.S. (Mains),2007.0,b,"Exp) Option b is the correct answer

Constitutional prerogative refers to the President’s
constitutionally based authority to declare policy, take
action, and make law without congressional support or
in the face of inconsistent congressional legislation. The
President may either give or withhold assent to a Money
Bill. Under the Constitution of India, a Money Bill cannot be
returned to the House by the President for reconsideration.
Hence, returning a money bill for reconsideration is not a
constitutional prerogative of the president of India."
65,"Which of the following types of authority
are attributed to the President of the India?
1. Real and Popular
2. Titular (formal) and De jure
3. Political and Nominal
4. Constitutional and Nominal
Select the correct answer from the code given
below:",land3,2 and 3,land4,2and4,U.P.P.C.S. (Mains),2006.0,d,"Exp) Option d is the correct answer

The president is the de jure head of country in contrast to
the prime minister and the Prime Minister is referred to
as de facto head of state. President is called de jure head of
India because he is the head of the state not the head of the
government. The President of India is referred to as a Nominal
Head of State because India follows the parliamentary system
of the Government. In reality, the power is exercised by the
Council of Ministers and it is headed by the Prime Minister
of India, The President of India takes decisions on behalf
of the Prime Minister (PM). Hence, Titular (formal) and
De jure; and Constitutional and Nominal authority are
attributed to the President of the India"
66,"Who has the Constitutional Power to
declare a geographical area as a ‘Scheduled
Area’?",Governor,Chief Minister,Prime Minister,President,U.P.B.C.S. (Pre),2006.0,d,"Exp) Option d is the correct answer

The President of India is the head of the country. He can
declare any area as a scheduled area and has powers with
respect to the administration of scheduled areas and tribal
areas

eT
Important Tips
Executive Powers of President:
e Ife appoints the attorney gencral of India and
determines his remuneration.
« He appoints the following people:
e Comptrolier and Auditor General of India (CAG)
¢ Chief Election Commissioner and other Election |
Connmnissioners
¢ Chairman and members of the Union Public Service
Commission
» State Governors
« Finance Commission of India chairman and
members
«+ He appoints National Commissions of Scheduled
Castes, Scheduled ‘Tribes, Other Backward Classes.
¢ He appoints administrators of union territories."
67,"Given below are two statements:

Assertion (A): The Supreme Command of

the Defence Forces is vested in the President.

Reason (R): The President’s powers as

Commander-in-Chief are independent of

Legislative Control.

In the context of the above, select the

correct answer using the code given below:","Both (A) and (R) are true, and (R) is the
correct explanation of (A).","Both (A) and (R) are true, but (R) is not a
correct explanation of (A).","(A) is true, but (R) is false.","(A) is false, but (R) is true.",U.P.P.C.S. (Mains),2005.0,c,"Exp) Option ¢ is the correct answer
The President of India is the supreme commander of the
defence forces of India. In that capacity, he appoints the chiefs
of the Army, the Navy and the Air Force. Hence Assertion
(A) is correct. He can declare war or conclude peace, subject
to the approvalof the Parliament. The President’s powers as
Commander-in-Chief are not independent of Legislative
Control. Hence Reasoning (R) is incorrect."
68,"Which of the following statements about
the Vice-President of India are not correct?
1. In order to be the Vice-President, a

person must be qualified for election as a
member of the House of the People.

2. A member of the State Legislature can be
a candidate for this office.

3. The term of the Office of the Vice-
President is the same as that of the
President.

4. He can be removed through a formal
impeachment.

Select the correct answer using the code given

below:",1 and 2 only,2 and 3 only,1 and 4 only,3 and 4 only,U.PP.C.S. (Mains),2005.0,c,"Exp) Option c is the correct answer.
Statement 1 is ie: correct: To be eligible for the office of
Vice-President ~* india, a person must be qualified for
election as a member of the Rajya Sabha (the upper house
of Parliament), not the House of the People (Lok Sabha, the
lower house of Parliament’
Statement 2 is correct: A member of a State Legislature can
be a candidate for the office of Vice-President of India.
Statement 3 is correct: The term of the office of the Vice-
President of India is the same as that of the President. Both
hold office for a term of five years.
Statement 4 is incorrect: The Vice-President of India
cannot be removed through a formal impeachment process.
Unlike the President, who can be impeached by Parliament
for violation of the Constitution, there is no provision for
impeachment of the Vice-President. The Vice-President can
only be removed by a resolution passed by a majority of the
members of the Rajya Sabha present and voting"
69,"Which one of the following is presided over
by one who is not its member?



 Lok Sabha",,Vidhan Sabha,Rajya Sabha,Council of Ministers,U.P.B.C.S. (Mains),2004.0,c,"Exp) Option c is the correct answer.
The Rajya Sabha is presided over by the Vice-President of
India, who is not a member of the Rajya Sabha. As per the
provisions of the Indian Constitution, the Vice-President
serves as the ex-officio Chairman of the Rajya Sabha. This
means that the Vice-President, in their capacity as the
Chairman, presides over the sessions of the Rajya Sabha,

maintains order, and ensures the smooth functioning of
the house, even though they are not a member of the Rajya
Sabha."
70,"The Governor of a State-

1. Is appointed by the President.

2. Holds office during the pleasure of the
President.

3. Is the head of the State’s Executive Power.

4. Normally holds office for five years.

Select the correct answer from the codes

given below: U.P.B.C.S. (Mains) 2004]",land2,"1,2 and 3",2and4,"1,2, 3 and 4",,,d,"Exp) Option d is the correct answer.
Statement 1 is correct: According to Article 155, the
Governor of a State shall be appointed by the President by
warrant under his hand and seal.
Statement 2 and 4 are correct: Article 156 of the Indian
Constitution deals with the term of office of Governor.
The Governor shall hold office during the pleasure of the
President. The Governor may, by writing under his hand
addressed to the President, resign his office. A Governor
shall hold for a term of five years from the date on which
he enters upon his office. Provided that a Governor shall
continue to hold office until his successor enters upon his
office.
Statement 3 is correct: According to Article 154, the
executive power of the State shall be vested in the
Governor and shall be exercised by him either directly or
through officers subordinate to him in accordance with the
Constitution of India."
71,"Which one of the following statements
about the Governor of an Indian State is not
true?",He is appointed by the President of India,"He can be Governor of more than one

Stale",He holds office for a term of five years,"He can be removed earlier if the
Legislature of the concerned State passes
a resolution for his removal",U.P. Lower Sub. (Pre),2004.0,d,"Exp) Option d is the correct answer.
The Constitution does not provide any power to state
legislature related to removal of Governor. He cannot be
removed earlier if the Legislature of the concerned State
passes a resolution for his removal."
72,"Under which of the following Article of
Indian Constitution the Governor may
reserve a Bill for the consideration of the
President?",Article 169,Article 200,Article 201,Article 202,U.P. Lower Sub. (Pre),2004.0,b,"Exp) Option b is the correct answer.
Under Article 200 of Indian Constitution, the Governor may
reserve a Bill for the consideration of the President. After bill has
been passed by both Houses of the Legislature of the State, it shall
be presented to the Governor and the Governor shall deciare
cither that he assents to the Bill or that he withholds assent
therefrom or that he reserves the Bill for the consideration of
the President.
Important Tips
| Other Articles given in the question:
|
| Article 169:
|* Article 169 of the Constitution allows Parliament ‘0 |
' either create or abolish a Legislative Council in a
| state if the Legislative Assembly of the State passes a |
resolution to that effect. |
| Article 201: |
e Article 201 deals with procedure followed in case of |
‘Bills Reserved for Consideration’ of the President. |
Article 202:
e Under Article 202 of the Constitution of India, a
statement of the estimated receipts and expenditure of |
the State for each financial year has to be laid before the |
State Legislature, referred to as the “annual financial |
statement”. J"
73,"Who among the following Chief Justices of
India also acted as the President of India?",Justice M. C. Mahajan,Justice M. Hidayatullah,Justice PN. Bhagwati,Justice B.K. Mukherjee,U.P.P.C.S. (Mains),2003.0,b,"Exp) Option b is the correct answer
In May 1969 when president Dr, Zakir Hussain died, the
then vice-president V.V. Giri was acting as the President.
But he resigned from his post of Vice-president to contest
the presidential election. Then the Chief Justice of India M.
Hidayatullah worked as the officiating president.

Important Tips

* Mohammad Hidayatullah was the 11th Chief Justice of
India.

* He had also served as the Acting President of India
from 20 July 1969 to 24 August 1969 and from 6
October 1982 to 31 October 1982."
74,"The original plan in the draft Constitution
for having elected Governors was dropped
because-

1. It would have meant another election.

2. The election would have been fought on
major political issues.

3. The elected Governor might have
considered himself superior to the Chief
Minister.

4. The Governor had to function under the
Parliamentary System.

Select the correct answer from the code given

below:",land 2,2and 3,"1,3 and 4","2,3 and 4",U.P.U.D.A./L.D.A. (Pre),2002.0,c,"Exp) Option c is the correct answer.
The Draft Constitution provided for the direct election of
the governor on the basis of universal adult suffrage. But this
plan was dropped due to various reasons. Like, it would have
meant another election; the elected Governor might have
considered himself superior to the Chief Minister; and the
Governor had to function under the Parliamentary System.
However, ‘the election would have been fought on major
political issues’ is not the reason for it. Hence, option c is
correct answer.

Important Tips

The Constituent Assembly opted for the present system

of appointment of governor by the president because of

the following reasons:

+ The direct election of the governor is incompatible
with the parliamentary system established in the states.

«+ The mode of direct election is more likely to create
conflicts between the governor and the chief ministex.

« The governor being only a constitutional (nominal)
head, thereis no pointin making elaborate arrangements
for his election and spending huge amount of money.

- It is not in the national interest to involve a large
number of voters in such an election.

e Anelected governor would naturally belong to a party
and would not be a neutral person and an impartial
head.

¢ The election of governor would create separatist
tendencies and thus affect the political stability and
unity of the country.

¢ The system of presidential nomination enables the
Centre to maintain its control over the states.

e ‘The direct election of the governor creates a serious
problem of leadership at the time of a general election

| in the state.

| « The chief minister would like his nominee to contest

| for governorship. IIence, a second rate man of the
ruling party is elected as governor."
75,"Who of the following was elected President
of India unanimously?",S. Radhakrishnan,V. V. Giri,N. Sanjiva Reddy,Gyani Zail Singh,U.P.P.C.S. (Pre),1998.0,c,"Exp) Option ¢ is the correct answer

Neclam Sanjiva Reddy was one of the foremost political

leaders from Andhra Pradesh. He participated in various

freedom struggles against the British and was imprisoned

several times. He was elected unopposed, the only President

to be elected thus, afler being unanimously supported by all

political parties including the opposition Congress party.
Important Tips

e When the Andhra Province was separated from Madras
and T. Prakasam became the Chief Minister of Andhra,
Sanjeeva Reddy was appointed Deputy Chief Minister.

« When the new state of Andhra Pradesh was constituted
Sanjeeva Reddy became its first Chief Minister and
served in that capacity from 1956 to 1959.

« He again became the Chief Minister of Andhra Pradesh
in 1962 for one year"
76,"Consider the following statements in
relation to Governor of a State in India-

1. He must be a citizen of India by birth.

2. Must have completed the age of 35 years.

3. He must be eligible to be a member of the
Lok Sabha.
4. He may be appointed as Governor for two
or more states.
Which of these is/are correct?",l and 2 are correct,"1, 2 and 3 are correct
(c} 3 and 4 are correct",,2 and 4 are correct,U.P. Lower Sub. (Pre),1996.0,d,"Exp) Option d is the correct answer.
Statement 1 is incorrect: The Constitution lays down only
two qualifications for the appointment of a person as a
governor. One of them is: He should be a citizen of India.
But it is not specified that he must be citizen of India by
birth.
Statement 2 is correct: Second qualifications for the
appointment of a person as a governor is: He must have
completed the age of 35 years.
Statement 3 is incorrect: ‘He must be eligible to be
a member of the Lok Sabha is not mentioned in the
constitution. There is no such provision. However, this
statement stands true in case of President.
Statement 4 is correct: Usually, there is a governor for
each state, but the 7th Constitutional Amendment Act of
1956 facilitated the appoin.tment of the same person as a
governor for two or more states."
77,The Solicitor General of India is:,An Administrative Officer,"A Legal Adviser
(c} An adviser to Prime Minister",,"A law officer for giving advice to the
President of India",U.P.P.C.S. (Pre),1994.0,b,"Exp) Option b is the correct answer.
The Solicitor General of India is the second-highest law
officer of the country and assists the Attorney General of
India, the highest law officer and chief legal adviser to the
Government of India. The SGI advise the Government and
appear on behalf of the Union of India in terms of the Law
Officers (Conditions of Service) Rules, 1972.

Important Tips |

« The Appointments Committee of the Cabinet (ACC)
recommends the appointment and officially appoints
the Solicitor General. Article 76 does not mention the
solicitor general and additional solicitor general.

¢ The proposal for appointment is generally moved by
the Law Secretary in the Department of Legal Affairs
and approved by the Minister of Law & Justice.

e The Solicitor General is assisted by Additional Solicitors
General of India, who are also statutory posts.

e The first Solicitor General of India was C. K. Daphtary,
who was appointed on 28 January 1950. He later
became the Attorney General of India in 1963"
78,"Consider the following statements and
choose the correct answer from the code
given below:

Assertion(A): Ministers make policy and

civil servants adhere to that policy.

Reason(R): Parliamentary form of

government works on the principle of

“Cabinet Collective Responsibility.

Code:","Both (A) and (R) are true, and (A) is
correct explanation of (R).","Both (A) and (R) are true, and (A) is not
the correct explanation of (R).","(A) is true, (R) is false.","(A) is false, (R) is true.",U.P.P.C.S. (Pre),1993.0,b,"Exp) Option b is the correct answer

Assertion (A) is true: In a parliamentary form of
government, the ministers are responsible for formulating
and implementing government policies. The civil servants
are responsible for providing advice and assistance to the
ministers, but they do not have the authority to make policy
decisions.

Reason (R) is true: Cabinet collective responsibility,
also known as collective ministerial responsibility, is
a constitutional convention in parliamentary systems
that members of the cabinet must publicly support all
governmental decisions made in Cabinet, even if they do not
privately agree with them.

(A) is not the correct explanation of (R): The fact that
ministers make policy decisions and civil servants adhere to
those policies is a general characteristic of how governments
function, not necessarily specific to the principle of ‘Cabinet
Collective Responsibility’."
79,"To whom is the Governor of a State
responsible?",Prime Minister,President,Legislative Assembly,Chief Minister,U.P.P.C.S. (Pre),1992.0,b,"Exp) Option b is the correct answer.

The Governor of a state is responsible to the President of
India. Under article 153, there shall be a governor of each
state. President appoints Governor by warrant under his
hand or seal."
80,"The procedure of Impeachment of the
President of India is -

(R.A.S./R.T.S. (Pre) 2016]",Quasi-Judicial Procedure,Executive Procedure,Judicial Procedure,Legislative Procedure,,,a,"Exp) Option a is the correct answer.

The President can be removed from office by a process of
impeachment for ‘violation of the Constitution. However,
the Constitution does not define the meaning of the phrase
‘violation of the Constitution. The process of impeachment
is a quasi-judicial procedure of the Parliament."
81,"According tothe Constitution, which among
the following is literally not a ‘Power’ of the
President of India?",Promulgation of Ordinances,To consult the Supreme Court,To send messages to Houses of Parliament,To grant Pardon,R.A.S./R.T.S.(Pre),2013.0,c,"Exp) Option c is the correct answer

The powers of the Indian President can be broadly classified
under 8 headings.

¢ Legislative - Promulgation of Ordinances

e Executive or Appointment powers

e Judicial powers ~ To consult Supreme Court

¢ Financial power

« Diplomatic powers

« Military powers

« Pardoning Powers - To grant Pardon

* Emergency powers

Article 86 of the constitution states that the president can
send messages to the Houses of Parliament relating to bills

pending or otherwise. Thus it is literally not a power of

President."
82,"Consider the following and select the
correct answer by using the code given
below:

1. The Governor shall take oath or
affirmation before entering upon his
office.

2. The format of oath or affirmation is
given in the Vhird Schedule of Indian
Constitution.

3. The Governor shall make and subscribe
to the oath or affirmation in the presence
of Chief Justice of the High Court or in
his absence senior most Judge of that
Court.

4, The process of oath and affirmation
is given in Article 159 of Indian
Constitution.

Code:  2013]","(1), (2) and (3)","(1), (3) and (4)",(1) (2) and (4),"(1), (2), (3) and (4)",R.A.S./R.T.S.(Pre,,b,"Exp) Option b is the correct answer.
Statement 1, 3 and 4 are correct: Article 159 deals with
Oath or affirmation by Governor, Before entering upen his
office, the governor has to make and subscribe to an oath
or affirmation. The Governor shall make and subscribe
to the oath or affirmation in the presence of Chief Justice
of the High Court or in his absence senior most Judge of
that Court. In his oath, the governor swears: (a) to faithfully
execute the office; (b) to preserve, protect and defend the
Constitution and the law; and (c) to devote himself to the
service and well-being of the people of the state.
Statement 2 is incorrect: The format of oath or affirmation
is not given in the Third Schedule of Indian Constitution.
The third Schedule contains the “Forms of Oaths or
Affirmations” of various constitutional posts. However,
the oaths or Affirmations for the post of Governor or
President are not included in this schedule.
[ Important Tips |
| The third schedule of the Indian Constitution contains |
| the forms of oath and affirmation for: |
| « Union Ministers of India |
| ¢ The candidates for election to the Parliament
| « The Members of Parliament (MPs) |
| * The Judges of Supreme Court
¢ The Comptroller and Auditor General of India

e State Ministers

e ‘The candidates for election to the state legislature

+ The members of the state legislature |

¢ The judges of the High Courts |"
83,"Which Indian state had the first woman
Chief Minister?",U.P.,Bihar,Tamil Nadu,Delhi,R.A.S./R.T.S.(Pre),2003.0,a,"Exp) Option a is the correct answer.
The first woman Chief Minister of India was Sucheta
Kripalani. She was a freedom fighter and a politician who
served as the fourth Chief Minister of Uttar Pradesh from
1963 to 1967.

Important Tips

About Sucheta Kripalani:

¢ She was a member of the Constituent Assembly
that drafted the Indian Constitution and the founder
president of the All India Wonien Congress (AIWC),

e She was married to Acharya JB Kripalani, a former
Congress president and a Gandhian Icader.

e She became the first woman Chief Minister of India
on October 2, 1963, after Chandra Bhanu Gupta
resigned as the Chief Minister of Uttar Pradesh under

___K Kamaraj’s plan. J

» She led the Congress party to victory in the 1967 state |
elections, but resigned shortly after due to internal !
conflicts in the party"
84,"Inthe order of precedence ofthe government
of India which of the following come/comes
above the Chief Justice of India?",Attorney General of India,Former President,Chief of Staffs,Speaker of Lok Sabha,R.A.S./R.T.S.(Pre),1997.0,b,",
Exp) Option b is the correct answer
In the order of precedence of the government of India,
Former President’s comes above the Chief Justice of India.
The order of precedence of important functionaries is given
below.
1. President
2. Vice-President
3. Prime Minister
4, Governors of States within their respective States
« Former Presidents

« 5A. Deputy Prime Minister
e Chief Justice of India"
85,"The President holds office for a term of 5
years from date on -",Which he/she is elected,Which is decided by Parliament,"Which he enters upon his office/hold his
office",Which is decided by Election Commission,"R.A.S./R.T.S, (Pre)",1996.0,c,"Exp) Option c is the correct answer
The President holds office for a term of five years from
the date on which he enters upon his office. However, he
can resign from his office at any time by addressing the
resignation letter to the Vice President. Further, he can also
be removed from the office before completion of his term by
the process of impeachment."
86,"Which of the following is required under
Article 108 of the Constitution of India to
summon a joint sitting of the two houses of
Parliament?",Intention of the President,Satisfaction of the President,Instruction of the President,Consent of the President,M.P.P.C.S. (Pre),2021.0,a,"Exp) Option a is the correct answer
Article 108 of the Constitution empowers the President to
summon a joint session of both houses “for the purpose
of deliberating and voting on the Bill”. The President may,
unless the Bill has elapsed by reason of a dissolution of the
House of the People, notify the Houses by message if they
are sitting or by public notification if they are not sitting, his
intention to summon them to meet in a joint sitting for the
purpose of deliberating and voting on the Bill.

Important Tips

¢ Joint Sitting is presided over by the Speaker of the Lok
Sabha or in his absence by the Deputy Speaker of the
Lok Sabha or in his absence, the Deputy-Chairman of
the Rajya Sabha.

« In no case, the joint sitting is presided over by the
chairman of the Rajya Sabha,"
87,"Match the following States and their
respective Chief Ministers, who became
Prime Minister of India:
| A. P.V. Narasimha 1. Undivided Uttar
| Rao Pradesh
B. Morarji Desai 2. Undivided

Andhra Pradesh
|C. H.D. Devegowda |3. Gujarat
| D. Charan Singh 4. Karnataka
Code: 

A BCODeE",4 5 2 1 3,4 2 5 1 3,2 1 4 5 3,2 5 4 1 3,M.P.P.C.S. (Pre),2020.0,d,"Exp) Option d is the correct answer

+ Charan Singh was the Chief Minister of Undivided Uttar
Pradesh from 1967 to 1968, and again in 1970. He was the
Prime Minister of India for a brief period in 1979-1980.

e PV. Narasimha Rao was the Chief Minister of Undivided
Andhra Pradesh from 1971 to 1973, He was the Prime
Minister of India from 1991 to 1996.

¢ HD. Devegowda was the Chicf Minister of Karnataka
from 1994 to 1996. He was the Prime Minister of India
for a brief period in 1996-1997,

« Narendra Modi was the Chief Minister of Gujarat from
2001 to 2014. He is the Prime Minister of India since
2014.

* Morarji Desai was the Chief Minister of Bombay (now
Mumbai) from 1952 to 1956. He was the Prime Minister
of India from 1977 to 1979,"
88,The President can dissolve Lok Sabha on-,Recommendation of Chief Justice of India,Lok Sabha’s recommendation,Recommendation of the Union Cabinet,Rajya Sabha’s recommendation,M.P.P.C.S. (Pre),1999.0,c,"Exp) Option c is the correct answer

The president of India is not directly elected by the people of

India but is rather elected indirectly by the cabinet members.

Hence, the president does not exercise direct powers but has

subordinate powers. This means that the president needs the

approval of the Prime Minister and the cabinet members,
except in very rare cases. As the Lok Sabha is run by the

Cabinet members and the Prime Minister, the president can

dissolve the Lok Sabha on the recommendation of the Prime

Minister or the Union Cabinet."
89,"Who prepares the President’s address to
Parliament?",President himself,Speaker of Lok Sabha,Chairman of Rajya Sabha,Central Cabinet,M.P.P.C.S. (Pre),1998.0,d,"Exp) Option d is the correct answer

The President’s Address to the Parliament is prepared

by the Union Cabinet because the real executive power is

vested in the Union Cabinet. All executive power is vested
in the President of India. The council of minister headed by

Prime Minister aids and advises the President who exercises

his powers in accordance with the advice."
90,"Who is the topmost civilian officer in
Government of India?",Home Secretary,Defence Secretary,Cabinet Secretary,Lt. Governor of Delhi,M.P.P.C.S. (Pre),1998.0,c,"Exp) Option c is the correct answer

The Cabinet Secretary is the top-most executive official and

senior-most civil servant of the Government of India. All

other functionaries like Defence Secretary, Home Secretary
and Lt. Governor comes below the Cabinet Secretary in the
order of preference.
Important Tips
| « The Cabinet secretary is the head of all civil services in
India and is the senior-most IAS officer of the country.

» A cabinet secretary has many responsibilities, and the
person holding the position is also the ex-officio head
of the civil services.

* He is directly accountable to the prime ministers and
heads various country authorities.

« ‘The Cabinet secretary is answerable to the prime
minister and the president and vice-president of
the country where he should pass on all the major
information of the decisions made by the cabinet and
its activities to the head of the country."
91,"For how long can the Vice-President act
as President when the President cannot
perform his duties for reasons of death
resignation, removal or otherwise?",5 years,1% years,1 year,6 months,Jharkhand P.C.S. (Pre),2013.0,d,"Exp) Option d is the correct answer

If the office of President falls vacant by resignation, removal,

death or otherwise, then clection to fill the vacancy should

be held within six months from the date of the occurrence of
such a vacancy. So the Vice President can hold the office of
President for not more than six months."
92,"Governor’s salary and allowances are given
by-",and,,Contingency Fund of the State,Both,Jharkhand P.C.S. (Pre),2003.0,a,"Exp) Option a is the correct answer.
Governor’s salary and allowances are given by Consolidated
Fund of the State. When he is appointed as the Governor of
two or more state, then burden of salary is charged on the
Consolidated Fund of all such states."
93,"If Vice-President of India has to discharge
the duties of President of India is his
absence due to some reasons, then what is/
are true for such duration?

1. In this duration, Vice-President holds the
post of Chairman of Council of States

2. In this duration, Vice-President will get
the emolument of President

3. Ifin this duration, Vice-President resigns,
then Chief Justice of India will perform
the duties of President of India.

Code:","1,2 and3",1 and 2 only,2 and 3 only,1 only,Chhattisgarh PCS (Pre),2021.0,c,"Exp) Option c is the correct answer.
Statement 1 is incorrect: While acting as President or
discharging the functions of President, the Vice-President
does not perform the duties of the office of the chairman of
Rajya Sabha. During this period, those duties are performed
by the Deputy Chairman of Rajya Sabha.
Statement 2 is correct: During any period when the Vice-
President acts as President or discharges the functions of
the President, he is not entitled to the salary or allowance
payable to the Chairman of Rajya Sabha, but the salary and
allowance of the President.
Statement 3 is correct: When a vacancy occurs in the office
of the President due to his resignation, removal, death or
otherwise, the Vice-President acts as the President until a
new President is elected. In case the office of Vice-President
is vacant, the Chief Justice of India acts as the President or
discharges the functions of the President,"
94,"Read the following statements related to
Cabinet Committees and choose the correct
option:

Statement I: Cabinet Committees are not

mentioned in the constitution.

Statement II: Cabinet Committees are set

up by the Prime Minister according to the

exigencies of the time and requirements of

the situation.

Statement III: If Prime Minister is the

member of Committee, he may not necessarily

be the Chairman of Committee.

Statement IV: Parliamentary Affairs

Committee is chaired by the Prime Minister.

Code:",All statements are true,"Statements I, IJ and III are true, but
Statement IV is false","Statements II, IJI and IV are true but
Statement I is false","Statements] and II] are true, but Statement
III and IV are false",Chhattisgarh P.C.S. (Pre),2020.0,d,"Exp) Option d is the correct answer
Statement I is true: The Constitution of India does not
mention Cabinet Committees. The Rules of Business provide
for the formation of Cabinet Committees.
Statement II is true: The Prime Minister has the discretion
to set up Cabinet Commnittees as and when he or she deems
necessary.
Statement III is false: If Prime Minister is the member of a
Committee, he invariably presides over it.
Statement IV is false: Parliamentary Affairs Committee is
not chaired by PM but by Defence Minister.
Important Tips
| « Fight Cabinet Committees:
| e Appointments Committee of the Cabinet.
| « Cabinet Committee on Accommodation.
| e Cabinct Committee on Economic Affairs. |
| e Cabinet Committce on Parliamentary Affairs. |
| e« Cabinet Committee on Political Affairs. |
e« Cabinet Committee on Security. |
¢ Cabinet Committee on Investment and Growth. |
e Cabinet Committee on Employment & Skill}
Development.

« All committees except Cabinet Committee on
Accommodation and Cabinet Committce on
Parliamentary Affairs are headed by the Prime
Minister.

e Cabinet Committe on Accomodation is chaired by
the Home Minister of India and Parliamentary Affairs
Committee is headed by Defence Minister."
95,"Which of the following doesn’t consists in
the power ‘To Pardon’ of President?
i. Pardon
ii, Commutation
ili. Remission
iv. Respite
v. Reprieve
vi. Detention
vii. Continuation
Code:",i,"ii, itt","iv, v","i, ii, iii, iv, v
(e) vi, vii",Chhattisgarh P.C.S. (Pre),2016.0,e,"Exp) Option e is the correct answer

The pardoning power of the President includes the following:

Pardon: Jt removes both the sentence and the conviction

and completely absolves the convict from all the sentences,

punishments, and disqualifications.

Commutation; Denotes the substitution of one form of

punishment for a lighter form.

Remission: Reducing the period of a sentence without

changing its character.

Respite: Delays in the imposition of a sentence but in no way

modify a sentence or address questions of due process, guilt,

or innocence, due to some special fact, such as the physical

disability of a convict or the pregnancy of a woman offender.

Reprieve: It implies a stay of the execution of a sentence

(especially that of death) for a temporary period.
Important Tips

« Article 72 of the Constitution empowers the President
to grant pardons to persons who have been tried and
convicted of any offense

+ He can grant pardon, reprieve, respite and remission
of punishment, or suspend, remit or commute the
sentence of any person convicted of any offence:
¢ In all cases where the punishment or sentence is by

ac martial;

« Inall cases where the punishment or sentence is for
an offer against a Union law; and

e JInall cases where the sentence is a sentence of death"
96,"On which matter, it is not essential for the
President to take advice from the Council
of Ministers?

(Chhattisgarh P.C.S. (Pre) 2015]",Appointment of Ambassadors,To assent to Bills,To assent to Bills referred by Governors,"To dissolve Lok Sabha
{e) To assent on constitutional amendment
bill",,,b,"Exp) Option b is the correct answer

It is not essential for the President to take advice from the
Council of Minister while giving assent to bills. On other
matters like appointment of Ambassadors, to dissolve Lok
Sabha, to give assent on Constitutional Amendment bill and
to give assent to bills referred by governors, it is essential for
the President to take advice from Council of Minister."
97,"Who advises the Government of India on
legal matters? (49th B.P.S.C, (Pre) 2000]",Attorney General,Chief Justice of the Supreme Court,"Chairman, Law Commission",None of them,,,a,"Exp) Option a is the correct answer.

The Attorney General of India is the highest law officer
of the country and he/she is the chief legal advisor to the
Government of India, He/she is appointed by the President
of India under Article 76 of the Constitution and holds office
during the pleasure of the President. He/she gives advice to
the Government of India upon such legal matters, which
are referred or assigned to him/her by the President. He/she
also performs other duties of a legal character assigned to

him/her by the President or conferred upon him/her by the
Constitution or any other law."
98,"After resigning, whose permission does a
minister require to give a statement in Lok
Sabha?",Prime Minister,Speaker,President,"Supreme Court
(e} None of the above",Chhattisgarh P.C.S. (Pre),2015.0,b,"Exp) Option b is the correct answer
A minister who has resigned from the government does not
lose his or her membership of the Lok Sabha. Therefore, he
or she can still participate in the debates and discussions in
the Lok Sabha, However, he or she cannot make a statement
in the Lok Sabha without the permission of the Speaker, just
like any other member."
99,"Which of the following are the discretionary
powers of the President?

(i) Appointment of Council of Ministers
(ii) To return a Bill with objections

(iii) To withhold a Bill

(iv) To pardon

(v) To surimon juint sessions

(vi) To send message to Parliament

(vii) Appointment of Judges

Code:","(i), (iii), (iv)","(ii), (v), (vii)","(iii), (vi), (vii)","(ii), Civ), (vi)

(e) (ii), (iii), (vi)",Chhattisgarh P.C.S. (Pre),2014.0,e,"Exp) Option e is the correct answer
Though there is nothing called discretionary powers of the
president in the constitution, the president enjoys certain
circumstantial powers and the president can exercise these
powers without the aid and advice of the council of ministers.
There are certain Discretionary power with President like:
« To return a Bill with objections
* To withhold a Bill
« Tosend message to Parliament"
100,"Which of the following is/are the function/
functions of the Cabinet Secretariat?

1. Preparation of agenda for Cabinet
Meetings

2. Secretariat assistance to Cabinet
Committees

3. Allocation of financial resources to the
Ministries

Select the correct answer using the code given

below.",1 only,2 and 3 only,1 and 2 only,"1,2 and 3",Chhattisgarh P.C.S. (Pre),2013.0,c,"Exp) Option c is the correct answer
Statement 1 is correct: The Cabinet Secretariat is responsible
for preparing the agenda for Cabinet Meetings. The agenda
includes various issues and policy matters that need to be
discussed and decided upon by the Cabinet.
Statement 2 is correct: The Cabinet Secretariat provides
administrative and secretarial assistance to various Cabinet
Committees. Cabinet Committees are smaller groups of
Cabinet Ministers formed to handle specific matters and
make recommendations to the Cabinet.
Statement 3 is incorrect: The allocation of financial
resources to the Ministries is not a function of the Cabinet
Secretariat. This task is typically carried out by the
Ministry of Finance and is based on the government's
budgetary process and priorities."
101,"Which article of the Indian Constitution
prescribes eligibility conditions for re-
election to the post of the President of
India?",Article 52,Article 54,Article 55,Article 57,Chhattisgarh P.C.S. (Pre),2011.0,d,"Exp) Option d is the correct answer
Article 57 describes the eligibility for re-election to the post
of the President of India. It provides ‘A person who holds, or
who has held the office of President, shall subject to the other
provisions of this Constitution, be cligible for reelection to
that office’

Important Tips

¢ According to Article 52 of Constitution of India, the
President is the head of state of the Republic of India.

- According to Article 54 of the Constitution, the
President of India is elected by an Electoral College
comprised of elected members of both houses of
Parliament and Legislative Assemblies of all States,
the Union Territory of Puducherry, and the National
Capital of Delhi.

e Article 55 deals with the manner of election of President"
102,"Which of the following Constitutional
Amendment Acts restricted the size of the
Council of Ministers to 15 percent of the
total members of the Lok Sabha?
(66th B.P.S.C. (Pre) (Re-Exam), 2020]","95th Constitutional Amendment Act, 2009","93rd Constitutional Amendment Act, 2005","91st Constitutional Amendment Act, 2003","90th Constitutional Amendment Act, 2003. 
(e) None of the above / More than one of the above",,,c,"Exp) Option c is the correct answer

The Constitution (91st Amendment) Act, 2003 inserted

clause 1A in Article 75, which says “The total number of

Ministers, including the Prime Minister, in the Council

of Ministers shall not exceed fifteen per cent of the total

number of members of the House of the People”
Important Tips

« The Constitution (91st Amendment) Act, 2003
inserted clause LA in Article 164, which says “the total
number of Ministers, including the Chief Minister, in
the Council of Ministers in a State shall not exceed
15% of the total number of members of the Legislative
Assembly of that State.

¢ Italso provided that the number of Ministers, including
the Chief Minister in a State shall not be less than
twelve.

« It also provided that if the existing number exceeds
the limit, it must be reduced within six months of the
President’s notification."
103,"In the Indian Order of Precedence, who
amongst the following comes first?
(65th B.P.S.C. (Pre) 2019]","The Chairman of UPSC
{b) The Chief Election Commissioner",,The Comptroller and Auditor General,"The Chief Justice of High Court
{e) None of the above/More than one of the
above",,,e,"Exp) Option e is the correct answer

The Chairman of UPSC, the Chief Election Commissioner,
and the Comptroller and Auditor General are at same order
of Precedence i.e 9A, and the Chief Justice of High Court is
rank at number 14 in number of precedence."
104,"The Prime Minister of India is responsible
to whom? (63rd B.P.S.C., (Pre) 2017]",The Cabinet,} The President,The Lok Sabha,"The Rajya Sabha
(e) More than one of the above",,,c,"Exp) Option c is the correct answer.

The Prime Minister and their cabinet are at all times
responsible to the Lok Sabha. The Prime Minister is
appointed by the President of India; however the Prime
Minister has to enjoy the confidence of the majority of Lok
Sabha members, who are directly elected every five years,
lest the prime minister shall resign."
105,"Who is the highest Civil Services Officers of
the Central Government?",The Attorney Gencral of India,The Cabinet Secretary,The Home Secretary,"The Finance Secretary
(e) None of the above / more than one of the
above",63rd B.P.S.C. (Pre),2017.0,b,"Exp) Option b is the correct answer

The Cabinet Secretary is the highest-ranking civil servant
in the Government of India. He or she is the head of the
Civil Services Board and the Cabinet Secretariat. The
Cabinet Secretary is responsible for providing secretarial
and administrative support to the Union Cabinet and the
Prime Minister."
106,President of India exercises his powers,"either directly or through officer’s
subordinate to him",through Ministers,through Prime Minister,"through Cabinet
(e) None of the above/More than one of the
above",60th to 62nd B.P.S.C. (Pre),2016.0,a,"Exp) Option a is the correct answer

The executive power of the Union is vested in President and
it is to be exercised by him either directly or through officers
subordinate to him in accordance with this Constitution
(Article 53).

| Important Tips
\° The Constitution of India has provided for a
| parliamentary form of government. Consequently, the

President has been made only a nominal executive; the

| real executive being the council of ministers headed by

| the prime minister.

[+ Thecouncil of ministers shall be collectively responsible
to the Lok Sabha (Article 75). This provision is the
foundation of the parliamentary system of government."
107,"The President of India does not have the
right to -",Give pardon,Remove a judge of Supreme Court,Declare emergency,Pass ordinances,41st B.B.S.C. (Pre),1996.0,b,"Exp) Option b is the correct answer

The President of India can remove a judge but only after

the procedure for removal of Judge is followed. It is not his

right to remove a judge of Supreme Court. The President
has power to Pardon, he can declare emergency, and pass
ordinarices,

Important Tips

« A Judge of the Supreme Court cannot be removed from
office except by an order of the President passed after
an address in each House of Parliament supported by
a majority of the total membership of that House and
by a majority of not less than two-thirds of members
present and voting, and presented to the President in
the same Session for such removal on the ground of
proved misbehavior or incapacity."
108,"The word ‘mantrimandal (cabinet) is
mentioned only once in Constitution, and
that is in-",Article 352,Article 74,Article 356,Article 76,41st B.P.S.C. (Pre),1996.0,a,"Exp) Option a is the correct answer.

The word ‘mantrimandal’ (cabinet) is mentioned only once

in the Indian Constitution, and that is in Article 352(3).

This article deals with the proclamation of emergency. It

states that the President shall not issue a proclamation of

emergency unless the Union Cabinet communicates to him
in writing that such a proclamation may be issued. Union

Cabinet is defined as the Council consisting of the Prime

Minister and other Ministers of Cabinet rank under Article

75.

Imporiant Tips “|

* The impeachment charges should be signed by one-
fourth members of the House (that framed the charges),
and a 14 days’ notice should be given to the President.

e After the impeachment resolution is passed by a
majority of two-thirds of the total membership of that
House, it is sent to the other House, which should
investigate the charges.

e The President has the right to appear and to be
represented at such investigation.

« Ifthe other House also sustains the charges and passes the
impeachment resolution by a majority of two-thirds of
the total membership, then the President stands removed
from his office from the date on which the resolution is so
passed."
109,"The President of India can be removed from
his post by - (39% B.B.S.C. (Pre) 1994]",The Prime Minister of India,Lok Sabha,Chief Justice of India,Parliament,,,d,"Exp) Option d is the correct answer

The President can be removed from office by a process
of impeachment for ‘violation of the Constitution. The
impeachment charges can be initiated by either House of
Parliament."
110,"If there is any dispute regarding the
Presidential election, it can be referred to -
(38th B.P.S.C. (Pre) 1992]",Attorney General of India,Parliament,Supreme Court of India,None of these,,,c,"Exp) Option c is the correct answer

According to Article 71 of the Indian Constitution, al] doubts
and disputes arising out of or in connection with the election
of a President or Vice-President shall be inquired into and
decided by the Supreme Court. The Presidential and Vice-
Presidential Elections Act, 1952, an election petition can be
filed before the Supreme Court"
111,"Which of the following statements is not
correct? (38th B.B.S.C. (Pre) 1992]","To hold the office of President, candidate
should have the minimum age of 35 years","Vice-President is Chairman of Rajya
Sabha","Vice-President is appointed by the
President of India","First President of India was Dr. Rajendra
Prasad",,,c,"Exp) Option c is the correct answer.
The Vice-President of India is not appointed by the
President of India. The Vice-President is elected by an
electoral college consisting of members of both houses of
Parliament. The members of the electoral college include
elected members of Rajya Sabha (the upper house of
Parliament) and Lok Sabha (the lower house of Parliament).
Important Tips

« As per Article 58 of the Indian Constitution, a person
must be at least 35 years old to be eligible for the office
of President of India.

e The Vice-President of India serves as the ex-officio
Chairman of the Rajya Sabha, which is the upper
house of Parliament. |

* The Vice-President presides over the sessions of the |

| Rajya Sabha, maintains order, and ensures the smooth
functioning of the house."
112,"Which one among among the following
Departments/Authorities is not under the
Ministry of Home Affairs?",The Department of States,The Department of Language Official,"The National Authority Chemical
Weapons Convention","The Department of Jammu, Kashmir and
Ladakh Affairs",CDS  (1),2023.0,c,"Exp) Option c is the correct answer

The National Authority for Chemical Weapons Convention

(NACWC) has been set up as an office of the Cabinet

Secretariat, Government of India in 1997 to fulfill, on

behalf of the Government of India, the obligations under the

Chemical Weapons Convention and to act as the national

focal point for effective liaison with the Organization for the

Prohibition of Chemical Weapons (OPCW) and other State

Parties on matters relating to the Convention."
113,"Which one of the following statements
about the Solicitor General of India (SGJ)
is not correct?","The SGI is the Government’s chief legal

advisor.","The SGI is the secondary law officer of
the country.","The post of the SGI is a constitutional
post.","The SGI is appointed by the Appointments
Committee of the Cabinet.",CDS  (1),2023.0,c,"Exp) Option c is the correct answer

The Solicitor General of India (SGI) is the second-highest

law officer of the country, after the Attorney General of

India. The SGI is not a constitutional post but a statutory

position. Solicitor general and Additional Solicitor

Generals’ office and duties are governed by Law Officers

(Conditions of Service) Rules, 1987."
114,"Which one of the following committees
does not have members from the Rajya
Sabha?",The Public Accounts Committee,The Committee Undertakings on Public,The Estimates Committee,"The Committee on the Welfare of

Scheduled Castes and Scheduled Tribes",CDS  (1),2023.0,c,"Exp) Option c is the correct answer
The Estimates Committee is a standing committee of the
Lok Sabha, the lower house of the Parliament of India. It
is responsible for scrutinizing the government’s budgetary
proposals and suggesting ways to improve their efficiency
and economy. The committee has 30 members, all of whom
are elected members of the Lok Sabha."
115,"Which one of the following statements
about the election of the President of India
is not correct?","A Union Minister shall not be eligible for

election as the President.","The President is elected by the elected
members of the Parliament and the
Legislative Assemblies of States and
Union Territories.","The Electoral College does not include
elected members of the Legislative
Councils.","The system of proportional representation
by means of single transferable vote is
followed.",CDS  (D),2023.0,a,"Exp) Option a is the correct answer
According to Article 59 of the Constitution of India,
The President shall not be a member of either House of
Parliament or of a House of the Legislature of any State, and
ifa member of either House of Parliament or of a House of
the Legislature of any State be elected President, he shall
be deemed to have vacated his seat in that House on the
date on which he enters upon his office as President. Thus
any Indian citizen who is eligible to become a member of
Parliament can also be elected as the President, irrespective
of whether they are a Union Minister or not. There is no
explicit restriction on Union Ministers from being eligible
for the position of the President.

Important Tip:

Facts regarding Election of President of India

¢« The Indian President is elected through an electoral
college system, by proportional representation by a
single transferable vote. The Elections are conducted
and overseen by the Election Commission of India.

¢ The electoral college is based on all elected members
of Parliament (MPs), and the elected members of
State Legislative Assemblies and Union Territories
(MLAs).

« Before voting, in the nomination stage, the candidate
files nomination with a signed list of 50 proposers and
50 seconders. These can be anyone from the members of
the electoral college from the State or national level. This
rule was implemented by EC in 1974. An elector cannot
propose or second the nomination of more than one
candidate.

« <A vote cast by each MP or MLA is not calculated as
one vote.

+ The fixed value of each vote by an MP of the Rajya
Sabha and the Lok Sabha is 700.

e Meanwhile, the vote value of each MLA differs from
State to State based on a calculation that factors in
its population vis-a-vis the number of members in its
legislative Assembly."
116,"According to the Constitution of India,
which one of the following statements is not
correct? (CDS 2022 (I)]","The executive powers of the Union shall

be vested in the President of India.","Parliament, by law, can confer functions
on authorities other than the President of
India.","The President of India is elected by an
electoral college consisting of all Members
of Parliament and all Members of all State
Legislatures.","A person, having held office as the
President, shall be eligible for election to
that office for the second term.",,,c,"Exp) Option c is the correct answer.

The President of India is elected indirectly by an electoral
college composed of the elected representatives (and not all
members) from the Parliament of India and the Legislative
Assemblies of the States, as well as the Union Territories of

Delhi and Puducherry (excluding Jammu and Kashmir, as
specified in the 70th Constitutional Amendment Act),"
117,"Which one of the following Articles of the
Constitution of India requires the Prime
Minister of India to furnish information
related to decisions of the Council of
Ministers to the President of India?",Article 78,Article 74,Article 75,Article 81,CDS  (1,2022.0,a,"Exp) Option a is the correct answer.
Article 78 of the Indian Constitution pertains to the duties
of the Prime Minister. It states that it shall be the duty of the
Prime Minister to communicate to the President all decisions
of the Council of Ministers relating to the administration
of the Union and proposals for legislation. Additionally,
the Prime Minister shall furnish such information to the
President as the President may call for. Article 78 outlines
the responsibilities of the Prime Minister in keeping the
President informed about the decisions and functioning of
the Council of Ministers."
118,"Which one of the following statements is
not correct?","All executive actions of the Government

of India are taken in the name of the
President of India.","The President of India appoints a person
as Attorney General of India provided
she/he is qualified to be a Judge of the
Supreme Court or a High Court.","The total number of Ministers in the
Council of Ministers cannot exceed ten
percent of the total number of members
of the House of People.","The President of India is bound to act as
per the advice tendered by the Council of
Ministers.",CDS  (1),2022.0,c,"Exp) Option c is the correct answer.
The 91st Constitutional Amendment Act, of 2003
introduced provisions to address the size of the Council
of Ministers, prevent defections, and strengthen the anti-
defection law. One of the provisions states that the total
number of ministers, including the Prime Minister, in the
Central Council of Ministers, should not exceed 15% of the
total strength of the Lok Sabha."
119,"Which one of the following methods is
followed in electing the President of India?",Proportional Representation only,First-Past-the-Post System only,"Proportional Representation and the
Single Transferable Vote System","Proportional Representation and the
First-Past-the-Post System",CDS  (I),2022.0,c,"Exp) Option c is the correct answer.
As per Article 55(3) of the Constitution of India, the
election of the President shall be held in accordance with
the system of proportional representation by means of
single transferable vote and the voting at such election shall
be by secret ballot. This means that the voting process for
the election of the President involves the use of the single
transferable vote system, which allows voters to rank the
candidates in order of preference."
120,"National Disaster Management Authority is
headed by (CDS 2021(1)]",the Prime Minister,"the Home Minister
{c) the President",,the Health Minister,,,a,"Exp) Option a is the correct answer
The National Disaster Management Authority (NDMA) is
the apex statutory body for disaster management in India
and is headed by the Prime Minister. As the head of the
NDMaA, the Prime Minister oversees the overall functioning
of the organization and provides strategic direction for
disaster management initiatives.
Important Tip
Mandate: Its primary purpose is to coordinate response to
natural or man-made disasters and for capacity-building
in disaster resiliency and crisis response. It is also the
apex body to lay down policies, plans and guidelines
for Disaster Management to ensure timely and effective
response to disasters.
¢ Vision: To build a safer and disaster resilient India by
a holistic, proactive, technology driven and sustainable
development strategy that involves all stakeholders
and fosters a culture of prevention, preparedness and
mitigation. .

« Divisions: NDMA has 5 major divisions viz. Policy & |
Plans, Mitigation, Operations & Communications |
& Information & Technology, Administration and |
Finance. ;"
121,"Which one of the following is not a correct
description of the Union Cabinet?",It is part of the Parliament.,It is responsible to the Parliament.,"It remains in power till it enjoys the
confidence of the Parliament.","A person from outside the Parliament
can never be appointed a member of the
Cabinet.",CDS (1),2021.0,d,"Exp) Option d is the correct answer.
Article 75 of the Constitution states that the Prime Minister
has the authority to appoint ministers, including those who
are not members of Parliament. However, non-member
ministers are required to become members of either the
Lok Sabha or the Rajya Sabha within 6 months in order to
continue serving as ministers."
122,"Which one of the following statements
about the Vice-President of India is not
correct?","He is not eligible for re-election,",He must not be less than 35 years of age.,"He is elected by members of an electoral
college consisting of the members of both
Houses of the Parliament.",His term of office is five years.,CDS (1),2021.0,a,"Exp) Option a is the correct answer
The Vice-President of India is eligible for re-election.
There is no restriction on the number of terms a Vice-
President can serve. The Vice-President can be re-elected
for multiple terms if the person is chosen by the Electoral
College again and meets the cligibility criteria."
123,"Which one among the following statements
pertaining to the President’s term of Office
is not correct?","The President holds Office for a term of

five years.","The President may be removed from the
Office by way of impeachment.","The President may resign before the
expiration of his/her term by writing to
the Speaker of the Lok Sabha.","The President shall, notwithstanding the
expiration of his/her term, continue to
hold Office unit] his/her successor enters
upon his/her Office.",CDS  (IT),2020.0,c,"Exp) Option c is the correct answer
The President’s resignation is governed by Article 56 of the
Indian Constitution. According to this article, the President
can resign by writing a letter to the Vice President."
124,"A special address by the Governor refers to
the address delivered by the Governor",when President’s Rule is called for,"when a national emergency necessitates
dissolution of Legislative Assembly","at the commencement of the first session
after general election and at the first
session of each year","whenever he/she has concluded that such
is necessary",CDS  (E1),2020.0,c,"Exp) Option c is the correct answer
Article 176 states that at the conimencement of the first
session after each general election to the Legislative Assembly
and at the commencement of the first session of each year,
the Governor shal] address the Legislative Assembly or, in
the case of a State having a Legislative Council, both Houses
assembled together. This is also called as special address."
125,"Which of the following is not related to the
powers of the Governor?",Diplomatic and Military powers,Power of appoint Advocate Gencral,"Summoning, proroguing and dissolving

State Legislature","Power to grant pardons,  repricves.
respites or remission of punishments",CDS Pre. HT,2018.0,a,"Exp) Option a is the correct answer
e A governor possesses executive, legislative, financial, and
judicial powers
e However, he has no diplomatic, military or emergency
powers like the president
Important Tip
« The Governor is the constitutional head of the State
Government.
¢ He plays a two-fold function as the constitutional head
of the State Government and as a link between the
Centre and the state government.
« The Governor of a State is appointed by the President
by warrant under his hand and seal.
¢ Articles 153 says that three should be a Governor for
each state.

| « But under the 7th Amendment Act, 1956, the same
person can be appointed as Governor of one or more
States,

;° Following are the powers and duties performed by

| Governor in states, they are as follows:

(i) They have power to appoint Advocate General,

: (ii) ‘hey can summoning, proroguing and dissolving State

| Legislature,

| (iii) They have power to grant pardons reprieves, respites

| or remission of punishments."
126,"Which one of the following regarding the
ordinance making power of the Governor is
not correct?",It is not a discretionary power,"The Governor may withdraw the

ordinance anytime","The ordinance power can be exercised
when the Legislature is not in session","The aid and advice of Ministers is not
required for declaring the ordinance",CDS Pre. (II),2018.0,d,"Exp) : Option d is the correct answer

e Article 213 empowers the Governor to promulgate
Ordinance, during recess of legislature.

| Important Tip

| * Governor of an Indian state draws ordinance making

power from Article 213 of the Constitution.

e The Governor can only issue ordinances when the
Legislative Assembly of a state or where there are two
houses in a state both houses are not in session.

| * Governors ordinance-making power is not a

discretionary power.

e This means that he can promulgate or withdraw an
ordinance only on the advice of the council of ministers

| headed by the chief minister."
127,"Which of the following statements about the
ordinance making power of the Governor
is/are Correct?

1. It is a discretionary power

2. The Governor himself is not competent
to withdraw the ordinance at any time.

Select the correct answer using the codes

given below (CDS Pre.2018 (1)]",Only 1,Only 2,Both 1 and 2,Neither 1 nor 2,,,d,"Exp) Option d is the correct answer

e Ordinance making power of the governor is not a
discretionary power, rather it comes under legislative
power of a governor (option 1 is incorrect)

° The governor is himself competent to withdraw the
ordinance at any lime. (option 2 is incorrect)"
128,"Which of the following statements relating
to the duties of the Governor is/are correct?
1. The duties of the Governor as a

Constitutional Head of the State do not
become the subject matter of questions or
debate in the Parliament.

2. Where the Governor takes a decision
independently of his Council of Ministers
or where he acts as the Chief Executive
of the State under President’s rule, his
actions are subject to scrutiny by the
Parliament.

Select the correct answer using the codes

given below:",Only 1,Only 2,Both 1 and 2,Neither 1 nor 2,CDS Pre. (II),2018.0,b,"Exp) Option b is the correct answer.

« ‘The duties of the Governor as a Constitutional Head of
the State do not become the subject matter of questions
or debate in the Parliament, is not correct , As any
inatter of utmost importance can be discussed in the
parliament, (statement 1 is incorrect)

¢ Parliament acts as a investigative body against all the
decisions taken by the executive Legislature Ministry and
even the duties of governor.

Important Tip

e Article 153 to Article 162 of the Indian Constitution
consists of the relevant provisions related to the office
of the Governor.

e The Governor is the constitutional head of the State
Government

* appointed by the President by warrant under his hand
and seal.

« Articles 153 says that three should be a Governor for
each state.
¢ under the 7th Amendment Act, 1956, the same person
can be appointed as Governor of one or more States. |
¢ Article 157: In order to be appointed as Governor, a,
person: |
* Must bea citizen of India;
« Must have competed the age of 35 years |
* In addition, three are two conventions that have come
to develop with regard to appointment of the Governor.
* Must not belong to the state where he is appointed
and Consult the Chief Minister of the state where
tobeappointed"
129,"Who among the following Prime Ministers
of India were defeated by a vote of No
Confidence?

1. Morarji Desai

2. Vishwanath Pratap Singh

3. HD Deve Gowda

4. Atal Bihari Vajpayee

Select the correct answer using the codes

given below:","1,2,3 and 4",1.2 and 3,"2,3 and 4",land 4,CDS Pre. (1),2016.0,a,"Exp) Option a is the correct answer.
« The following Prime Ministers were defeated by a vote of
no confidence motion:
a) Morarji Desai:1978
b) Vishwanath Pratap Singh :1990
c) HD Deve Gowda :1997
d) Atal Bihari Vajpayee :1999
« Noconfidence motion: (Rule 198 Lok Sabha)
* Introduced only in Lok Sabha
« Supported by at least 50 members
« Debate
« Not able to prove Majority Government has to resign
(Simple Majority )"
130,"The Electoral College for electing the
President of India does not include which
of the following?

1. All elected members of the Rajya Sabha,

2, All elected members of the Legislative
Assemblies of States.

3. All members of the Legislative Councils
of States.

Select the correct answer using the codes

given below. (CAPF 2021]",land 2,2 and 3,3 only,2 only,,,c,"Exp) Option c is the correct answer.
Statement 1 is correct- The Rajya Sabha, also known as
the Council of States, is the upper house of the Parliament
of India. Elected members of the Rajya Sabha are part
of the Electoral College and have the right to vote in the
presidential election.
Statement 2 is correct- All elected members of the
Legislative Assemblies of States are included in the
Electoral College. The Legislative Assembly of each state
in India consists of elected representatives who have the
authority to vote in the presidential election.
Statement 3 is incorrect- The Legislative Council, also
known as the Vidhan Parishad, is the upper house of
the state legislature in some states of India. However, the
members of the Legislative Councils are not part of the
Electoral College for electing the President of India.
Important Tip
Election of President of India:
. The election is held in accordance with the system
of proportional representation by means of a single
| transferable vote. Voting is done through Secret
ballot.

* The Electoral College for electing the President of
India consists of the following:
e Allelected members of the Rajya Sabha
« All elected members of the Lok Sabha
« All elected members of the Legislative Assemblies
of States
« All elected members of the Legislative Assemblies
of Union Territories (except Jammu and Kashmir)"
131,"Which one of the following powers has not
been conferred on the President of India?",Appointment of Prime Minister.,"To decide at his/her discretion any
question regarding disqualification of a
member of the Parliament.","To grant pardon to a person who.has been
punished by a court-martial.",To remove a Judge of the High Court.,CAPF,2021.0,b,"Exp) Option b is the correct answer.
If any question arises regarding the disqualification of a
member of Parliament, it shall be referred to the President
for decision. However, the President’s decision is not
discretionary in this matter. The President is required to
obtain the opinion of the Election Commission and act
according to that opinion. Therefore, this power does not
come under the President's discretion."
132,"The Governor of a state may exercise
discretionary powers when

1. heor she is not convinced by the advice of
the Council of Ministers.

2. the Constitution requires him/her to act
in his/her discretion in certain matters.

3. heorshe is appointed as the administrator
of an adjoining Union Territory.

Select the correct answer using the codes

given below:","1,2 and 3",1 and 2 only,2 and 3 only,3 only,CAPF,2020.0,a,"Exp) Option a is the correct answer.
Statement 1 is correct- The governor may exercise
discretionary powers, if he/she is not convinced by the advice
of the Council of Ministers. For example, the Governor may
refuse to give assent to a bill passed by the state legislature if
he/she believes that the bill is unconstitutional or otherwise
harmful to the interests of the state.
Statement 2 is correct- The Constitution of India specifies
certain matters in which the Governor has discretionary
powers which includes appointing the Chief Minister of the
State, approving the appointment of ministers, dissolving
the state legislature, and giving assent to bills passed by
the state legislature
Statement 3 is correct- In cases where the Governor is
appointed as the administrator of an adjoining Union
Territory, they have the power to exercise discretionary
powers in the administration of that territory."
133,"Which one of the following statements
about the Attorney-General of India is NOT

correct?","The person must be qualified to be
appointed as a judge of the Supreme
Court","He/she enjoys right of audience only in
the Supreme Court and High Courts in
India","He/she holds office during the pleasure of
the President","He/she receives remuneration as
determined by the President",CAPF,2020.0,b,"Exp) Option b is the correct answer.
The Attorney-General of India is the highest law officer of
the government and provides legal advice to the government,
The Attorney-General of India enjoys the right of audience
in not only the Supreme Court but also in any court
within the territory of India, including High Courts and
subordinate courts.
Important Tip
Some other facts about Attorney-General of India: |
¢ The position of Attorney General is created by Article |
76 of the Indian Constitution. |
e The Attorney General is appointed by the President
of India and holds office during the pleasure of the |
President.

« To be eligible for the position, the person must be
qualified to be appointed as a judge of the Supreme
Court.

« The remuneration of the Attorney General is
determined by the President.

¢ The Attorney General can participate in the
proceedings of Parliament but does not have the right
to vote.

¢ The Attorney General can be removed from office by
the President at any time."
134,"In relation to the powers of the Union

Government of India, which one of the

following statements is NOT correct?

, (CAPF 2020]","The Government of India may undertake
legislative functions of a territory
outside of India by agreement with the
Government of that territory.","The Union Government may not entrust
a State Government with functions over
matters where executive power of the

Union extends.","The Union Government may direct
States for construction and maintenance
of means of communication of military
importance.","The Governor may, with consent of
Government of India, entrust its officers
with functions on matters which fall
within the executive power of the State",,,b,"Exp) Option b is the correct answer.

According to Article 258(1) of the Indian Constitution,
the President of India has the power to entrust, with the
consent of the Government of a State, certain functions to
that Government or its officers in relation to any matter to
which the executive power of the Union extends,"
135,"Which of the following  statement(s)
regarding promulgation of ordinance is/are
correct?

1. President can promulgate ordinances
which are of temporary duration.

2. An ordinance promulgated by the
President has to be ratified by Parliament
within six weeks of its re-assembly

Select the correct answer using the codes

given below:",1 only,2 only,Both J and 2,Neither 1 nor 2,CAPF,2020.0,c,"Exp) Option c is the correct answer,

Statement 1 is correct- According to Article 123, the
President has the power to promulgate an ordinance when
either one or both houses of Parliament are not in session.
These ordinances are temporary in nature and can be issued
to address urgent matters.

Statement 2 is correct- The approval of Parliament is
necessary for an ordinance to become a law. ‘The ordinance
must be laid before both houses of Parliament and must
be approved within six weeks from the reassembly of
Parliament. If not approved, the ordinance ceases to have
effect.

Important Tip |
| ¢ Ordinances can only be introduced on subjects within |
| the legislative competence of the Indian Parliament. |
|° The President’s ordinances have the same effect on |

policies as acts passed by Parliament.
| e Article 213 deals with the power of the Governor to |
| legislate through ordinances,

¢ The Governor’s ordinances have the same effect on
policies as state acts will have. |

¢ Ifthe Governor’s ordinance legislates on matters where |
the state government has no power, the ordinance
becomes null and void.

e The power to promulgate ordinances by the President
and the Governor is not discretionary; it requires the
advice of the Council of Ministers, headed by the
Chief Minister in the case of the state government
and Prime Minister in the case of Union government."
136,"Who was the President of the Constituent
Assembly?",BR Ambedkar,Rajendra Prasad,Alladi Krishaswami Ayyar,Sarvepalli Radhakrishnan,CAPF,2020.0,b,"Exp) Option b is the correct answer.

Rajendra Prasad was the first President of the Constituent
Assembly of India. He was elected as the President on 11

December 1946 and served in that capacity until the
Constituent Assembly was dissolved on 24 January 1950.
Prasad was a prominent leader of the Indian independence
movement and a close associate of Mahatma Gandhi. He was
also the first President of India from 1950 to 1962"
137,"Which one of the following statements
about the Attorney-General ot India is NOT
correct? (CAPF 2019}","He shall have the right to speak in the

Houses of Parliament.","He shall have a right of audience in all
courts in the territory of India in the
performance of his official duties.","He must have the same qualifications as
are required to be a Judge of the Supreme
Court.

(d} He is a whole-time counsel for the
government.",,,,d,"Exp) Option d is the correct answer
The Attorney-General of India, as the highest law officer
of the government under Article 76, is not exclusively
engaged as a whole-time counsel for the government. The
Attorney-General is free to engage in private legal practice
or pursue other professional responsibilities outside the
realm of official duties.
Important Tips
To avoid conflict of duty, there are a few limitations that
are posted on the Attorney General which he should
keep in mind while performing his duties:
e He should not advise or hold a brief against the
Government of India
¢ He should not advise or hold a brief in cases in
which he is called upon to advise or appear for the
Government of India
« He should not defend accused persons in criminal
prosecutions without the permission of the |
Government of India |
¢« He should not accept appointment as a director in |
any company or corporation without the permission
of the Government of India"
138,"Which one of the following Commissions
has not examined the issue of removal of
the Governor of a State?",Sarkaria Commission,Thakkar Commission,Venkatachaliah Commission,Punchhi Commission,CAPE,2018.0,b,"Exp) Option b is the correct answer
The Thakkar Commission was appointed in 1984 to
investigate the assassination of Indira Gandhi, to find
lapses by the security and medical staff, and to determine
possible involvement of foreign agencies."
139,"Which one of the following statements
relating the power of the President of India
to grant pardon is not correct?","The President has the power to grant
pardon where punishment or sentence is
by a Court Martial","The President can grant pardon in all
cases where the sentence is a sentence of
death","The Court’s power of judicial review is
very limited in relation to the decision of
the President on mercy petition","The power to grant pardon by the
President is the power that the sovereign
never exercises against its own judicial
mandate",CAPF,2018.0,d,"Exp) Option d is the correct answer
The power of pardon is a discretionary power vested in
the President, and it is independent of the judiciary. The
President has the authority to exercise this power and grant
pardon even in cases where there is a judicial mandate or
decision. The power of pardon is meant to provide relief,
mercy, or mitigation in certain cases, and it is not restricted
by the judicial mandate.
| Important Tips
¢ Under Article 72 of the Constitution, the President
| shall have the power to grant pardons, reprieves, |
respites or remissions of punishment or to suspend,
remit or commute the sentence of any person
convicted of any offence where the sentence is a
sentence of death.

« Limitation:
¢ The President cannot exercise his power of pardon |
independent of the government. |
* In several cases, the Supreme Court has ruled that the |
President has to act on the advice of the Council of |
Ministers while deciding mercy pleas. |
+ Although the President is bound by the Cabinet’s |
advice, Article74 (1) empowers him to return it for
reconsideration once. If the Council of Ministers
|
decides against any change, the President has no
option but to accept it."
140,"Under Article 355 of the Constitution of

India, it is the duty of the Union to","protect Sates against external aggression
and internal disturbance","allow the extension of executive powers
of the Union to any Sate","declare that the powers of the Legislature
of a State shall be exercisable by or under
the authority of the Parliament","allow the Parliament to include or exclude
any caste, race or tribe into the list of the
Scheduled Castes or Scheduled Tribes",CAPF,2015.0,a,"Exp) Option a is the correct answer.

Under Article 355 of the Constitution of India, it is the

duty of the Union to protect every State against external

aggression and internal disturbance. This means that the

Union government is responsible for ensuring the security

and integrity of the States by defending them against any

external threats or acts of aggression."
141,"The 2nd Administrative Reforms

Commission has produced Reports on.

1. Ethics in Governance.

2. Local Governance.

3. Combating Terrorism.

4. Eradication of Corruption.

Select the correct answer using the code given

below.","1,3 and 4","2,3 and 4",1 and 2,"1,2 and 3",CAPE,2015.0,d,"Exp) Option d is the correct answer.

The 2nd Administrative Reforms Commission (ARC) in

India has produced Reports on various subjects aimed at

improving governance and administrative processes. The

Reports produced by the ARC are:

« Ethics in Governance: The ARC has addressed the issue
of ethics in governance, emphasizing the need for ethical
conduct and integrity in public administration.

« Local Governance: The ARC has focused on the issue of
local governance, recommending reforms to strengthen
decentralization and empower local bodies for effective
service delivery and citizen participation.

¢ Combating Terrorism: The ARC has examined the
challenges posed by terrorism and made recommendations
to enhance the capacity of security agencies, improve
intelligence sharing, and strengthen counter-terrorism
measures.

The 2nd ARC did not produce a report on eradication of

corruption specifically, though it touched upon the issue

in some of its reports such as ethics in governance and
refurbishing personnel administration."
142,"Who is the Supreme Commander of the

Indian Armed Forces?",President,Prime Minister,Defence Minister,Longest serving Chief of Staff,CAPE,2015.0,a,"Exp) Option a is the correct answer.

According to Article 53 of the Indian Constitution, the

President of India is the Supreme Commander of the

Indian Armed Forces. The President holds the highest rank

and authority over the military forces of India, including the

Indian Army, Indian Navy, and Indian Air Force.

The President exercises the powers and functions as the

Supreme Commander in consultation with the Council of

Ministers, headed by the Prime Minister."
143,"Which of the following are true regarding
the Preamble of the Constitution of India?

1. The Objective Resolution was proposed
by Jawaharlal Nehru and passed by the
Constituent Assembly which ultimately
became the preamble.

2. The idea of the preamble was borrowed
from the Constitution of the USA.

3. The words Socialist and Secular were
adopted by the 42nd Amendment in 1976.

4, The preamble incorporates the
Fundamental Rights of the citizens of
India.

Select the correct answer using the codes

given below.

Codes:","1,2 and 3","2,3 and 4",3and4,"1,2 and 4",CAPF,2014.0,a,"Exp) Option a is the correct answer.

Statement 1 is correct: The Preamble of the Constitution
of India is a brief introductory statement that sets out the
guiding principles and purpose of the Constitution. It is
based on the Objective Resolution, which was moved by
Jawaharlal Nehru in the Constituent Assembly on 13
December 1946 and adopted on 22 January 1947.
Statement 2 is correct: The idea of the preamble was
borrowed from the Constitution of the USA.

Statement 3 is correct: The Preamble declares India to be a
sovereign, socialist, secular, democratic republic and secures
to all its citizens justice, liberty, equality and fraternity.
The words socialist and secular were added by the 42nd
Amendment in 1976.

Statement 4 is incorrect: While the Preamble of the
Constitution of India sets out the ideals and objectives
of the Constitution, it does not explicitly mention the
Fundamental Rights. The Fundamental Rights are enshrined
in Part II] of the Constitution."
144,"Which of the following statements are
correct regarding the election of the

President of India?

1. He is elected indirectly.

2. He is elected through an electoral college
consisting of all elected MPs and MLAs.

3. He is elected directly.

4. Members of the Legislative Council
have no right to vote in the Presidential
election.

Select the correct answer using the codes

given below.

Codes:",land 2,"1,2 and 4",land4,3and4,CAPF,2014.0,b,"Exp) Option b is the correct answer.

Statement 1 is correct: The President of India is elected
indirectly, which means that the citizens of India do not
directly vote for the President. Instead, the President is
elected by an electoral college.

Statement 2 is correct: The clectoral college for the
Presidential election comprises all elected Members of
Parliament (MPs) from both the Lok Sabha and the Rajya
Sabha, as well as Members of Legislative Assemblies
(MLAs) from all the states and Union territories. These
members collectively vote to elect the President of India.
Statement 3 is incorrect: President of India is elected
indirectly, not through a direct vote by the citizens.
Statement 4 is correct: Members of the Legislative Council,
which is the upper house of the state legislature in certain
states, do not participate in the Presidential election. Only
Members of Parliament (MPs) and Members of Legislative
Assemblies (MLAs) have the right to vote in the Presidential
election."
145,"Which of the following is/are correct regarding the office of Governor in India?

1. One Governor can act as Governor of more than one state.

2. The Governor has the power to grant pardons, _reprieves, remission of Punishment to persons convicted under The State Law.

3. The Governor is appointed by the President on the recommendation of the Chief Minister of the respective state.

Select the correct answer using the codes

given below.

Codes:",l and 2,"1,2 and 3",2 and 3,Only 1,CAPF,2014.0,a,"Exp) Option a is the correct answer.

Statement 1 is correct: According to Article 153 of the
Constitution of India, there can be a common Governor
for two or more states. This provision allows for the
appointment of a Governor who can act as the Governor of
multiple states.

Statement 2 is correct: The Governor has the power to
grant pardons, reprieves, and remission of punishment
to persons convicted under the State Law. This power is
mentioned in Article 161 of the Constitution of India.
Statement 3 is incorrect: The Governor is not appointed
by the President on the recommendation of the Chief

Minister. The Governor is appointed by the President of
India, and the appointment is made by the President based
on the advice of the Union Council of Ministers. The Chief
Minister of the respective state does not have a role in the
appointment of the Governor."
146,"Consider the following statements about

Constitutional Government.

1. Itis a form of limited government.

2. One where the Constitution is the basis of
public authority.

3. One where the Monarch is the formal
head of the state.

4, One where there is always a universal
adult franchise.

Which of the statements given above are

correct?",land 2,2 and 4,2and 4,1 and 3,CAPF,2014.0,a,"Exp) Option a is the correct answer.

Statement 1] is correct: Constitutional government is a form
of limited government. The constitution sets the boundaries
and limits of the powers of the government and prevents it
from becoming arbitrary or tyrannical. The constitution also
ensures that the government is accountable to the people and
respects their rights and freedoms.

Statement 2 is correct: A constitutional government is one
where the constitution is the basis of public authority.
The constitution establishes the structure, functions, and

procedures of the government and defines its relationship
with the people. The constitution also lays ‘down the
principles and values that guide the actions and decisions of
the government and its officials.

Statement 3 is incorrect: A constitutional government does
not necessarily have a monarch as the formal head of the
state. A constitutional government can have different forms
of executive leadership, such as a president, a prime minister,
or a chancellor.

Statement 4 is incorrect: A constitutional government does
not always have a universal adult franchise. A constitutional
government can have different forms of electoral systems,
such as proportional representation, first-past-the-post, or
mixed-member proportional. A universal adult franchise is
one of the possible ways of ensuring political participation
and representation in a constitutional democracy, but it is
not a necessary condition for a constitutional government."
