q_no,q_statement,a,b,c,d,exam,year,correct_option,explanation
1,Which one of the following statements best reflects the Chief purpose of the ‘Constitution’ of a country?,It determines the objective for the making of necessary laws.,It enables the creation of political offices and a government.,It defines and limits the powers of government.,"It secures social justice, social equality and social security.",UPSC CSE Pre,2023.0,c,"Exp) Option c is the correct answer

Option c is correct: The Constitution contains the basic
principles and laws of a nation that determine the powers
and duties of the government. A constitution serves multiple
purposes. It provides a legitimate legal and political basis
for the Government to propose and enact laws, organising
public service and settling disputes.

Although the Constitution determines the objectives (DPSP)
for the making of necessary laws and aims to promote social,
economic and political democracy, its chief purpose is to
limit the power of government. In fact the Constitutional
government is by definition limited government."
2,"Consider the following statements in respect of the Constitution Day:
Statement-I: The Constitution Day is celebrated on 26th November every year to promote onstitutional values among citizens.
Statement-II: On 26th November, 1949, the Constituent Assembly of India set up a Drafting Committee under the Chairmanship of Dr. B. R. Ambedkar to prepare a Draft Constitution of India.
Which one of the following is correct in respect of the above statements?",Both Statement-1 and Statement-IJ are correct and Statement-1 is the correct explanation for Statement-I,Both Statement-1 and Statement-11 are correct and Statement-II is not the correct explanation for Statement-I,Statement-l is correct but Statement-II is incorrect,Statement-I is incorrect but Statement-II is correct,UPSC CSE Pre,2023.0,c,"Exp) Option c is the correct answer

The Constituent Assembly of India was constituted in
November 1946 under the scheme formulated by the Cabinet
Mission Plan,1946. The assembly deliberated on the matters
related to formation and provisions of the Constitution of
India.

Statement 1 is correct: In India, the Constitution Day
is celebrated in India on 26 November every year to
commemorate the adoption of the Constitution of India
and also it was celebrated to promote the constitutional
values among the citizens of India.

Statement 2 is incorrect: On 29 August 1947, the
Constituent Assembly set up a Drafting Committee under
the Chairmanship of Dr. B.R. Ambedkar, to prepare a
Draft Constitution for India. On 26 November 1949, the
Constituent Assembly of India adopted the Constitution
of India, and it came into effect on 26 January 1950."
3,Which one of the following factors constitutes the best safeguard of liberty in a liberal democracy?,A committed judiciary,Centralization of powers,Elected government,Separation of powers,UPSC CSE Pre.,2021.0,d,"Exp) Option d is the correct answer.

The Separation of powers between the legislature, the
executive and the judiciary constitute an important
safeguard of liberty in a liberal democracy. The doctrine of
Separation of powers entails the division of the legislative,
executive, and judicial functions of government among
different organs. This separation minimizes the possibility
of arbitrary excesses by the government, since all the three
organs act as check and balance on the powers of each other.
Therefore, none of the three organs can usurp the essential
functions of other organs.

This demarcation prevents the concentration of excessive
power by any branch of the Government. It thus helps to
safeguard the liberty and rights of the people in a democracy,"
4,"With reference to India, consider the following statements:
1. There is only one citizenship and one domicile.
2. A Citizen by birth only can become the Head of State.
3. A foreigner once granted the citizenship cannot be deprived of it under any circumstance.
Which of the statements given above is/are correct?",1 only,2 only,l and 3,2 and 3,UPSC CSE Pre,2021.0,a,"Exp) Option a is the correct answer.

Statement 1 is correct. The Indian Constitution provides for
only a single citizenship, that is, the Indian citizenship. The
citizens in India owe allegiance only to the Union. There is
no separate state citizenship. Also, when an Indian citizen
voluntarily acquires the citizenship of another country, his
Indian citizenship automatically terminates.

There is only one domicile allowed in India. Domicile
Certificate can be made only in one State/UT. In 2010, the
Uttarakhand High Court declared that there is no separate
domicile for each State and there is only one domicile for the
entire country.

Statement 2 is incorrect. The President is the Head of the
Indian State. In India, beth a citizen by birth as well as a
naturalised citizen are eligible for the office of President.
Thus, a naturalized citizen can become the Head of the State
in India.

This is different from USA, where only a citizen by birth
(and not a naturalised citizen) is eligible for the office of
President.

Statement 3 is incorrect. A foreigner, who has been earlier
granted Indian citizenship, can be deprived of his citizenship.
| Important ‘Tips

The Indian citizenship of a person can be terminated by

the Central government, if:

¢ he has obtained the citizenship by fraud:

* he has shown disloyalty to the Constitution of India:

« he has unlawfully traded or communicated with the
enemy during a war;

* he has, within five years after registration or
naturalisation, been imprisoned in any country for two
years; and

¢ he has been ordinarily resident out of India for seven
years continuously,"
5,"What was the exact constitutional status of India on 26"" January, 1950",A Democratic Republic,A Sovereign Democratic Republic,A sovereign Secular Democratic,A sovereign Socialist secular Democratic Republic,UPSC CSE Pre,2021.0,b,"Exp) Option b ts the correct answer.

The original Preamble, adopted by the Constituent Assembly
on 26th November, 1949 and came into force on 26th January,
1950. declared India as a “Sovereign Democratic Republic”.
By the 42nd Amendment of 1976, enacted during the
Rmergency, the words “Socialist” and “Secular” were
inserted. The Preamble now reads “Sovereign Socialist
Secular Democratic Republic”."
6,Constitutional government means,A representative government of a nation with federal structure,A government whose head _ enjoys nominal powers,A government who's Head enjoys real powers,A government limited by the terms of the constitution,UPSC CSE Pre,2021.0,d,"Exp) Option d is the correct answer.

Constitutional government seeks to Itmit and regulate
the exercise of political power by the government,

Constitutional government is by definition limited

government. It mcans government conducted according to

rules and principles, which are binding on all political actors.
Important Tips

A constitutional government help to constrain the

unfettered exercise of power by separating or dividing it.

Constitutional government provides a framework in which

the government can be both responsible and representative

- managing conflicts, Protecting the rights, promoting

participation and maintaining security of the citizens."
7,"The Preamble to the Constitution of India,is",part of the Constitution but has no legal effect,not a part of the Constitution and has no legal effect either,a part of the Constitution and has the same legal effect as any other part,a part of the Constitution but has no legal effect independently of other parts,UPSC CSE Pre.,2020.0,d,"Exp) Option d is the correct answer.
The Preamble to a Constitution embodies the fundamental
values and the philosophy, on which the Constitution is based,
and the aims and objectives, which the founding fathers of the
Constitution enjoined the polity to strive to achieve.
The Supreme Court in the Berubari Union case (1960) held
that the “Preamble is not a part of the Constitution.” It
further said the Preamble can be used as a guiding principle
if a term in any article of the Constitution is ambiguous or
has more than one meaning.
Later in Kesavanand Bharti case (1973), the Supreme Court
reversed its ruling and held that the Preamble is a part of the
Constitution and can also be amended under Article 368 of the
Constitution. Preamble, therefore, is a part of the Constitution.
The preamble states the objects of the Constitution and is not
enforceable in court thus has no legal effect independently of
other parts."
8,"| Other than the Fundamental Rights, which of the following parts of the Constitution of India reflect/reflects the principles and provisions of the Universal Declaration ofHuman Rights (1948)?
1. Preamble
2. Directive Principles of State Policy
3. Fundamental Duties
Select the correct answer using the code given
below:",1 and 2 only,2 only,1 and 3 only,"1,2 and 3",UPSC CSE Pre,2020.0,d,",
Exp) Option d is se correct answer.
Indian constitution was ereatly influenced by the Universal
Declaration of Human Rights, 1948. Part II which stands
for Fundamental Rights a:.2 Part 1V for Directive Principles
of State Policy bear a close resemblance to the Universal
Declaration of Human Rights. he Preamble also provides for
social, economic, political, justice, as enshrined in UDHR and
Article 28, 29 of UHDR, resemble the Fundamental Duties.
Important Tips

Articles under Universal Declaration of Human Rights:

« Articles 1 and 2 reaffirms human dignity, equality and
brotherhood.

« Articles 3-11 are the rights of the individual: the right
to life, outlawing of slavery or torture, equality before
the law, the right to a fair trial etc.

e Articles 12-17 includes freedom of movement, the
right to a nationality, the right to marry and found a
family, as well as the right to own property.

¢ Articles 18-21 are the spiritual and religious rights of
individuals, such as freedom of thought and conscience
(religion), the right to your own opinion, the right to
peaceful assembly and association, and the right to |
vote and take part in government.

¢ Articles 22-27 includes the right to work, the right to
| rest and leisure, the right to a decent standard of living,
| and the right to education.
| « Articles 28-30 remind us that rights come with

obligations and that none of the rights mentioned

| in the UDHR can be used to violate the spirit of the
| United Nations."
9,"In the context of India, which one of the following is the characteristic appropriate for bureaucracy?",An agency for widening the scope of parliamentary democracy,An agency for strengthening the structure of federalism,An agency for facilitating political stability and economic growth,An Agency for the implementation of public policy,UPSC CSE Pre.,2020.0,d,"Exp) Option d is the correct answer.
Option d is correct. Bureaucracy is the executive arm of
the government. In traditional classical literature on organs
of government, one studied the legislature, the executive
and the judiciary with bureaucracy being subsumed under
the executive (which comprises the political establishment
and the bureaucracy). Now, one finds that bureaucracy is
being treated separately and this is indicative of its growing
importance.
Bureaucracy refers to an administrative policy-
implementation group, which is a body of non-clected
government officials. The major objective of bureaucracy
in India has not been Parliamentary democracy’s expansion
but rather the implementation of the decisions taken by
the executive. With All India Services at the helm of major
bureaucratic structure, it cannot be said that strengthening
of federal structure is its main characteristic.
India’s bureaucratic system’s most important function since
independence has been implementation of public policy,
making the decisions of the government reach a conclusion
on the ground level. Parliamentary democracy results often
in change at the helin of executive, the static and permanent
bureaucracy provides continuity of policies and execution
rather than political stability."
10,A constitutional government by definition isa,government by legislature,popular government,multi-party government,limited government,UPSC CSE Pre.,2020.0,d,"Exp) Option d is the correct answer.
A constitutional government by definition is a limited
government. A constitutional government is the one that is
defined by the constitution of the country. Constitution of
a country is supreme law of the land; it is empowered with
the sovercign authority of the people (we the people) by the
framers and the consent of the legislatures of the states. It
is the source of all government powers, and also provides
important limitations on the government that protect the
fundamental rights of citizens."
11,The Ninth Schedule was introduced in the Constitution of India during the prime ministership of:,Jawaharlal Nehru,Lal Bahadur Shastri,Indira Gandhi,Morarji Desai,"UPSC CSE Pre,",2019.0,a,"Exp) Option a is the correct answer.
First Constitutional (Amendment) Act of 1951, introduced
the Ninth Schedule in the Constitution of India during the
prime-ministership of Jawaharlal Nehru.
This amendment made laws placed in Ninth Schedule
immune to judicial review, even if they violate any
Fundamental Rights.

Important Tips
The Ninth Schedule was brought in the Indian Constitution
on 18 June 1951 to abolish Zamindari system. The Ninth
Schedule contains a list of laws that cannot be challenged
in courts. Out of 284 such laws which are shielded from
judicial review, 90 per cent of laws are about agriculture
and landholding."
12,"Which of the following are regarded as the main features of the “Rule of Law”?
1. Limitation of Powers
2. Equality before law
3. People’s responsibility to the Government
4. Liberty and civil rights
Select the correct answer using the code given below:",1 and 3 only,2 and 4 only,"1,2 and 4 only","1,2,3 and 4","UPSC CSE Pre,",2018.0,c,"Exp) Option c is the correct answer.
In order to understand the concept of rule of law, it is to
be comprehended that the state is governed not by the
ruler or the nominated representatives of the people but
by the law. The term ‘Rule of Law’ is nowhere defined in
the Indian Constitution but this term is often used by the
Indian judiciary in their judgments. Rule of law has been
declared by the Supreme Court as one of the basic features
of the Constitution so it cannot be amended even by the
constitutional amendment. Rule of law is seen as an integral
part of good governance.
The “Rule of Law” is a principle of governance which
implies that the creation of laws, their enforcement, and
the relationships among legal rules are themselves legally
regulated, so that no one—including the most highly placed
official—is above the law. Thus, ensuring equality before law.
(Option 2 is correct)
People’s responsibility to the Government cannot be
attributed to “Rule of Law”. (Option 3 is incorrect)
Limitation of powers ensures no man is punished except
for a breach of law, thus restricting discretion of the
government of the day. It would also help in safeguarding
rights of the individual. (Option 1 and 4 are correct)"
13,"Consider the following statements:
“1. The Parliament of India can place a particular law in the Ninth Schedule of the Constitution of India.
2. The validity of a law placed in the Ninth Schedule cannot be examined by any court and no judgement can be made on it.
Which of the statements given above is/are correct?",1 only,2 only,Both 1 and 2,Neither 1 nor 2,UPSC CSE Pre.,2018.0,a,"Exp) Option a is the correct answer.
Statement I is correct. The Ninth Schedule contains a list
of central and state laws. ‘The Schedule became a part of
the Constitution in 1951, when the document was amended
for the first time. The Parliament has the power to place a
particular law in the Ninth Schedule of the Constitution of
India.
Statement 2 is incorrect. The mandate of ninth schedule is
to prevent judicial scrutiny but in a landmark ruling in IR
Coelho versus State of Tamil Nadu, 2007, the Supreme Court
of India ruled that all laws (including those in the Ninth
Schedule) would be open to Judicial Review if they violated
the basic structure of the constitution. The Supreme Court
judgment laid that the laws placed under Ninth Schedule
after April 24, 1973 shall be open to challenge in court if
they violated fundamental rights guaranteed under Article
14. 19, 20 and 21 of the Constitution."
14,Democracy’s superior virtue lies in the fact that it calls into activity,the intelligence and character of ordinary men and women.,the methods for strengthening executive leadership.,a superior individual with dynamism and vision.,a band of dedicated party workers.,UPSC CSE Pre.,2017.0,a,"Exp) Option a is the correct answer.
The word democracy comes from the Greek word “demos”,
meaning people, and “kratos” meaning power; so, democracy

can be thought of as “power of the people”: a way of
governing which depends on the will of the people. The most
obvious ways to participate in government are to vote, or to
stand for office and become a representative of the people.
Democracy, however, is about far more than just voting, and
there are numerous other ways of engaging with politics
and government. The effective functioning of democracy, in
fact, depends on ordinary people using these other means as
much as possible. The take-off point for a democracy is the
idea of consent, i.e., the desire, approval and participation of
people. It is the decision of people that creates a democratic
government and decides about its functioning. So, since
democracy requires voter’s decision making- hence
intelligence and character of common people are called in."
15,The mind of the makers of the Constitution of India is reflected in which of the following?,The Preamble,The Fundamental Rights,The Directive Principles of State Policy,The Fundamental Duties,UPSC CSE Pre.,2017.0,a,"Exp) Option a is the correct answer.

The mind of the makers of the Constitution of India is
reflected in the Preamble. The Preamble to a Constitution
embodies the fundamental values and the philosophy, on
which the Constitution is based. It embodies the aims and
objectives, which the founding fathers of the Constitution
enjoined the polity to strive to achieve.

The Preamble embodies the basic philosophy and fundamental
values-political, moral and religious-on which the Constitution is
based, It contains the grand and noble vision of the Constituent
Assembly, and reflects the dreams and aspirations of the founding
fathers of the Constitution. In the words of Sir Alladi Krishnaswami
Iyer, a member of the Constituent Assembly who played a significant
role in making the Constitution, “The Preamble to our Constitution
expresses what we had thought or dreamt so long’ ,"
16,Which- one of the following objectives is not embodied in the Preamble to the Constitution of India?,Liberty of thought,Economic liberty,Liberty of expression,Liberty of belief,UPSC CSE Pre.,2017.0,b,"Exp) Option b is the correct answer.

The text of the Preamble of the Constitution of India reads
as - ‘
WE, THE PEOPLE OF INDIA, having solemnly resolved to
constitute India into a SOVEREIGN SOCIALIST SECULAR
DEMOCRATIC REPUBLIC and to secure to all its citizens:
JUSTICE, social, economic and political; LIBERTY of
thought, expression, belief, faith and worship;

EQUALITY of status and of opportunity;

and to promote among them all FRATERNITY assuring the
dignity of the individual and the unity and integrity of the
Nation;

IN OUR CONSTITUENT ASSEMBLY this twenty-sixth day
of November, 1949, do HEREBY ADOPT, ENACT AND
GIVE TO OURSELVES THIS CONSTITUTION.

Thus, Preamble to the Constitution of India embodies liberty.
of thought, expression, belief, faith and worship but not
economic liberty."
17,One of the implications of equality in society is the absence of,Privileges,Restraints,Competition,Ideology,UPSC CSE Pre.,2017.0,a,"Exp) Option a is the correct answer. .
“Equality means equal rights for all the people and the
abolition of all special rights and privileges”. -Barker :

Thus, negatively equality implies abolition of all special
privileges and facilities which may be available to some classes
or some persons in society. It also stands for the abolition
of all man-made inequalities and discriminations. Positively
Equality stands for equal rights, equitable distribution
of resources, equal opportunities for development and
relative equality with due recognition of merit, abilities and
capacities of various persons.
Important Tips
Privileges mean a special advantage to only a particular
person/ group. Equality requires the state of being equal,
particularly in standing, rights, or opportunities and thus
absence of any privileges.
In society there are present two types of inequalities:
1. Natural inequalities, and
2. Man-made unnatural inequalities.
The former means natural differences among human
beings. These have to be accepted by all. The man-made
inequalities are those which are there because of some
social conditions and discriminations. These are of the
nature of socioeconomic inequalities resulting from the
operation of social system. The discriminations practiced
and inequalities maintained in the name of caste, colour,
creed, religion, sex, place of birth and the like are all
unnatural man- made inequalities. Equality means end of
all such inequalities and discriminations."
18,The provisions of the fifth and Sixth Schedule in the Constitution of India are made to,Protect the interests of Scheduled Tribes,Determine the boundaries between States,"Determine the powers, authority and responsible of Panchayats",Protect the interests of all the border States,UPSC CSE Pre,2015.0,a,"Exp) Option a is the correct answer.
Both the Fifth Schedule and the Sixth Schedule aim
to protect the interests of Scheduled Tribes. The Fifth
Schedule of the Constitution of India contains special
provisions for the administration and control of Scheduled
Areas in several states. Scheduled Areas are those areas where
a substantial number of Scheduled Tribes (STs) reside, The
Sixth Schedule of the Constitution of India contains special
provisions fer the administration of tribal areas in the
northeastern states."
19,Which one of the following Schedules of the Constitution of India contains provisions regarding anti-defection?,Second Schedule,Fifth Schedule,Eighth Schedule,Tenth Schedule,UPSC CSE Pre.,2014.0,d,"Exp) Option d is the correct answer.
The Tenth Schedule of the Indian Constitution popularly
referred to as the ‘Anti-Defection Law’ was inserted by
the 52nd Amendment (1985) to the Constitution, It was
formulated to bring stability in the Indian political system."
20,"The Government enacted, the Panchayat Extension to Scheduled Areas (PESA) Act in 1996. Which ne of the following is not identified as its objective?",To provided self-governance,To recognize traditional rights,To create autonomous regions in tribal areas,To free tribal people from exploitation,UPSC CSE Pre.,2013.0,c,"Exp) Option c is the correct answer.
PESA Act is a Central legislation that extends the Provisions
of the Panchayats, as given in Part IX of the Constitution
to the Fifth Schedule Areas with certain modifications
and exemptions. These areas have preponderance of tribal
population. This Act is called “The Provisions of the
Panchayats (Extension to the Scheduled Areas) Act, 1996"".
In short form this is popular as “PESA’.
The PESA Act was enacted to extend the provisions of 73""
and 74"" Amendment Acts to the Fifth Schedule areas. Thus, it was meant to provide institutions of local self-governance
in the Scheduled Areas and to recognise the traditional
rights of the tribals. The provisions of this Act address
some of the most complex problems of exploitation and
marginalisation of the tribals.
The act did not have any provisions of creating any
autonomous regions.
Important Tips
The States with Fifth Schedule Areas that are covered
under PESA are Andhra Pradesh, Chhattisgarh, Gujarat,
Himachal Pradesh, Jharkhand, Madhya Pradesh,
Maharashtra, Odisha, Rajasthan and Telangana."
21,‘Economic Justice’ as one of the objectives of the Indian Constitutional has been provided in,the Preamble and the Fundamental Rights,the Preamble and the Directive Principles of State Policy,the Fundamental Rights and the Directive Principles of State Policy,None of the above,UPSC CSE Pre.,2013.0,b,"Exp) Option b is the correct answer.
Economic justice denotes the non-discrimination between
people on the basis of economic factors. It involves the
elimination of glaring inequalities in wealth, income and
property. A combination of social justice and cconomic
justice denotes what is known as ‘distributive justice’.
The term ‘justice’ in the Preamble embraces three distinct
forms-—-social, economic and political, secured through
various provisions of Fundamental Rights and Directive
Principles.
The concept of Economic Justice is also mentioned under the
Directive Principles of State Policy. Article 39 says that the
State shall, in particular, direct its policy towards securing—
(a.) that the citizens, men and women equally, have the right
to an adequate means of livelihood; (b.) that the ownership
and control of the material resources of the community are
so distributed as best to subserve the common good; (c.)
that the operation of the economic system does not result
in the concentration of wealth and means of production to
the common detriment; (d.) that there is equal pay for equal
work for both men and women."
22,"Inthecontext of India, which of the following principles is/are, implied institutionally in
the parliamentary government?
1. Members of the Cabinet are Members of the Parliament.
2. Ministers hold the office till they enjoy confidence in the Parliament.
3. Cabinet is headed by the Head of the State.
Select the correct answer using the codes given below:",1 and 2 only,3 only,2 and 3 only .,"1,2 and 3",UPSC CSE Pre.,2013.0,a,"Exp) Option a is the correct answer.
In the context of India, there are mainly two principles which
can be implied institutionally in the Parllamentary form of
government:
Statement J. is correct. A Member of the Cabinet must be a
Member of the Parliament. If a person who is not a member of
the parliament and is appointed as a minister then he/she has to
get elected to either of the two houses of parliament within six
months.
Statement 2 is correct. In a parliamentary form of government,
the council of ministers hold office till they enjoy the confidence
of the parliament (in India’s case that of Lok Sabha), Hence,
Ministers hold the office till they enjoy confidence in the
Parliament.
Statement 3 is incorrect. The President is Head of the
State in India, whereas the Cabinet is headed by the Prime
Minister of India."
23,"Which of the following provisions of the Constitution of India have a bearing on
Education?
1. Directive Principles of State Policy.
2. Rural and Urban Local Bodies.
3. Fifth Schedule
4. Sixth Schedule
5. Seventh Schedule
Select the correct answer using the codes given below:",1 and 2 only,"3, 4 and 5 only","1,2 and 5 only","1,2,3,4 and 5",UPSC CSE Pre.,2012.0,d,"Exp) Option d is the correct answer.
All the above provisions of the Constitution of India, have a
bearing on Education.
Directive Principles of State Policy - Article 45: To provide
early childhood care and education for all children until
they complete the age of six years. 86th Amendment changed
the subject-matter of Article 45 and made elementary
education a fundamental right under Article 21 A.
Rural and Urban Local Bodies — Education is one of the
subject matters under Schedules XI and XII. It empowers
local bodies to take steps to improve educational standards
in their regions.
Fifth and Sixth Schedule — The Fifth and Sixth Schedule of
the constitution provide protection to the tribals on account
of their economic disadvantages so that they could maintain
their tribal identity without any coercion or exploitation. This
includes promotion of education in their own language for their
upliftment.
Seventh Schedule - Under this, education is put under the
concurrent list which allows both centre and states to make
laws on the subject."
24,"Consider the following statements:
1. The discussions in the Third Round Table Conference eventually led to the passing of the Government of India Act, 1935.
2. The Government of India Act, 1935 provided for the establishment of an All-India Federation to be based-on a Union of the Provinces of British India and the Princely States.
Which of the statement(s) given above is/are correct?",1 only,2 only,Both 1 and 2,Neither 1 nor 2,UPSC CSE Pre,2009.0,c,"Exp) Option c is the correct answer.
Stateinent J is correct: The discussions in the Third Round
Table Conference, held in November-December 1932,
eventually led to the passing of the Government of India Act,
1935. by the British Parliament.
Statement 2 is correct: The Government of India Act, 1935
provided for the establishment of an All-India Federation
to be based on a Union of the Provinces of British India
and the Princely States. However, the federation never came
into being as the princely states did not join it."
25,The right of the government to impose taxes and fees is provided in which List of Constitution?,VI Schedule,VII Schedule,IX Schedule,XI Schedule,UPSC CSE Pre,2009.0,b,"Exp) Option b is the correct answer.
The right of the government to impose taxes and fees
is provided In Entry 82 of the Union List of the Seventh
Schedule of the Constitution of India. ‘his means that the
Parliament has exclusive power to make laws on this subject.
Important Tips

Taxes levied by the Central government:
| 1. Customs duty

2. Excise duty

3. Income tax

4. Corporation tax

5. Service tax

6. GST (CGST)
| Taxes levied by the State government:
| 1. Sales tax

2. Motor Vehicle tax |

3. Land revenue

4. Stamp duty

5. Entertainment tax

6. GST (SGST)"
26,Which Schedule of the Constitution of India contains special provisions for the dministration and control of Scheduled Areas in several states?,Third,Fifth,Seventh,Ninth,UPSC CSE Pre,2008.0,b,"Exp) Option b is the correct answer.
The Schedule of the Constitution of India that contains
special provisions for the administration and control of
Scheduled Areas in several states is the Fifth Schedule.
The Fifth Schedule is dedicated to the administration and
governance of areas inhabited by Scheduled Tribes. It
outlines the powers and functions of the tribal advisory
councils, the governance structure, and the protection of
tribal rights and customs,"
27,"Consider the following:
Assertion (A): According to the Wavell Plan, the member of Hindu and Muslim members in the Executive Council was to be equal.
Reason (R): Wavell thought that this arrangement would have avoided the partition of India. Code:","Both A and R are individually true, and R is the correct explanation of","Both A and R are individually true, but R is not the correct explanation of A.","A is true, but R is false.","A is false, but R is true.",UPSC CSE Pre,2007.0,c,"Exp) Option c is the correct answer.
Assertion is correct: According to the Wavell Plan, the
number of Hindu and Muslim members in the Executive
Council was to be equal. The Wavell Plan was a proposal
initiated by the British government to resolve the deadlock
in India. Jt was prepared by Lord Wavell, who became the
Viceroy of India in 1943. The plan proposed the complete
Indianization of the Executive Council, with seats reserved
for members on the basis of religion and caste.
Reason is incorrect: Wavell did not think that this
arrangement would have avoided the partition of India.
He was not concerned about the issue of partition of India.
Wavell’s most important task was to present a formula for
the solution of the Indian problem which was acceptable for
both the Congress and the Muslim League."
28,"Consider the following statements:
1. Article 371-A to 371-I were inserted in the Constitution of India to meet regional demands of Nagal and, Assam, Manipur, Andhra Pradesh, Sikkim, Mizoram,Arunachal Pradesh and Goa.
2. Constitution of India and the United States of America envisage a dual policy,(The Union and the States) but a single citizenship.
3. A Naturalized citizen of India can never be deprived of his citizenship. Which of the statements given above is/are correct?","1,2 and 3",1 and 3 only,3 only,1 only,UPSC CSE Pre,2005.0,d,"Exp) Option d is the correct answer.
Statement 1 is correct- Article 371-A to 371-I were inserted
in the Constitution of India to give special status to the
North Eastern States and protect their cultural and linguistic
identities,
Statement 2 is incorrect- The Constitution of India follows
a single citizenship principle, where every Indian citizen is
considered a citizen of the entire country. The United States,
on the other hand, follows a dual citizenship system.
Statement 3 is incorrect- The Indian Constitution allows
for the deprivation of citizenship for naturalized citizens
under certain circumstances, such as acquiring citizenship
through fraud or false representation or acquiring
citizenship of another country voluntarily.

Important Tips

Articles 371A to 3711 of the Indian Constitution provide
special provisions and safeguards for certain states and
regions, Here is a brief description of cach article:

1. Article 371A; It grants special provisions for the state

of Nagaland. ;

2. Article 371B: It provides special provisions for the
state of Assam.
3. Article 371C: It grants special provisions for the state
of Manipur.
4. Article 371D: It provides special provisions for the
state of Andhra Pradesh.
5. Article 371E: It grants special provisions for the state
of Sikkim.
6. Article 371F: It provides special provisions for the
state of Mizoram.
7. Article 371G: It grants special provisions for the state
of Arunachal Pradesh,
8. Article 371H: It provides special provisions for the
state of Goa.
9. Article 3711: It grants special provisions for the state
of Jammu and Kashmir."
29,"If a new state of the Indian Union is to be created, which one of the following Schedules of the Constitution must be amended?",First,Second,Third,Fourth,UPSC CSE Pre,2001.0,a,"Exp) Option a is the correct answer.
Any change or creation of a new state would require amending
the First Schedule to reflect the addition or alteration in the
list. The First Schedule contains the list of states and union
territories with their territories and capitals. Articles 1 to
4. are covered in the first schedule.
Important Tips
1. Article 1 of the Indian Constitution declares India as
a Union of States.
2. Article 2 allows for the admission or establishment
of new states within the Indian Union,
3. Article 3 provides the power to form new states or
alter existing state boundaries.
4. Article 4 allows for the creation or abolition of
Legislative Councils in states."
30,"In the following quotation: “WE THE PEOPLE OF INDIA, having solemnly resolved to constitute India into a (Sovereign, Socialist, Secular, Democratic, Republic) and to secure to all its citizens.JUSTICE, social, economic and political; LIBERTY of thought, expression, belief, faith, and worship; EQUALITY of status and of opportunity: and to promote among them all; FRATERNITY assuring the dignity of the Individual and the unity and integrity of the Nation. In our  onstituent Assembly, this *X’ do hereby adopt, enact and give to ourselves this Constitution.”
‘x’ stands for:",Twenty-sixth day of January 1950,‘Twenty-sixth day of November 1949,Twenty-sixth day of January 1949,None of the above,UPSC CSE Pre,1997.0,b,"Exp) Option b is the correct answer.
The word “X” in the Preamble stands for the date on which
the Preamble was adopted, which is November 26, 1949. The
Constitution of India came into force on January 26, 1950."
31,Whogave the idea ofa Constituent Assembly firstly for the formation of Constitution for India,Swaraj party in 1934,Congress party in 1936,Muslim League in 1942,All Parties conference in 1946,UPSC CSE Pre,1996.0,a,"Exp) Option a is the correct answer.
At a conference held in May 1934, the Swaraj Party passed
a resolution reiterating that the only course should be to
convene a Constituent Assembly representing all sections
of the Indian people to frame an “acceptable Constitution”.
This was the first time that the Indian masses heard about
the demand for a Constituent Assembly
Note; In several digital sources, the Congress party in 1936
is mentioned as the correct answer. But it must be noted
that the Congress party accepted the idea of a Constituent
Assembly as its official demand in its session at Lucknow
in April 1936, presided by Jawaharlal Nehru. This was after
the demand made by Swaraj Party in 1934."
32,"In the Interim Government in 1946, the Vice-President of the Executive Council was",Jawaharlal Nehru,Dr. S. Radhakrishnan,C. Rajagopalachari,Dr. Rajendra Prasad,UPSC CSE Pre,1995.0,a,"Exp) Option a is the correct answer.
Jawaharlal Nehru was the Vice-President of the Executive
Council in the Interim Government formed in 1946,
under the provisions of the Cabinet Mission Plan of 1946.
The Interim Government was a provisional government
established on 2 September 1946, to assist the transition
of India from British rule to independence. It consisted of
15. members, representing different political parties and
interests, headed by the Viceroy of India as the President of
the Executive Council. Jawaharlal Nehru was designated as
the Vice-President of the Executive Council and also held
the portfolios of External Affairs and Commonwealth
Relations. He acted as the de facto Prime Minister of India
and led the Interim Government until 15 August 1947, when
India became independent.
Important Tips
« Dr. S. Radhakrishnan was not a member of the Interim
Government, but he was a member of the Constituent
Assembly and later became the first Vice-President and
second President of India.
e« C. Rajagopalachari was a member of the Interim
Government and held the portfolio of Education, Arts,
| Health and Lands. He later became the last Governor-
General of India from 1948 to 1950.
| ¢ Dr. Rajendra Prasad was not a member of the Interim
Government, but he was the President of the Constituent
Assembly and later became the first President of India."
33,"Which of the following statement(s) is/are true in relation to Constituent Assembly?
1. Assembly was based on adult suffrage.
2. The assembly was a result of direct election.
3. Assembly was a multi-party body.
4. Assembly worked through various committees.
Choose the correct answer by using the code given below:",1 and 2 only,2 and 3 only,3 and 4 only,"1,2,3 and 4",UPSC CSE Pre,1993.0,c,"Exp) Option c is the correct answer.
Statement 1 and 2 are incorrect: Constituent Assembly was
not based on adult suffrage. The members of the Constituent
Assembly were elected by the provincial assemblies by a single,
transferable-vote system of proportional representation. The
provincial assemblies themselves were elected on a limited
franchise, based on property, tax or education qualifications.
Constituent Assembly was not a result of direct election.
The members of the Constituent Assembly were elected
indirectly by the provincial assemblies.
Statement 3 is correct: Constituent Assembly was a multi-
party body. It consisted of members from various political
parties and groups, such as the Indian National Congress
(INC), the All-India Muslim League (AIML), the Communist
Party of India (CPI), the Akhil Bharatiya Hindu Mahasabha
(ABHM), the Jana Sangh (JS), the Sikh Akali Dal (SAD), and
some independents
Statement 4 is correct: Constituent Assembly worked
through various committees. The Constituent Assembly
appointed a number of committees to deal with different
aspects of constitution-making. Out of these, eight were
major committees and 22 were minor committees.

_ Important Tips

Features of Constituent Assembly:

« It was formed in 1946 based on the Cabinet Mission
Plan, which proposed a three-tier federation for India,
consisting of the provinces, the princely states and the
centre.

« It had 389 members initially, of which 296 were elected
by the provincial assemblies and 93 were nominated
by the princely states. After partition, the number of
members reduced to 299.

¢ It was presided over by Dr. Rajendra Prasad, who was
elected as its president. Its vice president was H.C.
Mookerjee and its constitutional advisor was B.N. Rau

« The Constituent Assembly consisted of members
from various political parties and groups, such as the
Indian National Congress (INC), the All-India Muslim
League (AIML), the Communist Party of India (CPI),
the Akhil Bharatiya Hindu Mahasabha (ABHM), the
Jana Sangh (JS), the Sikh Akali Dal (SAD), and some
independents"
34,Which of the following characteristics is common between the Federal system of India and America?,A Single Citizenship,Three lists in the Constitution,Dual Judicial System,A Federal Supreme Court for Interpretation of the Constitution,UPSC CSE Pre,1993.0,d,"Exp) Option d is the correct answer

The Supreme Court of the United States has power over the

entire country, but it can only pass federal laws. In India,

there is only one court system. The Supreme Court is in the

Supreme Court and the higher courts in different states are

in the lower courts. Both parties have the power to rule on

federal and state legislation.
Important Tips

1. Dual citizenship is offered in the USA while not in
India.

2. In India, states are proportionately represented.
whereas in the USA equal representation to all states
so both are different.

3. The system of Judicial Review is prevalent both in
India and U.S.A

| (i24, | Other’ Examination’ Previous “Years”

Questions = ERO ee a ued"
35,"Match list-I with list-IT and select the correct answer using the codes given below the lists:
pLIStLT (Schedile).| List-I1 (Subject) 2.9%
A. Third | 1. Allocation of seats in Schedule | the Council of States
B. Fourth 2. Forms of Oath or Schedule | Affirmations
C. Seventh 3. Languages Schedule
D. Eighth 4, List of subject matter Schedule | of laws to be made by the Parliament and by State Legislatures
Code: 
A B CD",3 4 2 I,1 2 3 4,4 3 1 2,2 1 4 3,UPPCS Pre,2022.0,d,"Exp) Option d is the correct answer.

A. Third Schedule- (2) This schedule contains the text
of the oath or affirmation that is to be taken by the
President, Vice-President, Governors, Speakers and
Deputy Speakers of Legislatures, and Judges of the
Supreme Court and High Courts.

B. Fourth Schedule- (1) This schedule is associated with
the allocation of seats in the Rajya Sabha to the states
and the union territories.

C. Seventh Schedule- (4) The Union List (98 subjects),
the State List (59 subjects) and the Concurrent List (52
subjects).

D. Eighth Schedule- (3) This schedule is specifically
related to Languages. Altogether there are 22 scheduled
languages in India.

Important Tips

Brief overview of the Schedules of the Indian

Constitution:

1. Schedule 1: The States and the Union Territories of
India.

2. Schedule 2: Provisions related to emoluments,
allowances, privileges and so on as to the President,
Vice-President, Governors, Speakers and Deputy
Speakers of Legislatures and Judges of the Supreme
Court and High Courts.

3. Schedule 5: The Scheduled Areas and Scheduled
Tribes.

4. Schedule 6: Administration of Tribal Areas in the
States of Assam, Meghalaya, Tripura and Mizoram.

5. Schedule 9: It contains a list of central and state
laws shielded from judicial scrutiny, added by
the Constitution (First Amendment) Act, 1951,
to protect agrarian reform and abolishing the
Zamindari system

6. Schedule 10: Disqualification on Ground of
Defections (Added via 52""4 Act, 1985).

7. Schedule 11: Panchayats (Added via 73"" Act, 1992).

8. Schedule 12: Municipalities (Added via 74 Act,
1992), Z"
36,"Consider the following subjects and arrange them into sequential order as mentioned in the Constitution:
1. The Union and its territory
2. Fundamental duties
3. Citizenship
4, Directive Principles of State Policy Select the correct answer from the code given below. UPPCS Pre 2022]","4,2,3,1","1,3,4,2","2,4,1,3","3,1,2,4",,,b,"Exp) Option b is the correct answer

Part I of the Indian Constitution is titled The Union and

its Territory. It includes Articles 1- 4. This part of the

constitution contains the law in the establishment, renaming,
merging or altering of the borders of the states. Part II of the

Constitution of India deals with the Citizenship of India. It

includes Articles 5-11. Part IV of the Indian Constitution

deals with Directive Principles of our State Policy (DPSP). It

includes Articles 36-51. Part IVA of the Indian Constitution

deals with Fundamental Duties. It includes Article 51A.
Important Tips

¢ Part I ofthe Indian Constitution contains the law in
the establishment, renaming, merging or altering of
the borders of the states.

e Part I of the Indian Constitution contains is related
with the citizenship.

« Part IV DPSP cannot be enforced by any court, but
these principles are fundamental in the governance
of the country and it shall be the duty of the State to
apply. The concept of Directive Principles of State
Policy was borrowed from the Irish Constitution.

« Part IV-A demonstrates the fundamental duties |
of Indian citizens. Although, Article 51 -A of |
this part is where all the fundamental duties are
defined. These duties are introduced under the 42nd
Amendment of the constitution. _"
37,"Which one of the following is not correctly matched? 
Pioviion 2 Sate eee",Fundamental | USA Rights |,Directive Irel and Principles of |State Policy,Residual Australia Powers of,Emergency Germany Powers,UPPCS Pre,2021.0,c,"Exp) Option c is the correct answer
The idea of Residuary Powers has been taken from the
Canadian Constitution and not Australian Constitution.
Other features that are borrowed from the Canadian
Constitution are as follows:
e Federation with a strong Centre
e Appointment of state governors by the Centre,
« Advisory jurisdiction of the Supreme Court.

Important Tips

* Fundamental Rights in India has been taken from the
Constitution of the U.S. Bill of Rights.

+ Directive Principles of State Policy was borrowed from
the Irish Constitution.

e The Cabinet system of the Indian Constitution is taken |
from the British Constitution,

* The concept of “A Union of States in the Indian |
Constitution” has been derived from Canadian |
Constitution. _ 4"
38,"Match list-I with list-II and select the correct answer using the codes given below
the lists:
‘List-1 (Article) ""| List“I1 (Provision) 2247
A. Article 61 1. Removal of Deputy Chairman of Rajya Sabha
B. Article 67",2 4 3 1,3 2 4 1,2 3 4 1,4 1 3 2,,,c,"Exp) Option c is the correct answer

Option A matches with Option 2: Article 61 of the
Constitution of India prescribes the procedure for
impeachment of the President.

Option B matches with Option 3: Article 67(b.) deals with
removal of Vice President from his office by a resolution
of the council of States passed by a majority of all the then
members of the council and agreed to by the House of the
People.

Option C matches with Option 4: Article 94 deals with the
vacation and resignation of, and removal from, the offices
of Speaker and Deputy Speaker.

Option D matches with Option 1: Article 90 deals with
Vacation and resignation of, and removal from, the office
of deputy chairman."
39,Which of the following is not correctly matched?,and Sanitation,Census Union List __,Allocation of | Second Schedule seats in the council of States,Anti- Jenth Schedule Defection —__,UPPCS Pre,2019.0,c,"Exp) Option c is the correct answer.

The Second Schedule of the Constitution of India p
rovisions related to emoluments, allowances, privileges
and so on as to the President, Vice-President, Governors,
Speakers and Deputy Speakers of Legislatures and Judges
of the Supreme Court and High Courts. The allocation of
seats in the Council of States or the Rajya Sabha is listed in
the Fourth Schedule of the Constitution of India."
40,The concept of “A Union of States in the Indian Constitution” has been derived from,The American Declaration of Independence,The Australian Constitution,The British North American Act,The Swiss Constitution,UPPCS Pre,2017.0,c,"Exp) Option c is the correct answer

The concept of “A Union of States in the Indian Constitution”
has been derived from The British North-American Act.
Federation with a strong Centre is what we call A Union of
States in the Indian Constitution hence it is taken from the
Canadian constitution i.e The British North-American Act."
41,"Which of the following are enshrined in the third schedule of the Indian Constitution?
1. Form of oath of office for a Minister for the Union.
2. Form of oath to be made by the Chief Justice of Supreme Court.
3. Form of oath of office for the President of India.
4. Form of oath to be made by a Member of Parliament.
Select the correct answer using the code given below:","1,2 and 3 only","2, 3 and 4 only","1,2 and 4 only","12,3 and 4",UPPCS Pre,2017.0,c,"Exp) Option c is the correct answer.
Statement 1 is correct- Form of oath of office for a Minister
for the Union is included in the third schedule. It outlines the
oath that a Minister for the Union must take upon assuming
office.
Statement 2 is correct- Form of oath to be made by the Chief
Justice of Supreme Court is included in the third schedule. It
specifies the oath that the Chief Justice of the Supreme Court
of India takes while entering office.
Statement 3 is incorrect- The oath of office for the President
of India is mentioned separately in Article 60 of the
Constitution.
Statement 4 is covrect- Form of oath to be made by a Member
of Parliament is included in the third schedule. It provides
the oath that Members of Parliament must take when they
assume their positions."
42,Coelho case is related to which Schedule of the Constitution of India?,Seventh,Eight,Ninth,Tenth,UPPCS (Mains),2017.0,c,"Exp) Option c is the correct answer.
In Ines Ribeiro Coelho (Dead) By L.Rs. vs. State of
Tamil Nadu and Others on 11 January 2007, the Supre
me Court held that laws placed in the Ninth Schedule of
the Constitution are not immune to judicial review. The
Supreme Court held that the Kerala Land Reforms Act was
not immune to judicial review, and that it could be struck
down if it was found to be unconstitutional."
43,In which case did the Supreme Court first declare that the Preamble is not a part of the Constitution?,Berubari,Sajjan Singh,Golak Nath,Keshvanand Bharti,U.P. P.C.S. (Mains),2017.0,a,"Exp) Option a is the correct answer.
In the case of Berubari Union and Exchange of Enclaves, the
Supreme Court of India first declared that the Preamble is
not a part of the Constitution. This case, which was decided
in 1960, involved a dispute regarding the boundary between
India and East Pakistan (now Bangladesh). The Supreme
Court’s ruling clarified that the Preamble is not enforceable
and does not have legally binding effect.

Important Tips

Very brief overview of other landinark cases:

1. Sajjan Singh- The Seventeenth Amendment to the
Constitution of India was challenged in the Sajjan
Singh case, which introduced Article 31B granting
Parliament the authority to amend any law that
affected fundamental rights guaranteed by Part III of
the Constitution, except Articles 14, 19, and 21.

2. Golak Nath- The Golak Nath case established
limitations on Parliament’s power to amend
fundamental rights.

3. Kesavananda Bharati- The Kesavananda Bharati case
is a landmark case that established the doctrine of
basic structure and affirmed the power of Parliament
to amend the Constitution."
44,"A citizen of India will loose his or her citizenship if he or she
1. renounces Indian citizenship.
2. voluntarily acquires the citizenship of another country.
3. marries a citizen of another country.
4. criticizes the government.
Select the correct answer using the codes given below:","1,2 and 3 only","2, 3 and 4 only",1 and 2 only,1 and 4 only,U.P. B.C.S. (Mains),2017.0,c,"Exp) Option c is the correct answer.
Statement 1 is correct- Any adult citizen of India can
renounce their citizenship by making a declaration, resulting
in the termination of Indian citizenship upon registration.
However, during times of war, the Central Government may
withhold the registration of such a declaration.
Statement 2 is correct- A person who voluntarily acquires
the citizenship of another country automatically ceases to
be a citizen of India except during the times of war.
Statement 3 is incorrect- Marriage to a citizen of another
country does not automatically lead to the loss of citizenship
of India. However, if a person marries a citizen of another
country and then voluntarily acquires the citizenship of
that country, then he or she will lose his or her citizenship
of India
Statement 4 is incorrect- Criticizing the government does
not lead to the loss of citizenship of India. A person is free
to criticize the government as long as he or she does not
engage in any activities that are seditious or subversive.
Important Tips

The Citizenship Act (1955) specifies three ways of losing

Indian citizenship: renunciation, termination, and

deprivation.

1. Renunciation: Any adult citizen can renounce their
Indian citizenship by making a declaration, resulting
in the loss of Indian citizenship. Minor children of
the person also lose citizenship, but they can regain it
upon turning eighteen.

2. Termination: When an Indian citizen voluntarily
acquires citizenship of another country, their Indian
citizenship automatically terminates, except during
times of war.

3. Deprivation: The Central government can
compulsorily terminate Indian citizenship if
acquired through:

fraud,

+ if the citizen shows disloyalty to the Indian
Constitution,

* engages in unlawful trade or communication with
the enemy during war,

¢ is imprisoned in any country for two years within five
years of registration or naturalization, or

¢« has been continuously residing outside India for
seven years."
45,"Match list-I with list-II and select the correct answer using the codes given below the lists
Lists) 2 Oa OList- 198 2
A. Constitutional | 1. Article 360 ___ Amendments i _
B. Finance | 2. Article 312 Commission
C. Financial 3. Article 280 Emergency |
D. All India | 4. Article 368 Services
Code: 
A B CD",2 3 4 1,4 3 1 2,3 4 1 2,1 2 3 4,UPPCS Pre,2016.0,b,"Exp) Option b is the correct answer

Option A matches with Option 4: Article 368 is related
with the Power of Parliament to amend the Constitution
and procedure thereof.

Option B matches with Option 3: Article 280 of the Indian
Constitution provides for the establishment of a Finance
Commission as needed.

Option C matches with Option 1: Article 360 of the Indian
Constitution empowers the President to invoke financial
emergency.

Option D matches with Option 2: Article 312 of the Indian
Constitution explains the genesis of All India Services along
with the genesis of the Indian Constitution."
46,"Match list-I with list-II and select the correct answer using the codes given below the lists:
BLES Ee Ss Ee (Articles) & fy
| A. Comptroller and 1. Article 315
| Auditor General of
|__ India
B. Finance Commission | 2. Article 280
C. Administrative 3. Article 148
| Tribunal |
| D. Union Public Service | 4. Article 323 (A)
Code: 
A BCD",3 2 4 1,3 4 2 1,1 2 4 3,4 1 3 2,UPPCS Pre,2016.0,a,"Exp) Option a is the correct answer

Option A matches with Option 3: Article 148 provides that,
there shall be a Comptroller and Auditor-General of India
who shall be appointed by the President by warrant under
his hand and seal and shall only be removed from office in
like manner and on like grounds as a Judge of the Supreme
Court.

Option B matches with Option 2: Article 280 of the Indian
Constitution provides for the establishment of a Finance
Commission as needed.

Option C matches with Option 4: Article 323(A.)provide
for the establishment of an administrative tribunal for the
Union and a separate administrative tribunal for each State
or for two or more States.

Option D matches with Option 1: Article 315 deals with
Public Service Commissions for the Union and for the States."
47,The Sixth Schedule of the Constitution of India deals with the administration of tribal areas of which of the following States?,"Bihar, Chhattisgarh, Goa","Meghalaya, Tripura, Mizoram","Uttarakhand, Manipur, Jharkhand","Nagal and, Arunachal Pradesh, Tripura",UPPCS (Mains),2016.0,b,"Exp) Option b is the correct answer,

The Sixth Schedule of the Constitution of India deals with
the administration of tribal areas in the northeastern states
of Assam, Meghalaya, Tripura, and Mizoram. The Sixth
Schedule provides for the establishment of Autonomous
District Councils (ADCs) in these areas. The ADCs have
a degree of self-government and autonomy, and they are
responsible for matters such as education, health, and
agriculture."
48,The idea of the Preamble has been borrowed in Indian Constitution from the Constitution of-,Italy,Canada,France,USA,UPPCS Pre,2015.0,d,"Exp) Option d is the correct answer

The Preamble to the Indian Constitution is based on the
‘Objectives Resolution, drafted and moved by Pandit Nehru,
and adopted by the Constituent Assembly. It is a borrowed
feature from the Constitution of the USA. It has been
amended by the 42nd Constitutional Amendment Act
(1976), which added three new words-Socialist, Secular and
Integrity."
49,"Match list-I with list-I] and select the correct answer using the codes given below the lists:
A. Article 76 1. Comptroller and Auditor General of India
B. Article 148 2. Jurisdiction of _|_ Supreme Court _|
C. Article 75 (1) |3. Attorney General of | India |
D. Article 131 4, Appointment of Union Ministers
Code: 
A BCD",1 2 3 4,3 1 4 2,4 1 2 3,2 3 4 1,UPPCS (Mains),2015.0,b,"Exp) Option b is the correct answer.
Option A matches with Option 3: Article 76 of the
Constitution of India, 1950 carves an advisory role for

Attorney General to counsel the Government in legal
matters.
Option B matches with Option 1: Article 148 provides for
a Comptroller and Auditor-General of India who shall be
appointed by the President by warrant under his hand and
seal and shall only be removed from office in like manner
and on like grounds as a Judge of the Supreme Court.
Option C matches with Option 4; Article 75(1) in The
Constitution Of India 1949 deals with (1) The Prime Minister
‘shall be appointed by the President and the other Ministers
shall be appointed by the President on the advice of the
Prime Minister.
Option D matches with Option 2: Article 131 of the
Constitution gives exclusive and original jurisdiction to the
Supreme Court in matters of law between states or between
states and the Union."
50,Fourth Schedule of the Constitution of India deals with,Allocation of seats the Council of States,Political defection,Panchayat system,Languages,UPPCS (Mains),2015.0,a,"Exp) Option a is the correct answer,
The Fourth Schedule of the Indian Constitution deals
with the allocation of seats in the Rajya Sabha, which is
the Council of States or the upper house of Parliament. ‘The
number of seats is based on the population of the state or
union territory. The states with the largest populations have
the most seats in the Council of States."
51,The Eleventh Schedule of the Constitution is related to which of the following?,Municipality,Panchayati Raj,Centre-State relationship,Removal of corruption,UOPPCS Pre,2015.0,b,"Exp) Option b is the correct answer.
The Eleventh Schedule of the Constitution of India contains
a list of 29 matters that are to be entrusted to Panchayats
at the district, intermediate and village levels. The Eleventh
Schedule was added to the Constitution by the 73rd
Amendment Act of 1992, which was enacted to strengthen
Panchayati Raj institutions in India
Important Tips
29. Matters listed in Eleventh Schedule.
1. Agriculture, including agricultural extension.
2. Land improvement, implementation of land reforms,
land consolidation and soil conservation.
3. Minor irrigation, water management and watershed
development.
4. Animal husbandry, dairying and poultry.
5. Fisheries. |
‘| 6. Social forestry and farm forestry.
7. Minor forest produces. |
8. Small scale industries, including food processing
industries.
9. Khadi, village and cottage industries.

10. Rural housing.
11. Drinking water.
12. Fuel and fodder.
13. Roads, culverts, bridges, ferries, waterways and other
means of communication.
14. Rural electrification, including distribution of
electricity.
15. Non-conventional energy sources.
16. Poverty alleviation programme.
17. Education, including primary and secondary schools.
18. lechnical training and vocational education.
19. Adult and non-formal education.
20. Libraries.
21. Cultural activities
22. Markets and fairs.
23. Health and sanitation, including hospitals, primary
health centers and dispensaries.
24. Family welfare.
25. Women and child development.
26. Social welfare, including welfare of the handicapped
and mentally retarded.
27. Welfare of the weaker sections, and in particular, of
the Scheduled Castes and the Scheduled Tribes,
28. Public distribution system.
29. Maintenance of community assets."
52,Which part of the Indian Constitution has been described as the ‘Soul of the Constitution?,Fundamental Rights,Directive Principles of State Policy,The Preamble,Right to Constitutional Remedies,U.P.P.C.S. (Mains),2015.0,d,"Exp) Option d is the correct answer.
Article 32 of the Constitution is considered very important,
often called “the soul of the constitution.” It provides
remedies to protect our fundamental rights. The Supreme
Court has the power to issue orders, known as writs, like
habeas corpus, mandamus, certiorari, Prohibition, and
Quo-Warranto to enforce these rights. The Supreme Court
acts as a guardian and protector of our fundamental rights."
53,Which one of the following features of citizenship in India is correct?,Dual Citizenship of the State and Nation,Single Citizenship of a State,Single Citizenship of whole of India,Dual Citizenship of India and another Country,U.P.B.C.S. Pre,2015.0,c,"Exp) Option c is the correct answer.
While the Indian Constitution adopts a federal structure
with dual governance (central and state), it establishes a
single citizenship, namely Indian citizenship. In India,
citizens pledge allegiance solely to the Union, and there is
no distinct concept of state citizenship. In contrast, federal
states like the USA and Switzerland have embraced the
concept of dual citizenship, allowing individuals to possess
citizenship at both the national and state levels."
54,By which one of the following Acts was the Federal Court in India created?,"Indian Council Act, 1861","Government of India Act, 1909","Government of India Act, 1919",None of the above,UPPCS Pre,2014.0,d,"Exp) Option d is the correct answer.
The Federal Court of India was created by the Government
of India Act 1935, which was an Act of the British Parliament
that introduced a federal system of governance in India. The

Federal Court of India had original, appellate and advisory
jurisdiction, and functioned until the Supreme Court of
India which was established in 1950."
55,"Who among the following were the  members of the drafting committee of the Constitution?
1. N. Gopalaswami
2. Jawaharlal Nehru
3. Alladi Krishnaswamy Ayyar
4. Sardar Patel
Select the correct answer using the codes given below.","1,3 and 4",1 and 4 only,1 and 3 only,"2,3 and 4",UPPCS Pre,2014.0,c,"Exp) Option c is the correct answer.

N. Gopalaswami and Alladi Krishnaswami Ayyar were

the members of the drafting committee of the Constitution,

which was responsible for preparing a draft of the new

Constitution of India based on the decisions taken by the

Constituent Assembly.

e Jawaharlal Nehru was the Chairman of both the
Union Powers Committee and the Union Constitution
Committee, which were responsible for determining
the main principles of the Union Constitution and its
structure and form.

¢ Sardar Patel was the Chairman of both the Provincial
Constitution Committee and the Advisory Committee on
Fundamental Rights, Minorities and Tribal and Excluded
Areas, which were responsible for providing a model
Provincial Constitution and dealing with the issues of
fundamental rights, minorities and tribal and excluded
areas in the new Constitution"
56,Who was the Constitution Advisor at the time of the formation of the Constitution?,Dr. B. R. Ambedkar,Dr. Rajendra Prasad,B.N. Rau,K. M. Munshi,UPPCS Pre,2014.0,c,"Exp) Option c is the correct answer.
B. N. Rau was a jurist and a civil servant who was appointed
as the Constitutional Advisor to the Constituent Assembly
in 1946. He prepared the initial draft of the Constitution
based on the recommendations of various committees and
his study of other constitutions. He also consulted eminent
jurists and scholars such as Sir Ivor Jennings, Sir Alladi
Krishnaswamy Iyer, and K. M. Munshi for their opinions
and suggestions. He played a vital role in shaping the
Constitution of India and was later appointed as a judge of
the International Court of Justice in The Hague."
57,The first-day session of Indian Constituent Assembly was chaired by-,Dr. Rajendra Prasad,Dr. Sachchidanand Sinha,Dr. B. Ambedkar,Pt. Jawaharlal Nehru,UPPCS (Mains),2013.0,b,"Exp) Option b is the correct answer.
Dr. Sachchidanand Sinha was the one who chaired the
first-day session of the Indian Constituent Assembly, which
was held on 9 December 1946. Dr. Sachchidananda Sinha,
the oldest member of the Assembly, was elected as the
temporary Chairman of the Assembly, as per the French
practice. He presided over the first-day session and delivered
his inaugural address. Dr. Rajendra Prasad was elected as
the permanent President of the Constituent Assembly on 11
December 1946 and presided over its subsequent sessions.
He later became the first President of India."
58,In Indian political system which one is supreme?,The Supreme Court,The Constitution,The Parliament,Religion,UPPCS (Mains),2013.0,b,"Exp) Option b is the correct answer
In Indian political system the Constitution of India is
supreme because it enables the government to fulfill the
aspirations of a society and create conditions for a just
society. It provides a set of basic rules that allow for minimal
coordination amongst members of society. It sets some limits
on what a government can impose on its citizens.

Important Tips

+ The constitution was made by the drafting committee
headed by Dr. B. R. Ambedkar.

« The committee took 2 years, 11 months, and 17 days
to write.

« It was ratified on 26th November 1949 and enacted on
26th January 1950. |"
59,Which part of our Constitution envisages a three-tier system of Panchayats?,Part IX,Part X,Part XI,Part XII,UPPCS Pre,2013.0,a,"Exp) Option a is the correct answer
The 73rd constitutional amendment act added Part IX to
the Indian Constitution, “The Panchayats” and it also added
the Eleventh Schedule which consists of the 29 functional
items of the panchayats. Part IX of the Constitution contains
Article 243 and Article 243A to 2430 and envisages a three-
tier system of Panchayats. With the Act, Panchayati Raj
systems come under the purview of the justiciable part of the
Constitution and mandates states to adopt the system.
Important Tips

The 73rd constitutional amendment act has two parts:

compulsory and voluntary.

« Compulsory provisions must be added to state laws,
which include the creation of the new Panchayati Raj
systems.

e Voluntary provisions, on the other hand, are the
discretion of the state government"
60,Which one of the following is not correctly matched?,Article 39A :  Equal Justice and Free Legal Aid,Article 40  :  Organization of Village Panchayats from Executive,Article 44  :  Uniform Civil Code,Article 48  :  Separation of Judiciary from Executive,UPPCS Pre,2013.0,d,"Exp) Option d is the correct answer

Article 48 of the Constitution of India directs the state to
make efforts for banning animal slaughtering of cows and
calves and other milch and draught cattle. Article 39A is
related to the rights of citizens to have free access to the legal
process, without any discrimination on account of class, sex,
race and creed. Article 40 of the Indian constitution deals
with the organisation of village panchayat. According to
Article 44, the State shall endeavour to secure for the citizens
a uniform civil code throughout the territory of India."
61,Who/which of the following is competent to prescribe conditions for acquisition of citizenship?,Election Commission,President,Parliament and State Legislatures jointly,Parliament,U.P.P.C.S. (Mains),2013.0,d,"Exp) Option d is the correct answer.

Article 11 of the Constitution of India gives the Parliament
the power to make laws with respect to the acquisition and
termination of citizenship. This includes the power to
prescribe conditions for the acquisition of citizenship."
62,Which Act for the first time made it possible for Indians to take some share in the administration of their country?,"Charter Act, 1833","Charter Act, 1853","Government of India Act, 1858","Indian Councils Act, 1861",UPPCS Pre,2012.0,d,"Exp) Option d is the correct answer.

The Indian Councils Act of 1861 was an important milestone
in India’s journey towards self-governance. It introduced for
the first time the concept of representation of Indians in
the administration of their country. The act expanded the
legislative councils and allowed the appointment of Indians
as non-official members."
63,Which part and chapter of the Indian Constitution deal with the legislative relation between the Union and the States?,Part XI and Chapter I,Part XI and Chapter II,Part XII and Chapter I,Part XII and Chapter II,UPPCS (Mains),2012.0,a,"Exp) Option a is the correct answer
India is a “Union of States” according to the Constitution
of India. Center-state relation is mentioned in Part XI of
the constitution. Chapter I of Part XI (Article 245-254)
of the Indian Constitution specified two-fold division of
Legislative powers between the Union and the States:
1. with respect of territory
2. with respect of subject matter"
64,In which of the following cases Supreme Court held that “The Preamble forms part of the onstitution?,Union of India Vs. Dr. Kohli,Banarsidas Vs. State of U.P.,Bommai Vs. Union of India,Malak Singh Vs. State of Punjab,U.P.P.C.S. Pre,2012.0,c,"Exp) Option c is the correct answer.
In the Bommai case, the Supreme Court held that the
Preamble is a part of the Constitution and that it must be
read along with the other provisions of the Constitution. The
Court held that the Preamble sets out the goals and values
that the Constitution is based on. The other provisions of the
Constitution must be interpreted in a way that is consistent
with the Preamble.

Important Tips

1. Union of India Vs. Dr. Kohli: This case pertains to
service matters and the interpretation of constitutional |
provisions related to promotions and seniority in |
government services. |

2. Banarsidas Vs. State of U.P: This case involves |
a dispute regarding the validity of certain land ;
acquisition proceedings. |

3. Bommai Vs. Union of India: This landmark case dealt
with the issue of the dismissal of state governments
under Article 356 of the Constitution. The |
Supreme Court held that the power to dismiss state |
governments should be exercised sparingly and within |
the constitutional limits.

4. Malak Singh Vs. State of Punjab: This case involves
issues related to the transfer of land and the validity |
of certain state laws. |"
65,Which one of the following Acts led to the separation of Burma from India?,"The Indian Councils Act, 1909","Government of India Act, 1919","Government of India Act, 1935","Indian Independence Act, 1947",UPPCS (Mains),2011.0,c,"Exp) Option c is the correct answer.

Government of India Act, 1935 led to the separation of
Burma from India, as it divided the previous legislation
into two separate Acts: The Government of India Act,
1935. and the Government of Burma Act, 1935. The Act
recognized Burma as a separate colony, with its own
governor, legislature, and administration. The separation
of Burma from India was a result of various factors, such
as the growing resentment of the Burmese population
towards Indian immigration and domination, the desire of
the British and other foreign interests to exploit Burma's
resources independently, and the recognition of the cultural
and historical differences between Burma and India."
66,Who amongst the following advised that the Indian National Congress should be disbanded as a political party after the independence of India?,C. Rajagopalachari,Jai Prakash Narayan,Acharya Kripalani,Mahatma Gandhi,UPPCS (Mains),2011.0,d,"Exp) Dption d is the correct answer.

Mahatma Gandhi wrote in an article published in Harijan on

February 2, 1948, that the Congress “has outlived its use”
and advised “to disband the existing Congress organisation
and flower into a Lok Sevak Sangh (Society to Serve the
People)”. He made this suggestion in the context of a debate
on the future role of the party in the post-independence
period,"
67,"Match list-I with list-IT and select the correct answer by using the codes given below the lists:
A. Part IX of 1. Union Territories the Indian Constitution
B. Part VIII of 2. Municipalities the Indian Constitution
C. PartIV Aof |3. Panchayats the Indian Constitution
D. PartIX Aof |4. Fundamental Duties the Indian . Constitution Code: 
A B C D",3 1 4 2,1 2 3 4,2 4 1 3,4 3 2 1,UPPCS (Mains),2009.0,a,"Exp) Option a is the correct answer

Option A matches with Option 3: Part 1X of the Constitution
was inserted by the Constitution (Seventy-third Amendment)
Act, 1992. It contains provisions for local self-government at
the rural level or Panchayats.

Option B matches with Option 1: Part VIII of the
Constitution contains provisions for the administration
of the Union Territories, including the National Capital
Territory of Delhi. The Union Territories are small regions
of strategic or historical significance which are governed
directly by the Union government

Option C matches with Option 4; Part IVA of the Indian
Constitution deals with Fundamental Duties. As of now,
there are 11 Fundamental duties.

Option D matches with Option 2: Part [XA of the
Constitution was inserted by the Constitution (Seventy-
fourth Amendment) Act, 1992. It contains provisions for
local self-government at the urban level or Municipalities."
68,"Consider the following statements in regard to the Preamble of Constitution and select the correct one using the code given below:
1. The objectives Resolution by Jawaharlal Nehru finally became Preamble.
2. It is non-Justiciable.
3. It can’t be amended.
4, Preamble cannot override the specific provision of the Constitution.
Code:",Only 1 and 2,"Only 1, 2 and 4","Only 1, 2 and 3","Only 2, 3 and 4",U.P.P.C.S. Pre,2009.0,b,"Exp) Option b is the correct answer.

Statement 1 is correct- The Preamble of the Indian
Constitution is based on the “Objectives Resolution”
drafted by Jawaharlal Nehru and adopted by the Constituent
Assembly of India. It served as the foundation for the final
Preamble.

Statement 2 is correct- The Preamble is non-justiciable,
meaning that it cannot be enforced in a court of law. It is
not legally binding and does not grant enforceable rights
or remedies.

Statement 3 is incorrect- The Preamble can be amended,
but it requires a special majority in Parliament as prescribed
under Article 368 of the Constitution.

Statement 4 is correct- The Preamble cannot override the
specific provisions such as Article 13, Article 14, Article 16,
Article 32, Article 368, etc of the Constitution. If there is a
conflict between the Preamble and a specific provision, the
latter takes precedence."
69,"Under which of the following Acts, Dyarchy was introduced at Central level?",Act of 1909,"Government of India Act, 1919","Government of India Act, 1935","Indian Independence Act, 1947",UPPCS Pre,2008.0,c,"Exp) Option c is the correct answer.

Government of India Act, 1935 introduced the system of
dyarchy at the central level, which meant that some subjects
such as defence, foreign affairs, and ecclesiastical affairs were
reserved for the Governor-General and his executive council,
while other subjects such as finance, commerce, health, and
education were transferred to the Federal Legislature and the
Council of Ministers. This was the first time that dyarchy

was applied at the central level in British India, However,
this provision of the Act did not come into operation at
all. The act also abolished dyarchy in the provinces and
introduced ‘provincial autonomy’ in its place

Important Tips

Features of Government of India Act, 1935: -

¢ It provided for the establishment of an All-India
Federation consisting of provinces and princely states
as units.

e It introduced bicameralism in six out of eleven
provinces. Thus, the legislatures of Bengal, Bombay,
Madras, Bihar, Assam and the United Provinces were
made bicameral.

« It further extended the principle of communal
representation by providing separate electorates for
depressed classes (scheduled castes), women and
labour (workers),

« It extended franchise. About 10 per cent of the total
population got the voting right.

- It provided for the establishment of a Reserve Bank of
India to control the currency and credit of the country."
70,The Indian Legislature was made bicameral for the first time by,Indian Council Act of 1892,Indian Council Act of 1909,The Government of India Act of 1919,The Government of India Act of 1935,UPPCS (Mains),2008.0,c,"Exp) Option c is the correct answer.
The Government of India Act of 1919 was thus enacted,
which came into force in 1921. This Act is also known as
Montagu-Chelmsford Reforms (Montagu was the Secretary
of State for India and Lord Chelmsford was the Viceroy of
India).
The act introduced, for the first time, bicameralism and
direct elections in the country. Thus, the Indian Legislative
Council was repiaced by a bicameral legislature consisting
of an Upper House (Council of State) and a Lower House
(Legislative Assembly). The majority of members of both the
Houses were chosen by direct election.
$$
Important Tips

Features of Government of India Act of 1919:

« It relaxed the central control over the provinces by
demarcating and separating the central and provincial
subjects.

« It further divided the provincial subjects into two
parts—transferred and reserved.

¢ It required that the three of the six members of
the Viceroy’s executive Council (other than the
commander-in-chief) were to be Indian.

« It extended the principle of communal representation
by providing separate electorates for Sikhs, Indian
Christians, Anglo-Indians and Europeans.

* It created a new office of the High Commissioner for
India in London and transferred to him some of the
functions hitherto performed by the Secretary of State
for India. -

¢ It provided for the establishment of a public service
commission. Hence, a Central Public Service
Commission was set up in 1926 for recruiting civil
servants :"
71,The power of the President to issue ordinance is a relic of,"GOI Act, 1919","GOI Act, 1935","GOI Act, 1909","Indian Independence Act, 1947",UPPCS (Mains),2008.0,b,"Exp) Option b is the correct answer.

The President’s power to promulgate ordinances was

inspired from section 42 of the Government of India Act,

1935. The Act gave the President the authority to promulgate

ordinances during the recess of Parliament, if he was satisfied

that immediate action was necessary."
72,Theproposal forframing ofthe Constitution of India by an elected Constituent Assembly was made by,Simon Commission,"Government of India Act, 1935",Crips Mission,British Cabinet Delegation,UPPCS (Spl) (Mains),2008.0,c,"Exp) Option c is the correct answer.
The demand for Constituent Assembly was finally accepted
in principle by the British Government in what is known

as the ‘August Offer’ of 1940. In 1942, Sir Stafford Cripps, a

member of the cabinet, came to India with a draft proposal

of the British Government on the framing of an independent

Constitution to be adopted after the World War II.

Cripps Mission proposed that after the end of the war, a
constituent assembly would be convened to frame a new
constitution. Members of this assembly would be partly
elected by the provincial assemblies through proportional
representation and partly nominated by the princes."
73,Who was the Chairman of the Provincial Constitution Committee of the Constituent Assembly?,Dr. B. R. Ambedkar,Pt. Jawaharlal Nehru,Dr. Rajendra Prasad,Sardar Patel,UPPCS (Mains),2008.0,d,"Exp) Option d is the correct answer.
Sardar Patel was the Chairman of the Provincial
Constitution Committee of the Constituent Assembly, which
was set up to discuss and provide for a model Provincial
Constitution, which would determine the system and form
of government at the provincial level. The Committee held
several meetings in 1947 and discussed various issues such
as the role and functions of the Governor, the composition
of the provincial legislatures, and the division of powers
between the Centre and the provinces.
Important Tips

« Dr. B.R. Ambedkar was the Chairman of the Drafting
Committee, which was responsible for preparing a
draft of the new Constitution of India.

¢ Pt. Jawaharlal Nehru was the Chairman of both the
Union Powers Committee and the Union Constitution
Committee, which were responsible for determining
the main principles of the Union Constitution and its
structure and form.

« Dr. Rajendra Prasad was not the Chairman of any
major committee, but he was the President of the
Constituent Assembly and also chaired two minor
committees: the Rules of Procedure Committee and
the Steering Committee. |"
74,The feature of Federal system of the Indian Constitution is inspired by the constitution of-,Canada,United Kingdom,USA,Irel and,UPPCS (Mains),2006.0,a,"Exp) Option a is the correct answer

The Constitution of India is the lengthiest written

constitution in the world. Its provisions were borrowed from

the Government of India Act 1935 and the Constitutions

of the US, Ireland, Britain, Canada, Australia, Germany,

the USSR, France, South Africa, Japan, and other countries

The federal nature of the Indian constitution was adopted

from the Constitution of Canada."
75,Which one of the following describes India as a Secular State?,Fundamental Rights,Preamble to the Constitution,9th Schedule,Directive Principles,U.P.P.C.S. (Mains),2005.0,b,"Exp) Option b is the correct answer.

The Preamble to the Constitution of India states that India

is a secular state. The Preamble to the Constitution of India

begins with the words “WE, THE PEOPLE OF INDIA, having

solemnly resolved to constitute India into a SOVEREIGN,

SOCIALIST, SECULAR, DEMOCRATIC REPUBLIC”.

The word “secular” means that the state does not have an

official religion and does not favor any particular religion.

| Important Tips
Indian secularism is based on the principle of Sarva
Dharma Sambhava, which means “equal respect for
all religions.” This principle is reflected in the Indian
Constitution, which guarantees the freedom of religion
to all citizens. Western secularism, on the other hand, is
based on the principle of separation of church and state.
This principle means that the state should not be involved
in religious matters, and that religion should not be used
to justify state policies. ."
76,Which among the following is the correct expression of the term ‘Secular’ in India?,India has many religions.,Indians have religious freedom.,Following religion depends upon the will of an individual.,There is no religion of the State in India.,U.P.P.C.S. (Mains),2005.0,d,"Exp) Option d is the correct answer.

The term ‘Secular’ in India means that the State does not

have an official or designated religion. It implies that the

government treats all religions equally and does not favor or

promote any particular religion. This principle of secularism

allows individuals to practice their own religion freely and

grants religious freedom to all citizens."
77,The ideals and objectives outlined in the Preamble of the Indian Constitution have been further elaborated in-,The Chapter on Fundamental Rights,The Chapter on Directive Principles of ate Policy,"The Chapter on Directive Principles of State Policy, Fundamental Rights, and Fundamental Duties",Nowhere else in the text of the Constitution.,U.P. B.C.S. (Mains),2004.0,c,"Exp) Option c is the correct answer.

The Preamble to the Constitution of India sets out the

ideals and objectives of the Constitution. These ideals

and objectives are further elaborated in the Chapter on

Directive Principles of State Policy, Fundamental Rights,

and Fundamental Duties. The Directive Principles of State

Policy are a set of guidelines that the state should follow

in order to achieve the goals of the Constitution. The

Fundamenta! Rights are a set of rights that are guaranteed

to all citizens of India. The Fundamental Duties are a set of

responsibilities that all citizens of India have to the state

and to each other."
78,"Match the following:
A. Union List 1. Police and Public a Order
B. State List 2. Space Research
C. Concurrent 3. Census
List
D. Residuary 4. Population Control
___ Subject __and Family Planning Code: 
A B C D",3 1 4 2,2 3 1 4,1 2 3 4,4 1 2 3,UPPCS (Mains),2004.0,a,"Exp) Option a is the correct answer.

A. Union List- (3) Census falls under the Union List as the

central government has the authority to legislate on the
given subject.

B. State List- (1) Police and Public Order fall under the
State List as the state governments have the authority to
legislate on the given subject.

C. Concurrent List- (4) Population Control and Family
Planning falls under the concurrent list as both the
Central government and the state government have the
authority to legislate on the given subject.

D. Residuary Subject- (2) Space Research falls under
the residuary subject. It includes subjects that are not
specifically mentioned in any of the lists and are within
the domain of the central government."
79,"Match list-I with list-II and select the correct answer from the code given below the lists:
A. Establishment of | 1. Regulating Act, _ Board of Control 1773
B. Establishment of | 2. Pitt's India Act, Supreme Court 1784
C. Permission 3. Charter Act, 1813 to English Missionaries to
D. Appointment 4, Charter Act, 1833 of Law Member in Governor- General Council |Code: 
A B C D",1 2 3 4,2 1 3 4,1 2 4 3,2 4 1 3,UPPCS Pre,2003.0,b,"Exp) Option b is the correct answer.

e Establishment of Board of Control: This was done by
the Pitt’s India Act, 1784, which was the attempt by the
British Parliament to regulate the affairs of the East India
Company in India. The act created a Board of Control
consisting of six members appointed by the Crown, who
had the power to supervise and direct all civil, military,
and revenue matters in India.

« Establishment of Supreme Court: This was also done by
the Regulating Act of 1773, which established a Supreme
Court at Calcutta, consisting of one chief justice and
three other judges appointed by the Crown. The court
had jurisdiction over all British subjects in Bengal, Bihar,
and Orissa, and could hear appeals from the provincial
courts.

« Permission to English Missionaries to work in India:
The Charter Act, 1813 allowed English missionaries to
propagate Christianity in India, subject to the approval
of the local governments.

e Appointment of Law Member in Governor-General
Council: The Charter Act, 1833 added a fourth member
to the Governor-General’s Council, who was a law
member appointed by the Crown. The first law member
was Thomas Babington Macaulay.

[i a

| Important Tips

| Features of Charter Act, 1813:

« ‘The Act declared that the British territories in India
were held by the East India Company “in trust for His
Majesty, His heirs and successors”,

« The act empowered the local governments to impose
taxes on the persons subject to the jurisdiction of the
Supreme Court.

¢ Financial provision was made to encourage a revival
in Indian literature and for the promotion of science."
80,"By which of the following Act, Legislative Council of India received the power to discuss the budget?","Indian Council Act, 1861","Indian Council Act, 1892","Indian Council Act, 1909","Indian Council Act, 1919",UPPCS Pre,2003.0,b,"Exp) Option b is the correct answer.
Yadian Council Act, 1892 increased the functions of
legislative councils and gave them the power of discussing
the budget and addressing questions to the executive. It
increased the number of additional (non-official) members
in the Central and provincial legislative councils, but
maintained the official majority in them.

Important Tips

¢ For the first time, Indian Council Act, 1892 allowed
the council to discuss the budget and address questions
to the executive. However, these powers were very
limited and restricted.

« The council could not vote on the budget or move
any resolution on it. It could only ask questions for
information and not for criticism.

« The questions had to be submitted six days in advance
and could not be asked orally or supplemented by
further questions.

« The executive had the right to refuse to answer any
question if it deemed it inexpedient or injurious to
public interest."
81,"To give constitutional protection, state l and ‘reforms laws have been included in the-",7 Schedule,9% Schedule,8 Schedule,10 Schedule,UPPCS (Mains),2003.0,b,"Exp) Option b is the correct answer.

The Ninth Schedule currently contains 284 laws , including
land reforms laws, and laws relating to the Scheduled
Castes and Scheduled Tribes. The Ninth Schedule was
added to the Constitution in 1951, in order to protect land
reforms laws from being struck down by the Supreme Court.

Important Tips

e The Ninth Schedule contains a list of central and state
laws that are immune to court challenges.

« It was introduced by the Constitution (First
Amendment) Act, 1951.

« Article 31B of the Indian Constitution established
the Ninth Schedule, which shields specific laws
or enactments (unlike Article 31A, which extends
protection to ‘classes’ of laws).

« Article 31B operates retrospectively, meaning that
| if laws are added to the Ninth Schedule after being
| declared unconstitutional, they are considered valid
| from their commencement.

e Although Article 3iB excludes judicial review, the
| Supreme Court has asserted that laws under the Ninth
| Schedule can still be subject to scrutiny if they violate

Fundamental Rights or the basic structure of the
Constitution."
82,"In giving representation to talent,experience, and service in the composition of the Council of States, the constitution makers of India were influenced by the example of",Irish Republic,Canada,USA,Australia,UPPCS Pre,1998.0,a,"Exp) Option a is the correct answer
The makers of the Indian Constitution were influenced by the
Irish Republic in representing talent, experience, and service
in the formation of the Rajya Sabha or Council of state."
83,Who was the chairman of the National Flag Committee?,C. Rajagopalachari,Dr. Rajendra Prasad,J. B. Kripalani,Dr. B. R. Ambedkar,UPPCS Pre,1991.0,b,"Exp) Option b is the correct answer.
Dr. Rajendra Prasad was the chairman of the National Flag
Committee, which was an ad hoc committee constituted by
the Constituent Assembly to finalize the design of the Indian
National Flag. The National Flag Committee was appointed
on 23 June 1947 and had seven members, including Dr.

Rajendra Prasad. The other members were Abul Kalam
Azad, K.M. Panikkar, Sarojini Naidu, C. Rajagopalachari,
K.M. Munshi and B.R. Ambedkar."
84,Prevention of cruelty to animals is listed in which list of the India Constitution?,"Union List ,",State List,Concurrent List,"Preamble
(e) None of the above/More than one of the above","66""* BPSC (Pre, Re-Exam)",2020.0,c,"Exp) Option c is the correct answer.
Prevention of cruelty to animals is listed in the Concurrent
List of the Indian Constitution."
85,"January 26 was selected as the date for the inauguration of the Constitution, because",The Congress had observed it as the Independence Day in 1930.,On that day the Quit India Movement was started in 1942.,It was considered to be an auspicious day.,None of the above.,"53""4 to 55"" BPSC Pre",2011.0,a,"Exp) Option a is the correct answer.
January 26 was selected as the date for the inauguration of
the Constitution, because it was on that day in 1930 when
the Indian National Congress proclaimed the Declaration
of Indian Independence or Purna Swaraj at its Lahore
session. This declaration rejected the Dominion status
offered by the British and demanded complete independence
from British rule. The date was chosen to honour this historic
event and to mark India’s transition from a dominion to a
republic."
86,l and Reform comes under the subjects of-,Union List,Concurrent List,State List,None of these,43 BPSC Pre,1999.0,c,"Exp) Option c is the correct answer.
Land reform comes under the subjects of the State List in
the Indian Constitution. The State List contains subjects
over which the state governments have the authority to
legislate and implement policies. Land reform involves
measures aimed at redistributing land ownership, promoting
agricultural productivity, and improving the socio-economic
conditions of farmers.
Important Tips
Some of the important subjects under the State List include:
1. Police and public order.
2. Public health and sanitation
3. Agriculture and irrigation
4. Local government
5. Public works
6. Education
7. Land reforms
8. Water supply and sanitation
9. State taxation"
87,Which one of the following is matched correctly -,Article 17 —: Equality before Law,Article 78 — : Establishment of Parliament,Article 192: Salaries and Allowances of Parliament Members,Article 352  :ProclamationofEmergency,UP Lower Sub. Pre,2002.0,d,"Exp) Option d is the correct answer
Article 352 of the Constitution provides for the provision
of National Emergency which can be applied if any
extraordinary situation arises that may threaten the security,
peace, stability and governance of the country.
Important Tips
1. Article 17 of the Indian Constitution states that
“Untouchability” is abolished and its practice in any
form is forbidden.
2. Article 78 lays down a few duties and responsibilities
for the Prime Minister as stated:

ee
¢ To inform the President of all significant decisions made
by the Council of Ministers regarding the management of
Union affairs and other legislative proposals.

« To share information regarding the Union's
management of its affairs and legislative proposals as
the President may require.

« Any matter on which a Minister has made a decision
but the Council has not yet considered it must be
submitted, if the President so requests, for the Council
of Minister’s consideration,

3. Article 192 deals with the decision on questions as to
disqualifications of members"
88,"The goal of Constitution is to secure/assure all its citizens-
1. Justice, Social and Economic
2. Liberty of Thought and Expression
3. Equality of Opportunity
4. Dignity of the Individual
Choose the correct answer by using code:",l and 2,"1,2 and 3","2,3 and4",All of the above,U.P. Lower Sub. Pre,1998.0,d,"Exp) Option d is the correct answer.

Statement I} is correct- The Constitution promises justice -
social, economic, and political - to all. This means that all
people should have equal opportunities in society, regardless
of their social status or economic background.

Statement 2 is correct- The Constitution of India guarantees
Liberty of thought, expression, belief, faith and worship.
This means that people should be free to think and express
their thoughts without fear of censorship or reprisal.
Statement 3 is correct- The Constitution of India strive to
provide Equality of status and of opportunity. This means
that all people should be treated equally under the law,
regardless of their social status or economic background.
Statement 4 is correct- The Constitution of India aims to
establish Fraternity assuring the dignity of the individual
and the unity and integrity of the nation, This means that
all people should feel a sense of brotherhood or sisterhood,
and that the nation should be united and integrated."
89,Indian Constituent Assembly wasestablished under-,"Government of India Act, 1935","Cripps Mission, 1942","Cabinet Mission, 1946","Indian Independence Act, 1947",Uttarakhand PCS Pre,2012.0,c,"Exp) Option c is the correct answer.

The Indian Constituent Asseinbly was established under
the Cabinet Mission Plan of 1946, which wasa constitutional
scheme proposed by the British Cabinet Delegation that
visited India in 1946 to find a solution to the constitutional
deadlock and the demand for independence. The Cabinet
Mission Plan provided for the election of a Constituent
Assembly by indirect vote through provincial assemblies.
The Constituent Assembly was to frame a constitution for
independent India, with provisions for a federal structure
and safeguards for minorities. The Cabinet Mission Plan
was accepted by both the Congress and the Muslim League,
although with some reservations"
90,"Under the Constitution of India, Economic Planning is a subject:",In the State List,In the Union List,In the Concurrent List,Not Specified any list,Uttarakhand PCS Pre,2002.0,c,"Exp) Option c is the correct answer.

Under the Constitution of India, Economic Planning is a
subject included in the Concurrent List. The Concurrent
List comprises of 66 subjects on which both the central and
state governments have the authority to legislate. Feonomic
planning involves the formulation and implementation

of plans for the economic development of the country,
which requires coordination between the central and state
governments.
Important Tips
Union List- It has 98 subjects like defence, banking,
foreign affairs, currency, atomic energy, insurance,
communication, inter-state trade and commerce, census,
audit and so on.
State List- It has 59 subjects like public order, police, public
health and sanitation, agriculture, prisons, local government,
fisheries, markets, theaters, gambling and so on.
Concurrent List- [t has 52 subjects like criminal law
and procedure, civil procedure, marriage and divorce,
population contro] and family planning, electricity, labour
welfare, economic and social planning, drugs, newspapers,
books and printing press, and others."
91,Which among the following introduced the Provincial Autonomy in British India?,Cabinet Mission,Simon Commission,"Government of India Act, 1935","Government of India Act, 1919",Jharkhand PCS Pre,2021.0,c,"Exp) Option c is the correct answer.
Government of India Act of 1935 abolished dyarchy in
the provinces and introduced ‘provincial autonomy’ in
its place. The provinces were allowed to act as autonomous
units of administration in their defined spheres."
92,"Which of the following was inserted in the ‘Preamble’ of the Constitution of India, through 42°¢ Constitutional Amendment Act?",Sovereignty,Dignity of person,"Socialist, Secular",Privacy,Jharkhand PCS (Mains),2016.0,c,"Exp) Option c is the correct answer.
The 42nd Constitutional Amendment Act, 1976 inserted
the words “socialist” and “secular” in the Preamble to the
Constitution of India. The word “socialist” was inserted
to emphasize the commitment of the Indian state to the
principles of social justice and equality. The word “secular”
was inserted to emphasize the commitment of the Indian
state to the principle of religious neutrality."
93,"The provision that “no bill imposing tax can be introduced in the Legislature except
on the recommendation of the President” is covered in the Constitution of India under-",Article 117,Article 266,Article 306,Article 307,Jharkhand PCS Pre,2013.0,a,"Exp) Option a is the correct answer
Under Article 117 of the Indian Constitution, no bill
imposing tax can be introduced in the legislature except on
the recommendation of the President.
A I I I IT
Important Tips |
l
e Article 266 is related with Consolidated Funds and
public accounts of India and of the States. ;
« Article 306 is related to the Power of certain States |
in Part B of the First Schedule to impose restrictions |
on trade and commerce. It was Repealed by the
Constitution (Seventh Amendment) Act, 1956."
94,Concurrent List included in Indian Constitution is given by:,The Soviet Union,Australia,Italy,Canada,Jharkhand PCS Pre,2003.0,b,"Exp) Option b is the correct answer
Concurrent List in the Indian Constitution has been
adopted from the Constitution of Australia. Central
Government and State Government both can make laws on
the subjects under this list. In case of any conflict, the law
made by the Central Government will prevail."
95,Which of the following Act for the first time rovided for communal representation in British India?,"Indian Councils Act, 1892","Morley-Minto Reforms, 1909","Montague-Chelmsford Reforms, 1919","Govt. of India Act, 1935",MPPCS Pre,2019.0,b,"Exp) Option b is the correct answer.
Minto-Morley Reforms, 1909 introduced the system
of separate electorates for Muslims, which meant that
Muslims could vote only for Muslim candidates in certain
constituencies. This was the first time that communal
representation was provided for in British India.
It also provided for the separate representation of presidency
corporations, chambers of commerce, universities and
zamindars."
96,Which of the following Acts introduced the ‘Principle of Constitutional Autocracy’?,The Indian Councils Act of 1909,The Government of India Act of 1919,The Government of India Act of 1935,The Indian Independence Act of 1947,MPPCS Pre,2017.0,c,"Exp) Option c is the correct answer.
The Government of India Act of 1935 introduced the
principle of constitutional autocracy, which meant that the
executive authority of the provinces and the centre was vested
in the Governors and the Governor-General respectively, on
behalf of the British Crown. The Act gave them absolute
power over all matters of administration and legislation, and
they were not accountable to any elected body or the people"
97,Who was the Chairman of Advisory Committee on Fundamental Rights and Minorities constituted by the Constituent Assembly?,Pandit Nehru,Sardar Patel,B. N. Rao,B. R. Ambedkar,MPPCS Pre,2014.0,b,"Exp) Option b is the correct answer.
Sardar Patel was the Chairman of the Advisory Committee
on Fundamental Rights and Minorities constituted by
the Constituent Assembly, which was set up to deal with
the issues of fundamental rights, minorities and tribal
and excluded areas in the new Constitution of India. The
Advisory Committee was appointed on 24 January 1947 and
had 64 members, including Sardar Patel.
B. N. Rao was not the Chairman of any committee, but he was
the Constitutional Advisor to the Constituent Assembly,
who prepared a draft of the text of the Constitution based on
various sources and suggestions"
98,The Constitution of India was adopted on which date?,"26 January, 1950","26 November, 1949","26 January, 1949","15 July, 1947","MPPCS Pre , MPPCS Pre 1998",2010.0,b,"Exp) Option b is the correct answer.
The Constitution of India was adopted by the Constituent
Assembly of India on 26 November, 1949, after almost
three years of deliberations and drafting. The Constituent
Assembly was a body of elected representatives from the
provinces and princely states of India, which was formed
in December 1946 to frame a constitution for independent
India. The Constitution of India came into effect on 26
January 1950, making India a sovereign, democratic republic.
Important Tips
+ The resolution for giving a Constitution to India was
adopted by the Constituent Assembly on January 22,
1947. ¢ This resolution, also known as the Objective Resolution,
was moved by Jawaharlal Nehru on December 13, |
1946. and it laid down the basic principles and values |
of the Constitution of India.
¢ 24 January 1950: Last meeting of Constituent |
Assembly. The Constitution was signed and accepted |
by 284 members of the assembly"
99,"Which one of the following said, “A Constitution, like a machine, is a lifeless thing. It acquires life because of the men who control it, and India needs today nothing more than a set of honest men who will have the interest of the country before them”?",Dr. Rajendra Prasad,Jawahar Lal Nehru,Dr. B. R. Ambedkar,Mahatma Gandhi,RAS/RTS Pre,2021.0,a,"Exp) Option a is the correct answer.

Dr. Rajendra Prasad said “A Constitution, like a machine,

is a lifeless thing. It acquires life because of the men who

control it, and India needs today nothing more than a set of
honest men who will have the interest of the country before
them” in his speech on 26th November 1949, when the

Constituent Assembly adopted the Constitution of India, He

was also the first President of India and played an important

role in drafting the Constitution"
100,One amongst the following was not a salient feature of the Government of India Act 1935:,The Act provided for an All-India Federation,Residuary subjects were allocated to provincia] Legislatures.,It marked the beginning of the Provincial Autonomy.,It abolished Diarchy at the Provincial level and introduced it at the Centre.,RAS/RTS Pre,2016.0,b,"Exp) Option b is the correct answer.

Residuary subjects were allocated to provincial Legislatures

was not a salient feature of the Government of India Act,

1935. On the contrary, the Act vested the residuary powers

in the Governor-General, who could exercise them on behalf

of the British Crown. The Act did not give any autonomy to
the provinces in matters of residuary subjects."
101,"Match List-I with list-II and select the correct answer by using the codes given below:
A. First Vice- 1. V. T. President of Krishnamachari Constituent
Assembly B. Originally the | 2. Jawaharlal Nehru  only Congress Member of |Drafting  Committee
C. Member of 3. K. M. Munshi Constituent Assembly representing Rajasthan’s Princely State
D. Chairman 4, H.C. Mukherjee of Union Constitution Committee
Code: 
A B C D",1 4 2 3,4 3 1 2,"1 2 3 4
(4) 3 4 1 2",,RAS/RTS Pre,2013.0,b,"Exp) Option b is the correct answer.

« H.C. Mukherjee was a Christian leader and a member
of the Bengal Legislative Assembly who was elected as
the first Vice-President of the Constituent Assembly on
11. December 1946. He later resigned from this post and
became the Governor of West Bengal in 1952.

« K.M. Munshi was a lawyer, writer and politician who
was elected to the Constituent Assembly from Bombay
Presidency as a Congress member. He was originally
the only Congress member in the Drafting Committee,
which was chaired by B. R. Ambedkar. He also served as
a member of several other committees such as the Union
Powers Committee, the Union Constitution Committee,
and the Advisory Committee on Fundamental Rights.

e V.T. Krishnamachari was a businessman and politician
who was nominated to the Constituent Assembly by
the Maharaja of Bikaner, one of the princely states of
Rajasthan. He later became a member of the Provisional
Parliament and served as a minister in various portfolios
such as finance, commerce and industry, and defence
production.

e¢ Jawaharlal Nehru was the first Prime Minister of India
and a prominent leader of the Indian National Congress.
He was elected to the Constituent Assembly from
the United Provinces and served as the Chairman of
several important committees such as the Union Powers
Committee, the Union Constitution Committee, and
the States Committee. He also moved the Objectives
Resolution in the Assembly, which laid down the guiding
principles of the Constitution."
102,"What is/are true in relation to Autonomous Districts?
1. Each Autonomous District Council has 30 members
2. 24 members of Autonomous District Council are elected via voting and rest 6 are nominated by Governor
3. Rights to direct the Acts passed by Parliament of India in Autonomous Districts of Assam lies with Governor
Code:","1,2 and 3",1 and 3 only,l and 2 only,1 only,Chhattisgarh PCS Pre,2021.0,b,"Exp) Option b is the correct answer.

Statement I is correct- Each Autonomous District Council

has 30 members, An Autonomous District Council is a local

self-government body established in tribal areas of India to
provide autonomy and govern the affairs of the region.
Statement 2 is incorrect- Out of the 30 members in the
Autonomous District Council, 26 are elected on the basis of
adult franchise and rest 4 are nominated by the Governor,
Statement 3 is correct- In the case of Autonomous Districts in
Assam, the Governor has the power to direct the Acts passed
by the Parliament of India specifically for these districts.
The Governor has the authority to reorganize and arrange
the Autonomous Districts, which includes altering their
boundaries, changing their names, or adjusting their areas.
$e
Important Tips

As per Article 244, the Autonomous District Councils are

established for Sixth Schedule States (Assam, Tripura,

Meghalaya, Mizoram) of the Indian Constitution. The

Governor is empowered to increase, decrease the area, or

change the name of Autonomous Districts.

There are a total of 10 ADCs in India, located in the

following areas:

e Assam: Karbi Anglong Autonomous Council, Dima
Hasao Autonomous District Council, Bodoland
Territorial Council.

¢ Meghalaya: Khasi Hills Autonomous District Council,
Jaintia Hills Autonomous District Council, Garo Hills
Autonomous District Council.

¢ Mizoram: Chakma District Council, Lai District |
Council, Mara District Council, Pawi District Council,
Riang District Council.

« Tripura: Tripura Tribal Areas Autonomous District
Council"
103,By which Amendment of the Constitution of India forests were transferred from the State list to the Concurrent List?,"41""",4274,"43""4","45""",Chhattisgarh PCS Pre,2020.0,b,"Exp) Option b is the .orrect answer.

Forests were transferrea trom the State list to the
Concurrent List of the Constitution of India through the
42nd Amendment of 1976. The Act made changes to the
distribution of powers between the central government
and the state governments. It shifted the subject of forests
from the State list to the Concurrent list, allowing both
the central and state governments to legislate and exercise
control over forest-related matters"
104,"Match list-I with list-II and select the correct answer using the codes given below the lists:
List-I (Subjects) > | List:Il. “(Parts (of Eee eed
A. Abolition of Titles | 1. Directive
Principles of |
State Policy
B. Organisation of 2. The Union and
village panchayats its Territories
C. To provide the 3. Fundamental
opportunities Rights
for education to
the child/ward
between 6 to 14
years of age
D. India, that is 4. Fundamental
Bharat, is the Duties
Union of States |
Code: 
A B C D",1 2 3 4,3 1 4 2,4 3 2 1,2 4 1 3,Chhattisgarh PCS Pre,2019.0,b,"Exp) Option b is the correct answer

Option A matches with Option 3: Article 18 of the Indian
Constitution, titled “Abolition of Titles,” forbids the State
from bestowing titles on anyone, whether a citizen or not. It
comes under Fundamental Rights.

Option B matches with Option 1: Article 40 deals with
Organization of village panchayats.It requires the State to
take steps to organise village panchayats and endow them
with such powers and authority as may be necessary to enable
them to function as units of self-government. It comes under
Directive Principles of State Policies.

Option C matches with Option 4: 86th Constitutional
Amendment Act amended article 51A and it inserted a
fundamental duty that states “ parent or guardian to provide
opportunities for education to his child or, as the case may
be, ward between the age of six and fourteen years.”
Option D matches with Option 2: Article 1 provides for
name and Territory of the Union. It talks about India, that is
Bharat, is the Union of States It comes under Part 1 which is
related with Union and its Territories."
105,In which list of the Indian Constitution the ‘Panchayati Raj’ subject is included?,Union List,State List,Concurrent List,Residuary List,Chhattisgarh PCS Pre,2011.0,b,"Exp) Option b is the correct answer.

The subject of “Panchayati Raj” is included in the State
List of the Indian Constitution. ‘he State List contains
subjects over which only the state governments have the
authority to legislate. Panchayati Raj refers to the system of
local self-government at the village or rural level, and its
establishment, organization, and functioning are primarily
governed by laws made by the state governments."
106,Which one of the following _ pairs  (Institutions and Articles of the Constitution) is  roperly matched?,Supreme Court of India :Article 318,Election Commission of India :Article 324,Union Public Service Commission :Article 332,Attorney General Article 351,Chhattisgarh PCS Pre,2008.0,b,"Exp) Option b is the correct answer

Article 324 is related to superintendence, direction,
and control of elections to be vested in an Election
Commission. Article 351 of the Constitution provides that
it shall be the duty of the Union to promote the spread of
the Hindi language. Article 332 talks about the Reservation
of seats for Scheduled Castes and Scheduled Tribes in the
Legislative Assemblies of the States. Article 318 is related to
the power to make regulations as to conditions of service
of members and staff of the Commission."
107,"The Citizenship Act, 1955 deals with the determination of citizenship on or after","26th January, 1950","26th November, 1949","15th August, 1947","14th August, 1947",CDS  (I),2023.0,a,"Exp) Option a is the correct answer

The Citizenship Act, 1955 deals with the determination of
citizenship on or after 26th January, 1950, which marks
the commencement of the Act and the establishment of the
Republic of India. Prior to the Citizenship Act, 1955, the
legal provisions regarding citizenship in India were governed
by the Indian Independence Act, 1947, and the Constitution
of India, which came into effect on 26th November, 1949.
However, the Citizenship Act, 1955 consolidated and codified
the various laws and provisions related to citizenship into a
comprehensive legislation."
108,"Consider the following pairs of Schedule and Content of the Constitution of India:
1. First Schedule | Forms of Oaths or | Affirmations
2. Third | Allocation of seats in Schedule | the Council of States
3. Fifth Schedule | frovisions related to the administration of Scheduled Areas and Scheduled Tribes
4. Ninth | Provisions related to Schedule | the administration of tribal areas in certain States
How many of the above pairs is/are correctly matched?",1,2,3,4,CDS,2022.0,a,"Exp) Option a is the correct answer

1* pair is incorrectly matched: The First Schedule of the
Constitution of India contains details about the states and
union territories of India, along with their territories and
languages.

2™¢ pair is incorrectly matched: The Third Schedule of
the Constitution of India y contains the forms of oaths or
affirmations for elected officials such as the President, the
Vice-President, governors, judges, and other authorities.

34. pair is correctly matched: The Fifth Schedule of the
Constitution of India indeed contains provisions related to the

administration of Scheduled Areas and Scheduled Tribes. It
outlines the powers and functions of the tribal advisory councils,
safeguards for the welfare and advancement of Scheduled Tribes,
and other related provisions.
4"" pair is incorrectly matched: The Ninth Schedule of the
Constitution of India a special provision that was added to
protect certain laws from judicial scrutiny on the grounds of
violating fundamental rights. It includes laws related to land
reforms, the abolition of the zamindari system, and other
social and economic reforms."
109,"Which of the following statements with regard to the Preamble to the Constitution of India is/are correct?
1. Equality of status and equality of opportunity find mention in the Preamble.
2. The expression ‘unity and integrity of the Nation’ was not there in the Preamble since the beginning.
Select the correct answer using the code given  below:-",1 only,2 only,Both 1 and 2,Neither 1 nor 2,CDS  (1),2022.0,c,"Exp) Option c is the correct answer.
Statement 1 is correct- Equality entails the absence of
privileges or discrimination within society, and the
Preamble emphasizes equality of status and opportunity for
all citizens.
Statement 2 is correct-Through the 42nd Amendment Act
of 1976, the phrase was added to the Preamble to emphasize
the importance of maintaining the unity and integrity of
India as a sovereign, socialist, secular, and democratic
republic.
Important Tips
The Indian Constitution’s Preamble is derived from the
US Constitution and is often referred to as the “identity
card” of the Constitution.
It is based on the Objective Resolution proposed by
Pandit Nehru and was amended once through the 42nd
Constitutional Amendment Act, 1972, to include the
words “Socialist, Secular and Integrity.”
The Preamble is non-justiciable and does not grant
legislative power or restrict it. It is an integral part of the
Constitution and can be amended by a simple majority
under Article 368. It was added by the Constituent
Assembly after the enactment of the rest of the
Constitution."
110,"Which of the following terms were added to the Preamble of the Constitution of India by the Constitutional Amendment, 1976?
1. Socialist
2. Secular
3. Integrity
4. Fraternity
Select the correct answer using the codes given below.",l and 2,"1,2 and 3",2 and 4,"1,3 and 4",CDS  (ID),2020.0,b,"Exp) Option b is the correct answer
The Preamble of the Constitution of India was amended in 1976
by the 42nd Constitutional Amendment Act. This amendment
introduced three terms to the Preamble: Socialist, Secular,
and Integrity. The term “Fraternity” was already a part of the
original Preamble and was not introduced or amended in 1976."
111,"The Citizenship (Amendment) Act falls under which one of the following parts of
the Constitution of India?",Part I,Part II,Part IV,Part VI,CDS,2020.0,b,"Exp) Option b is the correct answer
Article 11 of the Indian Constitution grants the Parliament
the authority to regulate citizenship rights, and it is under this
provision that the Citizenship (Amendment) Act (CAA) was
enacted. As Article 1] is part of Part II of the Constitution of
India, the CAA can be classified within the framework of Part II
of the constitution.

Important Tip

-« The Citizenship Act, 1955 was amended 6 times in
1986. 1992, 2003, 2005, 2015 and 2019.

« The CAA 2019 provides citizenship on the basis
of religion to six undocumented non-Muslim
communities (Hindus, Sikhs, Buddhists, Jains,
Parsis and Christians) from Pakistan, Afghanistan
and Bangladesh who entered India on or before 31st
December, 2014.

« It exempts the members of the six communities from
any criminal case under the Foreigners Act, 1946 and
the Passport Act, 1920."
112,"Which of the following statements about Alladi Krishnaswami Ayyar, as a drafting member of the Constitution of India, are correct?
1. He favoured the role of the Supreme Court in taking important decisions related to the  nterpretation of the Constitution of India,
2. He felt that the Supreme Court had to draw the line between liberty and social control.
3. He believed in the dominance of the executive over the judiciary
4. He favoured a dictatorial form of governance.
Select the correct answer using the codes given below.",l and 2,"1,2 and 3",3 and 4,1.2 and 4,CDS Pre.,2019.0,a,"Exp) Option a is the correct answer.

¢ The doctrine of independence is not to be raised to the
level of a dogma so as to enable the judiciary to function
as a kind of super-legislature or super-executive.

« The judiciary is there to interpret the Constitution or
adjudicate upon the rights. Option 1 is correct.

¢ Itis the great tribunal which has to draw the line between
liberty and social control. Option 2 is correct"
113,Which one of the following Schedules to the Constitution of India provides for setting up of Autonomous District Councils?,Third Schedule,Fourth Schedule,Fifth Schedule,Sixth Schedule,CDS Pre.  IT,2018.0,d,"Exp) Option d is the correct answer.

1. Sixth schedule to the constitution of India provides for
setting up of autonomous district council (option d is
correct) 7

2. The Constitution of India makes special provisions for the
administration of the tribal dominated areas in four states
viz Assam, Meghalaya Tripura and Mizoram.

3. As per Article 244 and sixth Schedule these areas are called
“Tribal Areas :

4. The Sixth Schedule envisages establishment of Autonomous
District Councils (ADC) :

Assam North Cachar Hills District

The Karbi Anglong District

The Bodoland Territorial Areas District
Meghalaya Khasi Hills District

Jaintia Hills District

The Garo Hills District

Tripura Tribal Areas District

Mizoram The Chakma District

_ The Mara District"
114,"Which of the following statements relating to the Government of India Act, 1858 is/are correct?
1. The British Crown assumed sovereignty over India from the East India Company.
2. The British Parliament enacted the first statute for the governance of India under
the direct rule of the British.
3. This Act was dominated by the principle of absolute imperial control without any population participation in the administration of the country.
Select the correct answer using the codes given below:",l and 2,Only 2,"1,2 and 3",1 and 3,CDS Pre.  II,2018.0,d,"Exp) Option d is the correct answer.

« The government of India act 1858 is also known as the
“act for better government of India”.

e It changed the designation of governor general of India
to that of viceroy of India.

e The administration of India was taken from the Fast
India Company and placed directly under the British
Crown. (option 1 is correct)

¢ Thus the country was kept under the direct rule of the
British and the Cabinet.

¢ A new post called Secretary of State was added who
would be directly responsible to British cabinet and also
a part of it.

¢ The act also ended the double government which was
started by the Pitts India act 1784.

e A 15 member advisory council to the secretary of state
was formed.

« This act was dominated by the principle of absolute
imperial contro] without any popular participation in
administration of the country. (Option 3 is correct)

* Under this act, all the powers of Crown were exercised by
Secretary of State of India and was assisted by Council of
India (Council of fifteen members).

« Under the Pitts India Act of 1784 for the first time,
the British Government was given supreme control
over Company's affairs and its administration in India.
(Option 2 is incorrect)"
115,"Which of the following statements relating to the Indian Councils Act, 1861 is/are correct?
1. The Act introduced a grain of popular element by including non-official members in the  overnor-General’s Executive Council
2. The members were nominated, and their functions were confined exclusively to consideration of legislative proposals placed before it by the Governor-General.
3. The Governor-General did not have effective legislative power
Select the correct answer using the codes given below:",l and 2,2 and 3,"1,2 and3",Only 1,CDS Pre.  IT,2018.0,d,"Exp) Option d is the correct answer,

¢ Indian Councils Act of 1861 made a beginning of
representative institutions by associating Indians with
the law-making process.

« It thus provided that the viceroy should nominate some
Indians as non-official members of his expanded council.
(Statement 1 is correct)

¢ In 1862, Lord canning the then viceroy nominated three
Indians to his Legislative council

e It empowered the viceroy to make rule and orders for the
more convenient transaction of business in the council.

* Italso gave recognition to the Portfolio system introduced
by Lord canning in 1859

e Under this a member of the viceroy’s council was made
in charge of one or more departments of the government
and was authorized to issue final orders on behalf of the
council on matters of his department(s).

¢ The Governor-General also had the power to promulgate
ordinances without the council’s concurrence during
emergencies (Statement 3 is incorrect).

* The non official members of the Viceroys Executive
council did not take part in the discussions and their
role was only advisory.

The non-official members of the Executive Council were
not interested in attending the meetings of the Council,
moreover, under this Act they were not bound to attend
them ecither.The Indian members were not eligible to
oppose any bill and most often the bills were passed in one
sitting without discussion. (Statement 2 is incorrect)"
116,"Which of the following features were borrowed by the Constitution of India from the British Constitution?
l. Rule of Law
2. Law making Procedure
3. Independence of Judiciary
4. Parliamentary System
Select the correct answer using the codes given below:",l and 2,"2,3 and 4",l and 4,"1,2 and 4",CDS Pre.  11,2017.0,d,"Exp) Option d is the correct answer

¢ The Indian Constitution is unique in its contents and
spirit.

¢ ‘Though borrowed from almost every Constitution of the
world, the Constitution of India has several features that
distinguish it from the Constitutions of other countries.

« Independence of Judiciary has been taken from the
Constitution of USA.

« Following features have been borrowed by the British
Constitution:

Britain. 1. Parliamentary System of government ;

2. Rule of Law

: ' 3. Legislative procedure :

| | 4. Single citizenship

| 5. Cabinet system

6. Prerogative writs

i 7. Parliamentary privileges :

bf 8 Bicameralism

“United * 1. Impeachment of the president :

States of : 2. Functions of president and vice-president

: America ; :

‘ : 3. Removal of Supreme Court and High court :

; i judges :

4. Fundamental Rights :

5. Judicial review :

: ° 6. Independence of judiciary :

Luvwwu i 7 The preamble of the constitution"
117,Which one of the following statements with regard to the Ninth Schedule of the Constitution of India is not correct?,"It was inserted by the Constitution (First Amendment) Act, 1951",The acts and regulations specified in the Ninth Schedule shall become void on the ground that it violates a Fundamental Right in Part III of the Constitution.,The supreme court has power of judicial review of an act included in the Ninth Schedule on the doctrine of basic structure.,The appropriate legislature can repeal or amend an act specified in the Ninth Schedule.,CDS Pre.  I,2016.0,b,"Exp) Option b is the correct answer,

e Ninth Schedule says that the article mentioned in this are
immune from judicial review it is for the larger good of
the society, the government cannot be challenged in the
court for his actions.

e Ninth Schedule was added to the Constitution by First
Constitutional Amendment, 1951.

¢ In a landmark ruling on Jith January 2007, the
Supreme Court ruled that all laws (including those in
the Ninth Schedule) would be open to judicial review,
if they violated the basic structure of the Constitution.
(Statement b is incorrect)"
118,"On 26th November, 1949, which of the following provisions of the Constitution of India came into effect? ,
1. Citizenship
2. Elections
3. Provisional Parliament
4. Fundamental Rights
Select the correct answer using the codes given below:","2,3 and 4","1,2 and 3",l and 3,l and 2,CDS Pre.  IT,2016.0,b,"Exp) Option b is the correct answer.

e On 26th November 1949, 3 provisions i.e.., Elections,
citizenship and provisional Parliament came into force
and rest of the provisions only on 26th January 1950.

¢ Fundamental Rights of the citizen came into force on
26th january 1950."
119,Which one of the following languages is not recognised in the Eighth Schedule to the Constitution of India?,English,Sanskrit,Urdu,Nepali,CDS Pre.  I,2016.0,a,"Exp) Option a is the correct answer,

e As per Article-344(1) and 351 of Indian Constitution,
the 8th Schedule includes 22 language.

¢ The Eighth Schedule to the Constitution consists of the
following 22 languages:

e Of these languages, 14 were initially included in the
Constitution.

¢ Sindhi language was added by the 21"" Amendment Act
of 1967.

¢ Konkani, Manipuri, and Nepali were included by the
71* Amendment Act of 1992.

« Bodo, Dogri, Maithili, and Santhali were added by the
92™4 Amendment Act of 2003 which came into force in
2004."
120,"Which of the following is/are not central tenet(s) of the Constitution of India?
1. Prohibits discrimination on grounds of religion.
2. Gives official status to certain religions.
3. Provides freedom to profess any religion.
4. Ensures equality of all citizens within religious communities.
Select the correct answer using the codes given below:","1,2 and 3",3 and 4,"2,3 and 4",Only 2,CDS Pre.  IT,2015.0,d,"Exp) Option d is the correct answer.

« Article 25 says that all persons are equally entitled to
freedom of Conscience and the right to freely profess,
practice and propagate religion.

¢ The Indian Constitution embodies the positive concept
of secularism ie, all religions in our country (irrespective
of their strength) and no official status was given to
certain religions.

e 42nd amendment act of 1976, the Preamble to the
constitution of India asserted that India is a secular
nation.

¢ Secularism is a belief system which rejects religion, or
the belief that religion should not be part of the affairs of
the state. (Statement 2 is incorrect)"
121,"Which of the following statement(s) about the formation of the Constituent Assembly is/are correct?
1. The members of the Constituent Assembly were chosen on the basis of the Provincial Elections of 1946.
2. The Constituent Assembly did not include representatives of the princely states.
3. The discussions within the Constituent Assembly were not influenced by opinions expressed by the public.
4. In order to create a sense of collective participation. submissions were solicited from the public
Select the correct answer using the codes given below:",Only 1,2 and 3,3and4,l and 4,CDS Pre.  IT,2015.0,d,"Exp) Option d is the correct answer.
The members of constituent assembly were chosen indirectly
by members of provincial assemblies, who in turn were
elected through Provincial Election of 1946. (Statement 1
is correct)
The constituent assembly had representative of princely
states , who were nominated by the princes. (Statement 2 is
incorrect)
The constituent assembly had representation from all parts
of India , every community, every section of the society was
represented in the assembly and hence the discussions in
the constituent assembly was influenced by public opinion
over an issue, although rational decision was taken after fair
discussions. (Statement 3 is incorrect)
To create a sense of collective participation the public was
asked to send in their views . Many of the linguistic minorities
wanted the protection of their mother tongue, religious
minorities asked for special safeguards, while dalits demanded
an end to all caste oppression and reservation of seats in
government bodies. Important issues of cultural rights and
social justice raised in these public discussions were debated
on the floor of the Assembly. (Statement 4 is correct)"
122,"Which of the following statements with regard to citizenship provisions of the Constitution of India is/are correct?
1, No person shall be a citizen of India by virtue of Article 5, or be deemed to be a citizen of India by virtue of Article 6 or Article 8, if he/she has voluntarily acquired the citizenship of any foreign state.
2. The Parliament has power to make any provision with respect to the acquisition and termination of citizenship and all other matters relating to citizenship. 
Select the correct answer using the codes given below :",Only 1,Only 2,Both 1 and 2,Neither 1 nor 2,CDS Pre.  IT,2015.0,c,"Exp: Option c is the correct answer.

« As per article 9 No person shall be a citizen of India by
virtue of article 5, or be deemed to be a citizen of India

by virtue of article 6 or article 8, if he has voluntarily
acquired the citizenship of any foreign State.

« As per article 11 The Parliament has the right to
make any provision concerning the acquisition and
termination of citizenship and any other matter relating
to citizenship."
123,"Which of the statement(s) is/are not correct for the 9th Schedule of the Constitution of
India?
1. It was inserted by the First Amendment in 1951.
2. It includes those laws which are beyond the purview of judicial review.
3. It was inserted by the 42nd Amendment.
4. The laws in the 9th Schedule are primarily those which pertain to the matters of national security.
Select the correct answer using the codes given below: (",l and 2,2 and 3,3 and 4,Only 3,DS Pre.  I,2015.0,c,"Exp) Option c is the correct answer.

+ The 9th schedule was added to the constitution by the
Ist amendt. to the constitution in 1951 (Statement 3 is
incorrect)

e The Ninth Schedule of the Constitution contains a list of
central and state laws which cannot be challenged in
courts. (Statement 4 is incorrect)"
124,"Consider the following statements about democracy:
1. It consists with the formation of government elected by the people
2. In democracy, those currently in power have a fair chance of losing
3. Each vote has one value.
Which of the statement(s) given above is/are correct?",l and 2,"1, 2 and 3",Only 1,2 and 3,CDS Pre.  (D,2014.0,b,"Exp) Option b is the correct answer.

¢ Democracy is a form of government in which the rulers
are elected by the people.

- It is based on a free and fair election where these
currently in a power having a free chance of loosing.

¢ Ina democracy, each adult citizen have one vote and
each vote have one value and the decision making
power rests with those elected by the people.

¢ Democracy also enhances the dignity of citizens.

« Abraham Lincoln had said “Democracy is the
government of the people, by the people and for the
people”."
125,"The Draft Constitution as framed only provides a machinery for the government of the country. It is not a contrivance to install any particular party in power as has been done in some countries. Who should be in power is left to be determined by the people,as it must be, if the system is to satisfy the test of democracy’.
The above passage from Constituent Assembly debates is attributed to:",Pandit Jawaharla) Nehru,Dr BR Ambedkar :,Maulana Abdul Kalam Azad,Acharya JB Kriplani,CDS Pre. 1,2014.0,b,"Exp) Option b is the correct answer.

« BR Ambedkar has emerged as the epitome personality of
modern India.

« He was appointed as the Chairman of the constitution
drafting committee in 1947,

¢ He is recognised as the “Father of the Constitution of
India’.

¢ Major contributions of Ambedkar to modern India:

a) Education

b) Changing hierarchical Structures of Indian society

c) Bringing untouchables to the mainstream of Indian
society.

d) Framing an inclusive and secular Constitution.

e) Upliftment of marginalised

f) Fundamental Rights

g) Economic Contributions"
126,"The citizenship means:
1. full civil and political rights of the citizens.
2. the right of suffrage for election to the House of the People (of the Union) and the Legislative Assembly of every state.
3. the right to become a Member of the Parliament and Member of Legislative Assemblies.
Select the correct answer using the codes given below :",l and 2,1 and 3,2 and 3,All of these,CDS Pre.  I,2014.0,d,"Exp) Option d is the correct answer.

¢ In Part II of Constitution under Article 5-11, citizenship
clause has been explained.

e Full civil and political rights are entitled to the citizen
of India.

« Also, they are entitled to be a Member of Parliament or
State Legislature but one has to also satisfy the age limit
criterion in order to be an MP or MLA.

+ Citizens of India has right of suffrage for election to the
House of People (of the Union) and legislative assembly
of every state,

Important Tips
1. Citizenship is listed in the Union List.
2. The term ‘Citizen’ is not defined in the constitution. |
3. Citizenship of India can be acquired in the following
ways: |
¢ Citizenship at the commencement of the Constitution
« Citizenship by birth
e Citizenship by descent |
¢ Citizenship by registration
¢ Citizenship of naturalization |
* By incorporation of territory (by the Government of
India) |
4. Termination of the Citizenship is possible in three |
ways:
Renunciation, Termination, Deprivation"
127,Who among the following warned his colleagues that the Constituent Assembly was British made and was “working the British plan as the British should like it to be worked out”?,Soronath Lahiri,B.R. Ambedkar,Shyama Prasad Mukherjee,B.N. Rau,CAPF,2021.0,a,"Exp) Option a is the correct answer.
Somnath Lahiri was a member of the Constituent Assembly
of India and a prominent leader of the Communist Party
of India. He was a vocal critic of the British rule in India
and he believed that the Constituent Assembly was not
truly representative of the Indian people. In a speech in
the Constituent Assembly on 19 December 1946, Lahiri said
that the Constituent Assembly was “British made” and that it
was “working the British plan as the British should like it to
be worked out”. He argued that the Assembly was dominated
by the Indian National Congress, which was a party that had
close ties to the British government"
128,Which one of the following statements with regard to the preamble to the Constitution of India is not correct?,The term ‘Secular Democratic Republic’ was not there in the Preamble originally.,The Preamble contains the basic structure of the Constitution of India.,"By itself, the Preamble is not enforceable in a court of law.","The Supreme Court has held that the preamble cannot be considered as an aid to the legal  interpretation of the Constitution, where the language is ambiguous.",CAPF,2021.0,d,"Exp) Option d is the correct answer.

The preamble to the Constitution of india is a short

introductory statement that sets out the basic principles

and objectives of the Constitution. It is not enforceable in

a court of law, but it is an important source of guidance for

interpreting the Constitution. The Supreme Court has held

that the preamble can be used to interpret the Constitution
in cases where the language is ambiguous.
Important Tip

Important peints about Preamble:

Key elements of Preamble:

¢ Sovereign, socialist, secular, and democratic and

republic.
¢ Justice, liberty, equality, and fraternity.
° Unity and integrity of the nation.

1. The Preamble is based on ‘Objective Resolution’ by
Nehru and was adopted and enacted by the Constituent
Assembly of India on 26th November 1949.

2. It has been amended only once through the 42nd
Amendment Act of 1976, which added the words
“Secular” and “Socialist” to the Preamble.

3. The Preamble serves as a guiding light for the
government, lawmakers, and citizens in shaping the
nation’s policies and actions."
129,As per provisions of the Constitution of India which one of the following is correct?,Only Parliament has the power to legislate over a subject under the Concurrent list,"Both Parliament and State Legislatures have the power to legislate over a subject
under the Concurrent list.",A legislation made under the Concurrent list by Parliament should be ratified by half of the State Legislatures so as to become a law of the country,Only State Legislatures are empowered to make laws under Concurrent list,CAPE,2020.0,b,"Exp) Option b is the correct answer.
The Constitution of India provides for the division of
powers between central and state government. The seventh
schedule provides for three list- State List, Central List, and
Concurrent List. Out of the three list, the Concurrent list
includes subjects on which both the Parliament (Central
government) and State Legislature (state governments)
can legislate independently and concurrently.

Important Tips —

Few of the subjects under the Central List:

1. Defense and armed forces

2. Foreign affairs and international relations

3. Atomic energy

4. Currency, coinage, and legal tender

5. Railways
6. Airports and airways

7. Interstate trade and commerce

8. Banking and financial institutions

9. Taxes on income other than agricultural income

Few of the subjects under the State List:

1. Police and public order

2. Public health and sanitation

3. Agriculture and irrigation

; 4. Fisheries
| 5. Local government
6. Public works
7. Public entertainment
8. Land and land revenue
9. Education at the state level
| Few of the subjects under the Concurrent List:

1. Criminal law and procedure
| 2. Marriage and divorce

3. Adoption
| 4. Bankruptcy and insolvency
| 5. Education, including technical education

6. Population control and family planning
| 7. Protection of wildlife and animals

8. Trusts and trusteeship ,
9. Price control and essential commodities"
130,"Which of the following  statement(s) regarding passing a law under the State list  is/are correct?
1. Even in the sphere (State list) exclusively reserved for the States, Parliament can legislate under certain circumstances.
2. Parliamentcannotlegislatea subject under the State list under any circumstances.
3. A resolution supported by two-thirds of the members present and voting is required to be passed by Rajya Sabha to pass a law under the State list
Select the correct answer using the codes given below:","1, 2 and 3",2 and 3 only,1 and 3 only,1 Only,CAPE,2020.0,c,"Exp) Option c is the correct answer.

Statement 1 is correct- Parliament can legislate a subject
under the State list in certain conditions. These conditions
include during a national emergency under Article
250. when a state makes a request under Article 252, to
implement international agreements under Article 253, and
during President’s Rule under Article 356.

Statement 2 is incorrect- Parliament can legislate a subject
under the State list under certain circumstances during
National Emergency and President’s rule. So, the statement
that Parliament cannot legislate a subject under the State list
under any circumstances is not correct.

Statement 3 is correct- As per Article 249 of the Constitution,
if the Rajya Sabha passes a resolution supported by not less
than two-thirds of the members present and voting, stating
that it is necessary or expedient in the national interest,
Parliament can make laws on any matter enumerated in the
State list."
131,"Which of the following pairs of list and contents is/are correctly matched?
1. State List: Public health and sanitation
2. Union List: Citizenship, naturalization and aliens
3. Concurrent List: Legal, medical and other professions
Select the correct answer using the code given below:",1 only,"1, 2 and 3",2 and 3 only,3 only,APE,2019.0,b,"Exp) Option b is the correct answer

Pair 1 matched correctly: Public health and sanitation are
among the subjects listed in the State List.

Pair 2 matched correctly: Citizenship, naturalization, and
aliens are among the subjects listed in the Union List.

Pair 3 matched correctly: Legal, medical, and other
professions are among the subjects listed in the Concurrent
List."
132,"Which of the following statements about the Constitution of India is/are correct?
1. The ‘Objectives Resolution’ was moved by Sardar Vallabhbhai Patel.
2. Dr. BR Ambedkar served as the Chairman of the Drafting Committee in his capacity as the Law Minister.
Select the correct answer using the codes given below.",1 only,2 only,Both 1 and 2,Neither 1 nor 2,CAPF,2018.0,b,"Exp) Option b is the correct answer

Statement 1 is incorrect: The ‘Objectives Resolution’ was
actually moved by Jawaharlal Nehru on December 13, 1946,
in the Constituent Assembly of India. This resolution laid
down the fundamental principles and objectives that would
guide the framing of the Constitution.

Statement 2 is correct: Upon India’s independence on 15
August 1947, the new prime minister Jawaharlal Nehru
invited Ambedkar to serve as the Dominion of India’s Law
Minister; two wecks later, he was appointed Chairman of
the Drafting Committee of the Constitution for the future
Republic of India."
133,Which one of the following statements about the Constitution of India is correct?,It was framed between December 1946 and December 1949,The drafts of the Constitution were discussed in public meetings,It is the shortest document of a constitution in the world.,It came fully into operation immediately after the drafting was completed inm December 1949,CAPF,2018.0,a,"Exp) Option a is the correct answer

The Constitution of India was framed between December
1946. and December 1949. The Constituent Assembly, which
was elected in 1946, met for the first time on December
9. 1946. The Assembly appointed a Drafting Committee in
1947. and the final draft of the Constitution was adopted
on November 26, 1949. The Constitution came into force on
January 26, 1950."
134,"Which one of the following is not a characteristic feature of the Independence Act, 1947?","The Dominion of India got the residuary territory of India, excluding the provinces of Sind, Baluchistan, West Punjab, East Bengal and NWFP.",The Act sought to lay down a Constitution by the Legislative will of the British Parliament,The Act proposed to set up two independent Dominions,The Constituent Assembly of each Dominion was to have unlimited power to frame and adopt any Constitution.,CAPF,2018.0,b,"Exp) Option b is the correct answer
The Independence Act, 1947, was a British Act of Parliament
that partitioned British India into two independent
dominions, India and Pakistan. The Act did not lay down
a constitution for either dominion. Instead, it provided
for the establishment of constituent assemblies in each
dominion, which would be responsible for framing their
own constitutions."
135,Which one of the following was the mandate of the Dhar Commission (1948)?,To study the classification of States,To recommend whether the States can be reorganized on linguistic basis,To study the Centre-State relations,To examine whether Madras city can be transferred to Andhra,CAPF,2017.0,b,"Exp) Option b is the correct answer
The Dhar Commission was appointed by the Government
of India in 1948 to study the feasibility of reorganizing the
states of India on a linguistic basis.
Important Tips
Dhar Commission-Recommendations
1. It advocated for state reorganization based on
administrative convenience rather than linguistic
considerations.
2. The Commission recommended the reorganization of
States on the basis of the following criteria:
e« Geographical contiguity
¢ Financial self-reliance
e« Administrative viability"
136,"Which of the following statements regarding the Constituent Assembly are correct?
1. It was not based on an adult franchise.
2. It resulted from direct election.
3. Itwasa multi-party body.
4. lt worked through several committees.
Select correct answer using the code given below.","1, 2 and 4",2 and 3,l and4,"1, 3 and 4",CAPF,2016.0,d,"Exp) Option d is the correct answer.
The Constituent Assembly of India was the body that framed
the Constitution of India. It was established under the
Cabinet Mission Plan of 1946 and consisted of 389 members,
of which 296 were elected by the provincial assemblies and
93. were nominated by the princely states
Statement I is correct: The Constituent Assembly was not
based on an adult franchise, as the provincial assemblies
themselves were elected on a limited franchise
Statement 2 is incorrect: It was also not a result of direct
election, as the members were elected indirectly by the
provincial assemblies or nominated by the princely states.
Statement 3 is correct: It was a multi-party body, as it
included representatives from various political parties
such as the Indian National Congress, the Muslim League,
the Communist Party of India, etc.
Statement 4 iscorrect: It worked through several committees,
such as the Drafting Committee, the Fundamental Rights
Committee, the Union Powers Committee, etc., to deal
with different aspects of the constitution-making process ."
137,"According to Granville Austin, which of the following was/were the most significant contributions of India to constitution- making?",Majority Rule and Minority Rights,Consensus and Accommodation,Social revolution and Political Freedom,Asymmetrical Federal Structure,CAPF,2015.0,b,"Exp) Option b is the correct answer.
According to Granville Austin, one of the most significant
contributions of India to  constitution-making was
Consensus and Accommodation. This is because he argued

that the Indian Constitution was a product of a remarkable

process of consensus-building and accommodation among

various groups and interests in the Constituent Assembly and
outside. He highlighted how the framers of the Constitution
sought to reconcile the conflicting demands of democracy,
nationalism, social justice, federalism, secularism, minority
rights, and individual liberties in a diverse and complex
society.

Important Tips

« Granville Austin (1927-2014) was an American

| historian and a leading authority on the Indian

| Constitution.

| « He wrote two influential books on the making and

working of the Indian Constitution, namely The

| Indian Constitution: Cornerstone of a Nation (1966)

and Working a Democratic Constitution: The Indian

| Experience (1999),

« He was awarded the Padma Shri by the Government
of India in 2011 for his contribution to constitutional
studies."
138,"According to Article 3 of the Constitution of India, the Parliament may by law
1. declare war on any country.
2. alter the boundaries of any State.
3. increase the area of any State
4. establish an Autonomous Council within any State.
Select the correct answer using the code given below.",Only 3,"1,2 and 4",2 and 3,"1, 2 and 3",CAPF,2015.0,c,"Exp) Option c is the correct answer.

According to Article 3 of the Constitution of India, the

Parliament may by law:

- Alter the boundaries of any State: The Parliament has
the power to alter the boundaries of any State in India.
This can be done through the process of reorganization
of states, which requires the introduction and passing of
a law by Parliament.

+ Increase the area of any State: The Parliament also has
the authority to increase the area of any existing state by
annexing or merging territories with it. This can be done
through the enactment of a law by Parliament.

Statement 1 is not related to Article 3, but to Article 253,

which empowers Parliament to make laws for implementing

treaties, agreements or conventions with foreign countries or
international organizations.

Statement 4 is not related to Article 3, but to Article 244A,

which provides for the creation of an autonomous state

comprising certain tribal areas in Assam and for the creation of
local legislature or council of ministers or both for such state.
Important Tips

Article 3 of the Constitution of India deals with the

formation of new States and alteration of areas, boundaries

or names of existing States. In this regard, the Parliament

| may by law:

* form a new State by separation of territory from any
State or by uniting two or more States or parts of States,
ox by uniting any territory to a part of any State;

« increase the area of any State;

¢ diminish the area of any State;
« alter the boundaries of any State;
e alter the name of any State. |"
139,"Which of the following are true regarding the Preamble of the Constitution of India?
1. The Objective Resolution was proposed by Jawaharlal Nehru and passed by the Constituent Assembly which ultimately became the preamble.
2. The idea of the preamble was borrowed from the Constitution of the USA.
3. The words Socialist and Secular were adopted by the 42nd Amendment in 1976.
4. The preamble incorporates the Fundamental Rights of the citizens of India.
Select the correct answer using the codes given below. 
Codes:","1,2 and 3","2,3 and 4","1,3 and 4","1,2 and 4",CAPE,2014.0,a,"Exp) Option a is the correct answer.
Statement 1 is correct: The Preamble of the Constitution
of India is a brief introductory statement that sets out the
guiding principles and purpose of the Constitution. It is
based on the Objective Resolution, which was moved by
Jawaharlal Nehru in the Constituent Assembly on 13
December 1946 and adopted on 22 January 1947.
Statement 2 is correct: The idea of the preamble was
borrowed from the Constitution of the USA.
Statement 3 is correct: The Preamble declares India to be a
sovereign, socialist, secular, democratic republic and secures
to all its citizens justice, liberty, equality and fraternity.
The words socialist and secular were added by the 42nd
Amendment in 1976.
Statement 4 is incorrect: While the Preamble of the
Constitution of India sets out the ideals and objectives
of the Constitution, it does not explicitly mention the
Fundamental Rights. The Fundamental Rights are enshrined
in Part III of the Constitution."
140,"Consider the following statements about Constitutional Government.
1. It is a form of limited government.
2. One where the Constitution is the basis of public authority.
3. One where the Monarch is the formal head of the state.
4. One where there is always a universal adult franchise,
Which of the statements given above are correct?",l and 2,2 and 4,"1,2 and 4",l and 3,CAPE,2014.0,a,"Exp) Option a is the correct answer.
Statement 1 is correct: Constitutional government is a form
of limited government. The constitution sets the boundaries
and limits of the powers of the government and prevents it
from becoming arbitrary or tyrannical. The constitution also
ensures that the government is accountable to the people and
respects their rights and freedoms.
Statement 2 is correct: A constitutional government is one
where the constitution is the basis of public authority.
The constitution establishes the structure, functions, and
procedures of the government and defines its relationship
with the people. The constitution also lays down the
principles and values that guide the actions and decisions of
the government and its officials.
Statement 3 is incorrect: A constitutional government does
not necessarily have a monarch as the formal head of the
state. A constitutional government can have different forms of
executive leadership, such as a president, a prime minister, or
a chancellor.
Statement 4 is incorrect: A constitutional government does
not always havea universal adult franchise. A constitutional
government can have different forms of electoral systems,
such as proportional representation, first-past-the-post, or
mixed-member proportional. A universal adult franchise is
one of the possible ways of ensuring political participation
and representation in a constitutional democracy, but it is
not a necessary condition for a constitutional government."
