q_no,q_statement,a,b,c,d,exam,year,correct_option,explanation
1,"Consider the following statements:
Statement-1: In India, prisons are managed by State Governments with their own rules and regulations for the day-to-day administration of prisons
Statement-II: In India, prisons are governed by the Prisons Act, 1894 which expressly kept the subject of prisons in the control of Provincial Governments.
Which one of the following is correct in respect of the above statements?",Both Statement-I and Statement-II are correct and Statement-II is the correct explanation for Statement-1,Both Statement-1 and Statement-II are correct and Statement-II is not the correct explanation for Statement-1,Statement-1 Is correct but Statement-11 is incorrect,Statement-1 Is incorrect but Statement-II is correct,UPSC CSE Pre,2023.0,a,"Exp) Option a is the correct answer

The Prisons Act 1894 is one of the oldest pieces of legislation
in India dealing with laws enacted in relation to prisons in
India.

Statement 1 is correct: Prison is a State subject under List-
II of the Seventh Schedule in the Constitution.. States have
the primary role, responsibility and power to change the
current prison laws, rules and regulations.

Hence it is true that prisons are managed by the state
governments with their own rules and regulations.
Statement 2 is correct: The management and administration
of Prisons falls exclusively in the domain of the State
Governments and is governed by the Prisons Act, 1894
and the Prison Manuals of the respective State Governments.
Hence it is true that the Prisons Act 1894 kept the subject
of prisons in the Provincial government (State governments)
and this explains why State governments have the power
to frame their own rules and regulations regarding prison
management."
2,"With reference to the writs issued by the Courts in India, consider the following statements:
1. Mandamus will not lie against a private organisation unless it is entrusted with a public duty.
2. Mandamus will not lie against a Company even though it may be a Government Conipany.
3. Any public minded person can be a petitioner to move the Court to obtain the writ of Quo Warranto.
Which of the statements given above are correct?",1 and 2 only,2 and 3 only,1 and 3 only,"1,2 and 3",UPSC CSE Pre,2022.0,d,"Exp) Option d is the correct answer

Statement 1 is correct: Mandamus is a command issued
by the court to a public official asking him to perform his
official duties that he has failed or refused to perform. It can
also be issued against any public body, a corporation, an
inferior court, a tribunal, or a government for the same
purpose. It is usually not usable against a private entity.
Statement 2 is correct: Mandamus cannot be used against
a government company which is incorporated under
the Companies Act as there is neither a statutory nor a
public duty imposed on it by a statute in respect of which
enforcement could be sought by means of a mandamus.
Statement 3 is correct: Quo Warranto is issued by the
court to enquire into the legality of the claim of a person
to a public office. Hence, it prevents illegal usurpation of
public office by a person. Unlike the other writs, this can be
sought by any interested person and not necessarily by the
aggrieved person"
3,"Consider the following statements:
1. Pursuant to the report of H.N. Sanyal Conminittee, the Contempt of Courts Act,1971 was passed.
2. The Constitution of India empowers the Supreme Court and the High Courts to punish for contempt of themselves.
3. The Constitution of India defines Civil Contempt and Criminal Contempt.
4, In India, the Parliament is vested with the powers to make laws on Contempt of Court.
Which of the statements given above is/are correct?",1 and 2 only,"1,2 and 4",3 and 4 only,3 only,UPSC CSE Pre,2022.0,b,"Exp) Option b is the correct answer

Statement 1 is correct: A committee was set up in 1961
under the chairmanship of the late H N Sanyal, the
then additional solicitor general. The committee made
a comprehensive examination of the law and problems
relating to contempt of court in the light of the position
obtained in our own country and various foreign countries.

Pursuant to the recommendations made by the H N Sanyal
Committee, the Contempt of Courts Act, 1971 was passed.
Statement 2 is correct: The Supreme Court and the High
Courts of India have been empowered with the power to
penalize for Contempt of Court under Articles 129 and 215
of the Constitution of India.

Statement 3 is incorrect: The Constitution of India does
not define Civil Contempt and/or Criminal Contempt.
Statement 4 is correct: Article 142 (2) of the Indian
Constitution clearly states that “subject to the provisions of
any law made on this behalf by Parliament” the Supreme
Court shall have all and every power to make any order on the
punishment of any contempt of itself. Thus, the parliament
is vested with powers to make laws on Contempt of Court."
4,"With reference to India, consider the following statements:
1. Government law officers and legal firms are recognised as advocates, but corporate lawyers and patent attorneys are excluded from recognition as advocates.
2. Bar Councils have the power to lay down the rules relating to legal education and recognition of law colleges.
Which of the statements given above is/are correct?",1 only,2 only,Both 1 and 2,Neither 1 nor 2,UPSC CSE Pre,2022.0,b,"Exp) Option b is the correct answer

Statement 1 is incorrect: Corporate Lawyers, as well as
patent attorneys, are too recognized as lawyers and there’s
no prohibition on their recognition as lawyers.

Statement 2 is correct: The Bar Council of India visits and
inspects Universities/Law colleges in the country as part
of its statutory function of promoting legal education and
laying down standards in consultation with the Universities
in India and the State Bar Councils. The Bar Council of
India is a statutory body established under section 4 of
the Advocates Act 1961 that regulates the legal practice and
legal education in India."
5,"With reference to India, consider the following statements:
1. Judicial custody means an accused is in the custody of the concerned magistrate and such accused is locked up in police station, not in jail.
2. During judicial custody, the police officer in charge of the case is not allowed to interrogate the suspect without the approval of the court. 
Which of the statements given above is/are correct?",1 only,2 only,Both 1 and 2,Neither 1 nor 2,UPSC CSE Pre.,2021.0,b,"Exp) Option b is the correct answer.

The provisions for custody in India are governed by Section
167 of the Code of Criminal Procedure. A person may be
held in the custody of the police or in judicial custody. The
first thing that happens to a suspect on arrest is that he is
taken into police custody, following which he is taken before
a magistrate. From there, he may either be remanded to
judicial custody or be sent back into police custody.
Statement 1 is incorrect. Police Custody means that police
has the physical custody of the accused while Judicial
Custody means an accused is in the custody of the
concerned Magistrate. In Police custody, the accused is
lodged in police station lockup while in Judicial Custody,
he is locked up in the jail.

Statement 2 is correct. During Judicial Custody, the police
officer in charge of the case is not allowed to interrogate the
suspect. However, the court may allow the interrogations
to be conducted if it opines the interrogation being necessary
under the facts produced before the court.

However, during police custody, the police officer in charge.
of the case, may interrogate the suspect."
6,"With reference to India, consider the following statements:
1. When a prisoner makes out a sufficient case, parole cannot be denied to such prisoner because it  becomes a matter of his/her right.
2. State Governments have their own Prisoner Release on Parole Rules.
Which of the statements given above is/are correct?",1 only,2 only,Both 1 and 2,Neither 1 nor 2,UPSC CSE Pre.,2021.0,b,"Exp) Option b is the correct answer.
Statement 1 is incorrect. Parole is a system of releasing a
prisoner with suspension of the sentence. Parole cannot
be claimed as a matter of right. Parole may be denied to a
prisoner even when he makes out sufficient cause for release
on parole.
Statement 2 is correct. State governments have their
own Prisoner Release on Parole Rules. ‘Prisons’ is a State
subject under the State List of the Seventh Schedule of the
Constitution.
The management and administration of prisons fall
exclusively in the domain of state governments and are
governed by the Prisons Act, 1894, and the Prison Manuals
of the respective state governments.
The Prisons Act further says that only states can make rules
regarding the release of prisoners on furlough, parole and
remission, as part of the correctional process in jail reforms.
Important Tips
Parole is to be granted only on a sufficient cause such
as cases of severe illness or death of any member of the
prisoner’s family. The granting authority for parole is the
deputy home secretary of the state government.
On the other hand, Furlough is seen as a matter of right
for a prisoner, to be granted periodically irrespective of
any reason. Jt is granted mercly to enable the prisoner to
retain family and social ties, and to counter the ill-effects
of prolonged time spent in prison.
Both Parole and Furlough can be denied if the competent
authority is of the opinion that releasing the inmate would
not be in the interest of society."
7,"With reference to Indian Judiciary, consider the following statements:
1. Any retired judge of the Supreme Court of India can be called back to sit and act as a Supreme Court judge by the Chief Justice of India with prior permission of the president of India.
2. A High Court in India has the power to review its own judgement as the Supreme Court does.
Which of the statements given above is/are correct?",1 only,2 only,Both 1 and 2,Neither 1 nor 2,UPSC CSE Pre.,2021.0,a,"Exp) Option a is the correct answer.
Statement 1 is correct. The Chief Justice of India can
request a retired judge of the Supreme Court or a retired
judge of a high court (duly qualified for appointment as
a Supreme Court judge) to act as a judge of the Supreme
Court for a temporary period. IIe can do so only with the
previous consent of the President and also of the person to
be so appointed. Such a judge is entitled to such allowances
as the president may determine. He will also enjoy all the
jurisdiction, powers and privileges of a judge of Supreme
Court.
Statement 2 is incorrect. The Supreme Court of India has
power to review its own judgement or order. Thus, it is not
bound by its previous decision and can depart from it in the
interest of justice or community welfare. As a court of record,
a High Court also has the power to review and correct its
own judgement or order. However, the power to review of
High Court is not similar to the Supreme Court because
the Supreme Court’s power to review is consitutionally
guaraneted but not in the case of High Court."
8,"Consider the following statements:
1. The motion to impeach a Judge of the Supreme Court of Indian cannot be rejected by the Speaker of the Lok Sabha as per the Judges (Inquiry) Act, 1968.
2. The Constitution of India defines and gives details of what constitutes ‘incapacity and proved misbehaviour’ of the Judges of the Supreme Court of India.
3. The process of impeachment of the Judges of the Supreme Court of India is given in the Judges (Inquiry) Act, 1968.
4. If the motion for the impeachment of a Judge is taken up for voting, the law requires the motion to be backed by each House of the Parliament and supported by a majority of total membership of that 
House and by not less than two-thirds of total members of that House present and voting.
Which of the statements given above is/are correct?",1 and 2 only,3 only,3 and 4 only,"1, 3 and 4 only",UPSC CSE Pre.,2020.0,c,"Exp) Option c is the correct answer.
Statement | is incorrect. According to provisions of Judges
(Inquiry) Act, 1968, the motion to impeach a judge of the
Supreme Court of India can be rejected by the Speaker of
the Lok Sabha.
Statement 2 is incorrect. The Constitution of India does
not define or give details of what constitutes ‘incapacity and
proved misbehaviour’ of the Judges of the Supreme Court of
India.
Statement 3 is correct. The Judges Enquiry Act (1968)
regulates the procedure relating to the removal of a judge of
the Supreme Court by the process of impeachment. It states
that a removal motion signed by 100 members (in the case of
Lok Sabha) or 50 members (in the case of Rajya Sabha) is to
be given to the Speaker/ Chairman.
Statement 4 is correct. If the motion for the impeachment
of a Judge is taken up for voting, the law requires the motion
to be backed by each House of the Parliament and supported
by a majority of total membership of that House and by not
less than two-thirds of total members of that House present
and voting. After the motion is passed by each House of
Parliament, an address is presented to the president for
removal of the judge. Finally, the president passes an order
removing the judge."
9,"In India, separation of judiciary from the executive is enjoined by",the Preamble of the Constitution,a Directive Principle of State Policy,the Seventh Schedule,the conventional practice,UPSC CSE Pre.,2020.0,b,"Exp) Option b is the correct answer.
Directive Principles of State Policy (DPSP) is enshrined in
Part-IV (Article 36 to 51) of the constitution.
According to Article 50, the State shall take steps to separate
the judiciary from the executive in the public services of the
State
Important Tips
The Criminal Procedure Code (1973) separated the
judiciary from the executive in the public services of
the state, Prior to this separation, the district authorities
like the collector, the sub-divisional officer, the tehsildar
and so on used to exercise judicial powers along with the
traditional executive powers. After the separation, the
judicial powers were taken away from these executive
authorities and vested in the hands of district judicial
magistrates who work under the direct control of the state
high court."
10,"Consider the following statements: 
1. The Constitution of India defines its ‘Basic Structure’ in terms of federalism,secularism, fundamental rights and democracy.
2. The Constitution of India provides for ‘Judicial review’ to safeguard the citizens’ liberties and to preserve the ideals on which the Constitution is based.
Which of the statements given above is are correct?",lonly,2 only,Both 1 and 2,Neither 1 nor 2,UPSC CSE Pre.,2020.0,d,"Exp) Option d is the correct answer.
Statement 1 is incorrect. The basic structure doctrine is not
defined by the Constitution. It is rather a judicial invention
that came through Kesavananda Bharati vs State of Kerala
case (1973). Supreme Court said that the Constitution of
India has certain basic features that cannot be altered or
destroyed through the provisions of amendment, by the
Parliament of India, as mentioned in the Constitution of
India.

Statement 2 is incorrect. The term judicial review is not
found explicitly anywhere in the Indian constitution.
However, Article 13 of the Constitution empowers the SC
to review any law in India and strike it down if it violates
the Constitutional provisions, especially Part HII (on
Fundamental Rights), thus providing the power of judicial
review indirectly."
11,"In India, Legal Services Authorities provide free legal services to which of the following
type of citizens?
1. Person with an annual income of less than Rs. 1,00,000.
2. Transgender with an annual income of less than Rs. 2,00,000.
3. Member of Other Backward Classes  (OBC) with an annual income of less than Rs. 3,00,000.
4, All Senior Citizens.
Select the correct answer using the code given below:",1 and 2 only,3 and 4 only,2 and 3 only,1 and 4 only,UPSC CSE Pre.,2020.0,a,"Exp) Option a is the correct answer.

The National Legal Services Authority (NALSA) has been
constituted under the Legal Services Authorities Act, 1987
to provide free Legal Services to the weaker sections of the
society and to organize Lok Adalats for amicable settlement
of disputes.

The Income Ceiling Limit prescribed under Section 12(h)
of the Act for availing free legal services depend on the
limits set by the respective State Governments. Thus, Senior
citizens’ eligibility for free legal aid depends on the Rules
framed by the respective State Governments in this regard.
The Income Ceiling Limit prescribed for availing free legal
services in is:

General -Rs. 1,00,000, Senior citizen- Rs. 2,00,000,
Transgender - Rs. 2,00,000.

Free legal aid is available to a member of a Scheduled Caste
or Scheduled Tribe, not OBC."
12,"With reference to the Constitution of India,consider the following statements:
1. No High Court shall have the jurisdiction to declare any central law to be constitutionally invalid.
2. An amendment to the Constitution of India cannot be called into question bythe Supreme Court of India.
Which of the statements give above is/are correct?",1 only,2 only,Both 1 and 2,Neither 1 nor 2,UPSC CSE Pre.,2019.0,d,"Exp) Option d is the correct answer.

Statement 1 is incorrect. With the power of judicial review,
High Courts can strike down State law as well as Central
laws. Though the phrase ‘judicial review’ has no where been
used in the Constitution, the provisions of Articles 13 and
226 explicitly confer the power of judicial review on a high
court.

Statement 2 is incorrect, The Supreme Court in Kesavananda
Bharati case (1973) held that Constitutional amendment can
be challenged on the ground that it violates a fundamental
right that forms a part of the ‘basic structure’ of the
Constitution and hence, can be declared as void. Therefore,
as it stands the constitutional amendment comes under a law
for judicial review if it violates any fundamental rights and
Basic structure of our constitution."
13,"Consider the following statements:
1. The 44th Amendment to the Constitution of India introduced an Article placing the election of the Prime Minister beyond judicial review.
2. The Supreme Court of India struck down the 99th Amendment to the Constitution of India as being violative of the independence of judiciary.
Which of the statements given above is/are correct?",1 only,2 only,Both 1 and 2,Neither 1 nor 2,UPSC CSE Pre.,2019.0,b,"Exp) Option b is the correct answer.

Statement 1 is incorrect. The 44° Amendment to the
Constitution of India had no provision placing the election of
the Prime Minister beyond judicial review. 44% Amendment
to the Constitution of India was enacted to nullify some of
the amendments made by the 427 Amendment Act, 1976.
Statement 2 is correct. 99th Constitutional Amendment
Act, 2014 was enacted to reflect the change in the system of
appointments of Judges from the collegium system. It sought
to establish the National Judicial Appointment Commission

(NJAC). This was struck down by the Supreme Court as
being violative of the independence of judiciary."
14,"In India, Judicial Review implies",The power of the Judiciary to pronounce upon the constitutionality of laws and executive orders.,The power of the Judiciary to question the wisdom of the laws enacted by the Legislatures.,The power of the Judiciary to review all the legislative enactments before they are assented to by the President.,The power of the Judiciary to review its own judgements given earlier in similar or different cases.,UPSC CSE Pre.,2017.0,a,"Exp) Option a is the correct answer.

Judicial Review is the power of the Courts to determine
the constitutionality of Legislative act and executions
orders. Judicial review is the power of the judiciary to
examine the constitutionality of legislative enactments and
executive orders of both the Central and State governments.
On examination, if they are found to be violative of the
Constitution (ultra vires), they can be declared as illegal,
unconstitutional and invalid (null and void) by the judiciary.
Consequently, they cannot be enforced by the Government.

Important Tips

The scope of judicial review before Indian courts has
evolved in three dimensions:

1, to ensure fairness in administrative action.

2. to protect the constitutionally guaranteed

fundamental rights of citizens
3. to rule on questions of legislative competence
between the centre and the states"
15,"With reference to the ‘Gram Nyayalaya Act}
which of the following statements is/are correct?
1. As per the Act, Gram Nyayalayas can hear only civil cases and not criminal cases.
2. The Act allows local social activists as mediators/ reconciliators.
Select the correct answer using the code given below.",1 only,2 only,Both 1 and 2,Neither 1 nor 2,UPSC CSE Pre.,2016.0,b,"Exp) Option b is the correct answer.
Statement 1 is incorrect. Gram Nyayalayas are established
under the Gram Nyayalayas Act, 2008 for speedy and easy
access to justice system in the rural areas. They can try
criminal cases as well as civil suits, claims or disputes
which are specified in the First Schedule and the Second
Schedule of the Act.
Statement 2 is correct. The Act explicitly provides for
mediation by social workers. The Gram Nyayalaya shall not
be bound by the rules of evidence provided in the Indian
Evidence Act, 1872 but shall be guided by the principles of
natural justice and subject to any rule made by the High
Court."
16,Who/Which of the following is the custodian of the Constitution of India?,The President of India,The Prime Minister of India,The Lok Sabha Secretariat,The Supreme Court of India,UPSC CSE Pre.,2015.0,d,"Exp) Option d is the correct answer.
The Constitution has conferred a very extensive jurisdiction
and vast powers on the Supreme Court. It is not only a
Federal Court like the American Supreme Court but also
a final court of appeal like the British House of Lords (the
Upper House of the British Parliament). It is also the final
interpreter and guardian/custodian of the Constitution
and guarantor of the fundamental rights of the citizens.
The Supreme Court ensures that the other branches of
government perform their responsibilities in accordance
with the Constitution. The Supreme Court also ensures that
the Constitution of India remains the law of the land and
the parliament doesn’t affect or in any way undo the soul of
the Constitution through its basic structure doctrine. This
also ensures that there aren’t any unreasonable restrictions
placed on fundamental rights of individuals by the state."
17,"What is the provision to safeguard the autonomy of the Supreme Court of India?
1. While appointing the Supreme Court Judges, the President of India has to consult the Chief Justice of India.
2. The Supreme Court Judges can be removed by the Chief Justice of Indiaonly.
3. The salaries of the Judges are charged on the Consolidated Fund of India to which the legislature does not have to vote.
4. All appointments of officers and staffs of the Supreme Court of India are made by the Government only after consulting the Chief Justice of India.
Which of the statements given above is/are correct?",1 and 3 only,3 and 4 only,4 only,"1, 2,3 and 4",UPSC CSE Pre.,2012.0,a,"Exp) Option a is the correct answer.

Statement 1 is correct. The judges of the Supreme Court

are appointed by the President in consultation with the

Chief Justice of India. This provision curtails the absolute

discretion of the executive as well as ensures that the judicial

appointments are not based on any political or practical

considerations.

Statement 2 is incorrect. A judge of the Supreme Court

can be removed from his Office by an order of the

president. The President can issue the removal order only

after an address by Parliament has been presented to him

in the same session for such removal. The address must be

supported by a special majority of each House of Parliament.
Statement 3 is correct. The salaries, allowances and

pensions of the judges and the staff as well as all the

administrative expenses of the Supreme Court are charged

on the Consolidated Fund of India. ‘Thus, they are non-

votable by the Parliament (though they can be discussed by

it).

Statement 4 is incorrect. All appointments of officers and

staffs of the Supreme Court of India are made by the Chief

Justice of India. ‘to maintain the independence of the

judiciary the Chief Justice of India has been given powers to

appoint officers and servants of the Supreme Court without

any interference from the executive. He can also prescribe

their conditions of service.

Iinportant Tips

The power to increase the number of judges in the
Supreme Court of India is vested in the parliament. At
present, the Supreme Court consists of thirty-four judges
(one chief justice and thirty-three other judges). In 2019,
the centre notified an increase in the number of Supreme
Court judges from thirty-one to thirty-four, including
the Chief Justice of India. This followed the enactment of
the Supreme Court (Number of Judges) Amendment Act,
2019. Originally, the strength of the Supreme Court was
fixed at eight (one chief justice and seven other judges)."
18,"Which of the following are included in the original jurisdiction of the Supreme Court?
1. A dispute between the Government of India and one or more States
2. A dispute regarding elections to either House of the Parliament or that of Legislature of a State
3. A dispute between the Government of India and a Union Territory
4. A dispute between two or more States
Select the correct answer using the codes given below:",1 and 2 only,2 and 3 only,land 4 only,3 and 4 only,"UPSC CSE Pre,",2012.0,c,"Exp) Option c is the correct answer.

As a federal court, the Supreme Court decides the disputes

between different units of the Indian Federation. More

elaborately, the Supreme Court has exclusive original

jurisdiction in the cases where there is any dispute:

(a) Between the Centre and one or more states; or

(b) Between the Centre and any state or states on one side

and one or more other states on the other side; or

(c) Between two or more states.

Exclusive means, no other court can decide such disputes

and original means, the power to hear such disputes in the

first instance, not by way of appeal."
19,How many High Courts in India have jurisdiction over more than one State (Union Territories not included)?,2,3,4,5,UPSC CSE Pre.,2012.0,b,"Exp) Option b is the correct answer.

There are 21 Uigh Courts in the country, out of these 3 have

jurisdiction over more than one state.

¢ Bombay High Court has the jurisdiction over
Maharasthra, Goa, Dada and Nagar Haveli and Daman
and Diu.

« Guwahati High Court, which was earlier known as
Assam High Court, has the jurisdiction over Assam,
Nagaland, Mizoram and Arunachal Pradesh.

¢ Punjab and Haryana High Court has the jurisdiction
over Punjab, Haryana and Chandigarh."
20,"Consider the following statements: The Supreme Court of India tenders advice to the President of India on matters of law or fact
1. On its own initiative (on any matter of larger public interest).
2. Ifhe seeks such an advice.
3. Only if the matters relate to the Fundamental Rights of the citizens.
Which of the statement given above is/are correct?",1 only,2 only,3 only,land2,UPSC CSE Pre.,2011.0,b,"Exp) Option b is the correct answer.

The Supreme Court of India tenders advice to the President

of India on matters of law or fact only if the President seeks

such an advice (and not on its own initiative).

The Constitution (Article 143) authorises the president to

seck the opinion of the Supreme Court in the two categories

of matters:

1) On any question of law or fact of public importance which
has arisen or which is likely to arise. In this situation, the
Supreme Court may tender or may refuse to tender its
opinion to the president.

2) On any dispute arising out of any pre-constitution
treaty, agreement, covenant, engagement, sanad or other
similar. In this situation, the Supreme Court must tender
its opinion to the president.

In both the cases, the opinion expressed by the Supreme
Court is only advisory and not a judicial pronouncement.
Hence, it is not binding on the president; he may follow
or may not follow the opinion. However, it facilitates the
government to have an authoritative legal opinion on a
matter to be decided by it.
The President can seek advice of Supreme Court on matters
related to Fundamental rights but it is not the only matter on
which President can seek advice."
21,"With reference to Lok Adalat’s, which of the following statements is correct?",Lok Adalat has the jurisdiction to settle the matters at the pre-litigation stage and not those matters pending before any court.,Lok Adalat’s can deal with matters which are civil and not criminal in nature.,Every Lok Adalat consists of either serving or retired judicial officers only and not any other person.,None of the statements given above is correct.,UPSC CSE Pre,2010.0,d,"Exp) Option d is the correct answer.
Option a is incorrect-Lok Adalats have the jurisdiction to
settle both pre-litigation and pending cases. They are an
alternative dispute resolution mechanism aimed at resolving
disputes outside the regular court process. They can take up
cases that are yet to be filed in court (pre-litigation) as well
as cases that are already pending before the courts.
Option b is incorrect- While Lok Adalats are more
commonly associated with settling civil disputes, they can
also handle certain criminal cases that are compoundable
offenses. Compoundable offenses are those offenses where
the victim and the accused can reach a compromise, and the
case can be withdrawn.
Option c is incorrect- While Lok Adalats do have the
participation of judicial officers, they are not exclusively
composed of serving or retired judicial officers. Lok Adalats
typically involve a panel of members, which may include
serving or retired judicial officers, lawyers, social workers,
or any other person with legal expertise or experience in
dispute resolution."
22,<A Constitution (Amendment) Act may be declared unconstitutional by the Supreme Court of India  ifit-,Establishes three-tier federal set up in place of the existing two tier-set up.,Removes Right of Equality before the law from Part III and places it elsewhere in the Constitution.,Replaces Parliamentary System of Executive with the Presidential one.,Establishes a Federal Court of Appeal to lighten the burden of the Supreme Court.,UPSC CSE Pre,2009.0,b,"Exp) Option b is the correct answer
Right to equality forms part of basic structure of Constitution.
As per Keshavananda Bharati case basic structure of
constitution cannot be amended. Hence removing Right to
Equality from part Ill and placing it elsewhere in constitution
may be declared as unconstitutional by Supreme Court of
India."
23,"Consider the following statements:
1. Justice V.R. Krishna Iyer was the Chief Justice of India.
2. Justice V.R. Krishna Iyer is considered as one of the progenitors of Public Interest
Litigation (PIL) in the Indian Judicial System.
Which of the statement(s) given above is/are correct?",1 only,2 only,Both 1 and 2,Neither 1 nor 2,UPSC CSE Pre,2008.0,b,"Exp) Option b is the correct answer
Justice V. R. Krishna Iyer was a judge and Minister who
reformed the Indian criminal justice system. He stood
up for the poor and the underprivileged, and remained a
human rights champion, a crusader for social justice and
the environment, and a doyen of civil liberties, throughout
his life. Justice V.R. Krishna lyer and Justice P.N. Bhagwati
are considered the pioneer/ progenitors of Public Interest
Litigation (PIL)."
24,"Consider the following statements: 
1. The mode of removal of a Judge of a High Court in India is same as that of removal of a Judge of the Supreme Court.
2. After retirement from the office, a permanent Judge of a High Court cannot plead or act in any Court or before any authority in India.
Which of the statements given above is/are correct?",1 only,2 only,Both 1 and 2,Neither 1 nor,UPSC CSE Pre,2007.0,a,"Exp) Option a is the correct answer.
Statement I is correct- The mode of removal of a Judge of a
High Court in India is same as that of removal of a Judge of
the Supreme Court. Both judges can be removed by a process
of impeachment, which is initiated by a motion -a removal
motion signed by 100 members (in the case of Lok Sabha)
or 50 members (in the case of Rajya Sabha) and passed by
Special majority once admitted by the Presiding officer of
the House. The ground of removal is proved misbehavior
or incapacity.
Statement 2 is incorrect- According to the constitution, a
retired High Court judge is not allowed to practice law in any
court or before any authority in India, except the Supreme
Court and other High Courts. This restriction implies that
the retired judge cannot practice in lower courts or in the
High Court from which he/she has retired.

Important Tips

Some of the provision for independence of Judge of High

Court:

«+ Mode of appointment: The judges of a High Court are
appointed by the President of India in consultation
with the Chief Justice of India and the Chief Justice
of the High Court. This ensures that the appointment
is made on the basis of merit and not on political
considerations.

¢ Security of tenure: The judges of a High Court hold
office until they attain the age of 62 years. They can
only be removed from office by the President on the
grounds of proved misbehaviour or incapacity, after
an inquiry into the matter by a Supreme Court judge.
This ensures that judges can discharge their duties
without fear of being removed from office for political
or other reasons

e Fixed service conditions: The salaries, allowances,
privileges, leave and pension of the judges of a High
Court are determined by Parliament. These cannot be
changed to their disadvantage after their appointment.
‘This ensures that judges can enjoy a reasonable
standard of living and do not have to worry about their
financial security.

« Expenses charged on Consolidated Fund: The
salaries and allowances of the judges of a High
Court are charged on the Consolidated Fund of
India. This means that they are not subject to the
annual budgetary process and cannot be reduced
or abolished by Parliament. This ensures that the
financial independence of the judges is protected.

¢ Prohibition of discussion in Parliament: The conduct
of the judges of a High Court cannot be discussed in
Parliament. This ensures that the judges can discharge
their duties without fear of being subjected to political
pressure"
25,"Consider the following statements: 
1. The Parliament cannot enlarge the Jurisdiction of the Supreme Court of India as its Jurisdiction is limited to that conferred by the Constitution.
2. The officers and servants of the Supreme Court and High Courts are appointed by the concerned Chief Justice, and the administrative expenses are charged on the Consolidated Fund of India. 
Which of the statements given above is/are correct?",1 only,2 only,Both 1 and 2,Neither 1 nor 2,UPSC CSE Pre,2005.0,d,"Exp) Option d is the correct answer

Statement 1 is incorrect: Under Article 138 of the
Constitution of India, the Parliament by law can enlarge the
jurisdiction and power of the Supreme Court on any matter
in the Union List.

Statement 2 is incorrect: As per Article 146 and 229,
appointments of officers and servants of the Supreme
Court and High Courts are made by their respective
Chief Justices. The conditions of service are governed
by rules made by the Chief Justices, with salary-related
rules requiring the President’s or Governor’s approval.
The administrative expenses of the Supreme Court are
charged on the Consolidated Fund of India, while the
administrative expenses of High Courts are charged on the
Consolidated Fund of states."
26,The power to enlarge the jurisdiction of the Supreme Court of India with respect to any matter included in the Union List of Legislative Powers rests with-,The President of India,‘The Chief Justice of India,The Parliament,"The Union Ministry of Law, Justice and Company Affairs",UPSC CSE Pre,2003.0,c,"Exp) Option:c is the correct answer

Under Article 138 of the Constitution of India, the Parliament
by law can enlarge the jurisdiction and power of the Supreme
Court on any matter in the Union List."
27,The concept of Public Interest Litigation originated in:,Australia,India .,The United States,The United Kingdom,UPSC CSE Pre,1997.0,c,"Exp) Option c is the correct answer

The concept of Public Interest Litigation (PIL) originated
and developed in the USA in the 1960s. In the USA, it
was designed to provide legal representation to previously
unrepresented groups or interests."
28,"Given below are two statements, one labelled as Assertion (A) and the other 
labelled as Reason (R).
Assertion (A): Willful disobedience or non-compliance of Court orders and use of derogatory language about Judicial behaviour amount to Contempt of Court.
Reason (R): Judicial activism cannot be practiced without arming the Judiciary with punitive powers to punish contemptuous behavior.
In the context of the above two statements
which one of the following is correct?",Both (A) and (R) are true and (R) is the correct explanation of (A).,Both (A) and (R) are true but (R) is not the correct explanation of (A).,(A) is true but (R) is false.,(A) is false but (R) is true.,UPSC CSE Pre,1997.0,b,"Exp) Option b is the correct answer.

Assertion (A) is true- Willful disobedience or non-
compliance of Court orders and use of derogatory language
about Judicial behaviour amount to Contempt of Court. This
is because contempt of court is any act that tends to interfere

with the administration of justice or to bring the authority
and dignity of the court into disrespect.
Reason (R) is true- Judicial activism cannot be practiced
without arming the Judiciary with punitive powers to punish
contemptuous behavior. This is because judicial activism is
the practice of judges. taking an active role in interpreting
the law and issuing rulings that have a significant impact on
society. In order to be able to do this effectively, judges need
to have the power to punish people who try to interfere with
the administration of justice."
29,According to the Constitution of India the term ‘district judge’ shall not include:,Chief presidency magistrate,Sessions judges,Tribunal judge,Chief judge of a small cause court,UPSC CSE Pre,1996.0,c,"Exp) Option c is the correct answer.
As per Article 236(a) of the Constitution, the term “district
judge” includes various judicial positions, such as Judge of
a city civil court, additional district judge, joint district
judge, assistant district judge, chief judge of a small
cause court, chief presidency magistrate, additional chief
presidency magistrate, session judge, additional session
judge, and assistant session judge. However, it does not
encompass the position of a Tribunal Judge. Tribunal judges
preside over specialized tribunals that deal with specific
areas of law and are not part of the regular district judiciary
Important Tips

Articles 233-237 of the Indian Constitution pertain to the

regulations governing subordinate courts.

1. Article 233- This article addresses the appointment
of district judges. The Governor of the State,
in consultation with the High Court exercising
jurisdiction in that State, is responsible for appointing,
posting, and promoting district judges.

2. Article 234- Article 234 deals with the recruitment
process for individuals who are not district judges but
wish to enter the judicial service,

3. Article 235- Article 235 grants the High Court the
authority to exercise control over district courts and
lower courts, This includes matters like posting,
promotion, and granting leave to individuals in the
judicial service of a State who hold positions lower

| than that of a district judge.
| 4. Article 236- This article provides the definition of the |
| term “judicial service.” 1
| 5. Article 237- Article 237 empowers the Governor |
to extend the provisions outlined in this Chapter to |
| specific classes of magistrates within a State,"
30,"When the Chief Justice of a High Court acts in an administrative capacity, he is subject to:",The writ jurisdiction of any of the other judges of the High Court,Special control exercised by the Chief Justice of India,Discretionary powers of the Governor of the state,Special powers provided to the Chief Minister in this regard,UPSC CSE Pre,1996.0,a,"Exp) Option a is the correct answer.
When the Chief Justice of a High Court acts in an
administrative capacity, he is subject to the writ jurisdiction
of any of the other judges of the High Court, This means that
if any action taken by the Chief Justice in his administrative
capacity is questioned, any other judge of the High Court
can exercise their power of writ jurisdiction to review and
potentially correct that action. Writ jurisdiction allows

judges to issue writs such as habeas corpus, mandamus,
certiorari, prohibition, and quo warranto, which are used
to safeguard the fundamental rights of citizens and to ensure
that public authorities act within the bounds of law."
31,"Which of the following statements regarding the Advisory Jurisdiction of the Supreme Court is correct?
1, It is binding on the Supreme Court to give its opinion on any matter referred to it by the President.
2. The full bench of the Supreme Court hears any reference made to it under its power of Advisory Jurisdiction.
3. The opinion given by the Supreme Court onareference under Advisory Jurisdiction is not binding on the government.
4, Not more than one reference at a time can be made to the Supreme Court under its power of Advisory Jurisdiction.
Select the answer from the codes given below.",l and 2,1 and 3,2 and 3,"2 and 4
ed Questions’ i F's ee ye ee",UPSC CSE Pre,1994.0,c,"Exp) Option c is the correct answer
Under Article 143 of the Constitution the President is
authorised to seek the opinion of the Supreme Court on the
following matters:
1. Any question of law or fact of public importance
2. any dispute arising out of any pre constitution treaty,
agreement, covenant, agreement etc
The supreme court may give or refuse to give its opinion
in the first case whereas it must give its advisory opinion
in the second case. The advice so given is not binding on
the President. The minimum number of judges to sit on the
Constitutional Bench or on Bench which gives its advisory
opinion on the reference by the President must be one half of
the total strength of the Supreme Court.
4t2% | Other, : Examination: Previous: Years’.
3 eS Questions ee ae & EG ba a Eo"
32,"Given below are two statements, one is labelled as Assertion (A) and the other as
Reason (R)
Assertion (A): The Supreme Court of India has exclusive jurisdiction regarding Constitutional Validity of Central laws. 
Reason (R): The Supreme court is the Guardian of the Constitution of India.
Select the correct answer from the codes given below:",Both (A) and (R) are true and (R) is the correct explanation of (A).,"Both (A) and (R) are true, but (R) is not the correct explanation of (A).","(A) is true, but (R) is false.","(A) is false, but (R) is true.",U.P.P.C.S. (Pre),2019.0,d,"Exp) Option d is the correct answer
Under Article 131A the Supreme Court earlier had exclusive
jurisdiction to decide the constitutional validity of a Central
law and thus deprived the High Courts of their jurisdiction
in respect of the same. [orty-third Amendment) Act,
1977 omiited Article 131A from the constitution. Hence
Assertion(A) is incorrect.
The Supreme Court is the highest judicial court in India, It
upholds and uplifts the rule of law and ensures and protects
citizens’ rights and liberties as given in the Constitution.
Therefore, the Supreme Court is also known as the Guardian
of the Constitution. Hence Reason(R) is correct."
33,Supreme Court judgement regarding homosexuality is related to which of the following?,Section 377 of IPC,Article 377 of the Indian Constitution,Article 277 of the Indian Constitution,None of the Above,U.P.P.C.S. (Pre),2018.0,a,"Exp) Option a is the correct answer
The Section 377 of the Indian Penal Code (IPC) is an act that
criminalises homosexuality and was introduced in the ear
1861 during the British rule of India. referred to ‘unnatural
offences’ and says whoever voluntarily has carnal intercourse
against the order of nature with any man, woman or animal,
shall be punished with imprisonment for life.
Important Tip
The Supreme Court of India on September 6, 2018,
decriminal decriminalised the Section 377 of the IPC and
allowed gay sex among consenting adults in private.
The SC ruled that consensual adult gay sex is not a crime
saying sexual orientation is natural and people have no
control over it."
34,"In India, the power of Judicial Review is enjoyed by?",The Supreme Court alone,The Supreme Court as well as High  Courts,All the Courts,None of the above,U.P.P.C.S. (Mains),2017.0,b,"Exp) Option b is the correct answer

Judicial review is the power of the judiciary to examine
the constitutionality of executive orders and legislative
enactments of both the State and Central governments.
The power of judicial review is itself conferred by the
Constitution on the judiciary (both the Supreme Court as
well as High Courts) in India.

| Important Tips

Judicial review has two important functions, like, of

legitimizing government action and the protection of

| constitution against any undue encroachment by the gov- |

ernment.

| Judicial review is considered a basic structure of the
| constitution. |

Judicial review is also called the interpretational and |

| observer roles of the Indian judiciary."
35,"Which of the following statements is not true about the power of Supreme Court of
India?","It has the exclusive power to issue writs to protect the fundamental rights of the
People.",It has original and exclusive jurisdiction in inter-governmental disputes.,"It has advisory jurisdiction on a question of law or fact which may be referred to it
by the President of India.",It has power to review its own judgment or order.,U.P. P.C.S. (Mains),2017.0,a,"Exp) Option a is the correct answer
Both the Supreme Court and High Courts can issue
writs to protect fundamental rights under the Indian
Constitution. Supreme Court under Article 32 and High
Courts under Article 226 have this power.

Important Tips |

* Articles 226 vests the High Courts with the power to
issue writs in case of both - legal and fundamental
rights. Supreme Court only issues writs in cases related
to fundamental rights. Hence, the writ jurisdiction of
the High Courts is greater than that of the Supreme
Court,

- Supreme Court writ jurisdiction is nationwide while
High Court’s jurisdiction is limited to its respective
state/union territory."
36,Which among the following is not correct about a High Court in India?,The second appeal to the High Court is within its appellate jurisdiction.,Every judge of a High Court is appointed by the President.,Governor of the State appoints the Judges of a High Court.,High Courts may accept a petition related to ‘Public interest litigation’,"U.P.P.C.S, (Mains)",2016.0,c,"Exp) Option c is the correct answer.

According to the Article 217 of the Indian Constitution, .
a Judge of a High Court is appointed by the President of
India in consultation with the Chief Justice of India (CJI)
and the Governor of the respective state. The District Court
Judges are appointed by the Governor in consultation with
the High Courts."
37,Curative Petition in India can he filed in Supreme Court under Article-,138,140,142,146,U.P.P.C.S. (Mains),2014.0,c,"Exp) Option c is the correct answer

Article 142 provides a unique power to the Supreme Court,
to do “complete justice” between the parties, where, at times,
the law or statute may not provide a remedy. Curative
Petition in India can be filed in the Supreme Court under
Article 142. Itis a special remedy available after the review
petition’s dismissal, meant to correct errors or injustices
during the judicial process, exercised in exceptional cases
to prevent abuse of process or miscarriage of justice,"
38,A Judge of the Supreme Court may resign his officeby writing a letter to,The Chief Justice,The President,The Prime Minister,The Law Minister,U.P.P.C.S.(Pre),2014.0,b,"Exp) Option b is the correct answer

A Judge of the Supreme Court may resign his office by

writing a letter to the President of India, as per Article

124(2)."
39,Consider the following statements and state which one of them is correct?,Supreme Court of India has only Original Jurisdiction,It has only Original and Appellate Jurisdiction,It has only Advisory and Appellate Jurisdiction,"It has Original, Appellate as well as Advisory Jurisdiction",U.P.P.C.S,2013.0,d,"Exp) Option d is the correct answer

The Supreme Court of India has three types of jurisdiction:

¢ Original Jurisdiction (Article 131): It can directly hear
and decide disputes between the Government of India
and one or more states, or between different states,
involving questions of law or fact on the existence or
extent of a legal right.

e Appellate Jurisdiction (Articles 132-134): It acts as
the highest court of appeal, hearing appeals in civil,
criminal, and constitutional matters from high courts
and tribunals.

¢« Advisory Jurisdiction (Article 143): The President can
seek the Supreme Court's advisory opinion on questions
of law or public importance, which is not binding,"
40,Under which law is it prescribed that all proceedings in the Supreme Court of India shall be in English language?,"The Supreme Court rules, 1966",Article 145 of the Constitution of India,A Legislation made by Parliament,Article 348 of the Constitution of India,U.P.P.C.S. (Mains),2013.0,d,"Exp) Option d is the correct answer

Article 348 (1) of the Constitution of India provides that

all proceedings in the Supreme Court and every High court

shall be in the English Language until Parliament by law
otherwise provides.
Important Tip

Part XVII of the Indian Constitution deals with the official

languages in Articles 343 to 351, Article 343 (1) states that

the Official Language of the Union government shall be

Hindi in Devanagari script.

Article 351 gives power to the Union Government to issue

a directive for the development of the Hindi language.

The Hindi language is one of the 22 languages of the Eighth

Schedule of the Constitution of India."
41,The pension ofa retired High Court Judge is charged tothe-,Consolidated Fund of India.,Consolidated Fund of the State where he last served.,Consolidated Fund of the different States where he has served.,Contingency Fund of India.,U.P.PBC.S. (Mains),2013.0,a,"Exp) Option a is the correct answer.

The money to pay the salaries and allowances of High

Court Judges comes from the Consolidated Fund of the

States where they serve. On the other hand, when these

Judges retire and start receiving pensions, the money for

their pensions comes from the Consolidated Fund of India,

which is managed by the central government.
Important Tips

Expenditures Charged on the Consolidated Fund of India:

1, Pensions of the judges of Supreme Court and High
Courts.

2. Emoluments and allowances of the Chairman and
Deputy Chairman of the Rajya Sabha.

3. Salaries and allowances of the President.

4. Salaries and Allowances of the Supreme Court Judges. |
5. Salaries and allowances of the Speaker and Deputy |

Speaker of the Lok Sabha. |"
42,"In which of the following cases, the Supreme Court held that, “Fundamental Rights enable a man to chalk out his life in the manner he likes best”?",Indira Gandhi Vs. Raj Narain,Golaknath Vs. The State of Punjab,Bank Nationalization Case,Azhar Vs. Municipal Corporation,U.P.P.C.S.(Pre),2012.0,b,"Exp) Option b is the correct answer

In the case of Golaknath v. State of Punjab (1967),

the Supreme Court of India held that “Fundamental

Rights enable a man to chalk out his life in the manner

he likes best.” This statement signifies the importance

of fundamental rights in providing individuals with the

{freedom and autonomy to live their lives according to their

own choices and preferences.

Fe

| Important Tips

| * Indira Gandhi vs. Raj Narain: Indira Gandhi's

| election to Lok Sabha was challenged by her opponent,

| Raj Narain, alleging electoral malpractices. The
Allahabad High Court found her guilty and voided her

| election. The Supreme Court upheld her conviction.

| The verdict was nullified by a 1976 amendment during

| the emergency.

| « Bank Nationalization Case: In R.C. Cooper Vs.

| Union of India (1970), the Supreme Court upheld
the nationalization of banks by the government as
constitutionally valid. It emphasized that economic
policies are within the scope of parliamentary powers,
as long as they don’t violate fundamental rights."
43,Which Article of the Constitution permits the Supreme Court to review its judgement or order?,Article 137,Article 130,Article 139,Article 138,U.P.P.C.S. (Mains),2009.0,a,"Exp) Option a is the correct answer

Article 137 of the Indian Constitution permits the

Supreme Court to review its judgments or orders. It allows

any person aggrieved by a Supreme Court judgment to

seek a review of the same. The review petition is heard by a

larger bench of the Supreme Court, and it is based on limited

grounds such as the discovery of new and important matter

or evidence, a mistake or error apparent on the face of the

record, or any other sufficient reason."
44,The Supreme Court of India is a ‘Court of Record’. It implies that-,It has to keep a record of its decisions,All its decisions have evidentiary value and cannot be questioned in any court,It has the power to punish for its contempt,No appeal can be made against its decisions,U.P.P.C.S. (Pre),2008.0,b,"Exp) Option b is the correct answer

As a ‘Court of Record’ under Article 129 of the Indian

Constitution, the Supreme Court’s decisions are

authoritative, have evidentiary value, and can’t be

questioned in other courts. Nevertheless, the court can

review and correct its judgments through Article 137,

acknowledging its potential for errors."
45,Which of the following Courts in India is/ are known as the Court (s) of Record?,The High Court’s only,The Supreme Court only,The High Courts and the Supreme Court,The District Courts,U.P.P.C.S. (Mains),2008.0,c,"Exp) Option c is the correct answer

The Supreme Court and High Courts, as Courts of Record

under Articles 129 and 215 respectively, record judgments,

proceedings, and acts for perpetual memory. These records

hold evidentiary value, cannot be questioned in lower courts,

and establish legal precedents. They also have the power to

punish for contempt."
46,"The Supreme Court holds its meetings in New Delhi, but it can meet elsewhere-",With the approval of President.,If most of the Judges of Supreme Court decide.,With the approval of Parliament.,On the request of State Legislature.,U.P.P.C.S. (Spl) (Mains),2008.0,a,"Exp) Option a is the correct answer
As per Article 130 of the Indian Constitution, the usual
place of the Supreme Court’s meetings is in New Delhi.
However, the Supreme Court has the flexibility to hold its
sessions or sittings at any other place outside New Delhi
if the President of India approves it. his provision allows
the court to conduct its proceedings in other locations when
deemed necessary or in special circumstances with the
President’s permission."
47,Salaries of the Judges of the Supreme Court are determined by-,Pay Commission appointed by the President,Law Commission,Parliament,Council of Ministers,U.P.P.C.S. (Mains),2008.0,c,"Exp) Option c is the correct answer
Article 125 of the Indian Constitution states that the Judges
of the Supreme Court shall be paid salaries as determined
by Parliament or specified in the Second Schedule until a law
is enacted. Judges shall be entitled to privileges, allowances,
leave, and pension as determined by Parliament, or specified
in the Second Schedule and these benefits cannot be reduced
to their disadvantage after appointment, except in case of
financial necessity.
Important Tips |
1. The Salaries, Pension and Allowances of the Supreme |
Court Judges are charged upon the Consolidated
Fund of India, whereas the Salaries and Allowances |
of the High Court Judges are charged upon the |
Consolidated Fund of the States and the Pension is
charged on the Consolidated Fund of India. |
2. The High Court Judges (Salaries and Conditions of |
Service) Act, 1954, and the Supreme Court Judges |
(Salaries and Conditions of Service) Act, 1958 regulate |
the salaries and conditions of service of the judges of |"
48,The second largest bench Constituted by the Supreme Court till date was in the-,Golaknath Case,Minerva Mills Case,Bank Nationalization Case,T.M.A. Pai Foundation Case,"U.P.P.C.S, (Spl) (Mains)",2004.0,a,"Exp) Option a is the correct answer
The second largest beuch constituted by the Supreme
Court till date was a 11-judge bench that was constituted
in the case of Golaknath v. State of Punjab in 1967,
; Important Tips
« In the Golaknath Case, two brothers, Heury and
| William Golaknath, challenged the Punjab Security
| and Land Tenures Act that limited their land holdings
| to thirty acres each, declaring the rest as excess.
|. The case reached the Supreme Court in 1965 under
| Article 32 of the Constitution, claiming violation of
| fundamental rights (Articles 19(f), 19(g), and 14).
¢ In 1967, the Supreme Court, in a historic judgment,
| with 6:5 majority held that Parliament could not
| abridge any fundamental rights guaranteed by the
Constitution.

e Justice Subba Rao’s ruling declared the 17th |
Amendment (which put the Punjab Act in the Ninth
Schedule) unconstitutional regarding fundamental |
rights. The judgment established the doctrine of
basic structure, safeguarding essential features of the |
Constitution, |

e In response, Parliament passed the 24th Amendment |
in 1971, asserting its power to amend any part of the
Constitution, including Fundamental Rights.

e The largest-ever bench at the Supreme Court of India
has been constituted in 1973 in Kesavananda Bharati
y. State of Kerala. A bench of 13 judges was set up to |
decide whether Parliament had the unfettered right |
to amend the Constitution, which eventually gave
rise to the Basic Structure doctrine. |"
49,"Consider the following statements and choose the correct answer from the code given below:
Assertion (A): Public interest litigation permits public-minded citizens to reach the Court of Law,
Select the correct answer using the code given below:","Both (A) and (R) are true, and (R) is the correct explanation of (A).","Both (A) and (R) are true, but (R) is not a correct explanation of (A).","(A) is true, but (R) is false.","(A) is false, but (R) is true.",U.P.P.C.S. (Spl) (Mains),2004.0,a,"Exp) Option a is the correct answer
The Public Interest Litigation can be filed by any Indian
citizen in the court of Law. However, the only condition
being that it must be recorded in the public interest rather
than entertaining any private interest. It is not necessary,
for the exercise of the court’s jurisdiction, that the person
who is the victim of the violation of his or her right should
personally approach the court."
50,“I will bear true faith and allegiance to the Constitution of India......... uphold the Sovereignty and Integrity of India......... Perform the duties of my office......... uphold the Constitution and Law.” It is the form of Oath taken by-,The President of India,The Chief Justice of India,The Member of Parliament,The Governor,UPPCS (Spl) (Mains),2004.0,b,"Exp) Option b is the correct answer

A person appointed as a judge of the Supreme Court or Chief

Justice of India, before entering upon his Office, has to make

and subscribe an oath or affirmation before the President, or

some person appointed by him for this purpose. In his oath,

a judge of the Supreme Court swears:

1. to bear true faith and allegiance to the Constitution of
India;

2. to uphold the sovereignty and integrity of India;

3. to duly and faithfully and to the best of his ability,
knowledge and judgement perform the duties of the
Office without fear or favour, affection or ill-will; and

4, to uphold the Constitution and the laws."
51,"Consider the following statements and
select the correct answer from the code
given:

Assertion (A): High Courts are in better

positior to protect rights of Indian citizens

than the Supreme Court.

Reason (R): Supreme Court can issue writs to

protect on! ‘undamental Rights.

Code: (U.P.P.C.S. (Mains) 2004]","Both (A) and (R) are true and (R) is the
correct explanation of (A).","Both (A) and (R) are true but (R) is nota
correct explanation of (A).","(A) is true but, (R) is false.","(A) is false but, (R) is true.",,,a,"Exp) Option a is the correct answer.

Assertion is true- High Courts, being closer to the ground

and having jurisdiction over specific states or union

territories, can more effectively address and protect the
rights of Indian citizens within their territorial jurisdiction.

They can swiftly respond to local issues and ensure that

justice is accessible to the people in their respective regions.

Reason (R) is true- The Supreme Court can only issue

writs to protect fundamental rights under Article 32 of the

Indian Constitution. However, High Courts can issue writs

to protect both fundamental rights and other statutory

rights under Article 226 of the Indian Constitution."
52,"Acting Chief Justice of India is appointed
by the- (UPPCS (Pre) 2000]",Chief Justice of India,"Chief Justice of India with previous
consent of the President",President,"President on consultation with the Chief
Justice of India",,,c,"Exp) Option c is the correct answer

When the office of the Chief Justice of India (CJI) is

vacant or when the CJI is unable to perform their duties

due to absence, illness, or any other reason, the President
of India appoints the most senior judge of the Supreme

Court as the Acting Chief Justice of India. However, this

appointment is made only after obtaining the previous

consent of the outgoing Chief Justice of India. The Acting

Chief Justice discharges the functions of the Chief Justice

until a new Chief Justice is appointed or the incumbent Chief

Justice resumes their duties."
53,"Which of the following Articles of the
Constitution of India have been declared by
the Supreme Court as the ‘Inviolable basic
structure of the Constitution:

Select the correct answer from the code given
below:

1. Article 32
2. Article 226
3. Article 227
4. Article 245
Code: (U.P.P.C.S. (Pre) 1999]","1,2 and 3","1,3 and 4","1,2and4","1,2,3 and4",,,a,"Exp) Option a is the correct answer

Articles 32, 226, and 227 of the Indian Constitution form

the inviolable basic structure.

+ Article 32 grants the right to approach the Supreme Court
directly for the enforcement of fundamental rights.

« Article 226 empowers High Courts with the authority to
issue writs for fundamental rights enforcement.

+ Article 227 confers the power of superintendence over
courts and tribunals to High Courts.

These articles ensure effective remedies for protecting

fundamental rights and maintain the independence

and effectiveness of the judiciary, making them crucial
components of the Constitution’s basic structure.

+ Article 245 of the Indian Constitution is primarily
concerned with defining the territorial extent of laws
made by the Parliament and the State Legislatures. It
deals with the geographical scope within which the laws
will apply. While it is an essential provision for the
functioning of the legal system, it is not considered
part of the “basic structure” of the Constitution."
54,"The Judges of the Supreme Court, after
retirement, are permitted to carry on
practice before-
(U.P.P.C.S. (Pre) 1997]",Supreme Court only,High Courts only,Both Supreme Court and High Court,None of the Courts,,,d,"Exp) Option d is the correct answer

After retirement, Judges of the Supreme Court in India are

prohibited from practicing before any court, including the

Supreme Court and High Courts, as per the Supreme Court

Judges (Salaries and Conditions of Service) Act, 1958.

This restriction aims to preserve judicial independence,

impartiality, and prevent potential conflicts of interest,

ensuring retired judges do not influence legal proceedings
and maintain the integrity of the judiciary."
55,"The power of High Court to issue writ
covers: (U.P.P.C.S. (Pre) 1997]",Constitutional Rights,Statutory Rights,Fundamental right,All of the above,,,d,"Exp) Option d is the correct answer.

The power of the High Court to issue writs is a discretionary

power that is given to the High Court to protect the

fundamental rights of the citizens and to ensure that
the government is functioning properly. The High Court
_ ¢an issue writs to protect both constitutional rights and
statutory rights. Constitutional rights are rights that are
guaranteed by the Constitution of India. Statutory rights are
rights that are granted by a statute or law. The High Court

can also issue writs to protect the interests of the public at
large. This is known as the public interest litigation (PIL)
jurisdiction of the High Court. The PIL jurisdiction allows
the High Court to intervene in matters that are of public
importance, even if there is no individual who has been
directly affected by the matter,
Important Tips
The writs that can be issued by the High Court are:
1. Habeas corpus: This writ is used to ensure that a
person who is detained is not being held illegally.
2. Mandamus: This writ is used to command a person or
authority to perform a public duty.

| 3. Prohibition: This writ is used to prevent a lower court
| or tribunal from exceeding its jurisdiction.
4, Quo Warranto: This writ is used to challenge the right
| of a person to hold a public office.
| 5. Certiorari: This writ is uscd to quash the decision of
| an inferior court or tribunal that has acted without or
! in excess of its jurisdiction.
be"
56,"Who appoints the Judges of the Supreme
Court of India?",The Prime Minister,The President,The Chief Justice of India,"The Ombudsman
(e) None of the above / more than one of the
above",63rd B.P.S.C. (Pre),2017.0,b,"Exp) Option b is the correct answer
Article 124(2) states that, “Every Judge of the Supreine
Court shall be appointed by the President by warrant
under his hand and seal after consultation with such of the
Judges of the Supreme Court and of the High Courts in the
States as the President may deem necessary for that purpose
and shall hold office until he attains the age of sixty-five
years”"
57,"A High Court Judge addresses his letter of
resignation to-",The President,The Chief Justice of India,The Chief Justice of his High Court,The Governor of the State,"48th to 52nd B.P.S.C, (Pre)",2008.0,a,"Exp) Option a is the correct answer.
A High Court Judge addresses his letter of resignation to the
President of India. The President is the appointing authority
for High Court Judges, and he is also the only authority that
can accept a High Court Judge's resignation."
58,Supreme Court in India was established-,By an Act of Parliament in 1950,"Under Indian Independence Act, 1947","Under Indian Government Act, 1953",By the Indian Constitution,42nd B.BS.C. (Pre),1997.0,d,"Exp) Option d is the correct answer
The Supreme Court of India was established by the
Constitution of India, which came into force on 26
January 1950. The Constitution of India, in Article 124(1),
provides for the establishment of a Supreme Court of
India. The Supreme Court is the highest court in India and
has original, appellate and advisory jurisdiction."
59,"Which one of the following is correct in
respect of the appointment of District
Judges?","They are appointed by the Chiet Justice of
the concerned High Court.","They are appointed by the President of
India on the advice of the Chief Justice of
the concerned High Court.","They are appointed by the Governor in
consultation with the High Court of the
concerned State.","They are appointed by the Supreme Court
on the advice of the concerned High
Court.",CAPF,2022.0,c,"Exp) Option c is the correct answer.
The appointment of District Judges is governed by the
District Judges (Conditions of Service) Act, 1958. This
Act states that District Judges shall be appointed by the
Governor of the State in consultation with the High Court
of the State. The Governor is free to consult any other
person or authority before making an appointment, but the
consultation with the High Court is mandatory."
60,"Who can be appointed as a Judge of the
Supreme Court?","An advocate who has practised for at least

ten years in any court","A Judge of a High Court for at least three
years","A distinguished jurist in the opinion of
the President of India","A person who has held a judicial office
for at least fifteen years",CAPF,2021.0,c,"Exp) Option c is the correct answer.
Article 124(3) of the Constitution of India states that a
person can be appointed as a Judge of the Supreme Court
if he or she is a distinguished jurist in the opinion of the
President of India.

——_

Important Tip:

1, Judges of the Supreme Court are appointed by the |
President of India according to Article 124(2) of the
Constitution. |

| 2. When a judge of the Supreme Court wishes to resign, |
they submit their resignation to the President.

3. To be cligible for appointment as a judge of the
Supreme Court, a person must mect the following
qualifications under Article 124(3):

° They should be a citizen of India.

e They should have served as a judge of a High Court for
at least five years (or High courts in succession).

¢ They should have been an advocate of a High Court
for at least ten years (or High courts in succession).

°© They should be recognized as a distinguished jurist in
the opinion of the President.

| 4, ‘The Constitution does not specify a minimum age
requirement for the appointment of a judge to the

| Supreme Court. |"
61,"Which one of the following statements
about the Supreme Court is not correct?","Under Article 129 and Article 144 of the
Constitution of India, the Supreme Court
has been vested with power to punish for
Contempt of court.","The Supreme Court has been vested with
advisory jurisdiction.","The Supreme Court may refuse to provide
opinion to the President, if so asked, in

- certain circumstances.","Law declared by the Supreme Court is
binding on all courts within the Territory
of India",CAPE,2021.0,a,"Exp) Option a is the correct answer.

Article 129 establishes the Supreme Court as a court of

record with full powers, including the ability to punish

for contempt of itself whereas Article 144 advises civil

and judicial authorities to act in aid of the Supreme Court.

Article 143 of the Indian Constitution is related to the

advisory jurisdiction of the Supreme Court."
62,"Which one of the foliowing powers of the
Supreme Court is also conferred on a High
Court?",Advisory power,"Power of doing complete justice in any

cause or matter pending before the court",Power of court of record,"Power to allow/refuse Special Leave
Petitions",CAPF,2021.0,c,"Exp) Option c is the correct answer.

The power of court of record is the power conferred on both

the Supreme Court and High Courts. As courts of record,

they have the authority to keep records of their proceedings,

judgments, and orders. The records of the courts are

admissible as evidence in other courts. These records serve

as an important source of legal precedent and help maintain

the integrity and accountability of the judiciary."
63,"Which one of the following authorities
CANNOT organize ‘Lok Adalats”?",Panchayat Committees,Taluk Legal Services Committee,District Authority,High Court Legal Services Committee,CAPF,2019.0,a,"Exp) Option a is the correct answer

Lok Adalats are informal, speedy, and inexpensive alternative

dispute resolution forums that are organized by the Legal

Services Authorities at the national, state, and district levels.

The Panchayat Committees are not part of the Legal

Services Authorities.

Important Tips

» Lok Adalats have been given statutory status under
the Legal Services Authorities Act, 1987.

« The Lok Adalat have the same powers as are vested
in a Civil Court under the Code of Civil Procedure
(1908).

* Lok Adalat have the requisite powers to specify its own
procedure for the determination of any dispute coming
before it.

¢ Under the said Act, the award (decision) made by the
Lok Adalats is deemed to be a decree of a civil court
and is final and binding on all parties and no appeal
against such an award lies before any court of law."
64,"Which one of the following judgements is
associated with the primacy of the Chief
Justice of India and the Collegium of Judges
in the appointment and transfer of the
higher judiciary?",Kesavananda Bharati vs. State of Kerala,SP Gupta vs. President of India,Maneka Gandhi vs. Union of India,SR Bommai vs. Union of India,CAPF,2018.0,b,"Exp) Option b is the correct answer
In the SP Gupta vs. President of India case, which is also
known as the First Judges’ Case, the Supreme Court of
India held that the “primacy” of the CJPs (Chief Justice
of India) recommendation on judicial appointments and
transfers can be refused for “cogent reasons.” The ruling
gave the Executive primacy over the Judiciary in judicial
appointments for the next 12 years.

Important Tips

1. Second Judges Case (1993): |

« SC introduced the Collegium system, holding that |
“consultation” really meant “concurrence”. |

« It added that it was not the CJI’s individual opinion, |
but an institutional opinion formed in consultation
with the two senior-most judges in the SC.

2. Third Judges Case (1998): -

| ¢ SCon the President's reference (Article 143) expanded

| the Collegium to a five-member body, comprising the

CJL and four of his senior-most colleagues."
65,"Which one of the following judgements
declared that the Parliament has NO power

to amend any of the provisions of Part III

of the Constitution of India?",Kesavananda Bharati Vs. State of Kerala,Golak Nath Vs. State of Punjab,"Champakam Dorairajan Vs. State of
Madras","Minerva Mills Limited Vs .Government
of India",CAPF,2017.0,b,"Exp) Option b is the correct answer

The Golak Nath case was a landmark judgment of the

Supreme Court of India in 1967 that dealt with the issue

of the power of Parliament to amend the Constitution.

The Court held that Parliament could not amend any of the

provisions of Part III of the Constitution, which contains the

Fundamental Rights. The Court held that these rights were

fundamental and could not be taken away by Parliament.
Important Tip

e Inthe Golak Nath case, the Supreme Court declared
the 24th Amendment, which amended Article 31
regarding the right to property, as unconstitutional.

« The Court held that an amendment under Article
368 is “law” within the meaning of Article 13 of the
Constitution and therefore, if an amendment “takes
away or abridges” a Fundamental Right conferred by
Part IIT, itis void. _

* However, the Kesavananda Bharati case later
overturned the Golak Nath judgment, stating that |
while Parliament can amend the Constitution, it |
cannot destroy its basic structure."
66,"Which one of the following cases in the

Supreme Court of India dealt with the

issue of ‘creamy layer’ among the backward

classes?",KM Nanavati Vs State of Bombay,Indra Sawhney Vs Union of India,Madhu Limaye Vs Ved Murti,Sajjan Singh Vs State of Punjab,CAPF,2017.0,b,"Exp) Option b is the correct answer

The case of Indra Sawhney Vs Union of India, commonly
known as the Mandal Commission case, dealt with the issue
of the “creamy layer” among the backward classes in India.

a ae

Important Tip: |

« The Supreme Court, in its judgment, upheld the |
validity of reservations for OBCs but introduced the |
concept of the “creamy layer.”

e It defined the “creamy layer” as the relatively better-
off and more privileged individuals within the OBC
category who should be excluded from the benefits of
reservations.

« This exclusion was based on the rationale that
reservations should reach those who genuinely
need them and uplift the most socio-economically
disadvantaged sections.

+ KM Nanavati vy. State of Bombay was a case about the
right to equality, Madhu Limaye v. Ved Murti was a

| case about the right to freedom of speech, and Sajjan

| Singh v. State of Punjab was a case about the right to
property."
67,"The Locus Standi rule to move the court
was liberalized by the case of?",SR Bommai vs Union of India,Minerva Mills vs Union of India,SP Gupta vs Union of India :,Kesavananda Bharati vs State of Kerala,CAPF,2015.0,c,"Exp) Option c is the correct answer.

The locus standi rule to move the court was liberalized by

the case of SP Gupta vs Union of India. This case is also

known as the Judges’ Transfer Case, as it dealt with the issue

of transfer of judges from one High Court to another by the

President in consultation with the Chief Justice of India.

(i

| Important Tip

« SR Bommiai vs Union of India was a case that dealt
with the constitutional validity of President’s rule
imposed under Article 356 in various states. The
court laid down certain safeguards and limitations on
the exercise of this power by the Centre and upheld the
federal structure of the Constitution.

« Minerva Mills vs Union of India was a case that
dealt with the constitutional validity of certain
amendments made to Article 31C and Article 368 by
the 42nd Amendment Act, 1976. The court struck down
these amendments as violative of the basic structure
doctrine and upheld the supremacy of judicial review
and fundamental rights over directive principles.

¢ Kesavananda Bharati vs State of Kerala was a case
that dealt with the constitutional validity of certain
amendments made to Article 31 by various land
reform acts. The court propounded the basic structure
doctrine and held that Parliament had no power to
amend any part of the Constitution that formed its
essential core or identity ."
68,"Which of the following conditions is/are
necessary for the issue of a writ of certiorari
in India?

1. There should be a tribunal or an officer
having legal authority to determine
questions affecting rights of subjects and
having a duty to act judicially.

2. Such tribunal or officer has acted without
jurisdiction.

Select the correct answer using the code given

below.",1 only,2 only,Both 1 and 2,Neither 1 nor 2,CDS  (I),2023.0,c,"Exp) Option c is the correct answer
Statement 1 is correct: The condition mentioned in statement
1 implies that the writ of certiorari can only be issued against
a tribunal or an officer who has the legal authority to decide
matters that impact the rights of individuals and is obligated
to act judicially. In other words, the tribunal or officer must
have the power to make decisions that affect the rights of
individuals, and they must have a duty to act in a judicial or
quasi-judicial capacity.
Statement 2 is correct: This condition implies that the writ
of certiorari can only be issued if the tribunal or officer has
acted beyond their legal authority or jurisdiction. If they
have acted without the requisite jurisdiction, the writ can be
issued to quash their decision or order.
For the issue of a writ of certiorari in India, both conditions
mentioned in options 1 and 2 are necessary.

Important Tip

Concept of Certiorari

e = Itliterally means ‘to be certified’ or ‘to be informed?

« It is issued by a higher court to a lower court or
tribunal to either transfer a case pending with the
latter or to overturn the latter’s order in a case.

¢ Itis issued due to an excess of jurisdiction, a lack of
jurisdiction, or a legal error.

e As a result, unlike prohibition, which is only
preventative, certiorari is both preventive and
curative.

« Previously, the writ of certiorari could only be issued
against iudicial and quasi-judicial authorities, not
administrative ones.

« However, the Sipreme Court ruled in 1991 that
certiorari cuu U7 icsued even against administrative
authorities affecting individual rights.

° Certiorari, like prohibition, is not available against
legislative bodies or ; rivate individuals or bodies."
69,"Who among the following Chief Justices of.

India ordered the constitution of a Special

Bench called ‘Social Justice Bench’ ?",Justice H. L. Dattu,Justice K. G. Balakrishnan,Justice R. M. Lodha,Justice Y. K. Sabharwal,CDS  (1),2023.0,a,"Exp) Option a is the correct answer

In December 2014, when Justice HL Dattu was the Chief
Justice of India (CJI), the Supreme Court had issued a
notification to set up a special Bench known as the Social
Justice Bench. The Social Justice Bench was established to
exclusively hear cases related to social justice issues. It aimed
to expedite the hearing and disposal of cases pertaining to
matters such as gender inequality, child rights, disability
rights, environmental protection, and other socio-economic
concerns."
70,"The issue, ‘whether Section 377 of the
Indian Penal Code is violative of Articles 21,  14 and 15 of the Constitution of India’
was decided in which one of the following
cases? (CDS 2022 (D]","Shreya Singhal vs, Union of India",Vishakha vs. State of Rajasthan,Shayara Bano vs. Union of India,"Naz Foundation vs. Government of NCT

of Delhi and others",,,d,"Exp) Option d is the correct answer.

The case of “Naz Foundation vs. Government of NCT of
Delhi and others” addressed the constitutionality of Section
377 of the Indian Penal Code, which criminalized same-
sex consensual activities. The court’s decision impacted
fundamental rights under Articles 21, 14, and 15 of the
Indian Constitution, including the right to life, equality, and
prohibition of discrimination."
71,"Which one of the following writs means
‘you may have the body?",Habeas Corpus,"Mandamus
{c) Certiorari",,Quo Warranto,CDS  (I),2022.0,a,"Exp) Option a is the correct answer.
The writ of Habeas Corpus is a legal remedy that allows
an individual to seek relief from unlawful detention or
imprisonment. The term “Habeas Corpus” is derived from
Latin, which means “you may have the body.”

Important Tip

1. Article 32 of the Indian Constitution provides for
the right to constitutional remedies to protect
Fundamental Rights and it is integral to Basic Structure
doctrine.

2. Five Constitutional Writs:

¢ Habeas Corpus: It used to ensure the release of a
person who is unlawfully detained or imprisoned |

¢ Mandamus: It issued to compel public officials or |
authorities to perform their duties or functions. |

¢ Prohibition: It is used to prohibit lower courts or
tribunals from exceeding their jurisdiction or acting
contrary to law. |

¢ Certiorari: It is issued to quash the orders or
decisions of lower courts or tribunals on grounds of |
jurisdictional errors or violation of natural justice.

e Quo Warranto: It is used to inquire into the legality of
a person holding a public office and to challenge their
authority or credentials."
72,"Article 231 of the Constitution of India
grants power to establish a common High
Court for two or more states to",the Parliament,the Supreme Court,the President of India,the Union Cabinet,CDS  (I),2021.0,a,"Exp) Option a is the correct answer
The power to establish a common High Court is vested in
the Parliament, under Article 231 of the Constitution."
73,"What is the ground on which the Supreme

Court can refuse relief under Article-32?

(CDS 2020 (D]","The aggrieved person can get 20s remedy
from another court.",That disputed facts have to be investigated.,"That no Fundamental Right has been
infringed.","That the petitioner has not asked for the
proper writ applicable to his/her case.",,,c,"Exp) Option c is the correct answer.
Under Article-32 of the Constitution of India, individuals
have the right to move the Supreme Court for the enforcement
of their Fundamental Rights. However, there are certain
grounds on which the Supreme Court can refuse relief under
Article-32. One such ground is when it is determined that no
Fundamental Right has been infringed in the case."
74,"The power of the Supreme Court to decide
in the case of a dispute between two or more
States is called [CDS 2020 (ID)",original jurisdiction,inherent jurisdiction,plenary jurisdiction,advisory jurisdiction,,,a,"Exp) Option a is the correct answer.
Under Article 131 of the Constitution of India, the Supreme
Court has original jurisdiction in matters related to disputes
between states, or between the Government of India and one
or more states, or between two or more states on one side
and the Government of India on the other.

Important Tip

1. The Supreme Court has exclusive original jurisdiction
in federal disputes, which include disputes between
the Centre and one or more states, or between
different states.

2. This jurisdiction is limited to disputes involving
questions of law or fact that determine the existence
or extent of a legal right, excluding political questions. |

3. The Supreme Court cannot entertain suits brought |
by private citizens against the Centre or a state under |
this jurisdiction.

4. The Supreme Court’s jurisdiction does not extend
to disputes arising from pre-Constitution treaties,
agreements, or certain matters such as inter-state water
disputes, matters referred to the Finance Commission,
commercial disputes, or recovery of damages by a state
against the Centre.

5. In 1961, the Supreme Court dismissed the first suit
brought under its original jurisdiction, where West
Bengal challenged the Constitutional validity of the
Coal Bearing Areas (Acquisition and Development)
Act, 1957, passed by the Parliament."
75,"In the Indian judicial system, writs are
issued by )]",the Supreme Court only,the High Courts only,the Supreme Court and High Courts only,"the Supreme Court, High Courts and

Lower Courts",CDS  (I,2020.0,c,"Exp) Option c is the correct answer
Both the Supreme Court and High Courts have the
authority to issue writs. While the Supreme Court primarily
issues writs for the enforcement of fundamental rights, High
Courts can issue writs not only for fundamental rights but
also for other purposes, such as the enforcement of legal
rights or statutory duties.

Important Tip

Article 32, Constitution of India 1950

1. The right to move the Supreme Court by appropriate |
proceedings for the enforcement of the rights conferred
by Part JIL is guaranteed.

2. The Supreme Court shall have power to issue directions
or orders or writs, including writs in the nature of
habeas corpus, mandamus, prohibition, quo warranto
and certiorari, whichever may be appropriate, for the
enforcement of any of the rights conferred by this Part.

3. Without prejudice to the powers conferred on the
Supreme Court by clauses (1) and (2), Parliament
may by law empower any other court to exercise
within the local limits of its jurisdiction all or any of
the powers exercisable by the Supreme Court under
clause (2).

The right guaranteed by this article shall not be suspended

except as otherwise provided for by this Constitution.

Similarily, Under Art 226, Constitution of India - High

Court have the power to issue writes.

The write jurisdiction of High Court is wider than that

of Supreme Court , as High Courts can issue writes with

respect to Fundamental as well as legal Rights , whereas
the supreme court can issue writes with respect to only
fundamental rights."
76,"Which one of the following is not the
necessary condition for the issue to a Writs
of Quo Warranto?",The Office must be a Public Office.,"The Office must be created by the Statute
or by the Constitution itself.",The Office must not be a substantive one.,"There has been a contravention of the
Constitution or a Statute in appropriating
such person to that Office.",CDS  (11),2020.0,c,"Exp) Option c is the correct answer

A writ of Quo Warranto is a legal action that challenges

a person’s right to hold a public office. It seeks to inquire

into the authority by which the person claims to hold the

office and whether they have the legal right to do so. The

reason option (c) is not a necessary condition for issuing

a writ of quo warranto is that the eligibility or legality

of holding a substantive office is equally important to

ensure that the person holding the office has the necessary

qualifications and meets the requirements laid out by law

or the constitution.

Important Tip

, 1. ‘Quo Warranto’ means ‘by what warrant’. Through
this writ, the Court calls upon a person holding a public
office to show under what authority he holds that
office. If it is found that the person is not entitled to
hold that office, he may be ousted from it. Its objective
is to prevent a person from holding an office he is
not entitled to, therefore preventing usurpation of
any public office. It cannot be issued with respect toa
private office.

2. The writ can be issued only when the following
conditions are fulfilled:

« The public office is wrongfully assumed by the
private person.

« The office was created by the constitution or law and
the person holding the office is not qualified to hold
the office under the constitution or law.

¢ The term of the public office must be of a permanent
nature.

« The nature of duties arising from the office must be
public."
77,"Which among the following statements
about the power to change the basic
structure of the Constitution of India is/are
correct?

1. It falls outside the scope of the amending
powers of the Parliament.

2. It can be exercised by the people through
representative in a Constituent Assembly.

3. It falls within the constituent powers of
the Parliament.

Select the correct answer using the codes

given below:",land 3,land 2,Only 1,2 and 3,CDS Pre.  T,2019.0,c,"Exp) Option c is the correct answer.

+ The concept of basic structure was laid down by the
Supreme Court in the Keshvananda Bharti Case (1973).

¢ The basic structure doctrine states that the Constitution
of India has certain basic features that cannot be altered
or destroyed through amendments by the Parliament
Article 368 does not give absolute powers to the
Parliament to amend any part of the Constitution.

« Itcan’t beexercised by the people through representatives
in a constituent assembly (Statement 2 is incorrect)

¢ It falls outside the constituent powers of the parliament.
(Statement 3 is incorrect)"
78,"In which one of the following judgments of
the Constitutional Bench of the Supreme
Court of India, the rarest of rare principle
in the award of death penalty was first laid
down?",Bachan Singh Vs State of Punjab (1980),Gopalanachari Vs State of Kerala (1980),"Dr. Upendra Baxi Vs State of Uttar

Pradesh (1983)",Tukaram Vs State of Maharashtra (1979),CDS Pre.  I,2016.0,a,"Exp) Option a is the correct.

* In Bachan Singh Vs State of Punjab (1980), Supreme
Court laid down that Capital Punishment in India would
be given only in the rarest of rare cases.

¢ Itstated that the principle that the death penalty ought not
to be awarded unless the alternative of life imprisonment
is “unquestionably foreclosed”.

Important Tip

¢ Gopalanachari Vs State of Kerala (1980) : Person shall

be given legal aid at the expense of the state.

« Dr. Upendra Baxi Vs State of Uttar Pradesh (1983) :

seeking enforcement of the constitutional rights.

* Tukaram Vs State of Maharashtra (1979) : There is a
| word of difference between sexual intercourse & rape."
79,"In which one of the following cases, the
constitutional validity of the Muslim
Women (Protection of Rights of Divorce)
Act, 1986, was upheld by the Supreme Court
of India?","Muhammad Ahmed Khan Vs Shah Bano

Beguin",Daniel Latifi Vs Union of India,Mary Roy vs State of Kerala,Shankari Prasad Vs Union of India,CDS Pre. I,2016.0,b,"Exp) Option b is the correct answer

¢ Daniel Latifi Vs Union of India: In this case a divorced
Muslim women is entitled to reasonable and fair
provision and maintenance from her former husband and
this should be paid within the period of iddat.

¢ Muhammad Ahmed Khan Vs Shah Bano Begum : In
this case Supreme Court stated that divorced women had
the right to maintenance even after the period of Iddat
was over.

¢ Mary Roy Vs State of Kerala : landmark case brought
equal rights for Syrian Christian women in India as
their male siblings on matters of inheritance.

e Shankari Prasad Vs. Union of India : In this case
Constitutional validity of the first amendment act(1951)
was challenged."
80,"The basic structure doctrine with regard to
the Constitution of India relates to
1. the power of judicial review,

2. the judgement in Kesavananda Bharati
case (1973),

3, the constraints on Article-368 of the
Constitution of India.

4, the judgement in Golaknath case (1967).

Which of the statement(s) given above is/are

correct?","1,2 and 3",2 and 4,land 3,All of these.,CDS Il-,2016.0,a,"Exp) Option a is the correct answer.

* The basic structure doctrine was given in the landmark
decision of Kesavananda Bharati v State of Kerala (1973).

e The basic structure doctrine states that the Constitution
of India has certain basic features that cannot be altered
or destroyed through amendments by The Parliament.

¢ The Supreme Court can undertake judicial review for
such amendments.

e he Supreme Court declared that Article 368 did
not enable Parliament to alter the basic structure or
framework of the Constitution and Parliament could not
use its amending powers under Article 368 alter the basic
structure of the Constitution. Thus, statement 3 is correct.
In the Golaknath case, the supreme court ruled that
Parliament couldn't curtail any of the Fundamental
rights. (this case is not related to basic structure of the
constitution). Thus, statement 4 is incorrect"
81,"Which one of the following is not the powers
of the Supreme Court?","The Supreme Court has _ original

and exclusive jurisdiction in inter-
governmental disputes.","The Supreme Court has advisory
jurisdiction on a question of law or
fact which may be referred to it by the
President of India","The Supreme Court has the power to
review its own judgement or order","The Supreme Court has the exclusive
power to issue writs to protect the
fundamental rights of the people.",CDS Pre.  11,2016.0,d,"Exp) Option d is the correct answer.

* The Supreme Court is the guarantor and defender of
fundamental rights of the citizen ,

¢ In this regard, Supreme Court has original jurisdiction in
the sense that an aggrieved citizen can directly go to the
Supreme Court, not necessarily by way of appeal.

However, the writ jurisdiction of Supreme Court is not

exclusive because High Court also empowered of issue

writ jurisdiction (Hence option d is incorrect)"
82,"In which of the following cases did the
Supreme Court rule that Constitutional
Amendments were also laws’ under
Article-13 of the Constitution of India,
which could be declared void for being
inconsistent with Fundamental Rights?",Keshavanand Bharati Case,Golaknath Case,Minerva Mills Case,Maneka Gandhi Case,CDS II -,2015.0,b,"Exp) Option b is the correct answer.

« Golak Nath case held that constitutional amendment
passed according to article 368 is a law within the
meaning of article 13.

« 24th amendment act 1971 override this judgement and
declare that amendment under article 368 is not law
within the meaning of article 13.

Important Tip |

¢ Keshavanand Bharati Case is related to the basie|
structure doctrine. |

e¢ Minerva Mills Case is related to the interpretation of |
the basic structure doctrine.

« Maneka Gandhi Case is related to the Right of Personal |
Liberty granted by Article 21 of the Constitution. i"
83,"In the following questions, there are two
statements. One is labelled as Assertion (A)
and other is labelled as Reason (R):
Assertion (A): The District Judge is the
highest judicial authority in the district.
Reason (R): The District Judge has both
judicial and administrative powers. He
has also supervisory powers over all the
subordinate courts in the district.

In the context of the above two statements

which of the following is correct?","Both Assertion (A) and Reason (R)
are true, and Reason (R) is correct
explanation of Assertion (A)","Both Assertion (A) and Reason (R)
are true, but Reason (R) is not correct
explanation of Assertion (A)","Assertion (A) is true, but Reason (R) is
false","Assertion (A) is false, but Reason (R) is
true",Chhattisgarh P.C.S. (Pre),2021.0,a,"Exp) Option a is the correct answer.
Assertion is true- In the district, the district judge holds
the highest judicial authority, having both original and
appellate jurisdiction over both civil and criminal matters.
Part VI (Articles 233 to 237) of the Indian Constitution
deals with the District Courts.
Reason (R) is true- ‘The district judge exercises both
judicial and administrative powers, and they also possess
supervisory authority over all subordinate courts within the
district. The High Court hears appeals against the directives
and judgments of the district judge."
84,"Judicial review in the Indian Constitution is
based on-",Due Process of Law,Procedure established by Law,Rule of Law,"Precedents and conventions
(e) None or the above","Chhattisgarh P.C.S, (Pre)",2015.0,b,"Exp) Option b is the correct answer
Judicial Review is governed by the principle of “Procedure
established by law” Judicial review is the power of the
judiciary to examine the constitutionality of executive orders
and legislative enactments of both the State and Central
governments. If, after this examination, they are found to
be violative of the Constitution, they can be declared as
unconstitutional, illegal, and invalid (null and void) by the
judiciary."
85,"<A Judge of the Supreme Court can be
removed by the President of India after-",An enquiry by C.B.I.,An enquiry by Chief Justice of India,A report by the Bar Council of India,An impeachment by the Parliament,Chhattisgarh PCS (Pre),2003.0,d,"Exp) Option d is the correct answer

A Judge of the Supreme Court can be removed by

the President of India after an impeachment by the

Parliament, As per Article 124(4), A Judge of the Supreme

Court can be removed from office by the President of India

only after an address by each House of Parliament supported

by a majority of the total membership of that House and by a

majority of not less than two-thirds of members present and

voting, and presented to the President in the same session
for such removal on the ground of proved misbehaviour or
incapacity.

Important Tips - |
Article 124(4) and the Judges Inquiry Act 1968 determine
the procedure of removal of the judges:

e <A motion of impeachment addressed to the President is |
to be signed by at least 100 members of the Lok Sabha
or 50 members of the Rajya Sabha and then delivered
to the Speaker of Lok Sabha or the Chairman of Rajya
Sabha.

¢ The motion is to be investigated by a Committee of
3 judges of the Supreme Court and a distinguished
jurist.

« Ifthe Committee finds the judge guilty of misbehavior
or that he suffers from incapacity, the motion along
with the report of the committee is taken up for
consideration in the House where motion was moved. |

« The judge is then removed by the requisite majority,
i.e. majority of total and 2/3 of its members present

| _and voting."
86,"Which of the following type of Judge/Judges
can be appointed in the Supreme Court of
India?
(i) Ad hoc Judge
(ii) Additional Judge
Codes:",(i) is true and (ii) is false,(i) is false and (ii) is true,"Both (i) and (ii) are true
(d} Both (i) and (ii) are false",,M.P.P.C.S. (Pre),2020.0,a,"Exp) Option a is the correct answer

Option (i) is True: As per Article 127(1), if there’s no

quorum of Judges available for a Supreme Court session,

the Chief Justice of India, with the President’s prior consent

and consultation with the relevant High Court’s Chief Justice,

may request a qualified High Court Judge to serve as an ad

hoc Judge for the required period.

Option (ii) is False: As per Article 224(1), if there’s a

temporary increase in a High Court’s business or arrears

of work, the President may appoint qualified persons as

additional Judges for up to two years. However, additional

judges are not appointed in the Supreme Court; they are

appointed in High Courts."
87,"Who has the right to transfer any case
anywhere in India?",President,Supreme Court,High Court,None of these,M.P.P.C.S. (Pre),2010.0,b,"Exp) Option b is the correct answer

According to Article 139A of the Constitution of India the

Supreme Court has the right to transfer any case anywhere in

the territory of India. The Supreme Court can also withdraw

the case or cases pending before the High Court and dispose

of all the cases to itself."
88,"To become a Judge of Supreme Court, a
person must be an advocate in High Court
for at least how many years?",20,10,8,25,M.P.P.C.S. (Pre),2002.0,b,"Exp) Option b is the correct answer

According to Article 124(3) of the Constitution of India,

a person can be appointed as a Judge of the Supreme Court

if he/she has been an advocate of a High Court or of two or

more such Courts in succession for at least 10 years.
Important Tips

According to Article 124(3) of the Constitution, a person

can be appointed as a judge of the Supreme Court if he or

she:

* <A person must be a citizen of India.

« Must have served as a judge of a High Court for at

__least five years or two such courts in succession.

je Alternatively, must have been an advocate of a High
Court for at least ten years or two or more such
courts in succession.

| ° Must bea distinguished jurist in the opinion of the

| president."
89,"The case of Vishakha and others Vs. State of
Rajasthan and others is related to-","Maternity leave in respect of working
women",Transfer policy for women,"Prevention of the practice of dowry
prevalent in the society","Prevention of sexual harassment of
women at workplace",R.A.S./R.T.S. (Pre),2021.0,d,"Exp) Option d is the correct answer

Vishaka & ors. v/s state of Rajasthan is a case which deals
with the evil of Sexual Harassment of a women at her
workplace. It is a landmark judgment case in the history of
sexual harassment which as being decide by Supreme Court.
Important Tips

‘In 1997, the Supreme Court in India formulated the
Vishakha guidelines to protect women from sexual
harassment at workplaces.

| The Supreme court made it mandatory for all institutions

| to follow the Vishaka guidelines across the country.

The guidelines suggested that the compliance mechanism

should ensure the timebound treatment of complaints.

The Vishakha guidelines gave rise to the foundation to

redress the Sexual Harassment of Women at Workplace

(Prevention, Prohibition, and Redressal) Act, 2013."
90,Identify the incorrect pair of Case and Ruling in that case by Supreme Court:,| Indira Creamy Layer for Other Sawhney Backward Classes. Case,| Vishakha |:| Protection of working Case women against sexual harassment at their place of work.,"Maneka Articles 14, 19 and 21 are Gandhi not mutually exclusive. Case",Bella The right to travel abroad Banerjee is a part of personal Case liberty.,R.A.S./R.T.S. (Pre),2013.0,d,"Exp) Option d is the correct answer

Bella Banerjee case (1953) dealt with the constitutionality
of the West Bengal Land Development and Planning Act,

1948. The Supreme Court held certain provisions of the Act

unconstitutional and void. The judgment highlighted the

importance of providing fair compensation to landowners

during the process of land acquisition for public purposes

and established the principle that the government’s

declaration of public purpose should not be regarded as

conclusive, leaving room for judicial review. It did not

concern the right to travel abroad as part of personal liberty.

Important Tips

i

ie The Indira Sawhney case, also known as the Mandal
Commission case, 1992 where the Supreme Court

upheld the implementation of reservations for Other

Backward Classes (OBCs) in educational institutions

| and public employment. However, the Court ruled
that the “creamy layer” within OBCs should be excluded
{rom reservation benefits to ensure that the benefits
reach the truly disadvantaged sections.

e In the Vishakha case of 1997, the Supreme Court
laid down guidelines to prevent sexual harassment
of women at workplaces. These guidelines were later
incorporated into the Sexual Harassment of Women
at Workplace (Prevention, Prohibition, and Redressal)
Act, 2013.

e Inthe Maneka Gandhi case (1978), the Supreme Court
held that the right to life and personal liberty (Article
21) in the Indian Constitution is not limited to mere
animal existence but includes a meaningful life with
dignity. The Court emphasized that Articles 14, 19, and
21 are not mutually exclusive and are interconnected to
ensure fundamental rights’ comprehensive protection."
91,All the cases regarding interpretation of the Constitution can be brought to the Supreme Court under its~-,Original Jurisdiction,Appellate Jurisdiction,Advisory Jurisdiction :,None of the above,U.P. Lower Sub. (Mains),2013.0,b,"Exp) Option b is the correct answer
The appellate jurisdiction of the Supreme Court can
be invoked by a certificate granted by the High Court
concerned under Article 132(1), 133(4) or 134 of the
Constitution in respect of any judgement, decree or final
order of a High Court in both civil and criminal cases,
involving substantial questions of law as to the interpretation
of the Constitution."
92,Where can the Public Interest Litigation (PIL) be filed?,Only in Supreme Court of India,Only in High Courts of States,In Central Administrative Tribunals,Both.in High Courts & Supreme Court,Uttarakhand PCS (Pre),2012.0,d,"Exp) Option d is the correct answer a
A Public Interest Litigation can be filed in the High Court
or Supreme Court. One can file a PIL under Article 226 of
the Constitution before the High Court and under Article 32
before the Supreme Court of India.
Important Tips
Public interest Litigation (PIL) means litigation filed in a
court of law, for the protection of “Public Interest”, such as
Pollution, Terrorism, Road safety, Constructional hazards
etc.
Any matter where the interest of public at large is affected
can be redressed by filing a Public Interest Litigation in a
court of law.
Public interest litigation is not defined in any statute or in
any act. It has been interpreted by judges to consider the
intent of public at large."
