q_no,q_statement,a,b,c,d,exam,year,correct_option,explanation
1,"Consider the following organizations/
bodies in India:

1. The National Commission for Backward
Classes

2. The National Human Rights Commission

3. The National Law Commission

4. The National Consumer Disputes
Redressal Commission

How many of the above are constitutional

bodies?",Only one,Only two,Only three,All four,UPSC CSE Pre,2023.0,a,"Exp) Option a is the correct answer

Option 1 is correct: Although the National Commission for
Backward Classes (NCBC) was originally constituted as the
Statutory body by establishing it under the provisions of
the National Commission for Backward Classes Act, 1993.
Recently the NCBC was accorded constitutional status by
the 02nd Constitutional Amendment Act (CAA) which
inserted Article 338B, forming a National Commission for
Backward Classes. Hence NCBC is a constitutional body.
Option 2 is incorrect: The National Human Rights
Commission (NHRC) of India is a statutory body constituted
in 1993 under the Protection of Human Rights Act, 1993.
Hence NHRC is not a constitutional body.

Option 3 is incorrect: The National Law Commission is
neither a constitutional body nor a statutory body, it was
constituted by a notification of the Government of India,
Ministry of Law & Justice, Department of Legal Affairs. Its
purpose is to carry out research in the field of law and the
Commission makes recommendations to the Government
and provides excellent thought provoking and vital review
of the laws in India.

Option 4 is incorrect: The National Consumer Disputes
Redressal Commission of India is a statutory body
established under the Consumer Protection Act, 1986. To
provide inexpensive, speedy redressal of consumer disputes,
the act established quasi-judicial bodies have been set up
in each District and State and at the National level, called
the District Consumer Disputes Redressal Commissions,
the State Consumer Disputcs Redressal Commissions and
the National Consumer Disputes Redressal Commission
respectively."
2,"In India, what is the role of the Coal
Controller’s Organization (CCO)?

1. CCO is the major source of coal Statistics
in Government of India.

2. It monitors progress of development of
Captive Coal/ Lignite blocks.

3. Ithears any objection to the Government's
notification relating to acquisition of
coal-bearing areas.

4. It ensures that coal mining companies
deliver the coal to end users in the
prescribed time.

Select the correct answer using the code given

below:","1,2 and 3",3 and 4 only,1 and 2 only,"1,2 and4",UPSC CSE Pre.,2022.0,a,"Exp) Option a is the correct answer.

The Coal Controller’s Organisation (CCO) is a subordinate
office of the ministry of coal, having its headquarters at
Kolkata and field offices at Dhanbad, Ranchi, Bilaspur,
Nagpur, Sambalpur, Kothagudem and Asansol. It collects
and maintains coal production data of all private and public
sector coal mines in the country. The information is collected
ona monthly basis.

Statement 1 is correct. Under Collection of Statistics Act,
2008 Coal Controller has been made the statistical authority
with respect to coal and lignite statistics. Entrusted the
responsibility of carrying out Annual Coal & Lignite survey
and publishing of Provisional Coal Statistics and Coal
Directory of India.

Statement 2 is correct. It is entrusted with the task of
monitoring captive mines. Work such as permission for

opening and reopening of coal mines... has been entrusted
to CCO.

Statement 3 is correct. Under Coal Bearing Area
(Acquisition and Development) Act, 1957-

Coal Controller is the competent authority under this act to
hear any objection to the Central Government’s Notification
relating to acquisition of coal bearing land and to furnish his
reports to Central Govt.

Statement 4 is incorrect. Ensuring that coal mining
companies deliver the coal to end users in the prescribed
time is not the function of Coal Controller’s Organization
(CCO)."
3,"With reference to the “Tea Board” in India,
consider the following statements:

1. The Tea Board is a statutory body.

2. It is a regulatory body attached to the
Ministry of Agriculture and Farmers
Welfare.

3. The Tea Board’s Head Office is situated in
Bengaluru.

4, The Board has overseas office at Dubai
and Moscow.

Which of the statements given above are

correct?",land 3,2 and 4,3and 4,land 4,UPSC CSE Pre.,2022.0,d,"Exp) Option d is the correct answer.

Statement 1 is correct: The Tea Board of India is a statutory
body created under the Tea Act, 1953 and it was established
for the purposes of regulating the Indian tea industry and
protecting the interests of tea producers in India.
Statement 2 is incorrect: It is functioning as a statutory
body of the Central Government under the Ministry of
Commerce.

Statement 3 is incorrect: Tea Board of India’s Head Office is
situated in Kolkata.

Statement 4 is correct: The Tea Board of India has
overseas offices in Moscow, Dubai, Hamburg, London
and New York. Moscow office. The Moscow office of
the Tea Board of India operates under the Embassy of India,
and its area of activity includes Russia and the CIS countries,
which comprise 50% of Indian tea exports."
4,"With reference to the Constitution of India,
prohibitions or limitations or provisions
contained in ordinary laws cannot act
as prohibitions or limitations on the
constitutional powers under Article 142. It
could mean which one of the following?","The decisions taken by the Election
Commission of India while discharging
its duties cannot be challenged in any
court of law.","The Supreme Court of India is not
constrained in the exercise of its powers
by laws made by the Parliament.","In the event of grave financial crisis in
the country, the President of India can
declare Financial Emergency without the
counsel from the Cabinet.","State Legislatures cannot make laws on
certain matters without the concurrence
of Union Legislature.",UPSC CSE Pre.,2019.0,b,"Exp) Option b is the correct answer.

Article 142 of Constitution of India deals with Enforcement
of decrees and orders of the Supreme Court. It states that the
Apex Court in the exercise of its jurisdiction may pass such
decree or make such order as is necessary for doing “complete
justice” in any case pending before it. Such orders of the
Supreme Court are enforceable throughout the territory of
India as prescribed by any law made by Parliament or order
of the President of India. Article 142 enables superseding
the executive and the legislative. Thus, the Supreme Court
of India is not constrained in the exercise of its powers by
Jaws made by the Parliament. From Article 142, the Supreme
Court derives overarching powers to perform the functions
of Executive and legislative in order to bring about complete
justice."
5,"With reference to the ‘Quality Council
of India (QCD), consider the following
statements:

1. QCI was set up jointly by the Government
of India and the Indian Industry.

2. Chairman of QCI is appointed by the
Prime Minister on the recommendations
of the industry to the Government.

Which of the above statements is/are correct?",1 only,2 only,Both 1 and 2,Neither 1 nor 2,UPSC CSE Pre.,2017.0,c,"Exp) Option c is the correct answer.

Statement 1 is correct. The Quality Council of India, an
autonomous body set up by the Ministry of Commerce and
Industry, Government of India jointly with the Indian

Industry, represented by the three premier industry
associations i.e., Associated Chambers of Commerce and
Industry of India (ASSOCHAM), Confederation of Indian
Industry (CH) and Federation of Indian Chambers of
Commerce and Industry (FICCI). It aims to establish and
operate national accreditation structure and promote quality
through National Quality Campaign.
Statement 2 is correct. Chairman of QCI is a non-executive
post. He is nominated by the Prime Minister of India on the
recommendations of the industry."
6,"Consider the following statements:

Attorney General of India can

1. take part in the proceedings of the Lok
Sabha

2. bea member of a committee of the Lok
Sabha

3. speak in the Lok Sabha

4. vote in the Lok Sabha

Which of the statements given above is/are

correct?",1 only,2 and 4 only,"1,2 and 3",1 and 3 only,UPSC CSE Pre.,2013.0,c,"Exp) Option c is the correct answer.
The Attorney General of India (AGI) is the only person under
the Indian system who can take part in the proceedings of
the Parliament or any parliamentary committee, but cannot
vote.
Statements 1, 2 and 3 are correct. He has the right to speak
and to take part in the proceedings of both the Houses of
Parliament or their joint sittings and in any committee of
the Parliament of which he may be named a member, but
without the right to vote."
7,"In India, other than ensuring that public
funds are used efficiently and for the
intended purpose, what is the importance
of the office of the Comptroller and Auditor

General (CAG)?

1. CAG exercises exchequer control on
behalf of the Parliament when the
President of India declares national
emergency/financial emergency.

2. CAG reports on the execution of projects
or programmes by the ministries which
are discussed by the Public Accounts
Committee.

3. Information from CAG reports can be
used by investigating agencies to press
charges against those who have violated
the law while managing public finances.

4. While dealing with the audit and
accounting of government companies,
CAG has certain judicial powers for
prosecuting those who violate the law.

Which of the statements given above is/are

correct?","1,2 and 4 only",2 only,2 and 3 only,"1,2,3 and 4",UPSC CSE Pre.,2012.0,c,"Exp) Option c is the correct answer.
The Comptroller and Auditor General (CAG) of India is the
constitutional authority, established under Article 148 of the
Constitution of India.
He is empowered to Audit all receipts and expenditure of the
Government of India and the State Governments, including
those of autonomous bodies and corporations substantially
financed by the Government.
The CAG is also the statutory auditor of Government-
owned corporations and conducts supplementary audit of
government companies in which the Government has an
equity share of at least 51 per cent or subsidiary companies
of existing government companies.
Statements 2 and 3 are correct. The reports of the CAG are
laid before the Parliament/Legislatures and are being taken
up for discussion by the Public Accounts Committees (PACs)
and Committees on Public Undertakings (COPUs), which
are special committees in the Parliament of India and the
state legislatures. Also, information from CAG reports can be
used by investigating agencies to press charges against those
who have violated the law while managing public finances.
This was seen during 2G and Commonwealth Games scams.
Statements 1 and 4 are incorrect. CAG does not exercise
exchequer control on behalf of the Parliament when the
President of India declares national emergency/financial
emergency. The CAG does not have any judicial powers."
8,"According to the Constitution of India, it is
the duty of the President of India to cause
to be laid before the Parliament which of
the following?

1, The Recommendations of the Union
Finance Commission

2. The Report of the Public Accounts
Coniumittee

3. The Report of the Comptroller and
Auditor General

4, ‘The Report of the National Commission
for Scheduled Castes

Select the correct answer using the codes

given below:",1 only,2 and 4 only,"1,3 and 4 only","1,2, 3 and 4",UPSC CSE Pre.,2012.0,c,"Exp) Option c is the correct answer.
According to the Constitution of India, it is the duty of the President
of India to cause to be laid before the Parliament following reports -
1, The Recommendations of the Union Finance
Commission

2. The Report of the Public Accounts Committee

3. The Report of the Comptroller and Auditor General

4. The Report of the National Commission for Scheduled

Castes
5. The Report of the National Commission for Scheduled
Tribes

6. Reports of the Comptroller and Auditor General

7. The Report of the Union Public Service Commission

8. The Report of the National Commission of Backward

Classes

The President does not lay the reports of Public Accounts

Committee before the Parliament. In fact, the function of

the committee is to examine the annual audit reports of the

Comptroller and Auditor General of India (CAG), which are

laid before the Parliament by the President."
9,"With reference to the Finance Commission
of India, which of the foliowing statements

is correct?",",",and,given above is correct in this context,None of the statements,UPSC CSE Pre.,2011.0,d,"Exp) Option d is the correct answer.

Set up under Article 280 of the Constitution, the Finance

Commission is a Constitutionally mandated body that

is at the centre of fiscal federalism. Its core responsibility

is to evaluate the state of finances of the Union and State

Governments, recommend the sharing of taxes between

them, lay down the principles determining the distribution

of these taxes among States. Thus, none of the statements
given in above options are correct with reference to

Finance Commission.

The Finance Commission is required to make

recommendations to the President of India on the following

matters:

1. The distribution of the net proceeds of taxes to be shared
between the Centre and the states, and the allocation
between the states of the respective shares of such
proceeds.

2. The principles that should govern the grants-in-aid to
the states by the Centre (i.e., out of the consolidated fund
of India).

3. The measures needed to augment the consolidated fund
of a state to supplement the resources of the panchayats
and the municipalities in the state on the basis of the
recommendations made by the state finance commission.

4. Any other matter referred to it by the president in the
interests of sound finance."
10,"Consider the following statements:

The function(s) of the Finance Commission

is/are-

1. To allow the withdrawal of the money out
of the Consolidated Fund of India.

2. To allocate among the States the shares of
proceeds of taxes.

3. To consider applications for grants-in-aid
from States.

4, To supervise and report on whether the
Union and State Governments are levying
taxes in accordance with the budgetary
provisions.

Which of these statements is/are correct?",Only 1,2 and 3,3and 4,"1,2 and 4",UPSC CSE (Pre),2003.0,b,"Exp) Option b is the correct answer

The Function of the Finance Commission to make

recommendations to the President as to:

The distribution between the Union and the States of the

net proceeds of taxes which are to be, or maybe, divided

between them and the allocation between the States of the
respective shares of such proceeds. Hence statement 2 is
correct.

The principles which should govern the grants-in-aid of

the revenues of the States out of the Consolidated Fund of

India; Hence statement 3 is correct.

a :

| Important Tips

Finance Commission

| ¢ The Finance Commission is a Constitutionally

mandated body that is at the centre of fiscal federalism.

« It was set up under Article 280 of the Constitution.

° The first Finance Commission was set up in 1951
and there have been fifteen Finance commission so
far."
11,"Who of the following shall causes every
recommendation made by the Finance

Commission to be laid before cach House

of the Parliament?",The President of India,The Speaker of Lok Sabha,The Prime Minister of India,The Union Finance Minister,UPSC CSE (Pre),2010.0,a,"Exp) Option a is the correct answer

The President shall cause every recommendation made

by the Finance Commission under the provisions of

Constitution together with an explanatory memorandum as

to the action taken thereon to be laid before each House of

Parliament."
12,"The decision to disqualify the person
declared convict by the Court to contest the
elections has been made by-",The Government of India,The Supreme Court,The Election Commission,The Parliament,UPSC CSE (Pre),2009.0,d,"Exp) Option dis the correct answer,

Section 8 of the Representation of the People Act, 1951

provides that a person who has been convicted of a crime

and sentenced to imprisonment for two years or more is
disqualified from contesting elections to Parliament or the

State Legislatures. It is a law made by Parliament. Article

102(1)(e) of the Constitution of India provides that a person

shall be disqualified for being chosen as, and for being, a

member of either House of Parliament if he is so disqualified

by or under any law made by Parliament."
13,"Which of the following recommends the
principles for sharing of revenues among
the Union and the States?",Finance Commission,Inter-State Council,Union Ministry of Finance,Planning Commission,UPSC CSE,2002.0,a,"Exp) Option a is the correct answer

Article 280 of the Constitution of India provides that,

every five years, the President shall constitute a Finance

Commission, which shall recommend assistance/grants

from the Consolidated Fund of India,

It is the duty of the Commission to make recommendations

to the President as to:

e The distribution between the Union and the States
of the net proceeds of taxes which are to be, or maybe,
divided between them and the allocation between the
States of the respective shares of such proceeds.

« The principles which should govern the grants-in-aid of
the revenues of the States out of the Consolidated Fund
of India;

e The measures needed to augment the Consolidated Fund
of a State to supplement the resources of the Panchayats
in the State on the basis of the recommendations made by
the Finance Commission of the State."
14,"The Dinesh Goswami Committee

recommended:","The constitution of state-level election
commission",List system of election to the Lok Sabha,"Government funding of parliamentary
elections","A ban on the candidature of independent
candidates for the parliamentary elections",UPSC CSE (Pre),1997.0,c,"Exp) Option c is the correct answer.

The Dinesh Goswami Committee was constituted

in 1990 to review the electoral system in India. The

Committee recommended that the government should fund

parliamentary elections. The Committee argued that this

would help to reduce the influence of money in elections
and make it easier for independent candidates to contest
elections
ee,
Important Tips |
Other Important Committees/Reports related to Electoral
Reforms: |
« Tarkunde Committee (1974) |
e Jaya Prakash Narayan Committee (1974) |
« Goswami Committee on Plectoral Reforms (1990) !
« Vohra Committee Report (1993) |
e Indrajit Gupta Committee on State Funding of
Elections (1998)
* Law Commission Report on Reform of the Electoral
Laws (1999)
e National Commission to Review the Working of the
Constitution (2001)
e Election Commission of India - Proposed Electoral
Reforms (2004)
° Jeevan Keddy Committee (2004)
¢ The Second Administrative Reforms Commission
(2008)"
15,"Proportional representation is not
necessary for a country where:",There are no reserved constituencies,a two-party system has developed,the first-past-post system prevails,"there is a fusion of Presidential and
Parliamentary forms of government",UPSC CSE (Pre),1997.0,b,"Exp) Option b is the correct answer.
Proportional representation is a system of voting in which
the number of seats a party wins is proportional to the
number of votes it receives. This system is often used in
countries with a multi-party system, as it ensures that all
shades of opinion are represented in the legislature. A two-
party system is a system in which there are only two major
political parties. In a two-party system, the party that wins
the most votes usually wins a majority of the seats in the
legislature. This means that there is no need for proportional
representation, as the majority party will already be
represented in the legislature."
16,"Which one of the following is correct
in respect of the commencement of the
election process in India?","The recommendation for election is made
by the Government, and the notification
for election is issued by the Election
Commission.","The recommendation for election is made
by the Election Commission, and the
notification for election is issued by the
Home Ministry at the Centre and Home
Departments in the States.","The recommendation for election is
made by the Election Commission, and
the notification for election is issued by
the President and Governors of the States
concerned.","Both the exercises of making a
recommendation for election and that of
issuing a notification in respect of it are
done by the Election Commission.",UPSC CSE (Pre),1995.0,c,"Exp) Option c is the correct answer.
The Election Commission decides the schedule for elections
to the Parliament or the State Legislature, taking into account
the recommendations of the respective government. While
the Election Commission announces the schedule, the actual
election process commences only after the President, or the
Governor issues the official notification.
Important Tips
Role of the President in Elections:
e As the head of the state, the President plays a crucial |
role in the electoral process of the country.
e The President’s power to issue the election notification
marks the beginning of the electoral process.
e The appointment of the Chief Election Commissioner
and other Election Commissioners is made by the
President.

o The President ensures that the elections are conducted
with fairness and impartiality.

* Role of the Election Commission of India:

+ The Election Commission of India (ECI) operates as
an independent constitutional body with the primary
responsibility of conducting transparent elections in
the country.

« The ECI proposes the dates for the elections to the
President of India,

e It lays down the rules and regulations for conducting
elections and ensures compliance by all involved
parties,

« The ECI conducts elections for the Lok Sabha, Rajya
Sabha, and State Legislative Assemblies."
17,"If in an election to a State Legislative
Assembly, the candidate who is declared
elected loses his deposit, it means that-",The polling was very poor.,"The election was for a multi-member
constituency.","The elected candidate’s victory over his
nearest rival was very marginal.","A very large number of candidates
contested.",UPSC CSE (Pre),1995.0,d,"Exp) Option d is the correct answer.

If a candidate fails to secure the minimum percentage of
votes required in an election to a State Legislative Assembly,
it results in the forfeiture of the candidate’s deposit. The
minimum percentage of votes needed to retain the deposit is
1/6th of the total votes polled. This outcome signifies that
the candidate was unable to gather sufficient support from
the voters during the election. The reason for low support
could be that a very large number of candidates contested,
leading to the division of votes among them. This makes it
difficult for any one candidate to obtain a significant number
of votes."
18,"Which one of the following statements
regarding Exit Poll is correct?","Exit Poll is a term used to denote a post-
election survey of voters regarding the
candidates in whose favour they had
exercised their franchise","Exit Poll and Opinion Polls are one and
the same","Exit Poll is a device through which results
of voting can be most exactly predicted","Exit Poll is an administrative device
made recently by the Chief Election
Commissioner to prevent impersonation",UPSC CSE (Pre),1994.0,a,"Exp) Option a is the correct answer.

Exit poll is a survey of voters conducted after they have
cast their ballots. The purpose of an exit poll is to gauge
the voting preferences of the electorate and to predict the -
outcome of an election. Opinion polls, on the other hand,
are surveys of voters conducted before they have cast their
ballots. The purpose of an opinion poll is to gauge the voting
preferences of the electorate and to predict the outcome of
an election."
19,"Which of the election system have been
adopted for different elections in India?

1. Direct Election System on the basis of
Adult Suffrage.

2. System of Proportional representation by
a Single Transferable Vote.

3. List System of Proportional
Representation.

4, The cumulative Voting system of Indirect
Election.

Choose the correct answer from the given

code.",l and 2,land 3,"1,2 and 3","2,3 and 4",UPSC CSE (Pre),1994.0,a,"Exp) Option a is the correct answer.

Statement 1 is correct- Direct Election System on the basis
of Adult Suffrage is used for elections to the Lok Sabha
(House of the People) and State Legislative Assemblies. It
allows citizens above the age of 18 years (adult suffrage) to
vote directly for their representatives.

Statement 2° is’ correct-The System~ of - Proportional
representation by a Single Transferable Vote is used for the
elections to the President and Vice-President. It is a form of
proportional representation where voters rank candidates
in order of preference, and candidates need to reach a
certain quota to be elected.

Statement 3 is incorrect- The List System is a proportional
representation system in which voters vote for a party, not

for a specific candidate. The party then presents a list of
candidates, and the seats in the legislature are allocated to
the parties in proportion to the number of votes they receive.
This system is not used in India.
Statement 4 is incorrect- The Cumulative System is an
indirect election system in which voters vote for a group of
candidates, not for a single candidate. This system is used
in the USA for election to the members of Senate."
20,"Which of the following are the functions of
the Election Commission of India?

1. To conduct elections for the post of
Speaker and Deputy-speaker of Lok
Sabha and the Deputy Chairman of Rajya
Sabha.

2, To conduct elections for the municipality
and municipal corporations.

3. To make a decision on all the doubts and
disputes arising from the election.

Select the correct answer from the code given

below:",land 2,land 3,2 and 3,None of the above,UPSC CSE (Pre),1994.0,d,"Exp) Option d is the correct answer.
Statement 1 is incorrect- The elections for the post of
Speaker and Deputy-Speaker of Lok Sabha and the Deputy
Chairman of Rajya Sabha are conducted by the respective
Houses of Parliament (Lok Sabha and Rajya Sabha)
themselves.
Statement 2 is incorrect- Local body elections, including
elections for municipalities and municipal corporations, are
conducted by the respective State Election Commissions in
each state,
Statement 3 is incorrect- The power to make a decision
on all the doubts and disputes arising from the election to
the President and Vice President is vested in the Supreme
Court and for election to Parliament and State Legislature
is vested in High Court.
Important Tips
Some important functions of the Election Commission of
India:
¢ Delimitation of Electoral Constituencies: The
Election Commission is responsible for determining
the territorial areas of electoral constituencies across
the country, ensuring a fair and equitable distribution of
constituencies based on the Delimitation Commission
Act.
| e Electoral Roll Preparation and Revision: The
Election Commission plays a crucial role in preparing
and periodically updating electoral rolls, ensuring
the registration of all eligible voters and maintaining
accurate voter lists.
« Conducting Elections: The Election Commission
| is tasked with notifying the dates and schedules
| of elections, scrutinizing nomination papers, and
overseeing the entire electoral process to ensure fair
| and transparent elections.
|» Recognition of Political Parties: The Election
| Commission grants recognition to political parties
and allocates election symbols to them, which is a
significant aspect of the democratic electoral process.
« Dispute Settlement: The Election Commission acts
as a court for settling disputes related to granting |
' recognition to political parties, allotment of election |
symbols, and inquiring into disputes regarding
electoral arrangements. |"
21,"Who recommended to end = Indian

Administrative Services and Indian Police

Services?",Dhebar Commission,Kalelkar Commission,Kher Commission,Rajamannar Commission,UPSC CSE (Pre),1993.0,d,"Exp) Option d is the correct answer :
The Rajamannar Commission, Rajamannar Commission
on Centre State relation was set up by the then Government

of Tamil NAdu in 1960 under under the Chairmanship of
Dr. P.V. Rajamanar. It was appointed to examine all aspects
of Centre-State relations and to investigate and identify
the causes of unitary tendencies in Central-State relations.
It proposed the abolition of JAS and IPS due to their
excessive centralization, which was seen as a hindrance to
local self-government."
22,"The question considered by Swarn Singh

Committee was related to -","More autonomy for Punjab than Jammu
and Kashmir.","Suitability of President oriented
governance for India.","Priority to Directive Principles of State
Policy in comparison to fundamental
rights.","Administrative reform.
eae
Lead Questions ve UV VUE NEVES EEN S:",UPSC CSE (Pre),1993.0,c,"Exp) Option c is the correct answer
The Swaran Singh Committee, formed in 1976, was tasked
with examining the relationship between the DPSP and
fundamental rights. The committee explored ways to ensure
greater effectiveness and implementation of DPSP and to
harmonize their objectives with fundamental rights.
Important Tips

Swaran Singh Committee Recommendations:

1. A separate chapter under the name Fundamental
Duties was recommended for inclusion in the Indian
Constitution.

2. The committce proposed eight Fundamental Duties,
but the 42nd amendment included ten. Not every
recommendation was approved out of the whole set of
recommendations.

3. Certain recommendations of the Committee were
not accepted by the Congress Party and hence, not
incorporated in the Constitution. These include:

+ The Parliament may provide for the imposition of
such penalty or punishment as may be considered
appropriate for any non-compliance with or refusal to
observe any of the duties.

e No law imposing such penalty or punishment shall
be called in question in any court on the ground of
infringement of any of Fundamental Rights or on the
ground of repugnancy to any other provision of the
Constitution.

| « Duty to pay taxes should also be a Fundamental Duty
of the citizens.
nana
ED) | Other g Examination Previous 4 Years?
Tey re Es EE: BR, RS he RA By, fi Gas Sas SEB gs, ae Ses:
i” Questions eee ae Sy SE PA as"
23,"A Joint Public Service Commission for two

or more States can be established by-","Parliament, if requested by concerned
States",Lok Satha,Union Public Service Commission,Rajya Sabha,U.P.P.C.S. (Pre),2022.0,a,"Exp) Option a is the correct answer
According to Article 315(2) of the Indian Constitution,
two or more States may pass a resolution in their respective
legislatures, agreeing to establish a Joint State Public Service
Commission. Upon such agreement, Parliament can enact
a law for the appointment of the Joint Public Service
Commission.

Important Tips

Joint State Public Service Commission |

» A JSPSC is a statutory body. It does not have the |
status of a constitutional body.

a ee |
| ¢ For a brief while after the establishment of Haryana |
from Punjab in 1966, the two states of Punjab and |
Haryana had a JSPSC. !

e The chairman and members of a JSPSC are appointed |
by the President. |

¢ They hold the office for a period of six years or until |
they reach the age of 62, whichever comes first. |

« They can be fired or suspended by the President. They
can also send the president their resignation letters at
any time,

e The president determines the number of JSPSC
members and their service conditions.

« A Joint State Public Service Commission presents
each of the concerned state governors with an annual
performance report. The report is presented to the

| state legislature by the governor."
24,"A member of State Public Service

Commission may be removed by -","The Governor onthe basisofimpeachment
in Vidhan Sabha","The Governor, after the enquiry
conducted by the Supreme Court","The President, after the enquiry
conducted by the Supreme Court","The Governor, after the enquiry
conducted by the High Court",U.P.P.C.S. (Pre),2021.0,c,"Exp) Option c is the correct answer
Article 317 of the Constitution of India provides that a
member of a State Public Service Commission (SPSC)
may be removed by the President on the ground of proved
misbehaviour or incapacity after the enquiry conducted by
the Supreme Court.

Important Tips

Article 317(3): Conditions for Removal

The Chairman or any other member of UPSC may be

removed if he/she:

« is adjudged an insolvent.

* engages during his/her term of office in any paid
employment outside the duties of his/her office.

« is, in the opinion of the President, unfit to continue
in office by reason of infirmity of mind or body."
25,"Given below are two statements one is
labelled as Assertion (A) and other as

Reason (R): 

Assertion (A): The President of India

determines the qualifications of the Chairman

and Members of the Finance Commission.

Reason (R): Chairman and members are

appointed by the President of India.

Select the correct answer using the codes
given below.","Both (A) and (R) are true and (R) is
correct explanation of (A)","Both (A) and (R) are true, but (R) is not
correct explanation of (A)","(A) is true, but (R) is false","(A) is false, but (R) is true",U.P.P.C.S. (Pre),2021.0,d,"Exp) Option d is the correct answer

Article 280 of the Constitution of India provides for a Finance
Commission as a quasi-judicial body. It is constituted by
the President of India every fifth year or at such an carlicr
time as he considers necessary. The Finance Commission
consists of a chairman and four other members to be
appointed by the president. They hold office for such a
period as specified by the president in his order. They are
eligible for reappointment. The Constitution authorises the
Parliament to determine the qualifications of members of
the commission and the manner in which they should be
selected."
26,"Consider the facts given below:
1. Sukumar Sen was the first Chief Election
Commissioner of India.
2. Rama Devi was the first woman Chief
Election Commissioner of India.
Choose the correct answer from the codes
given below.",Only 1 is correct,Only 2 is correct,Both 1 and 2 are correct,Both 1 and 2 are incorrect,U.P.P.C.S. (Pre),2021.0,c,"Exp) Option c is the correct answer.

Statement 1 is correct- Sukumar Sen was the first Chief
Election Commissioner of India. He served from 21 March
1950 to 19 December 1958.

Statement 2 is correct- Rama Devi was the first woman

Chief Election Comnnissioner of India. She served from 26

January 1975 to 31 December 1977."
27,"In the removal of which of the following
officials does the Parliament NOT play any
role?
1, Judges of High Court
2. Judges of the Supreme Court
3. Chairman of the Union Public Service
Commission
4. Comptroller and Auditor General of India
Choose the correct answer from the codes
given below:",1 and 2 only,3 and 4 only,"1,2 and 3 only",3 only,U.P.P.C.S. (Pre),2020.0,d,"Exp) Option d is the correct answer

According to Article 317, the removal of the Chairman of

the Union Public Service Commission (UPSC) can only

be done by the President based on the ground of proved

misbehavior or incapacity. Parliament is not involved in

the process. The removal process involves a reference made

by the President to the Supreme Court, which conducts an

inquiry following the procedure prescribed under Article

145, The Supreme Court’s report determines whether the

Chairman should be removed from their office. In the

removal of Judges of High Court, Supreme Court and

CAG, Parliament is involved.

Important Tips
« A member of the higher judiciary, which means the
Judges and Chief Justices of the Supreme Court of
India and the state High Courts, can be removed from
service only through the process of impeachment by
Parliament under Article 124 (4) of the Constitution
and Judges Inquiry Act 1968.
¢ The Comptroller and Auditor General of India shall be

appointed by the President by a warrant under his hand
and seal and shall only be removed from office by an
order of President passed after an address by each
House of parliament supported by a majority of the

| total membership of that house and by a majority of

| not less than two-thirds of the members of that house

| present and voting has been presented to the President

| in the same session for such removal on the ground of

|___ proved misbehavior or incapacity."
28,"In which year was accounting separated
from auditing and the Comptroller and
Auditor General’s task only remained
confined to auditing the Government
Accounts?",1975,1977,1976,1981,U.P.P.C.S. (Pre),2019.0,c,"Exp) Option c is the correct answer.

The accounting function was separated from the auditing

function in 1976, when the Department of Expenditure

was bifurcated into two separate departments, namely,

Department of Expenditure and Department of Accounts and

Audit. The latter was renamed as Department of Expenditure

and Controller General of Accounts in 1985.

Since then, the CAG’s duty is only confined to auditing

the government accounts, while the accounting function is

performed by the various departments themselves with the

help of the Indian Civil Accounts Service."
29,"Which of the following is an_ extra
constitutional agency?",Union Public Service Commission,Finance Commission,Election Commission,NITI Aayog,"U.P.P,C.S.(Pre)",2018.0,d,"Exp) Option d is the correct answer.

NITI Aayog is an extra constitutional agency as it is not

mentioned in the Constitution. It is created by Executive

orders of the Union Cabinet.

Important Tips

« Extra- Constitutional Bodies are those which are not |
defined in the Constitution of India. |

« Extra- Constitutional Bodies are of further two
types: ; |

e Statutory Bodies: These are those bodies that are |
formed by passing a law of either of the parliament of
India or by the respective state legislature(s).

« Some examples are: SEBI, National Human Rights |
Commission, National Green Tribunal, etc.

* Executive Bodies: These are those bodies that are
formed by the executive order of the government.
There is no need for parliament or state legislatures
approval to form these bodies.

« For example: Niti Aayog, National Development
Council, Law Commission, etc.

¢ Constitutional Bodies are those which are defined
in the constitution of India and derives their powers,
limitations and other features directly from the
Constitution of India. These are those bodies which are
clearly mentioned in some article of the Constitution
itself.

« Forexample- UPSC, State Public Service Commissions,
CAG, Election Commission, Finance Commission and

|___many others are constitutional Bodies."
30,"Given below are two statements:

Assertion (A): Model code of conduct is to

be followed by political parties as soon as an

election is announced.

Reason (R): Model code of conduct was

enacted by Parliament.

Choose the correct answer from the code

given below:","Both (A) and (R) are true and (R) is the
correct explanation of (A).","Both (A) and (R) are true and (R) is not
the correct explanation of (A).",(A) is true but (R) is false.,(A) is false but (R) is true.,U.P.P.C.S. (Pre),2017.0,c,"Exp) Option c is the correct answer.

Assertion (A) is true- The MCC (Model Code of Conduct)
consists of guidelines issued by the Election Commission
to govern the behavior of political parties and candidates
before elections. While it is not a legally binding document,
Political Parties, Candidates, and Polling Agents are expected
to adhere to these norms. The Model Code of Conduct
(MCC) is in effect from the date the Election Commission
announces the election schedule until the date the results are
announced.

Reason (R) is false- The Election Commission of India issues
the Election Model Code of Conduct (MCC), which serves
as a set of guidelines for ensuring free and fair elections in
the country."
31,"Consider the following statements and
select the correct answer from the code
given below:


Assertion (A): State Finance Commission is
a Constitutional body.

Reason (R): Union Finance Commission

cannot recommend financial assistance to

Panchayats.

Code:","Both (A) and (R) are true and (R) is the
correct explanation of (A)","Both (A) and (R) are true, but (R) is not
the correct explanation of (A)","(A) is true, but (R) is false","(A) is false, but (R) is true",U.P.P.C.S. (Pre) (Re. Exam),2015.0,c,"Exp) Option c is the correct answer

The State Finance Commission is a Constitutional Body, as
it is formed under the 73rd Constitutional Amendment Act. -
1992. According to article 280 (3) (bb) - It shall be the duty of
the Commission to make recommendations to the President
as to - the measures needed to augment the Consolidated
Fund of a State to supplement the resources of the Panchayats
in the State on the basis of the recommendations made by the
Finance Commission of the State.

Important Tips |
¢ Under Article 280, the State Finance Commission was
established in all the states of India from 1993 on the |
lines of the Finance Commission of the Center. |
« According to Article 243 I of the Indian Constitution,
the State Finance Commission is appointed by the
Governor for a period of 5 years.
e The Governor also appoints the other members
(maximum 4) for the commission."
32,"In which of the following States, the office
of Lokayukta was, first established?",Maharashtra,Uttar Pradesh,Bihar,Odisha,U.P.P.C.S. (Pre) (Re-Exam),2015.0,a,"Exp) Option a is the correct answer
Maharashtra was the first state to introduce Lokayukta.
The Maharashtra Lokayukta and Upa-Lokayuktas Act, 1971
was passed by the Maharashtra Legislative Assembly in 1971,
and it came into effect on October 25, 1972. The Lokayukta
is an independent statutory authority that investigates
allegations of corruption against public officials in the state
of Maharashtra."
33,"The concept of Human Rights primarily
emphasizes on",Right to Property,Right to equality,Right to Religion,Dignity of Man as a Human Being,U.P.P.C.S. (Mains),2014.0,d,"Exp) Option d is the correct answer
The concept of human rights is based on the belief that
all human beings are born free and equal in dignity and
rights. This means that all human beings have certain
fundamental rights and freedoms, simply because they are
human beings. The dignity of man as a human being is the
foundation of the coucept of human rights. It is the belief
that all human beings are worthy of respect and that they
should be treated with dignity.
Important Tips |
Natural Rights: |
« Fundamental rights inherent to every individuai as }
human beings. |
e Notgranted by any government or authority, considered
universal and inalienable.
- Examples: The right to life, the right to liberty, the |
right to possess property, the right to make a living
|
Constitutional Rights: |
¢ Specifically protected and guaranteed by a country’s
constitution.
¢ Ensured by the constitution to provide legal protection
to citizens.
e Examples: Freedoms of speech, religion, assembly, etc
| Legal Rights:
|
[+ Recognized and enforced by the legal system of a
| country.
| « Encompass natural and constitutional rights, as well as
| other rights created by laws and regulations.
| « Examples: Right to education, right to a fair trial, rights
| related to employment."
34,"The Principles for election to the State
Legislatures include:

1. It will be on the basis of adult suffrage.
2. There will be only one electoral roll for
every territorial constituency.

3. Religion, Race, Sex, etc., will have no
place in the formation of the electoral
roll.

4. The political parties will be free to have
their norms.

Select the correct answer from the given code:","1,3 and 4","2,3 and 4","1,2 and 3",All the four,U.P.P.C.S. (Mains),2011.0,d,"Exp) Option d is the correct answer.
Statement 1 is correct- The election to the State Legislature
is on the basis of adult suffrage. This means that all citizens
above 18 years of age have the right to vote in elections.
Statement 2 is correct- According to Section 15 of
Representation of People Act, 1950, each territorial
constituency will have only one electoral roll containing the
names of eligible vaters.
Statement 3 is correct- According to the Article 325 of the
Indian Constitution, the electoral roll is prepared without
any consideration of factors like religion, race, sex, etc.,
ensuring impartiality and non-discrimination.
Statement 4 is correct- According to the Representation of
People Act, 1951-Political parties are allowed to have their
internal rules and regulations as long as they abide by the
laws and regulations sct by the Election Commission."
35,"Which Constitutional Amendment reduced
the voting age from 21 years to 18 years?",Sixty-third Amendment,Sixty-second Amendment,Sixty-first Amendment,Sixtieth Amendment,U.P.P.C.S. (Mains),2010.0,c,"Exp) Option c is the correct answer.
The Sixty-first Amendment of the Constitution of India,
passed in 1988, reduced the voting age from 21 years to 18
years, The amendment was passed to give citizens of India
above 18 years of age, the right to vote.
Important Tips
¢ Sixty-third Amendment- Punjab was brought at |
par with the other states in respect of emergency |
provisions.
| ¢ Sixty-second Amendmeut- Extended the reservation
of seats for the SCs and STs and special representation |
for the Anglo-Indians in the Lok Sabha and the state
legislative assemblies for the further period of ten
years (i.e., up to 2000).
| « Sixtieth Amendment- Increased the ceiling of taxes
| on professions, trades, callings and employments
from ‘250 per annum to ‘2,500 per annum."
36,"Which one of the following functions is not
related to the Election Commission?
'","Direction and control of the preparation
of the electoral rolls.","Conduct of all elections to the Parliament
and Legislatures of every State.","To conducts the election of the Offices of
President and Vice-president.","To make provision with respect to
elections to Legislatures.",U.P.P.C.S. (Mains),2009.0,d,"Exp) Option d is the correct answer.
The Election Commission is an independent body that is
responsible for conducting elections to the Parliament and
State Legislatures in a free and fair manner. The Parliament
(and not the Election Commission) has the power to make
provision with respect to clections to Legislatures."
37,"Who decides disputes regarding
disqualification of Members of Parliament?",The President,The Concerned House,The Election Commission,"The President in consultation with the
Election Commission",U.P.P.C.S. (Mains),2009.0,d,"Exp) Option d is the correct answer.
Under Article 103 of the Constitution of India, disputes
regarding the disqualification of Members of Parliament are
decided by the President in consuitation with the Election
Commission. The advice tendered by Election Commission
in this regard is binding on the President of India."
38,"Which Act established Public Service

Commission in India for the first time?","Indian Council Act, 1892","Council Act, 1909","Government of India Act, 1919","Government of India Act, 1935",U.P.P.C.S. (Pre),2008.0,c,"Exp) Option c is the correct answer

The Government of India Act, 1919, established the Public
Service Commission in India for the first time. Hence
Central Public service commission was set up in 1926 for
recruiting Civil servants. The Public Service Commission
was set up to oversee the recruitment and appointments to
the civil services of the British India government."
39,Whois called the Guardian of Public Purse?,President,Comptroller and Auditor General,Parliament,Council of Ministers,U.P.P.C.S. (Mains),2008.0,b,"Exp) Option b is the correct answer.

The Comptroller and Auditor General (CAG) of India is
often referred to as the “Guardian of Public Purse.” This
title is attributed to the CAG because of their role in auditing
and ensuring accountability in the financial administration
of the government. The CAG is responsible for examining
and reporting on the collection and expenditure of public
funds, ensuring that they are utilized in a lawful and efficient
manner,

He ensures that all expenditure made from the
Consolidated Fund of India and each State and Union
Territory is done as per law and that the executive (i.e., the
council of ministers) is accountable to Parliament and State
Legislatures and through them to the people in the area of
financial administration."
40,"Given below are two statements:

Assertion (A): Powers for conducting

elections to the Parliament and State

Legislatures in a free and fair manner have

been given to an independent body i.e., the

Election Commission.

Reason (R): Power of removal of Election

Commissioners is with the executive.

In the context of above, which one of the

following is correct?","Both (A) and (R) are true, and (R) is the
correct explanation of (A).","Both (A) and (R) are true, but (R) is not a
correct explanation of (A).","(A) is true but, (R) is false.","(A) is false but, (R) is true.",U.P.P.C.S. (Pre),2006.0,b,"Exp) Option b is the correct answer.

Assertion (A) is true- The Election Commission is an
independent body that is responsible for conducting
elections to the Parliament and State Legislatures in a free
and fair manner. The Election Commission has been given
a number of powers to ensure that elections are conducted
fairly, including the power to register political parties, to
derecognize political parties, to conduct elections, and to
disqualify candidates.

Reason (R) is true- The power of removal of Election
Commissioners is with the President of India, who is the
head of the executive. However, the President can only
remove an Election Commissioner on the grounds of proved
misbehavior or incapacity. However, Reason (R) is not a
correct explanation of Assertion (A)."
41,"Which one of the following duties is not
performed by Comptroller and Auditor
General of India? [U.P.P.C.S. (Mains) 2004,
UPSC CSE (Pre) 2001]","To audit and report on all expenditure
from the Consolidated Fund of India","To audit and report on all expenditure
from the Contingency Funds and Public
Accounts","To audit and report on all trading,
manufacturing, profit and loss accounts","To control the receipt and issue of public
money, and to ensure that the public
revenue is lodged in the Exchequer.",,,d,"Exp) Option d is the correct answer.

The dutics and powers of CAG are mainly derived from
Articles 149 to 151 of the Constitution and the Comptroller
and Auditor General's (Duties, Powers and Conditions of
Service) Act, 1971.

The power to control the receipt and issue of public
money, and to ensure that the public revenue is lodged in
the Exchequer is not a duty performed by CAG. This power
belongs to the executive branch of the government under
Article 266 to 268A of the Constitution.

Important Tips

The duties of CAG include:

To audit and report on all expenditure from the

Consolidated Fund of India, Consolidated Fund of each

State, Consolidated Fund of each Union Territory having |

a Legislative Assembly, Contingency Funds and Public

Accounts of India, and Contingency Funds and Public

Accounts of each State or Union Territory having a |

Legislative Assembly under Article 149. |

« To audit and report on all trading, manufacturing, |
profit and loss accounts, balance sheets, and other |
subsidiary accounts kept by any department of the
Union or a State.

« To perform such duties and exercise such powers in
relation to the accounts of any other authority or body
as may be prescribed by or under any law made by
Parliament under Article 149

e To submit his/her audit reports to the President or
Governor."
42,Accounts of the States are controlled by the:,Governor,Chief Minister,State Finance Secretary,None of these,U.P.P.C.S. (Mains),2003.0,d,"Exp) Option d is the correct answer.

The accounts of the States are controlled by the Comptroller
and Auditor General of India (CAG), who is the supreme
audit authority of the country and audits the accounts of the
Union and State governments.

The CAG is responsible for compiling the accounts of ail
States, as per Section 11 of the Comptroller and Auditor
General’s (Duties, Powers and Conditions of Service) Act,
1971. The accounts of the States are kept in such forms as the
President may, on the advice of the CAG, prescribe under
Article 150 of the Constitution. The CAG submits his/her
audit reports on the accounts of the States to the Governor,
who shall cause them to be laid before the Legislature of the
State under Article 151 (2) of the Constitution."
43,"Consider the following statements regarding
appointment of National Commission for
reviewing the Constitution-

1, The report will be of recommendatory
nature,

2. The appointment was approved by
Parliament.

3, It is presided over by Chief Justice M.N.
Venkatchelaiya.

4, Jt will focus on socio-economic needs of
the country.

Which of these statements are correct?



 land 2",,land 3,"1,2 and 3","2,3 and 4",U.B.B.C.S. (Pre),2003.0,b,"Exp) Option b is the correct answer

Statement 1 is correct: The report of the commission was of
a recommendatory nature, and any proposed amendments
would need to be approved and adopted by Parliament.
Statement 2 is incorrect: The National Commission for
Revising the Constitution was appointed by the Government
of India in 2000.

Statement 3 is correct: The Commission was headed by
Justice M.N. Venkatchelaiah, a former Chief Justice of India.
Statement 4 is incorrect: The primary task of the Nationa)
Commission for reviewing the Constitution was to examine
its provisions and propose necessary amendments. The
commission’s scope did not specifically include addressing
the socio-economic needs of the country."
44,"The Chief Election Commissioner can be

removed from office by-","Both Houses of Parliament by two-thirds
majority in each House.","The same procedure applies in the case of
removal of Supreme Court Judges.","The President of India in consultation
with the Chief Justice of India.","The President on the advice of the Council
of Ministers.",U.BP.C.S. (Mains),2002.0,b,"Exp) Option b is the correct answer.

The Chief Election Commissioner can be removed from
office by the same procedure which applies in case of removal

of Supreme Court Judges. This means that the Chief Election
Commissioner can be removed from office only on the
grounds of proved misbehavior or incapacity and he can be
removed by the president only when a motion is passed by
both Houses of Parliament with a two-thirds majority."
45,"Given below are two statements, in which
one is Assertion and second is Reason:
Assertion (A): The definition of term
‘Minority’ is not given in the Constitution of
India.

Reason (R): Minority Commission is not a

Constitutional body.

Which of the following is correct in regards to

the statements above?","Both (A) and (R) are true, and (R)
explains (A) correctly.","Both (A) and (R) are true, but (R) does
not explain (A) correctly.","(A) is true, but (R) is false.","(A) is false, but (R) is true.",U.P.P.C.S. (Pre),1991.0,b,"Exp) Option b is the correct answer

Assertion (A) is true: Constitution of India does not define
the term “minority”. The term is used in several articles of
the Constitution, but it is not defined anywhere.

Reason (R) is true: The Minority Commission, also known as
the National Commission for Minorities, is a statutory body
established by an Act of Parliament (National Commission
for Minorities Act, 1992).

Both (A) and (R) are true, but (R) does not explain (A)
correctly: The two statements are independent of each other,
and there is no causal relationship between both statements."
46,"Which one of the following is not correct
about NITI Aayog?","It was set up to replace the Planning
Commission",It has a full-time Chairman,It was set up in January 2015,"It is based on the principle of Cooperative
Federalism",U.P. Lower Sub. (Pre),2015.0,b,"Exp) Option b is the correct answer.

Option a and c are correct: On 1 January 2015, the
Government of India has decided to set up NITI Aayog
(Nationa) Institution for Transforming India), in place of
the erstwhile Planning Commission, as a means to better
serve the needs and aspirations of the people of India.
Option b is incorrect: The Prime Minister is the Chairperson
of NITI Aayog. He/She shall be the Chairman as long as he/
she is the Prime Minister. So NITI Aayog does not have a
full-time Chaieman.

Option d is correct: NITI Aayog has been constituted to
actualise the important goal of cooperative federalism and
to enable good guvernaace in India."
47,"Given below are two. statements, one
labelled as Assertion (A) and the other as
Reason (R):

Assertion (A): The system of proportional

representation may solve the problem of

minority representation to some extent.

Reason (R): The system of proportional

representation enables due representation to

all types of groups based on ethnicity, gender,

interests, and ideologies.

Choose the correct answer from the code

given below:","Both (A) and (R) are true, and (R) is the
correct explanation of (A).","Both (A) and (R) are true, but (R) is nota
correct explanation of (A).","(A) is true, but (R) is false,","(A) is false, but (R) is true.","U.P, Lower Sub. (Mains)",2013.0,a,"Exp) Option a is the correct answer.

Assertion (A) is true- Proportional representation
guarantees the representation of diverse opinions in the
legislature, including minority perspectives. This is possible
because even if a minority party doesn’t secure a majority
of votes, it can still win a few seats in the legislature. This
gives the minority party a voice in the legislature and helps
to ensure that their interests are represented.

Reason (R) is true- The system of proportional representation
enables due representation to all types of groups based on
ethnicity, gender, interests, and ideologies. This is because
the number of seats a party wins is proportional to the
number of votes it receives. This means that even if a small
group of people have a particular interest, they can still be
represented in the legislature if they vote for a party that
represents their interests."
48,"The system of proportional representation
as an electoral mechanism ensures-

[U.P. Lower Sub. (Pre) 2013, U.P.B.C.S. (Pre)
2013]",Majority rule,Stability in Government,Common political thinking,Representation of minorities,,,d,"Exp) Option d is the correct answer.

Proportional representation is a voting system where a
party’s seat allocation is directly proportional to the votes
it garners. Proportional representation helps to ensure that

minorities are represented in the legislature. This is because

even if a minority party does not win a majority of the votes,

it may still be able to win a few seats in the legislature. This

gives the minority party a voice in the legislature and helps

to ensure that their interests are represented."
49,"The Chief Election Commissioner of India
is appointed by-",Lok Sabha,Prime Minister,President,Chief Justice,Uttarakhand P.C.S. (Pre),2010.0,c,"Exp) Option c is the correct answer.

The Chief Election Commissioner of India is appointed

by the President of India. The appointment is made in

consultation with the Prime Minister, the Chief Justice of

India, and the Leader of the Opposition in the Lok Sabha.

The Chief Election Commissioner is the head of the Election

Commission of India, which is responsible for conducting

elections to the Lok Sabha, the Rajya Sabha, and the State

Legislative Assemblies. He is also responsible for ensuring

that elections are conducted in a free and fair manner.

| Important Tips

| Structure of Election Commission of India:

| ¢ Since its inception in 1950 and till 1989, the Election
Commission functioned as a single member body
consisting of the Chief Election Commissioner only.
But the Election Commissioner Amendment Act of
1989 transformed it into a multi-member body.

* As per Article 324 of the Indian Constitution, the |
Election Commission consist of the Chief Election
Commissioner and such number of other Election
Commissioners as the President from time-to-time
fix, At present, it includes the CEC and two other
Election Commissioners.

« At the state level, the Chief Electoral Officer, an UPSC

| _ CSE rank Officer, assists the Election Commission."
50,"When was the Universal Declaration of
Human Rights adopted by the United
Nations?","10 January, 1920","4 April, 1949","24 October, 1945","10 December, 1948",Jharkhand P.C.S. (Pre),2021.0,d,"Exp) Option d is the correct answer

The Universal Declaration of Human Rights (UDHR)
was adopted by the UN General Assembly in Paris on 10
December 1948 during its 183rd plenary meeting. The
UDHR sets out the fundamental human rights and freedoms
that everyone is entitled to, regardicss of their race, sex,
nationality, ethnicity, language, religion, or any other status."
51,"Union Public Service Commission may
agree to serve the needs of the state-","On request of the Chief Minister with
approval of the Prime Minister.","On request of the election Commission
with approval of the President.","On request of the Governor with approval
of the Prime Minister.","On request of the Governor with approval
of the President.",Jharkhand P.C.S. (Pre),2021.0,d,"Exp) Option d is the correct answer

Article 315(4) of the Indian Constitution allows the Union
Public Service Commission (UPSC) to serve a state’s needs
upon the Governor’s request with the President’s approval.
The UPSC can conduct exams or advise the state government
on recruitment and promotions, but it’s not obliged to do
so. The President approves the request if it aligns with the
public interest."
52,"Consider the following statements and
choose the correct answer from the code
given below: 

Assertion (A): The Duty of Comptroller and
Auditor General is not merely to ensure the
legality of expenditure but also its propriety.
Reason (R): He has to uphold the Constitution
and the Laws of Parliament in the field of
financial administration.

Code:",(A) is false but (R) is true,"Both (A) and (R) are true and (R) is the
correct explanation of (A)",(A) is true but (R) is false,"Both (A) and (R) are true but (R) is nota
correct explanation of (A)",R.A.S./R.T.S. (Pre),2021.0,b,"Exp) Option b is the correct answer.

Assertion (A) is correct: The duty of CAG is not merely to
ensure the legality of expenditure but also its propriety.

This means that he/she has to examine whether the
expenditure is in accordance with the rules and regulations,
as well as whether it is prudent, economical, and efficient.
Reason (R) is correct: He/she has to uphold the Constitution
and the laws of Parliament in the field of financial
administration. This means that he/she has to ensure that
the executive (i.e., the council of ministers) is accountable to
Parliament in the area of financial administration. The CAG’s
role is not limited to verifying the legality of expenditures but
also extends to upholding the constitutional and legislative
provisions related to financial administration."
53,"Central Vigilance Commission was set up
on the recommendation of -",Gorwala Report,Kriplani Committee,Santhanam Committee,"Administrative Reforms Commission of
India",R.A.S./R.7.S. (Pre),2018.0,c,"Exp) Option c is the correct answer
The Central Vigilance Commission (CVC) was established
in 1964 on the recommendations of the Santhanam
Committee, which was set up in 1962 to review the working
of the central government’s anti-corruption machinery. It
had suggested a high-powered central agency to investigate
corruption cases involving government employees and
recommend disciplinary action against corrupt officials.
Important Tips

The Gorwala Committee (1951) recommendations to

enhance India’s public administration:

¢ The committee proposed changes in the recruitment
process for administrators to ensure efficiency and
competence in the civil services.

« Emphasis was placed on improving training to equip
administrators with necessary skills for effective
governance.

e Mechanisms were suggested to strengthen the
connection between administrators and legislative |
bodies for improved coordination and governance. |

| + Recommendations aimed at establishing a framework |

| for administrators to work closely with the Planning |

Commission for planned economic development. |

| + Setting up of Organisation & Method (O & M) |
divisions at various government levels was suggested
to enhance organizational efficiency."
54,"Choosethecorrect answer: The appointment
of Lok Ayukta at the state level was first
recommended by-","Administrative Reforms Commission of
India (1966-70)",Santhanam Committee,"Rajasthan State Administrative Reforms
Committee","Second Administrative Reforms
Commission",R.A.S./R.T.S. (Pre),2016.0,a,"Exp) Option a is the correct answer

Administrative Reforms Commission of India (1966-70)

was headed by Morarji Desai, and it submitted a report that

recommended the establishment of Lokpal and Lokayukta

at the central and state levels. The commission argued that

these institutions would help to improve the standards of

public administration and to prevent corruption."
55,"The Chairman of a Joint Public Service
Commission fomore States is appointed by-",The President of India,"The President of India on the
recommendation of the Governors
concerned",The Governor of the largest State,"A Committee of Governors of all the
States concerned",R.A.S./R.T.S. (Pre),2016.0,a,"Exp) Option a is the correct answer

According to Article 316(1) of the Indian Constitution,

the Chairman and members of the Union or Joint Public

Service Commission are appointed by the President."
56,"Which one of the following is not the
function of the State Human Rights
Commission?","Enquire suo-moto the violation of Human
Rights",Visit any Jail,Review the protection of Human Rights,"To punish for the violation of Human
Rights",R.A.S./R.T.S.(Pre),2013.0,d,"Exp) Option d is the correct answer

The SHRC does not have the power to punish for the
violation of human rights. This power is vested with the
courts. The SHRC can only recommend measures to the
state government to improve the protection of human rights
in the state."
57,"Inwhich of the following matters is the State
Public Service Commission not consulted?","On the method of recruitment of Civil
Services,","On the principles to be followed in
making appointments to Civil Services.","On the principles to be followed in
making promotions in Civil Services and
transfers from one service to another.",On making transfers of Civil Servants.,R.A.S./R.T.S.(Pre),2013.0,d,"Exp) Option d is the correct answer

The State Public Service Commission is not consulted on
making transfers of Civil Servants because transfers are
considered to be administrative decisions falling under
the purview of the executive branch of the government.
The State Public Service Commission’s role is primarily
limited to matters related to recruitment, appointments,
promotions, and disciplinary matters."
58,"The Comptroller and Auditor-General of
India can be removed from his office in like
manner as-",Speaker of Lok Sabha,Attorney General of India,Judge of the Supreme Court,"Chairman of Union Public Service
Commission",R.A.S/R.T.S. (Pre),2018.0,c,"Exp) Option c is the correct answer.

The CAG can be removed from his/her office in like manner
as a judge of the Supreme Court, who can also be removed
by the President only on an address from both Houses of
Parliament on the grounds of proved misbehaviour or
incapacity under Article 124 (4) of the Constitution."
59,"What is/are true in reference to the Finance Commission?


(i) There are total 5 members in Commission
(ii) At least one member of Commission must be Judge of High Court or Supreme Court
(iii) The Chairman of Commission cannot be reappointed
(iv) First Chairman of Commission was K. Santhanam
Code:","(i), (ii) and (iv)","(i), (ii) and (iii)",(i) and (iii),Only (i),Chhattisgarh P.C.S. (Pre),2021.0,d,"Exp) Option d is the correct answer

The Finance Commission consists of a chairman and four
other members to be appointed by the president. Hence, there
are total 5 members in commission. According to Article
280 (2) of the constitution, Parliament may by law determine
the qualifications which shall be requisite for appointment as
members of the Commission and the manner in which they
shall be selected. Hence, it is not necessary that at least one
member of the Commission must be a Judge of the High
Court or Supreme Court. As per Section 6 in The Finance
Commission (Miscellaneous Provisions) Act, 1951, every
member of the Commission shall hold office for such period
as may be specified in the order of the President appointing
him, but shall be eligible for reappointment: Provided that
he may, by letter addressed to the President, resign his office.
The First Chairman of the Commission was K. C. Neogy
and Fifteenth Chairman is N. K. Singh."
60,"Read the following statements in relation
to reservation of seats in Lok Sabha and
Legislative Assembly, and choose the
correct option:

Statement I: Out of the 543 elected seats in

the Lok Sabha, 84 are reserved for Scheduled

Castes and 44 are reserved for Scheduled

Tribes.

Statement II: Decision, on which constituency

is to be reserved, is taken by the Delimitation

Commission.

Statement III: The Delimitation Commission

is appointed by the Lok Sabha Speaker.

Code:","Statement I, II and ITI all are true.","Statement I is true, but Statement II and
III are false.","Statement I and IIT are false, but Statement
II is true.","Statement I, II and III are all false.",Chhattisgarh P.C.S. (Pre),2020.0,c,"Exp) Option c is the correct answer.

Statement I is incorrect- Out of the 543 elected seats in the
Lok Sabha, 84 are reserved for Scheduled Castes and 47
are reserved for Scheduled Tribes. The allocation of seats
to them is determined based on their percentage of the total
population in the country. This ensures that the reservation
system does not exclude representation for other social
groups in the country.

Statement II is correct- The Delimitation Commission
is responsible for deciding which constituencies are to be
reserved for Scheduled Castes (SCs) and Scheduled Tribes
(STs).

Statement III is incorrect- The Delimitation Commission

is appointed by the President of India and operates in

coordination with the Election Commission of India.
Important Tips

In India, Delimitation Commissions have been constituted

on four occasions: in 1952 under the Delimitation

Commission Act, 1952; in 1963 under the Delimitation

| Commission Act, 1962; in 1973 under the Delimitation Act,
i 1972; and in 2002 under the Delimitation Act, 2002. The
| Delimitation Commission consists of a retired Supreme
| Court judge, the Chief Election Commissioner, and the
| respective State Election Commissioners. The primary
; functions of the Delimitation Conimission are as follows:
|* Determinin the boundaries of territorial
| 8
| constituencies in the country to account for changes
| in population.
| pop
| ¢ Identifying seats reserved for Scheduled Castes and
| Scheduled Tribes in areas where their population is
| _ relatively high."
61,"In which article of the constitution is Adult
Suffrage recognized?",Article 324,Article 325,Article 326,Article 327,Chhattisgarh P.C.S. (Pre),2018.0,c,"Exp) Option c is the correct answer.
Article 326 of the Constitution of India recognizes adult
suffrage. It states that every citizen of India who is 18 years
of age or above on the qualifying date is entitled to be
registered as a voter at any election to the Lok Sabha and
the State Legislative Assemblies.

Important Tips |

Article 324- Superintendence, direction and control of)

elections to be vested in an Election Commission. |

Article 325- No person to be ineligible for inclusion in, |

or to claim to be included in a special, electoral roll on |

grounds of religion, race, caste or sex.

Article 327- Power of Parliament to make provision with

respect to clections to legislatures."
62,"Which of the following Article of Indian
Constitution mentions the ‘Doctrine of
Pleasure’?",Article 200,Article 301,Article 310,"Article 311
(e) None of the above",Chhattisgarh P.C.S. (Pre),2016.0,c,"Exp) Option c is the correct answer
The doctrine of pleasure in Article 310 of the Indian
Constitution allows the government to terminate the
employment of public servants at will. It grants the
government the right to appoint and dismiss public servants."
63,Vohra Committee was formed to study,Police Reform,Financial Reform,Nexus of Politicians and Criminals,Appointment of governors,Chhattisgarh P.C.S. (Pre),2003.0,c,"Exp) Option c is the correct answer
The Vohra (Committee} Report was submitted by the former
Indian Home Secretary, N. N. Vohra, in October 1993. It
studied the problem of the criminalization of politics and
of the nexus among criminals, politicians and bureaucrats
in India.

Important Tip ,

Key Recommendations of Vohra Committee:

e Establishment of a Nodal Point: Create a central hub
for intelligence and enforcement agencies to promptly
share crime syndicate-related information, improving
coordination.

e =6Prosecution of Offenders: Ensure swift prosecution of
individuals involved in criminal activities, especially
those connected to politicians and government
officials.

¢ Strengthen Criminal Justice System: Enhance legal
provisions to effectively combat economic offenses and
organized crime.

« Focus on Criminal Gangs: Direct law enforcement
to target not only individual crimes but also criminal
gangs, armed groups, drug mafias, and smuggling |
networks.

¢ End Political Patronage: Sever ties between
politicians and criminal elements, breaking the cycle
of criminalization of politics."
64,"Comptroller and Auditor General of India
submits its reports relating to accounts of

the Union to-",Chief Justice of India,Prime Minister,Vice President,None of the above,"M.P.P.C.S. (Pre),",2021.0,d,"Exp) Option d is the correct answer,
The CAG submits his/her reports relating to the accounts
of the Union to the President, who shall cause them to be
laid before cach House of Parliament under Article 151 (1) of
the Constitution. Similarly, the CAG submits his/her reports
relating to the accounts of a State to the Governor, who shall
cause them to be laid before the Legislature of the State
under Article 151 (2) of the Constitution.

Important Tips |

« The Comptroller and Auditor General of India (CAG) |
is the supreme audit authority of the country and |
he/she audits the accounts of the Union and State
governments.

¢ He/she is appointed by the President of India under
Article 148 of the Constitution and holds office for a
term of six years or until he/she attains the age of 65
years, whichever is earlier. |

° Ile/she can be removed by the President only on an
address from both Houses of Parliament on the grounds
of proved misbehaviour or incapacity"
65,"Chairperson and Member of the State

Public Service Commission are appointed-",by Governor,by Chief Minister,by President,by Chairman Union Public Service Commission,"M.P.P.C.S, (Pre),",2021.0,a,"Exp) Option a is the correct answer

According to Article 316(1) of the Indian Constitution, the
Chairman and other members of a State Public Service
Commission are appointed by the Governor of the
respective state."
66,"The power to grant or refuse leave to the

Comptroller and Auditor General shall vest

in the-",Finance Minister,President,Prime Minister,Chief Justice of India,"M.P.P.C.S. (Pre),",2021.0,b,"Exp) Option b is the correct answer.

The power to grant or refuse leave to the CAG and to
revoke or curtail leave granted to him/her, shall vest
in the President, as per Section 5 (1) of the Comptroller
and Auditor General’s (Duties, Powers and Conditions of
Service) Act, 1971.

CAG is appointed by the President of India under Article 148
of the Constitution and holds office for a term of six years or

until he/she attains the age of 65 years, whichever is earlier.
He/she can be removed by the President only on an address
from both Houses of Parliament on the grounds of proved
inisbehavior or incapacity."
67,"Consider the following statements:

(i) It shall be the duty of the Comptroller
and Auditor-General to audit all receipts
which are payable into the Consolidated
Fund of India.

(ii) The Comptroller and Auditor General
shall have authority to audit and report
on the accounts of stores or stock kept in
any office or department of the Union or
a State.

Select the correct answer using the codes

given below.",Both (i) and (ii) are incorrect,Both (i) and (ii) are correct,(i) is incorrect but (ii) is correct,(i) is correct but (ii) is incorrect,M.P.P.C.S. (Pre),2020.0,b,"Exp) Option b is the correct answer.
Statement 1 is correct: It is the duty of the Comptroller and
Auditor-General (CAG) to audit all receipts that are payable
into the Consolidated Fund of India. The CAG ensures that
the revenue received by the government is properly audited
and accounted for.
Statement 2 is correct: The CAG has the authority to audit
and report on the accounts of stores or stock kept in any
office or department of the Union or a State. This authority
allows the CAG to examine the management and utilization
of stores or stock maintained by government offices or
departments."
68,"Who is not included in the Committee to
recommend name for the appointment of

Chairperson and members of State Human

Rights Commission?",Chief Minister,Speaker of the Legislative Assembly,"Incharge of the Department of Home
Affairs",Governor,M.P.P.C.S. (Pre),2020.0,d,"Exp) Option d is the correct answer
Governor is not member of the committee to recommend
name for the appointment of Chairperson and members of
State Human Rights Commission. Instead, the Chairperson
and members of the SHRC are appointed by the Governor,
on the recommendation of a committee consisting of:
« The Chief Minister (chairperson)
¢ The Home Minister
« The Leader of the Opposition in the legislative council
» The Leader of the Opposition in the legislative assembly
« The Speaker of the legislative assembly
« The Chairman of the legislative council"
69,"Which Article of the Constitution prescribes
the duties of the comptroller and Auditor
General of India?",Article 146,Article 147,Article 148,Article 149,M.P.P.C.S. (Pre),2019.0,d,"Exp) Option d is the correct answer.
Article 149 of the Indian Constitution prescribes the duties
and powers of the Comptroller and Auditor General
(CAG) of India. This article outlines the role, functions, and
responsibilities of the CAG in auditing and reporting on the
accounts of the Union and the States. It provides the CAG
with the authority to examine and audit the accounts related
to the receipt and expenditure of public funds.
Important Tips
Article 146 deals with the officers and servants and the
expenses of the Supreme Court. It states that the Chief
Justice of India can appoint officers and servants of the
Supreme Court in consultation with the President.
Article 147 covers the interpretation of the constitution
along with that of the government of India act, 1935.
Article 148 states that there shall be a CAG who shall be
appointed by the President by warrant under his hand and
seal and shall only be removed from office in like manner
and on like grounds as a Judge of the Supreme Court."
70,"Who is not a member of the committee
for the appointment of Chairperson and
members of the National Human Rights
Commission?",Speaker of the House of People,Chairman of the Council of States,Leader of opposition in the House of People,Leader of opposition in the Council of States,M.P.B.C.S. (Pre),2019.0,b,"Exp) Option b is the correct answer

The Chairman of the Council of States is not a member

of the committee. Section 2, 3 and 4 of The Protection of

Human Rights Act, 1993 lay down the rules for appointment

to the NHRC. The Chairperson and members of the

NHRC are appointed by the President of India, on the

recommendation of a committee consisting of:

e The Prime Minister (Chairperson)

* The Home Minister

e The Leader of the Opposition in the Lok Sabha (Lower
House)

« The Leader of the Opposition in the Rajya Sabha (Upper
House)

¢ The Speaker of the Lok Sabha (Lower House)

¢ The Deputy Chairman of the Rajya Sabha (Upper House}

Important Tips

The Protection of Human Rights (Amendment) Act,

2019

e NERC Composition: The Act allowed a former Chief
Justice or Judge of the Supreme Court to become
NHRC’s chairperson. The number of members
increased from two to three, with at least one member
being a woman. Chairpersons of commissions for
Backward Classes, Child Rights, and Disabilities would
also join NHRC as members.

« SHRC Chairperson: The Bill allowed a former Chief
Justice or Judge of a High Court to become the
chairperson of SHRC.

* Term of Office: The term of office for NHRC and
SHRC chairpersons and members was reduced to
three years or until seventy years of age. The limit on
reappointment for members was removed.

« Powers of Secretary-General: The Secretary-General
and Secretary of NHRC and SHRCs received broader
administrative and financial powers, excluding judicial
functions, under the respective chairperson’s control.

e« Union Territories: The central government could
assign human rights functions of Union Territories to
SHRCs, while Delhi’s human rights functions would

___remain under NHRC’s jurisdiction."
71,"Chairperson and Members of the State
Human Rights Commission are appointed
by-",Governor,President,Chief Justice of the High Court of the concerned State,Chief Justice of India,M.P.P.C.S. (Pre),2019.0,a,"Exp) Option a is the correct answer

Governor of the state appoints the chairperson and other

members of the State Human Rights Commission.
Important Tips

State Human Rights Commission: ;

¢ Composition: The Commission is made up of three
members: a chairperson and two members.

¢ Chairperson: The chairperson shall be a retired Chief
Justice of a High Court or a High Court Judge

« Members: Members should be a serving or retired High
Court judge or a District Judge. With a minimum of
seven year experience as a District Judge, as well as
someone with knowledge or practical experience in
human rights.

« Tenure: The chairperson and members are elected for
a three-year term or until they reach the age of 70,
whichever comes first.

« Removal: The governor appoints the chairperson |
and members of a State Human Rights Commission,
however, they can only be removed by the President |"
72,Who is not the ex-officio member of the National Human Rights Commission?,The Chairperson of the National Commission for Minorities,The Chairperson of the Law Commission of India,"The Chairperson of the National Commission for the Scheduled Castes
and Scheduled Tribes","The Chairperson of the National
Commission for Women",M.P.P.C.S. (Pre),2018.0,b,"Exp) Option b is the correct answer

The Chairperson of the Law Commission of India is not

the ex-officio member of the National Human Rights

Commission.

Ex-officio members of NHRC:

« Chairperson, National Commission for Scheduled Castes

e Chairperson, National Commission for Scheduled Tribes

e« Chairperson, National Commission for Minorities

e Chairperson, National Commission for Women

e Chairperson, National Commission for Backward Classes

¢« Chairperson National Commission for Protection of
Child Rights

¢ Chief Commissioner for Persons with Disabilities"
73,"A Sitting Judge of the High Court or a
Sitting District Judge can be appointed
as a member of the State Human Rights
Commission after consultation with?",the Governor,the Chief Justice of the High Court of the concerned State,the Chief Justice of the Supreme Court of India,the President,M.P.P.C.S. (Pre),2018.0,b,"Exp) Option b is the correct answer

A Sitting Judge of the High Court or a Sitting District Judge

can be appointed as a member of the State Human Rights

Commission after consultation with the Chief Justice of

the High Court of the concerned State."
74,"The State Human Commission submits its
annual report to the -",Governor,State Government,Chief Justice of the High Court,Chief Justice of India,M.P.P.C.S. (Pre),2018.0,b,"Exp) Option b is the correct answer

The State Human Rights Commission (SHRC) submits its

annual or special reports to the state government. These

reports are laid before the state legislature, along with a

memorandum of action taken on the recommendations of

the Commission and the reasons for nonacceptance of any of

such recommendations."
75,"Every member of the Commission, Sate
Commission and every officer appointed
or authorized by the Commission or State
Commission to exercise functions under
the Protection of Human Rights Act is to be
deemed-",Public Officer,Public Servant,Officer of Commission,None of the above,M.P.P.C.S. (Pre),2018.0,b,"Exp) Option b is the correct answer

Section 39 of the Protection of Human Rights Act, 1993 says

that Every Member of the Commission, State Commission

and every officer appointed or authorized by the Commission

or the State Commission to exercise functions under this Act

shall be deemed to be a public servant."
76,"In relation to offences described under
Section 175, Section 178, Section 179,
Section 180 or Section 228 of the Indian
Penal Code, the Human Rights Commission
is to be deemed-",Criminal Court,Civil Court,Revenue Court,None of the above,M.P.P.C.S. (Pre),2018.0,b,"Exp) Option b is the correct answer

As per the section 13 (4) of the national human rights

protection act, 1993, In relation to offences described under

Section 175, Section 178, Section 179, Section 180 or Section

228 of the Indian Penal Code, the Human Rights Commission

is to be deemed a civil court. This means that the Human

Rights Commission has the same powers as a civil court in

respect of these offences. For example, the Human Rights

Commission can issue summons, compel the attendance of

witnesses, and take evidence on oath.

Important Tips

Sections of IPC mentioned in the question:

e Section 175:- Omission to produce document to public
servant by person legally bound to produce it.

e Section 178:- Refusing oath or affirmation when duly
required by public servant to make it.

e Section 179:;- Refusing to answer public servant
authorized to question.

° Section 180:- Refusing to sign statement.

¢ Section 228:- Intentional insult or interruption to
public servant sitting in judicial proceeding."
77,"While dealing with complaints of violation
of Human Rights by the members of the
armed forces, the Commission either on its
own motion or on receipt of a petition will?",Enquire itself,"give directions to the concerned police
officers to enquire","seek a report from the Central
Government",None of the above,M.P.P.C.S. (Pre),2018.0,c,"Exp) Option c is the correct answer

The Protection of Hiuman Rights Act, 1993 (PHRA) provides

that while dealing with complaints of violation of Human

Rights by the members of the armed forces, the Commission

either on its own motion or on receipt of a petition, shall

seek a report from the Central Government. The Central

Government shall, within a period of three months, or

such longer period as may be specified by the Commission,

submit a report to the Commission. The Commission shall,
after considering the report of the Central Government,
take such action as it deems fit."
78,"What was the objective of the Protection of
Human Rights Act, 1993?",Better protection of Human Rights,"To constitute Human Rights Protection
Commission","To constitute Human Rights Protection
Commission in the State",All of the above,M.P.P.C.S. (Pre),2015.0,d,"Exp) Option d is the correct answer

The objective of the Protection of Human Rights Act, 1993,

was to achieve all of the following:

¢ The primary aim of the Act was to ensure improved
protection and promotion of human rights in India.

* The Act established the National Human Rights
Commission (NHIRC) at the national level to inquire into
human rights violations and recommend measures for
their prevention and redressal.

e Apart from the NHRC, the Act also allowed for the
creation of State Human Rights Commissions (SHRCs)
in each state to address human rights issues at the state
level.

Important Tips
key provisions of the Protection of Haman Rights Act,
1993:
e ‘The establishment of the NHRC and SHRCs
¢ The investigation of allegations of human rights
violations

« The taking of appropriate action against those
responsible for human rights violations
¢ The establishment of Human Rights Courts
« The training of law enforcement officials on human
rights
¢ The promotion of human rights education"
79,"Which one of the following is the ‘National
Voters Day’?",5th June,1st November,25th January,8th March,M.P.P.C.S. (Pre),2012.0,c,"Exp) Option c is the correct answer.
National Voters Day is celebrated every year on 25 January
in India to mark the foundation of the Election Commission
of India. The Election Commission of India was established
on 25 January 1950.
Important Tip
The main objective of celebrating National Voters Day is to
encourage people to participate in the electoral process and
to make them aware of their rights and responsibilities
as voters. On this day, various awareness programmes
are organized by the Election Commission of India and
other organizations to promote voter education and
participation."
80,"In India, which one of the following is
responsible for the implementation of the
Government of India’s policy in all matters
concerning telecommunications?",Digital Communications Commission,Telecom Regulatory Authority of India,Telecom Advisory Committee,"‘Telecommunications Consultants India
Limited",CDS,2022.0,b,"Exp) Option b is the correct answer
The Telecom Regulatory Authority of India (TRAI)
is responsible for the implementation of the
Government of India’s policy in all matters concerning
telecommunications in India. TRAI is an independent
regulatory body established under the Telecom Regulatory
Authority of India Act, 1997. It functions as the regulator for
the telecommunications sector in India and has the authority
to make regulations, issue guidelines, and ensure compliance
with the government's policies in the telecom sector."
81,"Which one of the following Commissions is
related to Article 338A?","The National Commission for Scheduled

Castes","The National Commission for Scheduled
Tribes","The National Commission for Backward
Classes",The National Commission for Women,CDS  (I1),2020.0,b,"Exp) Option b is the correct answer
Article 338A of the Indian Constitution deals specifically
with the establishment of the National Commission for
Scheduled Tribes (NCST). This article was inserted into
the Constitution through the 89th Amendment Act of 2003.
The NCST is a constitutional body tasked with safeguarding
the rights and interests of the Scheduled Tribes in India."
82,"Which one of the following is not correct
about Administrative Tribunals?","The Parliament may Constitute
Administrative Tribunals both at the
Union and State levels","Tribunals may look into complaints with
respect to recruitment and conditions of
service of persons appointed to public
services","Tribunals established by a law of the
Parliament can exclude the jurisdiction
of all courts to allow to special leave to
appeals.","The law establishing the Tribunals may
provide for procedures including rules of
evidence to be followed.",CDS Pre.  I,2019.0,c,"Exp) Option c is the correct answer.
Tribunals established by a law of the Parliament can exclude
the jurisdiction of all courts (except the jurisdiction of
Supreme Court under Article 136) to allow to special leave
to appeal.
Important Tips
« The dictionary meaning of the word ‘Tribunal’ is seat
of the Judge.
¢ The 42nd amendment act of 1976 added a new part |
XIV-A entitled as Tribunals.

¢ It consists of only two articles: article 323 A dealing
with administrative tribunals and article 323 B
dealing with tribunals for other matters.

« Article 323 A empowers the parliament to establish
the administrative tribunals in 1985.

« This article empowers the Central government to

| establish one central administrative tribunal and the
state administrative tribunals.

| ¢ Article 323 B empowers the parliament and state
legislature to establish tribunal for different disputes"
83,"The Prime Minister’s National Relief Fund
is operated by which one of the following
bodies?",The Prime Minister’s Office (PMO),"The National Disaster Management
Authority",The Ministry of Finance,"The National Development Council
(NDC)",CDS Pre.  I,2019.0,a,"Exp) Option c is the correct answer.

« Established in: 1948

« Used for: immediate relief to families of those killed in
natural calamities like floods, cyclones and earthquakes,
etc. and to the victims of the major accidents and riots

¢ Headed by: Prime Minister

« Administration: Administered on an Honorary basis by
Joint Secretary to the Prime Minister as Secretary of the
fund.

« PMNRF operates from the Prime Minister’s Office
(PMO) (option a is correct)

« Features:

(a) Consists entirely of public contributions and does not get
any budgetary support.

(b) Recognized as a Trust under the Income Tax Act

(c) Exempt under the Income Tax Act, 1961 under Section
10 and 139 for return purposes."
84,"Which of the following are the functions of
the National Human Rights Commission
(NHRC)?

1, Inquiry at its own initiative on the
violation of human rights.

2. Inquiry on a petition presented to it by a
victim.

3. Visit to jails to study the condition of the
inmates.

4, Undertaking and promoting research in
the field of human rights.

Select the correct answer using the codes given

below:",l and 2,"2,3 and 4","1,3 and 4",All of these,CDS Pre. 1,2018.0,d,"Exp) Option d is the correct answer.

The Commission shall, perform all or any of the following

functions, namely:-

¢ Inquire at its own initiative on the violation of human
rights

« Inquiry ona petition presented to it by a victim

« Visit to jails to study the condition of the inmates

¢ Undertaking and promoting research in the field of
human rights

e encourage the efforts of NGOs and institutions working
in the field of human rights

* review the factors, including acts of terrorism that inhibit
the enjoyment of human rights

« such other functions as it may consider necessary for the
promotion of human rights

Important Tips

e It is formed as per the statutory provisions of
Protection of Human Rights Act, 1993.

e It is a multi-member body consist of Chairman and
four members. President appoints the Chairman
and members of the NHRC on the recommendation
of the high-powered committee headed by the Prime
Minister."
85,"The National Commission for Women was
created by",an amendment in the Constitution of India,a decision of the Union Cabinet,an Act passed by the Parliament,an order of the President of India,CDS Pre. IT,2017.0,c,"Exp) Option c is the correct answer.

« ‘The National Commission for Women was set up as
statutory body in January 1992 under

e the National Commission for Women Act, 1990,

« The First Commission was constituted on 31st January
1992 with Mrs. Jayanti Patnaik as the Chairperson.

¢ The Functions of National commission for women:

a) It reviews the Constitutional and legal safeguards for
women;

b) Recommend remedial iegislative measures,

c) Facilitate redressal of grievances and advise the
Government on all policy matters affecting women."
86,"Which one of the following statements with
regard to the National Commission for
Scheduled Tribes is not correct","The Union and every State Government
shall consult the commission on all major
policy matters affecting Scheduled Tribes","All the reports of the commission and
its recommendations shall be laid only
before Lok Sabha","The commission, while investigating any
matter, has all the powers of a Civil Court","The commission has the power to regulate
its own procedures.",CDS Pre. IT,2016.0,b,"Exp) Option b is the correct answer.

¢ The commission presents an annual report to the
President of India.

e The president places all such reports before the
Parliament, along with a explaining the action taken on
the recommendations made by the commission.

e The president also forwards any report of the commission
pertaining to a state government to the state governor
and the governor turns places it before state legislature

Important Tip
+ National Commission for scheduled Tribes is an Indian
constitulional body, established through constitution
act, 2003.
* Its duty is to investigate and monitor all matters |
relating to the safeguards provided for the STs. |
¢ The commission require to include at least one woman
member."
87,"Which of the following are the essential
requirements for a person to be appointed
as a member of the Finance Commission?
1. A Supreme Court judge or one qualified to be appointed as such.

2. A person having wide experience in
financial matters and administration.

3. A person having special knowledge of
economics.

Select the correct answer using the code given

below:","1,2 and3",1 and 2 only,2 and 3 only,1 and 3 only,CAPE,2019.0,c,"Exp) Option c is the correct answer

The chairman of a finance commission is selected from

people with experience of public affairs. The other four

members are selected from people who:

« Are, or have been, or are qualified, as judges of a high
court,

« Have knowledge of government finances or accounts,
or

- Have had experience in administration and financial
expertise; or

e Have special knowledge of economics"
88,"Who among the following is not associated

to the Governing Council of NITI Aayog?",The Prime Minister,The President,The Chief Ministers of States,The Chief Ministers of Union Territories,CAPF,2018.0,b,"Exp) Option b is the correct answer

The President of India is not a member of the Governing

Council of NITI Aayog. The Governing Council of NITI

Aayog comprises the Hon’ble Prime Minister of India;
Chief Ministers of all the States and Union Territories with
legislature; Lt Governors of other U'I's; Ex-Officio Members;
Vice Chairman, NITI Aayog; Full-Time Members, NITI
Aayog; and Special Invitees."
89,"If‘One Nation One Electiow is to be realized
in India, which Article of the Indian
Constitution will require an amendment?",Article 83,Article 172 .,Article 356,Article 246 |,"67th B.P.S.C. (Pre) (Re-Exam),",2022.0,e,"Exp) Option e is the correct answer.
The Constitution of India does not provide for simultaneous
elections to the Lok Sabha and the state legislative assemblies.
Therefore, if ‘One Nation One Election’ is to be realized in
India, then Articles 83, 172, 356, and 246 would require an
amendment.
Important Tips
Article 83: This Article specifies the term of the Lok
Sabha. The term of the J.ok Sabha is currently five years. If
‘One Nation One Election’ is to be realized, then the term
of the Lok Sabha may have to be changed.
Article 172; This Article specifies the term of the state
legislative assemblies. The term of the state legisiative
assemblies is currently five years. If ‘One Nation One
Election’ is to be realized, then the term of the state
legislative assemblies may have to be changed.
Article 356: This Article empowers the President of India
to declare President’s Rule in a state. If ‘One Nation One
Election’ is to be realized, then the provisions of Article
356 may have to be amended to ensure that President’s Rule
cannot be imposed in a state during the period leading up
to or during the simultaneous elections.
Article 246: This Article specifies the legislative powers
of the Union and the states. If ‘One Nation One Election’
is to be realized, then the provisions of Article 246 may
| have to be amended to ensure that the Union and the states
| have concurrent powers to legislate on matters relating to
| elections."
90,"With reference to the Finance Commission of India, consider the following statements:


1. The Finance Commission is a statutory
body

2. The finance Commission was set up
under Article 280 of the Constitution

3. The recommendations made by the
Finance Commission are only advisory in
nature

4, The First Finance Commission was set up
in 1950

Which of the above statements are correct?",1 and 4 only,3 and 4 only,2 and 3 only .,2 and 4 only,"67th B.B.S.C. (Pre),",2021.0,c,"Exp) Option cis the correct answer
The finance commission is a constitutional body mandated
by article 280 of the constitution, The President of India
constitutes the Finance Commission every 5 years. The
recommendations made by the Finance Commission are of
an advisory nature only and therefore, not binding upon the
government. The first Finance Commission was constituted
in 1951,
| Important Tips
| e The cligibility of members of the Finance Commission
is determined by the Parliament of India.
| ¢ Composition of Finance Commission: Chairman and
4 members.
| ¢ It submits its report to the President of India
CN"
