q_no,q_statement,a,b,c,d,exam,year,correct_option,explanation
1,"In India, which one of the following Constitutional Amendments was widely believed to be enacted to overcome the judicial interpretations of the Fundamental Rights?",1st Amendment,42nd Amendment,44th Amendment,86th Amendment,UPSC CSE Pre,2023.0,a,"Exp) Option a is the correct answer

Option a is correct: The First Amendment Act, 1951,
added the fourth clause to Article 15 that empowered the
government to make any law for the upliftment of sociaily
and educationally backward classes of citizens or for the
Scheduled Castes and Scheduled Tribes. It reads, “Nothing
in this article or in clause (2) of article 29 shall prevent the
State from making any special provision for the advancement
of any socially and educationally backward classes of citizens
or for the Scheduled Castes and the Scheduled Tribes.”. The
added clause elucidates that in case such special provisions
are introduced, they cannot be said to be breaching Article
15 and Article 29(2) of the Constitution.

The need to insert this clause was felt after the decision
of the Supreme Court in the State of Madras y. Srimathi
Champakam (1951). According to the facts of this case, the
Madras government issued an Order that provided reservation
on the grounds of religion, race, and caste. This Order was
contended to be in breach of Article 15(1) of the Indian
Constitution. The Court also gave a literal interpretation
to the constitutional provisions and held that reserving
seats in public institutions for backward classes violates
Articles 15(1) and 29(2). Vherefore, in order to nullify the
effect of similar judicial pronouncements, Article 15 was
amended.

Similarly, Article 19(1)(a) grants the right to free speech
and expression to Indian citizens. This right is considered
an essential feature of democracy. However, Article 19(2)
specifies the restrictions that can curtail this freedom. The
First Amendment to the Indian Constitution altered these
restrictions by widening their ambit. The second change, via
the Amendment Act of 1951, was made to Clause 6 of Article
19."
2,"Consider the following Statements: 

1. A bill amending the Constitution requires a prior recommendation of the Président of India.

2. When a Constitution Amendment Bill is presented to the President of India, it is obligatory for the President of India to give his/her assent.

3. A Constitution Amendment Bill must ‘be passed by both the Lok Sabha and the Rajya Sabha by a special majority and there is no provision for joint sitting.

Which of the statements given above are correct?",1 and 2 only,2 and 3 only,1 and 3 only,"1,2 and 3",UPSC CSE Pre.,2022.0,b,"Exp) Option b is the correct answer

Statement 1 is incorrect: Constitution Amendment Bill can
be introduced cither by a minister or by a private member
and does not require prior permission from the President.
Statement 2 is correct: The 24th Amendment of the Indian
Constitution amended Article 368 to provide expressly
that Parliament has the power to amend any provision of the
Constitution. The amendment further made it obligatory
for the President to give his assent when a Constitution
Amendment Bill was presented to him.

Statement 3 is correct: Article 368 of the Indian constitution
requires that the constitution of India can be amended
by both houses of parliament by a 2/3 majority(special
majority). In case of disagreement between both houses,
there is no provision to summon a joint session of
parliament. The reasoning behind this is so as to not let the

running government's majority in Lok Sabha undermine the

Rajya Sabha in a joint sitting."
3,"‘Right to Privacy’ is protected under which

Article of the Constitution of India?",Article 15,Article 19,Article 21,Article 29,UPSC CSE Pre,2021.0,c,"Exp) Option c is the correct answer,

The nine -judge Constitutional Bench of the Supreme Court

in Justice K.S, Puttaswamy (Retd.) and Anr. vs Union Of India

And Ors (2017) has ruled that individual privacy is intrinsic

to life and liberty and an inherent part of the fundamental

rights enshrined in the Article 21 of the Constitution.

| Important Tipss |

What are the various features of Right to Privacy?

| Privacy is a constitutionally protected right emerging

| primarily from the guarantee of life and liberty in

| Article 21 of the Constitution,

| e It includes the preservation of personal intimacies, |

| sanctity of family life, marriage, procreation, the home
and sexual orientation.

e Privacy connotes a right to be left alone. It safeguards
individual autonomy and recognizes one’s ability to
contro! vital aspects of his/her life.

e Privacy is not an absolute right, but any invasion must
be based on legality, need and proportionality.

« Informational privacy is a facet of this right. Dangers to
this can originate from both state and non-state actors."
4,"Alegislation which confers on the executive
or administrative authority an unguided
and uncontrolled discretionary power in
the matter of application of law violates
which one of the following Articles of the

Constitution of India?",Article 14,Article 28,} Article 32,Article 44,UPSC CSE Pre,2021.0,a,"Exp) Option a is the correct answer.
Article 14 of Indian Constitution says that the State shall
not deny to any person equality before the law or the
equal protection of the laws within the territory of India.
The concept of ‘equality before Jaw’ is an element of the
concept of ‘Rule of Law’. This concept has the following three
elements or aspects:
« Absence of arbitrary power
« Equality before the law, that is, equal subjection of all
citizens to the ordinary law of the land

* Theconstitution is the result of the rights of the individual
The first and the second elements are applicable to India.
This means ‘equality before law’ under Article 14 connotes
the absence of arbitrary power with the authoritics. Thus,
when a legislation confers uncontrolled discretionary
powers on any authority, it tends to violate the article 14 of
the constitution,

Important Tipss |

Article 28 is related to the right to freedom of religion.

It provides that no religious instruction shall be provided

in any educational institution wholly maintained out of

State funds, Further, no person attending any educational

institution recognised by the State or receiving aid on

of State funds shall be required to attend any religious
instruction or worship in that institution without his
| consent, __

Article 32 confers the right to remedies for the enforcement
of the fundamental rights of an aggrieved citizen. Article |
32 affirms the right to move the Supreme Court if a
fundamental right is violated. Under this article, the |
Supreme Court can issue writs for the enforcement of any |
of the fundamental rights of the citizens.
Article 44 provides for one of the Directive Principles of
State Policy. Article 44 says that the “State shall endeavour
to secure for the citizens a uniform civil code throughout |
the territory of India”."
5,"Under the Indian constitution,
concentration of wealth violates",The Right to equality,The Directive principles of state policy,The right to freedom,The concept of welfare,UPSC CSE Pre,2021.0,b,"Exp) Option b is the correct answer.
The concentration of wealth violates the Directive principles
of state policy. Under Article 39 of the Constitution of India,
the State shall direct its policy towards securing that the
operation of the economic system does not result in the
concentration of wealth and means of production to the
common detriment.

Other principles of policy to be followed by the State under

the Article 39 are: .

« ‘The citizens, men and women cqually, have the right to
an adequate means to livelihood;

*« The ownership and control of the material resources of
the community are so distributed as best to subserve the
common good;

¢ There is equal pay for equal work for both men and
women;

¢ The health and strength of workers, men and women,
and the tender age of children are not abused and that
citizens are not forced by economic necessity to enter
avocations unsuited to their age or strength;

« Children are given opportunities and facilities to develop
in a healthy manner and in conditions of freedom and
dignity and that childhood and youth are protected
against exploitation and against moral and material
abandonment"
6,"What is the position of the right to property

in India?",Legal right available to citizens only,Legal right available to any person,"Fundamental Right available to citizens
only","Neither Fundamental Right nor legal
right",UPSC CSE Pre,2021.0,b,"Exp) Option b is the correct answer,

The Right to Property is a legal right available to any

person. Article 300-A provides that no person shall be

deprived of his property save by authority of law.

Right to Property was a Fundamental Right in the original

constitution under Article 31, which provided that the

Constitution not only guarantees the right of private

ownership but'also the right to enjoy and dispose of property

free from restrictions other than reasonable restriction, It is
also mentioned that compensation would be paid to a person
whose property has been taken for public purposes.

The Constitution (Forty-fourth Amendment) Act, 1978

deleted the right to property from the Fundamental

Rights. The Amendment omitted Article 31 and Article 19

(1) (f) and inserted in their place Article 300-A."
7,"Which one of the following categories
of Fundamental Rights incorporate
protection against untouchability as a form

- of discrimination?  —",Right against Exploitation,Right to Freedom,Right to Constitutional Remedies,Right to Equality,UPSC CSE Pre.,2020.0,d,"Exp) Option d is the correct answer.

Right to Equality (Article 14 -18) protects the citizens against
any discrimination by the State on the basis of religion, caste,
race, sex, or place of birth.

Under Article 17 of the Constitution of India, Untouchability

is abolished and its practice in any form is forbidden. The

enforcement of any disability arising out of untouchability
shall be an offence punishable in accordance with law.

In 1976, the Untouchability (Offences) Act, 1955 has been

comprehensively amended and renamed as the Protection of

Civil Rights Act, 1955 to enlarge the scope and make penal

provisions more stringent. The act defines civil right as

any right accruing to a person by reason of the abolition of
untouchability by Article 17 of the Constitution.

However, the term ‘untouchability’ has not been defined

either in the Constitution or in the Act."
8,"With reference to the provisions contained
in Part IV of the Constitution of India,
which of the following statements is/are

correct? 

1. They shall be enforceable by courts.

2. They shall not be enforceable by any
court.

3. The principles laid down in this part are
to influence the making of laws by the
State.

Select the correct answer using the code given

below:",1 only,2 only,1 and 3 only,2 and 3 only,UPSC CSE Pre.,2020.0,d,"Exp) Option d is the correct answer.

Directive Principles of State Policy (DPSP) are enshrined in

Part-IV (Article 36 to 51) of the Constitution.

Statement 1 is incorrect and statement 2 is correct. Article

37 of the Constitution states that the provisions contained in

this Part (IV) shall not be enforceable by any court.

Statement 3 is correct. The principles therein laid down are

nevertheless fundamental in the governance of the country

and it shall be the duty of the State to apply these principles
in making laws. Hence, they impose a moral obligation on
the state authorities for their application.

Limitations of Part IV of the Indian Constitution:

1) No Legal Force: The DPSP are non-justiciable in nature
i.e. they are not legally enforceable by the courts for
their violation.

2) Constitutional Conflict: DPSP leads to constitutional
conflict between Centre and states, Centre and
President, Chief Minister and governor.

3) Conflict with Fundamental rights: They can be amended
to implement the fundamental rights.

4) Constitutional validity: A law cannot be struck down by
courts for violating DPSP."
9,"Which Article of the Constitution of India
safeguards one’s right to marry the person
of one’s choice?",Article 19,Article 21,Article 25,Article 29,UPSC CSE Pre.,2019.0,b,"Exp) Option b is the correct answer.
Article 21 of the Constitution of India safeguards one’s right
to marry the person of one’s choice.
In 2014, the Supreme Court took suo-motu cognizance of
newspaper reports of the gang rape of a 20-year-old Indian
woman on the orders of a village court. In this case, Supreme
Court held that “an inherent aspect of Article 21 of the
Constitution would be the freedom of choice in marriage”.
This was reiterated by Supreme court in 2017, The choice of
a partner whether within or outside marriage lies within the
exclusive domain of cach individual. Intimacies of marriage
lie within a core zone of privacy, which is inviolable. The
absolute right of an individual to choose a life partner is not
in the least affected by matters of faith, The Constitution
guarantces to each individual the right freely to practise,
profess and propagate religion."
10,"In the context of polity, which one of the
following would you accept as the most
appropriate definition of liberty?

(UPSC CSE Pre. 2019]","Protection against the tyranny of political
rulers",Absence of restraint,Opportunity to do whatever one likes,Opportunity to develop oneself fully,,,d,"Exp) Option d is the correct answer

The term ‘liberty’ means the absence of restraints on the
activities of individuals, and at the same time, providing
opportunities forthe development of individual personalities.
The Preamble of Constitution of India provides for liberty
of thought, expression, belief, faith and worship. ‘Thus,
in context of polity, liberty provides for an opportunity to
develop oneself fully."
11,"Right to Privacy is protected as an intrinsic
part of Right to Life and Personal Liberty.
Which of the following in the Constitution
of India correctly and appropriately imply
the above statement?","Article 14 and the provisions under the
42nd Amendment to the Constitution","Article 17 and the Directive Principles of
State Policy in Part IV","Article 21 and the freedoms guaranteed
in Part Il","Article 24 and the provisions under the
44th Amendment to the Constitution",UPSC CSE Pre.,2018.0,c,"Exp) Option c is the correct answer.

in Justice K, S. Puttaswamy (Retd) and others vs Union of
India (2017), the Supreme Court observed that ‘Right to
Privacy’ is an integral part of Right to Life and Personal
Liberty guaranteed in Article 21 of the Constitution. A nine-
judge bench of the Supreme Court declared that the right
to privacy is a Fundamental Right protected under Part Ul
of the Constitution of India. While primarily focused on
the individual’s right against the State for violations of their
privacy, this landmark judgement had repercussions across
both State and non-State actors and is likely to result in the
enactment of a comprehensive law on privacy."
12,"Which one of the following reflects the
most appropriate relationship between law
and liberty?","If there are more laws, there is less liberty.","If there are no laws, there is no liberty.","If there is liberty, laws have to be made by

the people.","If laws are changed too often, liberty is in
danger.",UPSC CSE Pre.,2018.0,b,"Exp) Option b is the correct answer.

John Locke said “Where there is no law, there is no freedom...”
Liberty is protected by law, ‘liberty’ means absence of
restraints on the activities of individuals, and at the same
time, providing opportunities for the development of
individuals. Law promotes liberty. The more law there is the,
more liberty tL¢re ig And as soon as law ends, liberty also
ceases to exist. ¥*’!.. > ""here are no laws to protect or provide
freedoin an4 Liverty, violavons of the same take place.

Law protects liberty 1s in several ways. Firstly, the law helps
in establishing a civilized society, thereby easing the way of
life for individuals. ‘This is done by the creation of a provision
for punishment to the criminals. Secondly, it guarantees
rights and duties to the citizens and individuals. ‘The state
intervenes whenever the rights of an individual are violated
by another. Thirdly, the constitution acts as the custodian of
liberty. It is the constitution that provides the authority of
the state and protects the fundamental rights of the people."
13,"Which of the following statements is/are
true of the Fundamental Duties of an Indian
citizen? 
1. Alegislative process has been provided to

enforce these duties.
2. They are correlative to legal duties.
Select the correct answer using the code given
below:",l only,2 only,Both 1 and 2,Neither 1 nor 2,UPSC CSE Pre.,2017.0,d,"Exp) Option d is the correct answer.

Statement 1 is incorrect. There is no provision in
the Constitution for direct enforcement of any of the
Fundamental Duties nor for any sanction to prevent their
violation. All the Fundamental Duties under Article 51 A are
‘non-justiciable’

Statement 2 is incorrect. There is no legislative process to
enforce citizens to do their fundamental duties. The legal
duty is one which is required to be carried out as per law. So,
there is no correlation between both duties. It has been held
that these duties being duties of individual citizens cannot be
enforced through mandamus."
14,"Which of the following are not necessarily
the consequences of the proclamation of the
President’s rule in a State?



1. Dissolution of the State Legislative
Assembly
2. Removal of the Council of Ministers in
the State
3. Dissolution of the local bodies
Select the correct answer using the code given
below:",1 and 2 only,1 and 3 only,2 and 3 only,"1,2 and 3",UPSC CSE Pre.,2017.0,b,"Exp) Option b is the correct answer.

Statements 1 and 3 are incorrect. When President’s Rule

is imposed in a state, the President dismisses Council of

Ministers in the State. Dissolution of the State Legislative

Assembly and local bodies is not necessarily a consequence

of the proclamation of the President’s rule in a State.

The President either suspends or dissolves the State

Legislative Assembly.

The President acquires the following extraordinary powers

when the President’s Rule is imposed in a state:

1) He can take up the functions of the state government
and powers vested in the governor or any other executive
authority in the state.

2) He can declare that the powers of the state legislature are
to be exercised by the Parliament

3) Therefore, when the President's Rule is imposed in
a state, the President dismisses the state council of
ministers headed by the chief minister. The state
governor, on behalf of the President, carries on the state
administration with the help of the chief secretary of the
state or the advisors appointed by the President. Hence,
Statement 2 is correct."
15,Right to vote and to be elected in India is a:,Fundamental Right,Natural Right,Constitutional Right,Legal Right,UPSC CSE Pre.,2017.0,c,"Exp) Option c is the correct answer.
The right to vote has been recognised under Article 326
of the Indian Constitution and thus it is a Constitutional
Right. India is a democratic country and right to vote and
to be elected is granted to every citizen of India under the
Constitution of India. Under Article 326 of the Constitution
of India it is provided that “The elections to the House of the
People and to the Legislative Assembly of every State shall be
on the basic of adult suffrage; that is to say every person who
is a citizen of India and who is not less than eighteen years of
age and is not disqualified on the ground of non-residence,
unsoundness of mind, crime or corrupt or illegal practice
shall be entitled to be registered as a voter”.
Under Section 62 of the Representation of the People Act,
1951 it is provided that “every person who is, for the time
being entered in the clectoral roll of any constituency shall
be entitled to vote in that constituency”.
In simple words “every Citizen of India who is not less than
eighteen years of age is entitled to get enrolled into electoral
roll and is entitled to vote in the constituency in which his
name is entered in the electoral roll irrespective of caste,
creed, religion or gender unless he is disqualified under
the Constitution or any other law on the ground of non-
residence, unsoundness of mind, crime or corrupt or illegal
practice."
16,"Which of the following are envisaged
by the Right against Exploitation in the
Constitution of India?

1. Prohibition of traffic in human beings
and forced labour
2. Abolition of untouchability
3. Protection of the interests of minorities
4. Prohibition of employment of children in
factories and mines
Select the correct answer using the code given
below:","1,2 and 4 only","2, 3 and 4 only",1 and 4 only,"1,2,3 and 4",UPSC CSE Pre.,2017.0,c,"Exp) Option cis the correct answer.

The Right against Exploitation under Articles 23 and 24

of the Indian Constitution guarantees the dignity of the

individual. Under these -

Article 23 prohibits traffic in human beings, begar (forced

labour) and other similar forms of forced labour. Any

contravention of this provision shall be an offence punishable

in accordance with law. This right is available to both citizens

and non-citizens. It protects the individual not only against

the State but also against private persons

Article 24 prohibits the employment of children below the

age of 14 years in any factory, mine or other hazardous

activities like construction work or railway. But it does not

prohibit their employment in any harmless or innocent work.

Abolition of untouchability and protection of the interests of

minorities are envisaged under Article 17 and Article 29 of

the Constitution respectively."
17,"Consider the following statements:

With reference to the Constitution of India,
the Directive Principles of State Policy
constitute limitations upon:
1. legislative function.
2. executive function.
Which of the above statements is/are correct?",l only,2 only,Both 1 and 2,Neither 1 nor 2,UPSC CSE Pre.,2017.0,d,"Exp) Option d is the correct answer.

As Directive Principles of State Policy are not justiciable, they

do not constitute limitations upon legislative and executive

function of the state. The phrase ‘Directive Principles of

State Policy’ denotes the ideals that the State should keep

in mind while formulating policies and enacting laws. These

are the constitutional instructions or recommendations to

the State in legislative, executive and administrative matters.

According to Article 36, the term ‘State’ in Part IV has the

same meaning as in Part III dealing with Fundamental Rights.

Therefore, it includes the legislative and executive organs of

the central and state governments, all local authorities and

all other public authorities in the country."
18,"Which principle among the following was
added to the Directive Principles of State
Policy by the 42nd Amendment to the
Constitution?","Equal pay for equal work for both men
and women","Participation of workers in the
management of industries","Right to work, education and public
assistance","Securing living wage and human
conditions of work to workers",UPSC CSE Pre.,2017.0,b,"Exp) Option b is the correct answer.

The Directive Principles of State Policy are enumerated in

Part IV of the Constitution from Articles 36 to 51.

The 42nd Amendment Act of 1976 added four new Directive

Principles to the original list. They require the State:

¢« To secure opportunities for healthy development of
children (Article 39)

« To promote equal justice and to provide free legal aid to
the poor (Article 39 A)

* To take steps to secure the participation of workers in the
management of industries (Article 43 A)

« To protect and improve the environment and to safeguard
forests and wild life (Article 48 A)

The 44th Amendment Act of 1978 added one more Directive

Principle, which requires the State to minimise inequalities

in income, status, facilities and opportunities (Article 38).

The 86th Amendment Act of 2002 changed the subject-matter

of Article 45 and made elementary education a fundamental

right under Article 21 A,

The 97th Amendment Act of 2011 added a new Directive

Principle relating to cooperative societies"
19,"In the context of India, which one of
the following is the correct relationship
between Rights and Duties?",Rights are correlative with Duties.,"Rights are personal and _ hence
independent of society and Duties.","Rights, not Duties, are important for the
advancement of the personality of the
citizen.","Duties, not Rights, are important for the
stability of the State.",UPSC CSE Pre.,2017.0,a,"Exp) Option a is the correct answer.

With reference to the Constitution of India, it can be said

that the Rights are correlative with Duties. Every right

has a corresponding duty. Therefore, there can be no duty

unless there is someone to whom it is due. There can be

no right without a corresponding duty or a duty without a

corresponding right. Likewise, every right is right against

some person or persons upon whom a correlative duty is
imposed. Every right or duty involves a legal obligation by
which two or more persons are bound together.

Under Indian Constitution, Part HII deals with the

Fundamental Rights which are certain basic human rights

to its people. Our Constitution as originally enacted did not

expressly lay down any Fundamental Duties to be performed

by citizens. It was only in 1976 that a specific Chapter IV-A

was incorporated in the Constitution by a constitutional

amendment and Article 51-A was enacted. The idea
behind the incorporation of the Fundamental Duties was
to emphasize the obligation of the citizen in exchange of

Fundamental Rights enjoyed by them."
20,"The ideal of ‘Welfare State’ in the Indian

Constitution is enshrined in its",Preamble,Directive Principles of State Policy,Fundamental Rights,Seventh Schedule,UPSC CSE Pre.,2015.0,b,"Exp) Option b is the correct answer.

Part IV of the Constitution of India (Article 36-51) contains

the Directive Principles of State Policy (DPSP). These

principles aim at ensuring socio-economic justice to the
people and establishing India as a Welfare State. The Directive

Principles constitute a very comprehensive economic, social

and political programme for a modern democratic State.

They aim at realising the high ideals of justice, liberty,

equality and fraternity as outlined in the Preamble to the

Constitution. They embody the concept of a ‘welfare state’

and not that of a ‘police state, which existed during the

colonial era. In brief, they seek to establish economic and
social democracy in the country."
21,"Which of the following is/are among the

Fundamental Duties of citizens laid down

in the Indian Constitution?



1, To preserve the rich heritage of our
composite culture.

2. To protect the weaker sections from
social injustice.

3. To develop the scientific temper and
spirit of inquiry.

4. To strive towards excellence in all spheres
of individual and collective activity.

Select the correct answer using the codes

given below:",1 and 2 only,2 only,"1,3 and 4 only","1,2, 3 and 4",UPSC CSE Pre.,2012.0,c,"Exp) Option c is the correct answer.

Article 51A of the Constitution enlists Fundamental duties.

It shall be the duty of every citizen of India—

1) to abide by the Constitution and respect its ideals and
institutions, the National Flag and the National Anthem;

2) to cherish and follow the noble ideals which inspired
our national struggle for freedom;

3) to uphold and protect the sovereignty, unity and
integrity of India;

4) to defend the country and render national service when
called upon to do so;

5) to promote harmony and the spirit of common
brotherhood amongst all the people of India
transcending religious, linguistic and regional or
sectional diversities; to renounce practices derogatory
to the dignity of women;

6) to value and preserve the rich heritage of our composite
culture;

7) to protect and improve the natural environment
including forests, lakes, rivers and wild life, and to have
compassion for living creatures;

8) to develop the scientific temper, humanism and the
spirit of inquiry and reform;

9) to safeguard public property and to abjure violence;

10) to strive towards excellence in all spheres of individual
and collective activity so that the nation constantly rises
to higher levels of endeavour and achievement;

11) who is a parent or guardian to provide opportunities
for education to his child or, as the case may be, ward
between the age of six and fourteen years.

‘To protect the weaker sections from social injustice’ is not
listed as a Fundamental Duty."
22,"Consider the following provisions under
the Directive Principles of State Policy as
enshrined in the Constitution of India:



1. Securing for citizens of India a uniform
civil code.

2. Organizing village Panchayats.

3. Promoting cottage industries in rural
areas.

4. Securing for all the workers reasonable
leisure and cultural opportunities.

Which of the above Directive Principles of

State Policy reflect Gandhian principles?","1,2 and 4 only",2 and 3 only,"1,3 and 4 only","1,2,3 and 4",UPSC CSE Pre.,2012.0,b,"Exp) Option b is the correct answer
The Constitution doesn't differentiate between types
of Directive Principles of State Policy but for better
understanding of the terms, these can be classified into three
broad categories namely, Socialistic, Gandhian and Liberal-
intellectual. Gandhian Principles are based on the ideology
of Gandhi and strive to fulfil the dreams of Gandhi and to
achieve a Gandhian State. They are reflected in following
provisions -

Article 40: Steps will be taken by the statcs to organize village

panchayats and there will be decentralisation of power and

authority, in order to form sclf-government.

Article 43: State will ensure a living wage to industrial,

agriculture workers and ensure a decent workplace to work

and to promote cottage industries on an individual or co-
operative basis in rural areas."
23,"With reference to the Constitution of India,
consider the following:

1. Fundamental Rights

2. Fundamental Duties

3. Directive Principles of State Policy

Which of the above provisions of the

Constitution of India fulfilled the National

Social Assistance Programme launched by

the Government of India?",Only 1,Only 3,Only 1 and 3,"1,2 and 3",UPSC CSE Pre,2010.0,b,"Exp) Option b is the correct answer.

Directive Principles of State Policy fulfilled the National

Social Assistance Programme (NSAP) launched by the

Government of India. The NSAP provides social assistance

benefits to poor households in the case of old age, death

of the breadwinner and maternity. The NSAP aims at
ensuring minimum national standards, in addition to the
benefits that the States are currently providing or might
provide in future. DPSP also aims to establish social and
economic democracy through a welfare state. The ideas of

Fundamental Rights and Duties are not explicitly related to

the welfare of the people.

Important Tipss

National Social Assistance Programme (NSAP): |

e It was launched on 15th August 1995,

« NSAP isa Centrally Sponsored Scheme of the Gol that
provides financial assistance to the elderly, widows and
persons with disabilities in the form of social pensions.

2 The scheme represents a significant step towards the
fulfilment of the Directive Principles in Article 41.

« Article 41 of the Constitution of India directs the State
to provide public assistance to its citizens in case of
unemployment, old age, sickness and disablement.

o Presently NSAP comprises of five schemes, namely -
¢ Indira Gandhi National Old Age Pension Scheme

(IGNOAPS);

| ¢ Indira Gandhi National Widow Pension Scheme
(IGNWPS);
« Indira Gandhi Nationa] Disability Pension Scheme
(IGNDPS); |
¢ National Family Benefit Scheme (NEBS); |
« Annapurna"
24,"How are the Directive Principles of State

Policy different from Fundamental Rights?","Former is for Union Government and
later is for state Government.","Former is a part of Constitution whereas
later is not.","Directive Principles are not enforceable
whereas Fundamental Right can _ be
enforced.",None of these.,UPSC CSE (Pre),2009.0,c,"Exp) Option c is the correct answer.

Directive Principles of State Policy and Fundamental

Rights are nat divided on the basis of level of government -

Union Government and State Governments. Both the Union

government and State governments shall protect fundamental

rights of the citizen aud frame policics or laws enshrined
in the DPSPs. Both are the part of the constitution. But
there is a fundamental difference between two. Directive

Principles are not enforceable whereas Fundamental Right

can be enforced. Therefore, the government (Central, state

and local) cannot be compelled to implement them, unlike

Fundamental rights."
25,"Which of the following is/are included in
the Directive Principles of State Policy

1. Prohibition of Trafficking in human
beings and forced labour.

2. Prohibition of consumption except for
medicinal purposes of intoxicating drinks
and of other drugs which are injurious to
health.

Select the correct answer using the code given

below?",1 only,2 only,Both 1 and 2,Neither nor 2,UPSC CSE (Pre),2008.0,b,"Exp) Option b is the correct answer.

Statement L is incorrect: Prohibition of Trafficking in

human beings and forced labour is given in Article 23 of the

Fundamental Rights (not in DPSP).

Statement 2 is correct: According to Article 47 of the DPSP,

“The State shal] also endeavour to bring about prohibition

of the consumption except for medicinal purposes of

intoxicating drinks and of drugs which are injurious to
health.”"
26,"Consider the following statements in respect
of financial emergency under Article 360 of
the Constitution of India:

1. A Proclamation of financial emergency
issued shall cease to operate at the
expiration of two months, unless, before
the expiration of that period, it has been
approved by the resolutions of both
Houses of Parliament.

2. Ifany Proclamation offinancialemergency
is in operation, it is competent for the
President of India to issue directions for
the reduction of salaries and allowances
of all or any class of persons, serving in
connection with the affairs of the Union
but excluding the Judges of the Supreme
Court and the High Courts.

Which of the statements given above is/are

correct?",1 only,2 only,Both I and 2,Neither 1 nor 2,UPSC CSE (Pre),2007.0,a,"Exp) Option a is the correct answer

According to Article 360(2) of the Indian Constitution, the

declaration of financial emergency must be ratified by both

UYouses of Parliament within two monihs of its issuance.

A financial emergency, if approved by both Houses of

Parliament, lasts indefinitely uatil it is repealed.

After the Parliament approves the state of emergency, the

Union assumes complete control of the country’s financial

affairs. The Union Government may provide financial

directives to any of the states, and the President may ask the
states:

e Yo cut the pay and benefits of all or any class of
government employees,

° To hold all money bills in reserve for consideration by
Parliament once they have been enacted by the State
Legislature.

e Jo reduce the salaries and allowances of central
government officials, including those of Supreme Court
and High Court judges.

Important Tipss |

¢ Article 360 empowers the president to proclaim a}
Financial Einergency if he is satisfied that a situation |
has arisen due to which the financial stability or credit |
of India or any part of its territory is threatened. |

¢ Once approved by both the Houses of Parliament, the |
Financial Emergency continues indefinitely till it is |
revoked. This implies two things:
e There is no maximum period prescribed for its

operation; and
« Repeated parliamentary approval is not a

for its continuation. A resolution approving the

proclamation of financial emergency can be passed
| by either House of Parliament only by a simple
Lo majority"
27,"Consider the following statements -

1. Article 301 is related to Right to Property.

2. Right to Property is a legal right but not a
Fundamental Right.

3. Article 300-A was inserted in Indian
Constitution by 44th Amendment during
the period of Congress Government.

Which of aforesaid statements is/are correct?",Only 2,2 and 3,l and 3,"1,2 and 3",UPSC CSE (Pre),2005.0,a,"Exp) Option a is the correct answer.
Statement 1 is incorrect: Article 30] pertains to freedom
of trade, commerce and intercourse within the territory of
India, It is not related to right to property.
Statement 2 is correct: Right to property is a legal right but
not a fundamental right. It was originally a fundamental
right under Article 19 (1) (f) and Article 31, but these
articles were repealed by the 44th Amendment Act of 1978.
A new article, Article 300-A, was inserted in Part XII of
the Constitution, which provides that no person shall be
deprived of his property save by authority of law.
Statement 3 is incorrect: Article 300-A was inserted in the
Indian Constitution by the 44th Amendment Act of 1978
during the period of Janta Party Government. The Janta
Party came to power in 1977 after defeating the Congress
Party led by Indira Gandhi. The Janta Party government
introduced several constitutional amendments to undo
the changes made by the previous government during the
Emergency period of 1975-77.

Important Tipss

¢ The right to property as a fundamental right was
abolished by the 44th Amendment Act in 1978, which
added Article 300A as a new provision in Part XII of
the constitution,

+ The reason for this amendment was to facilitate land
reforms and social justice by allowing the state to
acquire surplus land from landowners and distribute it
to the landless farmers. |

¢ The amendment also removed the obligation of
the state to pay compensation for acquiring private
property, although the Supreme Court has held that
compensation can be inferred from Article 300A"
28,"Which one of following Articles of the

Indian constitution provide that it shall be

the duty of the Union to protect every state

against external aggression and internal

disturbance?",Article 215,Article 275,Article 325,Article 355,UPSC CSE (Pre),2003.0,d,"Exp) Option d Is the correct answer

According to Article 355 of Indian Constitution, it shall be
the duty of the Union to protect every State against external
aggression and internal disturbance and to ensure that the
government of every State is carried on in accordance with
the provisions of this Constitution,

Important Tipss
« According to Article 215 of Indian Constitution, every
High Court shall be a court of record and shall have
all the powers of such a court including the power to
| punish for contempt of itself.
|» Article 275 provides for Grants from the Union to
| certain States. .
+ Article 325 of the Indian Constitution says that No
l person to be ineligible for inclusion in, or to claim to
be included in a special, electoral roll on grounds of
religion, race, caste or sex"
29,"The purpose of the inclusion of Directive
Principles of State Policy in the Indian
Constitution is to establish",Political Democracy,Social Democracy,Gandhian Democracy,Social and Economic Democracy,UPSC CSE (Pre),2002.0,d,"Exp) Option dis the correct answer.
The Directive Principles constitute a very comprehensive
economic, social and political programme for a modern
democratic State. They aim at realising the high ideals of
justice, liberty, equality and fraternity as outlined in the
Preamble to the Constitution. They embody the concept of a
‘welfare state’ and not that of a ‘police state’, which existed
during the colonial era. In brief, they seek to establish
‘economic and social democracy’ in the country."
30,"Which one of the following Articles of the
Directive Principles of State Policy deals

with the promotion of international peace
and security?",51,448A,43 A,41,UPSC CSE (Pre),2002.0,a,"Exp) Option a is the correct answer.
Article 51 of the of the Directive Principles of State Policy
serves as a beacon, reflecting a sincere commitment to
maintain world peace and security by avoiding disputes and
wars for the sake of the entire human species.
| Important Tipss
Under Article 51, the State shall endeavour to
¢ promote international peace and security;
* maintain just and honourable relations between nations
« foster respect for international law and_ treaty
obligations,
* encourage settlement of international disputes by
arbitration"
31,"Which one of the following amendments
to the Indian Constitution empowers
the President to send back any matter
for reconsideration by the Council of
Ministers?",39th,"40""",4204,44',UPSC CSE (Pre),2002.0,d,"Exp) Option d is the correct answer.
One of the key provisions of the 44th Amendment is the
empowerment of the President to send back any matter for
reconsideration by the Council of Ministers, This means
that if the President is not satisfied with a decision taken
by the Council of Ministers, he/she can send it back for
reconsideration,
Important Tipss
Features of 44th Constitutional Amendment Act: |
e It restored the term of the Lok Sabha and the state |
legislative asseiublies from six to five years.
« It deleted the right to property from the list |
fundamental rights and made it a legal right under |
Article 300A,

je It empowered the President to send back any matter
for reconsideration by the Council of Ministers once,
but if the same advice is given again, he/she has to
accept it.

¢ It reduced the period of operation of a proclamation
of national emergency from one year to six mouths.

e It provided that a proclamation of emergency can
be issued only on the basis of written advice by the
Cabinet and not by individual ministers.

e It restored the power of judicial review to the Supreme
Court and the High Courts which was curtailed by the
42nd Amendment.

e It provided safeguards against the misuse of Article
356 (President’s rule) by laying down some conditions
for its invocation and continuation"
32,"The 93rd Constitution Amendment Bill
deals with the:","Continuation of reservation for backward
classes in government jobs","Free and compulsory education for all
children between the age of 6 and 14 years","Reservation of 30 percent posts for
women in government recruitments","Allocation of more number — of
Parliamentary seats for recently formed
States",UPSC CSE (Pre),2002.0,b,"Exp) Option b is the correct answer.
The 93rd Amendment of the Constitution of India,
officially known as The Constitution (Ninety-third
Amendment) Act, 2005, added clause (5) in Article 15
which enables the government to make any special provision
for the advancement of any socially and educationally
backward classes of citizens or for the Scheduled Castes or
the Scheduled Tribes in so far as such special provisions
relate to their admission to educational institutions,
including private educational institutions, whether aided
or unaided by the State, other than the minority educational
institutions."
33,"In the Indian Constitution, the right to
equality is granted by five Articles. They
are: |UPSC, CSE (Pre) 2002}",Article 16 to Article 20,Article 15 to Article 19,Article 14 to Article 18,Article 13 to Article 17,,,c,"Exp) Option c is the correct answer.
The right to equality tn the Indian Constitution is granted
by five Articles, which are:
Article 14: Right to equality before law
Article 15: Prohibition of discrimination on grounds of
religion, race, caste, sex, or place of birth
Article 16: Equality of opportunity in matters of public
employment
Article 17: Abolition of untouchability
Article 18: Abolition of titles

Important Tipss

Yhe six Fundamental Rights under Indian Constitution

are:

» Right to Equality (Article 14 - 18): This right
provides for equality before law and equal protection
of laws, prohibition of discrimination on grounds of
religion, race, caste, sex or place of birth, equality of
opportunity in matters of public employment, abolition
of untouchability and titles.

!
| « Right to Freedom (Article 19 - 22): This right protects
six freedoms regarding speech, expression, assembly,
association, movement, residence, and profession, It
also provides for protection against arbitrary arrest
and detention, and safeguards against conviction for
offences in certain cases.

- Right against Exploitation (Article 23 - 24): This
right prohibits trafficking of human beings and forced
labour, and bans employment of children under 14
years in hazardous occupations.

« Right to Freedom of Religion (Article 25 -— 28): This |
right grant freedom of conscience and free profession, |
practice and propagation of religion, freedom to |
manage religious affairs, freedom from payment of |
taxes for promotion of any religion, and freedom from |
attending religious instruction or worship in certain |
educational institutions.

e Cultural and Educational Rights (Article 29 - 30):
This right protects the interests of minorities by
preserving their right to conserve their language, script
and culture, and granting them the right to establish
and administer educational institutions of their choice.

¢ Right to Constitutional Remedies (Article 32): This
right empowers the Supreme Court and the High Courts
to issue writs for the enforcement of Fundamental
Rights. It also gives the right to move the Supreme Court
directly for violation of Fundamental Rights."
34,"MatchList-I (Article of Indian Constitution)
with List-II (Provisions) and select the
correct answer using the cade given below
the lists:
liseli 2) [List ee 4
artic = Grovidlony a

A. Article 16 |1. No person shall be
(2) | deprived of his property
| by the authority of law. |
B. Article29 /2. No person can be|
(2) | discriminated against |
| in the matter of public
| appointment on the |
| grounds of race, religion |
; or caste.

C. Article 30 |3. All minorities whether
(1) based on religion or
language shall have the
| right to establish and
administer educational
| institutions of their
choice.
D. Article31 |4. No citizen shall be
(1) denied admission
into any educational
institution maintained
by the State, or receiving
State aid, on the grounds
of religion, race, caste,
language or any of them.
Code: 
A B CD",2 4 3 1,3 1 2 4,2 1 3 4,3 4 2 1,UPSC CSE (Pre),2002.0,a,"Exp) Option a is the correct answer.

A. Article 16 (2) - 2. No person can be discriminated against
in the matter of public appointment on the grounds of
race, religion or caste

B. Article 29 (2) - 4. No citizen shall be denied admission
into any educational institution maintained by the State,
or receiving State aid, on the grounds of religion, race,
caste, language or any of them

C. Article 30 (1) - 3. All minorities whether based on
religion or language shall have the right to establish and
administer educational institutions of their choice

D. Article 31 (1) - 1. No person shall be deprived of his
property by the authority of law"
35,"A British citizen staying in India cannot
claim right to-",Freedom of Trade and Profession,Equality before the Law,Protection of life and Personal Liberty,Freedom of Religion,UPSC CSE (Pre),1999.0,a,"Exp) Option a is the correct answer.
A British citizen staying in India cannot claim right to:
¥reedom of trade and profession (Article 19 (1) (g)) - This
right allows citizens of India to practice any profession, or to
carry on any occupation, trade or business. It is one of the six
freedoms guaranteed under Article 19, which are available
only to the citizens of India.

The rights that are available to a British citizen staying in

India are:

¢ Equality before the law (Article 14) - This right ensures
that the State shall not deny to any person equality before

the law or the equal protection of the laws within the
territory of India. It is available to all persons, whether
citizens or foreigners.
¢ Protection of life and personal liberty (Article 21) - This
right guarantees that no person shall be deprived of his
life or personal liberty except according to procedure
established by law. It is available to all persons, whether
citizens or foreigners.
¢ Freedom of religion (Article 25-28) - These rights
ensure that all persons are equally entitled to freedom
of conscience and the right to freely profess, practice
and propagate religion. They also protect the rights of
religious minorities and prohibit religious instruction in
State-funded educational institutions, They are available
to all persons, whether citizens or foreigners
Important Tips
Fundamental’. Rights | Fundamental ght vallable
available only ‘to’ citizens | to both citizens & foreigners |
and not to foreigners’ «<> | (except enemy aliens) «- 4
¢ Article 15: Prohibition | ¢ Article 14: Equality
of discrimination on before law and equal
grounds of religion, protection of laws,
race, caste, sex or place|. Article 20: Protection |
of birth.Article 14: in respect of conviction
Equality before law for offences. |
and equal protection of | ¢ Article 21: Protection |
laws. of life and personal
» Article 16: Equality of liberty.
opportunity in matters}. Article 21A: Right to
of public employment. elementary education.
Article 20: Protection}, Article 22: Protection
in respect of conviction against arrest and
for offences. detention in certain
e Article 15: Prohibition cases.
of discrimination on}, Article 23: Prohibition
grounds of religion, of traffic and human
race, caste, sex or place beings and forced
of birth.Article 14: labour.
Equality before law e Article 24: Prohibition
and equal protection of f \ f
laws. oa oyment °
children in factories
« Article 16: Equality of etc.
opportunity in matters | Article 25: Freedom
of public employment. a
Article 20: Protection of conscience and free
in respect of conviction profession, practice
for offences. and propagation of
e Article 19: Protection religion.
of six rights regarding
freedom of (speech
and expression,
(ii) assembly (iii)
association, (iv)
movement (v) residence
and _ profession.Article
21: Protection of life
and personal liberty.

¢ Article 29: Protection|+ Article 26: Freedom
of language, script and to manage religious
culture of minorities. affairs.
Article 21A: Right to]. Article 27: Freedom
elementary education. from payment of taxes |
+ Article 30: Right for promotion of any
of minorities to religion.
establish and|, Article 28: Freedom
administer educational from attending religious
institutions. instruction or worship
in certain educational
institutions."
36,"Anamendment to the Constitution of India
can be initiated by the:
1. Lok Sabha
2. Rajya Sabha
3. State Legislatures
4. President
Select the correct answer using the codes
given below:",1 only,"1,2 and 3","2,3 and4",Land2,UPSC CSE (Pre),1999.0,d,"Exp) Option d is the correct answer.

An amendment to the Constitution of India can be initiated

by either the Lok Sabha (1) or the Rajya Sabha (2). Both

Houses of Parliament have the power to propose and pass the

Constitution Amendment Bills.

Important Tipss

« An amendment of the Constitution may be initiated
only by the introduction of a bill for the purpose
in either House of Parliament and not in the state
legislature.

e ‘The bill can be introduced either by a minister or by a
private member and does not require prior permission
of the President.

« The bill must be passed by both Houses by a special
majority of not less than two-thirds of members
present and voting and more than half of the total
membership of each House.

¢ The President must give his assent to the bill. He has
no power to withhold or return the bill."
37,"Which of the following are the matters
on which a constitutional amendment is
possible only with the ratification of the
legislatures of not less than one-half of the
states?
1. Election of the President
2. Representation of the States in Parliament
3. Any of the Lists in the 7"" Schedule
4. Abolition of the Legislature Council of a
State
Code: (UPSC CSE (Pre) 1995]","1,2 and 3","1,2 and 4","1,3 and 4","2,3 and 4",,,a,"Exp) Option a is the correct answer.

Article 368 of the Constitution of India states that some

amendments also require the ratification by not less than

half of the states by resolution passed by their legislatures
before they are presented to the President for assent.

Therefore, the matters that require consent of at least half

of the state legislatures for constitutional amendment are:

1. Election of the President. This is true, as it involves
changes in Article 54 and Article 55.

2. Representation of the States in Parliament. This is true,
as it involves changes in the representation of States in
Parliament.

3. Any of the Lists in the 7th Schedule. This is true, as
it involves changes in any of the Lists in the Seventh
Schedule.

4. Abolition of the Legislature Council of a State. This is
false, as it does not require the ratification of at least one-
half of the state legislatures. Parliament can abolish or
create a Legislative Council in a State only if the State
Legislative Assembly passes a resolution with a special

majority. The law passed by the Parliament for this
purpose shall also amend the Constitution accordingly
and shali not be considered as an amendment under
article 368."
38,"Match list-I with list-I] and select the
correct answer using the codes given below
the lists:

A. 13th 1. Nagaland
Amendment
B. 18th 2. Anti-Defection Law
Amendment
C. 39th 13. Clarified the ‘state’ |
Amendment
D. 52nd 4. The election of
Amendment President Speaker
and Prime Minister
cannot be challenged |

Code 
A BC OD","2 4 1 3

(b}4 3 2 1

(c} 1 3 4 2",,,1 3 2 4,UPSC CSE (Pre),1995.0,d,"Exp) Option d is the correct answer.

¢ The 13th Amendment of the Indian Constitution gave the
status of a state to Nagaland and made special provisions
for it.

o The 18th Amendment of the Indian Constitution
amended Article 3 to include Union territories in the
definition of ‘state’ and to empower Parliament to forma
new State or Union territory by uniting a part of any State
or Union territory to any other State or Union territory.

« The 39th Amendment of the Indian Constitution placed
the election of the President, the Vice President, the
Prime Minister and the Speaker of the Lok Sabha beyond
the scrutiny of the Indian courts,

e The 52nd Amendment of the Indian Constitution added
the Tenth Schedule to provide for the disqualification of
the members of Parliament and the state legislatures on
the grounds of defection"
39,"Prohibition of discrimination on_ the
ground of religion etc. (Article 15 of the

Constitution of India) is a Fundamental

Right classifiable under:",The Right to Freedom of Religion,The Right against Exploitation,The Cultural and Educational Rights,The Right to Equality,UPSC CSE (Pre),1995.0,d,"Exp) Option d is the correct answer.
Article 15 of the Constitution of India forbids discrimination
on grounds only of religion, race, caste, sex, or place of
birth. It applies the general principle of equality in specific
situations by forbidding classifications made on protected
grounds. It also empowers the state to make special provisions
for the advancement of any socially and educationally
backward classes of citizens or for the Scheduled Castes and
the Scheduled Tribes. The prohibition of discrimination
on the ground of religion etc. is a fundamental right that is
classifiable under the Right to Equality.

Important Tipss

| Article 15 of the Constitution of India has been

implemented in various ways by the government and the

| judiciary to ensure equality and non-discrimination for

all citizens. Some of the ways are:

e The government has enacted laws such as the Hindu
Succession Act, 1956 to remove discrimination based
| on gender and caste in matters of inheritance and
| social status.

i? The government has also made special provisions for

| women, children, socially and educationally backward

classes, scheduled castes and scheduled tribes under

Article 15(3), (4) and (5) to promote their advancement

and welfare. For example, the government has provided

| reservation of seats in educational institutions and

public employment for these groups. i

e The judiciary has interpreted Article 15 ina broad and
liberal manner to protect the rights of the marginalized
and vulnerable sections of society. For example, the
Supreme Court has held that sexual harassment of
women at workplace is a violation of Article 15. The
Supreme Court has also held that reservation within
reservation based on area or region is permissible
under Article 15(4) to address the regional disparities
among the backward classes.

¢ The judiciary has also balanced the implementation of
Article 15 with the principle of equality under Article
14. For example, the Supreme Court has held that
reservation cannot exceed 50% of the total seats or
posts, except in extraordinary circumstances. =="
40,"The basic structure theory of the

Constitution of India Implies that-","Certain features of the Constitution
are so essential to it that they cannot be
abrogated.","Fundamental rights cannot be abridged
or taken away.","The Constitution cannot be amended
except in accordance with the procedure
laid down in Article 368.","The Preamble of the Constitution
cannot be amended for it is not a part
of the Constitution and at the same time
represents its real spirit.",UPSC CSE (Pre),1994.0,a,"Exp) Option a is the correct answer.
The basic structure doctrine is a judicial principle
established by the Supreme Court of India. According to
this doctrine, certain features or elements of the Indian
Constitution are considered so fundamental and essential
that they form the basic structure of the Constitution.
These features cannot be abrogated or altered even through
the process of Constitutional amendment under Article 368.
The Supreme Court has held that while Parliament
has the power to amend the Constitution, it cannot use
this power to destroy or alter the basic structure of the
Constitution. The Court has not provided an exhaustive
list of elements that constitute the basic structure, but some
of the features considered as part of the basic structure
include the supremacy of the Constitution, the rule of law,
the independence of the judiciary, the secular nature of the
statc, federalism, and the basic rights guaranteed to citizens.
Important Tipss

The basic structure doctrine has been invoked by |

the Supreme Court in several cases to strike down

constitutional amendments that were found to be violative |
of the basic structure. Some examples are: |

* Indira Nehru Gandhi v Raj Narain (1975), where clause |
(4) of article 329A, which immunized the election of |
Prime Minister from judicial scrutiny, was struck down |
as it violated democracy and rule of law. :

e Minerva Mills v Union of India (1980), where clauses |
(4) and (5) of article 368, which gave unlimited |
amending power to parliament and excluded judicial !
review, were struck down as they destroyed harraony |
between fundamental rights and directive principles. |

¢ S.R. Bommai v Union of India (1994), where arbitrary
use of article 356, which empowers President to impose |
President’s rule in states, was held to be violative of |
federalism and democracy. i

« LR. Coelho v State of Tamil Nadu (2007), where it was |
held that laws placed in Ninth Schedule after April 24, ;
1973 (the date of Kesavananda Bharati judgement) are |
open to judicial review if they violate basic structure."
41,Freedom of News Papers in India-,of the Constitution,"is implied in the wider freedom of
expression guaranteed by Article 19(1)","is guaranteed under the provisions of
Article 361 A of the Constitution","emanates from the operation of the Rule
of Law In the country
becaxdl Questions: 6.7) ee EE",UPSC CSE (Pre),1994.0,b,"Exp) Option b is the correct answer.

Freedom of newspapers in India is a part of the freedom
of speech and expression, which is guaranteed by Article

19 (1) (a) of the Indian Constitution. This article states that

“All citizens shall have the right to freedom of speech and
expression.”

Freedom of newspapers in India is not explicitly
mentioned or specially provided in Article 19 (1) (a) of
the Constitution. It is implied or derived from the wider
freedom of expression guaranteed by this article. The
Supreme Court has interpreted this article to include the
freedom of press as an integral part of the freedom of speech
and expression

Eo Questions 3) SGA rR"
42,"Which of the following is not a fundamental 4
duty?","To protect and improve the natural
environment",To respect the National Anthem,"To protect monuments and places of
national importance",To safeguard public property,UPPCS (Pre),2022.0,c,"Exp) Option c is the correct answer. ,
To protect monuments and places of national importance
is not a fundamental duty under the Indian Constitution.
It is a part of the Directive Principles of State Policy
(DPSP) under the Indian Constitution. Article 49 of the
Constitution says that it shall be the obligation of the State
to protect every monument or place or object of artistic
or historic interest, declared by or under law made by
Parliament, to be of national importance, from spoliation,
disfigurement, destruction, removal, disposal or export, as
the case may be."
43,"Right to Education has been included into 4
the Fundamental Rights by the-","Constitution (93rd Amendment) Act,
2005","Constitution (71st Amendment) Act,
1992","Constitution (103rd Amendment) Act,
2019","Constitution (86th Amendment) Act,
2002","U.P.P.C.S, (Pre)",2022.0,d,"Exp) Option d is the correct answer.
The 86th Amendment of the Constitution of India, officially
known as The Constitution (Eighty-sixth Amendment) Act, 2002,
inserted Article 21A in the Constitution which makes education
a fundamental right for all children between the age of 6 and 14
years,

Important Tipss

Features of 86th Constitutional Amendment Act:

¢ It inserted Article 21A in the Constitution which
makes education a fundamental right for all children
between the age of 6 and 14 years and requires the
state to provide free and compulsory education to them

e It amended Article 45 of the Constitution, which
deals with the directive principle of state policy
on providing free and compulsory education to all
children up to the age of 14 years, and changed it to
provide for early childhood care and education for all
children until they complete the age of six years.

« It inserted a new clause (k) in Article 51A of the
Constitution, which makes it a fundamental duty of
every citizen who is a parent or guardian to provide
opportunities for education to his/her child or ward
between the age of 6 and 14 years"
44,"The concept of “Basic Structure of the
Constitution’ was propounded by _ the
Supreme Court in the case of-
 4
A. Golaknath vs State of Punjab | 1. 1967
B. Yusufvs State of Bombay | 2. 1954 _
C. Keshvanand Bharti vs State of | 3. 1973
Kerala
D. Chitralekha vs State of|4. 1964
Mysore",,,,,U.P.B.C.S. (Pre),2022.0,c,"Exp) Option c is the correct answer.
Keshvanand Bharti vs State of Kerala case was decided in 1973
and it was the first time that the Supreme Court propounded the
concept of ‘Basic Structure of the Constitution’. The court held that
the Parliament has the power to amend any part of the Constitution,
including the fundamental rights, but it cannot alter or destroy the
basic structure or essential features of the Constitution,"
45,"Which one of the following is not correctly 4
matched? 
(Subject) 3) ug ga| (Related (7p
Wa artis)","The separation 1, Article 50
of judiciary from
executive","The promotion of 2. Article 46 .
| educational and _
economic interests of Ls
| Scheduled Castes and -
| Scheduled Tribes | i
|",The promotion of Co- | 3. Article 43A jo,"The organization 4, Article 40 ,
| of village panchayat 4
| and enable them to
; function as the units of a
self-governace",U.P.P.C.S. (Pre),2021.0,c,"Exp) Option c is the correct answer.
The promotion of Co-operative Societies is given in Article
43B (not Article 43A). This article reads “The State shall
endeayour to promote yoluntary formation, autonomous
functioning, democratic control, and _ professional
management of cooperative societies”, Whereas, Article
43A of the Constitution of India mentions about the
participation of workers in management of industries."
46,"Which Constitution Amendment Act
reduced the voting age from 21 years to 18
years?  tote",66th Amendment,62nd Amendment .,61st Amendment oe,63rd Amendment .,"U.P.P.C.S, (Pre)",2021.0,c,"Exp) Option c is the correct answer.

The 61st Amendment of the Constitution of India, officially

known as The Constitution (Sixty-first Amendment) Act,

1988. lowered the voting age of elections to the Lok Sabha

and to the Legislative Assemblies of States from 21 years to

18 years.

The amendment aimed to provide an opportunity to the

unrepresented youth of the country to participate in the

political process and express their views. It also brought |

India in line with many other countries that had specified 18

years as the voting age."
47,"Consider the following and arrange these in
chronological order:
I. Golak Nath Case “ |
II. Keshavanand Bharti Case
III. 24th Constitution Amendment Act
IV. 42nd Constitution Amendment Act 7 ""
Select the correct answer from the codes a
given below.  ;","1, I, II, IV oo","J, UJ, WH, IV :,","III, I, I1,1V","UI, I, IV, I -","U.P.P.C.S, (Pre)",2021.0,a,"Exp) Option a is the correct answer.

The correct chronological order is as follows:

« Golak Nath Case: 1967, This case held that the Parliament
cannot amend the fundamental rights enshrined in Part
III of the Constitution.

« 24th Constitution Amendment Act: 1971. This act was
enacted to override the Golak Nath case and restore the
Parliament's power to amend any part of the Constitution,
including Part III.

« Keshavanand Bharti Case: 1973. This case upheld the
validity of the 24th Amendment Act, but also introduced
the doctrine of basic structure, which limits the
Parliament’s amending power to preserve the essential
features of the Constitution.

« 42nd Constitution Amendment Act: 1976. This act was
enacted during the Emergency period and made several
changes to the Constitution, such as expanding the scope
of Article 31C, adding new Directive Principles and
Fundamental Duties, and changing the preamble."
48,"Which of the following Article was inserted
by the 42""? Constitution Amendment to
provide for participation of workers in
management?",Article 38 oo,Article 39A at,Article 45 a,Article 43A oS,UPPCS (Pre),2019.0,d,"Exp) Option d is the correct answer.

Article 43A deals with Participation of workers in

management of industries. It mentions that ‘The State shall

take steps, by suitable legislation or in any other way, to
secure the participation of workers in the management of
undertakings, establishments or other organisations engaged
in any industry’. This article was inserted in the Constitution
by the 42nd Amendment 1976."
49,"Given below are two statements, one is “
labelled as Assertion (A) and the other as -
Reason (R): ve
Assertion (A): Article 30 of the Constitution .
of India does not define the term’ minorities. 7
Reason (R): The Constitution recognizes ay
only linguistic and religious minorities.

Select the correct answer from the codes

given below:","Both (A) and (R) are true and (R) is the
correct explanation of (A).","Both (A) and (R) are true, but (R) is not
the correct explanation of (A).","(A) is true, but (R) is false.","(A) is false, but (R) is true.",U.P.P.C.S. (Pre),2019.0,b,"Exp) Option b is the correct answer.
Assertion (A) states that Article 30 of the Constitution of
India does not define the term ‘minorities’, This statement
is true. Article 30 of the Indian Constitution provides certain
rights to minorities to establish and administer educational
institutions. However, it does not specifically define the term
‘minorities’.
Reason (R) states thal the Cunstilution recugnizes only
linguistic and religious minorities. This statement is also
true. The Constitution of india recognizes two types of
minorities - linguistic minorities and religious minorities, It
ensures certain protections and rights to these minorities to
preserve and promote their distinct language and culture or
to manage their religious institutions. But, it does state the
reason as to why Constitution of India does not define the
term."
50,"In which of the following ‘the provisions
for the protection and improvement of
environment and safeguarding of forests
and wildlife’ are found in the Constitution
of India?",and,,Both,None of the above,U.P.P.C.S. (Pre),2019.0,c,"Exp) Option c is the correct answer.
Article 48A under DPSP lays down the principle
for protection and improvement of environment and
safeguarding of forests and wildlife. It reads as: “The State
shall endeavor to protect and improve the environment
and to safeguard the forests and wildlife of the country”
Similarly, according to Article 51A (g), it shall be the duty
of every citizen of India to protect and improve the natural
environment including forests, lakes, rivers and wildlife and
to have compassion for living creatures. Hence, Provision
related to the protection of the environment is described
in both - as Fundamental Duty and as DPSP."
51,"The Directive principles of State Policy may
be classified into which of the following
parts for the sake of convenient study?",Socialist,Liberal intellectualistic,Gandhian,All of the above,U.P.P.C.S. (Pre),2018.0,d,"Exp) Option d is the correct answer.
On the basis of content and direction given in Directive
principles of State Policy, they can be classified into three
broad categories, viz, socialistic, Gandhian and liberal-
intellectual. However, the Constitution does not contain any
classification of Directive Principles.
Important Tipss
Socialistic Principles
e These principles reflect the ideology of socialism. They
Jay down the framework of a democratic socialist state,
aim at providing social and economic justice, and set
the path towards welfare state. They direct the state:
To Minimise inequalities in income, status, facilities
and opportunities, to provide opportunities for healthy
development of children, to ensure equal pay for equal
work for men and women, etc.

Gandhian Principles

¢ These principles are based on Gandhian ideology. They
represent the programme of reconstruction enunciated
by Gandhi during the national movement. In order to
fulfil the dreams of Gandhi, some of his ideas were
included as Directive Principles. They require the
State: To organise village panchayats and endow them
with necessary powers and authority to enable them
to function as units of self-government, to promote
cottage industries on an individual or cooperation
basis in rural areas, etc.

Liberal-Intellectual Principles

e ‘the principles included in this category represent the
ideology of liberalism. They direct the state: To secure
for all citizens a uniform civil code throughout the
country, to provide early childhood care and education
for all children until they complete the age of six years,
to organise agriculture and animal husbandry on
modern and scientific lines, and to protect and improve
the environment and to safeguard forests and wild life."
52,"Match list-I with list-II and select the
correct answer using the codes given below
the lists:

A. Curtailment of | 1. 61% Amendment

seem | Sanne
judicial review

B. Abolition 2. 42°¢ Amendment
of Right to
property as a
fundamental
right
voting age from
21 to 18

D. Addition of the | 4. 44 Amendment
word ‘Secular’
in the Preamble

Code: 
A B C D",1 2 4 3,2 4 1 3,3 4 1 2,4 1 3 2,UPPCS (Pre),2017.0,c,"Exp) Option c is the correct answer.

« According to 38th Constitutional Amendment Act,
any declarations made by the President declaring a state
of emergency are no longer subject to legal review
or judicial review under the 38th Amendment Act.
According to this rule, the President may restrict a citizen’s
fundamental rights depending on the circumstances
surrounding the declaration of an emergency.

° According to 44th Amendment to the Indian
Constitution, Right to Property (Article 31) was
removed as a fundamental right and reclassified
it as a legal right. It also added Article 300-A to the
Constitution, which deals with the right to compensation
in case of acquisition of property.

¢ The 61st Amendment to the Indian Constitution was
passed in 1989. It lowered the voting age from 21 to 18
years, thereby allowing young adults aged 18 to 21 years
to exercise their right to vote in elections.

« The 42nd Amendment of the Indian Constitution,
enacted in 1976, added the words ‘socialist’, ‘secular’
and ‘integrity’ to the preamble. It also made several
other changes to the Constitution that affected the basic
structure, fundamental rights, fundamental duties,
emergency provisions, etc6"
53,"Which one of the following does not fall
within the purview of article 21 of the
Constitution?",Medical aid to injure by a doctor,"Sexual Harassment of Women at

workplace.",Pollution of the quality of water.,Capital punishment,U.P.P.C.S. (Pre),2017.0,d,"Exp) Option d is the correct answer.

Capital punishment does not fall within the purview of

Article 21 as it is not related to the right to life and personal

liberty. Capital punishment means the death penalty

awarded by a court of law for certain heinous crimes. Capital
punishment is not a violation of Article 21 as it is imposed
according to the procedure established by law.

« Medical aid to injure by a doctor: The Supreme Court
has held that the right to medical aid is a part of the right
to life under Article 21. It means that every person has the
right to receive timely and adequate medical treatment in
case of injury or illness.

« Sexual Harassment of Women at workplace: The
Supreme Court has held that the right to work with
dignity is a part of the right to life under Article 21. It
means that every woman has the right to work in a safe
and respectful environment free from any form of sexual
harassment or abuse.

« Pollution of the quality of water: The Supreme Court
has held that the right to clean environment is a part
of the right to life under Article 21. It means that every
person has the right to enjoy a healthy and pollution-free
environment, including water, air, and land."
54,"Given below are two statements, one is
labelled as Assertion (A) and the other as
Reason (R):

Assertion (A): The State can treat unequal

differently with the objective of creating a

level playing field in the social, economic and

political spheres.

Reason (R): Among equals the law should be

equal and equally administered.

In the context of the above statements select

the correct answer","(A) is true, but (R) is false.","(A) is false, but (R) is true.","Both (A) and (R) are correct, but (R) is
not the correct explanation of (A).","Both (A) and (R) are true and (R) is the
correct explanation of (A).",U.P.P.C.S. (Mains),2016.0,d,"Exp) Option d is the correct answer.
Assertion (A) is correct: State can treat unequal differently
with the objective of creating a level playing field in the
social, economic and political spheres. This is based on the
principle of equal protection of laws, which means that the
law gives equal opportunities to all people who are in similar
circumstances or situations. This principle allows the State
to make reasonable classifications among people and provide
special provisions or reservations for the advancement
of any backward class of citizens, which is not adequately
represented in the services under the State. This is done
to ensure substantive equality and not merely formal
equality.
Reason (R) is correct statement: Among equals the law
should be equal and equally administered. This is based on
the principle of equality before law, which means that no one
is above the rule of law. This principle implies that all people
are subject to the same laws and the same judicial system,
regardless of their status or power.

Reason (R) is also the correct explanation of Assertion (A)

because it implies that the State can treat unequal differently

only with the objective of creating equality among them.

The State cannot discriminate among equals or favour any

group without a reasonable basis. The special provisions for

the backward classes and the scheduled castes and tribes
are based on the reasonable classification of these groups
as being under-represented and deserving of preferential
treatment to achieve substantive equality.
Important Tipss
« Equality before law is a negative concept that restricts
the State from engaging in any arbitrary discrimination
between individuals.
« Equal protection of laws is a positive concept that
puts a positive obligation on the State to prevent the
violation of rights.

e Equality before law does not mean that all laws must be
general in character and universal in application. Equal
protection of laws does not mean that all laws must be
alike for all people without any distinction.

« Equality before law deals with equal subjection of all
persons to the ordinary law of the land administered
by ordinary law courts. Equal protection of laws deals
with similar application of the same laws to all persons
who are similarly situated"
55,"In the Indian Constitution the ‘Right to
Freedom is granted by four Articles which
are-",Article - 19 to Article ~ 22,"Article - 16 to Article — 19
(c} Article - 17 to Article - 20",,Article - 18 to Article - 21,U.P.P.C.S. (Mains),2016.0,a,"Exp) Option a is the correct answer.

The ‘Right to Freedom’ in the Indian Constitution is granted

by four articles, which are Article 19 to Article 22.

« Article 19 guarantees six freedoms to citizens, which
are freedom of speech and expression, freedom to
assemble peacefully and without arms, freedom to
form associations or unions, freedom to move freely
throughout the territory of India, freedom to reside and
settle in any part of the country, and freedom to practice
any profession, occupation, trade, or business.

¢ Article 20 provides protection against ex post facto laws
and double jeopardy. It also ensures that no person can
be compelled to be a witness against himself/herself.

¢ Article 21 guarantees the right to life and personal liberty.
It ensures that no person shall be deprived of their life
or personal liberty except according to the procedure
established by law.

« Article 22 provides protection against arrest and
detention in certain cases. It lays down provisions for
the protection of individuals arrested or detained under
preventive detention laws."
56,"Given below are two statements, one is
labelled as Assertion and the other as
Reason (R):

Assertion (A): The state shall provide free
and compulsory education to all children of
the age group of six to fourteen years.
Reason (R): In a democratic society, the
right to education is indispensable in the
interpretation of the right to development as
a human right.

In the context of the above statements select
the correct answer.","Both (A) and (R) are true, and (R) is the
correct explanation of (A).","Both (A) and (R) are true, but (R) is not
the correct explanation of (A).","(A) is true, but (R) is false.","(R) is true, but (A) is true.",U.P.P.C.S. (Mains),2016.0,a,"Exp) Option a is the correct answer.
Assertion (A) states that the state shall provide free and
compulsory education to all children of the age group of
six to fourteen years. This statement is true. The Right to
Education (RTE) Act, enacted in India in 2009, mandates
free and compulsory education for children in the specified
age group.
Reason (R) states that in a democratic society, the right
to education is indispensable in the interpretation of the
right to development as a human right. This statement
is also true. Education is considered a fundamental right
and an essential aspect of human development. It enables
individuals to exercise their other rights effectively and
contributes to their overall well-being and progress."
57,"Given below are two statements, one is
labelled as Assertion (A) and the other as
Reason (R):

Assertion (A): Dr. Ambedkar had described

Article 32 of the Constitution as the very soul

of it.

Reason (R): Article 32 provides an effective

remedy against the violation of fundamental

rights.

Select the correct answer using the codes

given below:","(A) and (R) both are true, and (R) is the
correct explanation of (A)","(A) and (R) both are true, but (R) is not
the correct explanation of (A).","(A) is true, but (R) is false.","(A) is false, but (R) is true.",U.P.P.C.S. (Pre),2016.0,a,"Exp) Option a is the correct answer.

Assertion (A) states that Dr. Ambedkar described Article

32 of the Constitution as the very soul of it. This statement

is true. Dr. B.R. Ambedkar, the principal architect of the

Indian Constitution, indeed emphasized the significance of

Article 32 as a fundamental right itself and as a means to

protect and enforce other fundamental rights. He considered
it an essential provision for the effective functioning of the
Constitution.

Reason (R) states that Article 32 provides an effective
remedy against the violation of fundamental rights. This
statement is also true. Article 32 of the Indian Constitution
empowers individuals to directly approach the Supreme
Court for the enforcement of their fundamental rights.
It provides a significant safeguard and remedy to protect
citizens’ fundamental rights by allowing them to seek judicial
intervention against any violation.

The Reason (R) provides the correct explanation for
Assertion (A) as it explains why Dr. Ambedkar considered
Article 32 as the very soul of the Constitution, Article 32
plays a crucial role in upholding and protecting fundamental
rights and serves as a mechanism for ensuring their
enforcement."
58,"Which one of the following pairs is not
correctly matched?","Prohibition of traffic in| Article 23

human beings and forced

Jabour__","Protection of interests of | Article 29

minorities ee",Right to constitutional Article 32,"Right of minorities to Article 31

establish and administer

educational institutions _ _",U.P.P.C.S. (Mains),2015.0,d,",
Exp) Option d is the correct answer.

Article 31 of the Constitution of India was a fundamental
right that guaranteed the right to property to all citizens.
It provided that no person shall be deprived of his property
except by authority of law, and that no property shall be
compulsorily acquired or requisitioned except for a public
purpose and on payment of just compensation. However,
Article 31 was repealed by the Constitution (Forty-fourth
Amendment) Act, 1978, which removed the right to property
from the list of fundamental rights and inserted it as a legal
right under Article 300A

The right of minorities to establish and administer
educational institutions is not guaranteed by Article 31,
but by Article 30. Article 30 is a fundamental right that
protects the cultural and educational rights of minorities."
59,"Underwhich Articles ofIndian Constitution,
provision for Fundamental Duties has
been made by the 42nd Constitutional
Amendment Act?",Article 50,Article 51A,Article 52,Article 53,U.P.P.C.S. (Pre),2015.0,b,"Exp) Option b is the correct answer.

Article 51A of the Indian Constitution lists the fundamental
duties of every citizen of India. These fundamental duties
are the basic norms to be observed by the citizens towards
their State. Fundamental Duties are mentioned under Part
IVA of the Indian Constitution. They were added through
42nd Amendment 1976 upon the recommendations of
Swaran Singh Committee to pay respect towards the Nation."
60,"Which one of the following is not a part
of Fundamental Duties under Indian
Constitution?","To defend the country and render national
service","To value and preserve the rich heritage of
our composite culture",To help in organizing Village Panchayats,"To safeguard public property and to
abjure violence",,,c,"Exp) Option c is the correct answer.

To help in organizing Village Panchayats is not a part
of the fundamental duties under the Indian Constitution.
It is a part of the Directive Principles of State Policy
(DPSP) under the Indian Constitution. Article 40 of the
Constitution says that the State shall take steps to organize
village panchayats and endow them with such powers and
autho1ity as may be necessary to enable them to function as
units of self-government

Important Tipss

The fundamental duties are listed in Article 51A of the

Indian Constitution and they are as follows:

* To abide by the Constitution.and respect its ideals
and institutions, the National Flag and the National
Anthem :

¢ To cherish and follow the noble ideals which inspired
our national struggle for freedom

«+ To uphold and protect the sovereignty, unity, and
integrity of India

¢ To defend the country and render national service
when called upon to do so

« To promote harmony and the spirit of common
brotherhood amongst all the people of India
transcending religious, linguistic and regional or
sectional diversities; to renounce practices derogatory
to the dignity of women

¢ Tovalue and preserve the rich heritage of our composite
culture ,

« To protect and improve the natural environment
including forests, lakes, rivers and wildlife, and to have
compassion for living creatures

« To develop the scientific temper, humanism and the
spirit of inquiry and reform

* To safeguard public property and to abjure violence

e To strive towards excellence in all spheres of individual
and collective activity so that the nation constantly
rises to higher levels of endeavour and achievement

« To provide opportunities for education to his child
or, as the case may be, ward between the age of six
and fourteen years (This duty was added by the 86th
Constitutional Amendment Act, 2002)"
61,"Consider the following:

Assertion (A): Under Article 368, the

Parliament can amend any part of the

Constitution.

Reason (R): The Parliament is the Supreme

Legislative body elected by the People of

India.

Code:","Both (A) and (R) are correct, and (R) is
the correct explanation of (A).","Both (A) and (R) are correct, but (R) is
not the correct explanation of (A).","(A) is true, but (R) is false.","(A) is false, but (R) is true.",U.P.P.C.S. (Pre),2015.0,a,"Exp) Option a is the correct answer.
Assertion (A) states that under Article 368 of the Indian
Constitution, the Parliament can amend any part of the
Constitution. This is correct as Article 368 grants the power
of amendment to the Parliament.
Reason (R) states that the Parliament is the Supreme
Legislative body elected by the People of India. This is also
correct as the Parliament is the highest legislative body
in India and is elected by the people through democratic
elections,
Reason (R) is the correct explanation of Assertion
(A) because the fact that the Parliament is the supreme
legislative body elected by the people of India gives it the
authority to amend the Constitution through Article 368.
The Constitution vests this power in the Parliament as a
reflection of the democratic principles and representative
nature of the Indian polity.

Important Tipss

° Article 368 is a provision in the Constitution of India
that deals with the power of Parliament to amend the
Constitution and its procedure. _ _

* It is in Part XX of the Constitution and states
that Parliament can amend any provision of the
Constitution by way of addition, variation or repeal,
subject to some conditions and limitations.

« Some amendments require the ratification of not
less than one half of the States by resolution passed
by their Legislatures before they are presented to the
President for assent.

* Article 368 also declares that nothing in Article 13,
which prohibits laws that abridge or take away any of
the fundamental rights, shall apply to any amendment
made under this article."
62,"The word ‘Hindw in Article 25 of the

Constitution of India does not include-",Buddhists,Jains,Parsis,Sikhs,U.P.P.C.S. (Mains),2014.0,c,"Exp) Option ¢ is the correct answer.
Article 25 of the Constitution of India is a fundamental
right that guarantees the freedom of conscience and the
right to freely profess, practice, and propagate religion to
all persons,
Explanation II to Article 25 (2) (b) states that “In sub-
clause (b) of clause (2), the reference to Hindus shall be
construed as including a reference to persons professing
the Sikh, Jaina or Buddhist religion, and the reference to
Hindu religious institutions shall be construed accordingly.”
Therefore, among the given options, only Parsis are
not included in the word ‘Hindu’ in Article 25 of the
Constitution of India,
Important Tipss
| * The Constitution does not define the term “minority”
but it recognizes religious and linguistic minorities
| under Article 30(1).
\* The Constitution also provides various rights and
safeguards for the protection and promotion of the |
| interests of minorities. Some of them are: |

- Article 29: It grants any section of citizens having
a distinct language, script or culture the right to|
conserve the same and the right to be protected against
discrimination on any ground. |

« Article 30: It grants any religious or linguistic
minority the right to establish and administer
educational institutions of their choice and the right
to receive aid from the State without discrimination.

« Article 350A: It imposes a. duty on every State and
local authority to provide adequate facilities for|
instruction in the mother tongue at the primary
stage of education to children belonging to linguistic |
minority groups.

« Article 350B: It provides for a Special Officer for |
Linguistic Minorities appointed by the President to |
investigate all matters relating to the safeguards for
linguistic minorities and to report to the President
upon those matters.

¢ Article 347; It empowers the President to direct

any State to recognize any language spoken by a
| substantial proportion of the population of that State

as an official language of that State"
63,"In which Article of Indian Constitution

Doctrine of Due Process of Law is included?


|",,"16
{c) 21",,26,U.P.P.C.S. (Mains),2014.0,c,"Exp) Option c is the correct answer.
The phrase “due process of law” is not included in any
of the articles of the Indian Constitution. However, the
concept has been enshrined in Article 21 of the Indian
Constitution, which states that “No person shall be deprived
of his life or personal liberty except according to the
procedure established by law”.
Over time, the Supreme Court of India (Maneka Gandhi vs
Union of India case (1978)) has interpreted Article 21 to
include the doctrine of “due process of law”, which means
that not only there must be a law to deprive a person of his
life or personal liberty, but also that the law must be fair, just,
and reasonable. The Supreme Court has held that Article
21’s reference to “procedure established by law” has been
understood as “due process of law”"
64,"The President of India may declare the
National Emergency if there is the threat of:
1. External aggression
2. Internal disturbances
3. Armed rebellion
4. Communal clashes
Select the correct answer from the code given
below: (U.P.P.C.S. (Mains) 2010]",1 and 2 only,2 and 3 only,3 and 4 only,1 and 3 only,,,d,"Exp) Option d is the correct answer
National Emergency can only be declared on grounds
of “External aggression or war”, also called as External
Emergency & on the ground of “armed rebellion”, Article
352 of the Indian Constitution allows the president to
declare a national emergency. Only after obtaining a written
recommendation from the cabinet may the president declare
a national emergency"
65,"Under Article 356 of the Constitution of
India, President’s Rule was imposed for the
first time in-",Uttar Pradesh,Travancore-Cochin,PEPSU,Bihar,U.P.P.C.S. (Mains),2010.0,c,"Exp) Option c is the correct answer
The President’s Rule under Article 356 of the Constitution
of India was for the first time imposed in the year 1951 in
the former state of Punjab and East Punjab States Union
(PEPSU),

Important Tipss

« Article 355 imposes a duty on the Centre to ensure
that the government of every state is carried on in
accordance with the provisions of the Constitution.

* It is this duty in the performance of which the Centre
takes over the government of a state under Article 356
in case of failure of constitutional machinery in state.

¢ This is popularly known as ‘President’s Rule” It is
also known as ‘State Emergency’ or ‘Constitutional
Emergency’.

e The President’s Rule can be proclaimed under Article
356 on two grounds-one mentioned in Article 356
itself and another in Article 365:

« Article 356 empowers the President to issue a
proclamation, if he is satisfied that a situation has
arisen in which the government of a state cannot be
carried on in accordance with the provisions of the
Constitution.

+ Article 365 says that whenever a state fails to
comply with or to give cffect to any direction from
| the Centre, it will be lawful for the president to hold
that a situation has arisen in which the government

' of the state cannot be carried on in accordance with

the provisions of the Constitution"
66,"Which of the following is correct?

(U.P.P.C.S. (Mains) 2009]","The Nehru Report (1928) had advocated
the inclusion of Fundamental Rights in
the Constitution of India.","The Government of India Act, 1935
referred to Fundamental Rights.","The August Offer, 1940, included the
Fundamental Rights.","The Cripps Mission 1942 referred to
Fundamental Rights.",,,a,"Exp) Option a is the correct answer.
The Nehru Report was a memorandum drafted by a
committee chaired by Motilal Nehru, with Jawaharlal Nehru
acting as the secretary, to appeal for a new dominion status
and a federal set-up of government for the constitution
of India5. It also proposed for the joint electorates with
reservation of seats for minorities in the legislatures. The
report demanded inalienable fundamental rights for the
people of India, such as equal rights for women, right to
form unions, and universal adult suffrage.
Option b is incorrect: The Government of India Act, 1935
did not refer to Fundamental Rights. It only provided for
provincial autonomy and a federal structure of government,
but it did not guarantee any civil liberties or rights to the
people of India.
Option c is incorrect: The August Offer, 1940, did not include
the Fundamental Rights. It was a proposal made by the British
government to the Indian leaders to seek their cooperation during the
Second World War. It offered some concessjons such as expansion of
the executive council, establishment of a constituent assembly after
the war, and recognition of the principle of federation.
Option d is incorrect: The Cripps Mission 1942 did not
refer to Fundamental Rights. It was an attempt by the
British government to negotiate with the Indian leaders and
persuade them to support the British war effort. It offered
some proposals such as granting dominion status to India
after the war, setting up a constituent assembly to frame a
new constitution"
67,"Which of the following Articles of the
Indian Constitution guarantees equality
of opportunity to all citizens of India in
matters relating to public employment?

U.P.P.C.S. (Mains) 2009]",Article 15,Article 16 (1) and 16 (2),"Article 16 (3)
{d) Article 16 (3), (4) and (5)",,,,b,"Exp) Option b is the correct answer.
Article 16 of the Indian Constitution is a fundamental right
that guarantees equality of opportunity for all citizens in
matters relating to employment or appointment to any
office under the State. It prohibits discrimination on the
grounds of religion, race, caste, sex, descent, place of birth,
residence or any of them.

e Article 16 (1) states the general principle of equality
of opportunity for all citizens in matters relating to
employment or appointment to any office under the State.

o Article 16 (2) specifies the grounds on which
discrimination is prohibited, namely religion, race, caste,
sex, descent, placc of birth, residence or any of them.

e Article 16 (1) and 16 (2) together guarantee equality of
opportunity to all citizens of India in matters relating to
public employment

« Article 16 (3) deals with residence requirement, Article
16 (4) deals with reservation for backward classes, and
Article 16 (5) deals with religious or denominational
institutions.

| Important Tipss

| Article 16 of the Indian Constitution has six clauses.

They are:

|e Clause (1): Equal opportunity for all citizens in public

| employment or office.

|. Clause (2): No discrimination on grounds of religion,

| race, caste, sex, descent, place of birth, residence or an

P y

| of them in public employment or office.

| ¢ Clause (3): Parliament can make laws on residence
requirements for certain public posts within a State or
Union territory.

« Clause (4): State can make provisions for reservation
of appointments or posts for backward classes who are
under-represented in the services under the State.

e Clause (4A): State can make provisions for reservation
in promotion with consequential seniority for
scheduled castes and scheduled tribes who are under-
represented in the services under the State.

« Clause (4B): State can treat unfilled reserved vacancies
of a year as a separate class of vacancies to be filled up
in any succeeding year or years without exceeding the
50% reservation limit."
68,Which one of the following is incorrect?,"Fundamental Duties are part of
Fundamental Rights.","Fundamental Duties are not a part of
Fundamental Rights.","Fundamental Duties are enumerated in
Part-IV A of the Indian Constitution.","Article 51 A explains the duties of every
citizen of India.",U.P.P.C.S. (Mains),2009.0,a,"Exp) Option a is the correct answer.
Fundamental duties are not part of the fundamental rights.
‘the fundamental rights are the basic rights guaranteed to the
citizens and the aliens by the Indian Constitution under Part II.
* ‘They are enforceable by the courts and can be suspended
during an emergency.
¢ The fundamental duties are the mora! obligations of the
citizens to promote the spirit of patriotism and preserve
India’s unity.
e They are listed in Article 51A under Part IV-A of the
Indian Constitution.
e They are not enforceable by any court and cannot be
suspended at any time"
69,"The First Constitution Amendment Bill

passed in 1951 was related to",Security of the country,Security of the Prime Minister,"Protection of agrarian reforms in certain
States",Scheduled castes and Scheduled tribes,U.P.P.C.S. (Mains),2009.0,c,"Exp) Option c is the correct answer.
First Constitution Amendment Bill passed in 1951 was
related to several changes to the Fundamental Rights
provisions of the Indian constitution, including the
validation of zamindari abolition laws in certain States.
The amendment sought to secure the constitutional validity
of these laws, which were challenged in courts by landowners
on the ground of being discriminatory or violating the right
to property.
Important Tipss |

e The First Constitution Amendment added a new clause |
(4) to Article 31, which stated that no law made by the |
State for the acquisition of any estate or of any rights |
therein or for the extinguishment or modification |
of any such rights shall be deemed to be void on
the ground that it is inconsistent with or takes away |
or abridges any of the rights conferred by Article 14, |
Article 19 or Article 31"
70,"By Which one of the following
Constitutional Amendments Delhi became
‘National Capital Region’?

{U.P.P.C.S. (Mains) 2009",61st Amendment,69th Amendment,71st Amendment,79th Amendment,,,b,"Exp) Option b is the correct answer.

The 69th Amendment of the Constitution of India, officially

known as The Constitution (Sixty-ninth Amendment) Act,

1991. designated the Union Territory of Delhi as the National

Capital Territory of Delhi and provided for a legislative

assembly and a council of ministers for Delhi.

Important Tipss

Features of 69th Constitutional Amendment Act:

« It conferred a special status to Delhi by declaring
the Union Territory of Delhi as the National Capital
Territory of Delhi and provided for a legislative
assembly and a council of ministers for Delhi.

+ It inserted two new articles, Article 239AA and
Article 239AB, in the Constitution, which deal with
the special provisions for Delhi as the National Capital
Territory and the provisions in case of failure of
constitutional machiner.

« It designated the administrator of Delhi appointed
under Article 239 as the Lieutenant Governor and
made him/her bound by the aid and advice of the
council of ministers except in matters where he/she is
required to act in his/her discretion.

« It conferred on the legislative assembly of Delhi the
power to make laws on all matters in the state list
and the concurrent list except public order, police
and land.

* It provided that the laws made by Parliament and
by the legislative assembly of Delhi shall have effect
concurrently subject to certain conditions."
71,"Which Amendment of the Constitution
provides that no law passed to give effect
to Directive Principles of State Policy
contained in Articles 39",25th Amendment,28th Amendment,42nd Amendment,44th Amendment,,,a,"Exp) Option a is the correct answer.

The 25th Amendment of the Constitution, enacted in

1971. provides that no law passed to give effect to Directive

Principles of State Policy contained in Articles 39 (b) & (c)

shall be deemed to be void on the ground that it abridges the

rights conferred by Articles 14 and 19,

¢ Article 39 (b) & (c) deal with the principles of
securing equitable distribution of material resources
and preventing concentration of wealth and means of
production,

« Article 14 guarantees equality before law and equal
protection of laws.

« Article 19 guarantees six freedoms, such as freedom of
speech and expression, freedom of assembly, freedom of
association, freedom of movement, freedom of residence
and settlement, and freedom of profession.

|

| Important Tipss

« The 25th Amendment also added a new clause (4) to |

| Article 31, which states that no law giving effect to the |

policy of securing the principles specified in Article 39

(b) or (c) shall be calied in question in any court on |

the ground that it does not provide for compensation

or that it provides for inadequate compensation for |
acquisition or requisition of property.

e Article 31 deals with the right to property, which
was later deleted from the list of fundamental rights
| by the 44th Amendment in 1978. |
| ¢ The 25th Amendment was enacted to give primacy to |

the Directive Principles over the Fundamental Rights

in matters of social and economic justice. |"
72,"Which one of the following is not included
in the fundamental right to equality as
enshrined in the Indian Constitution?",Equality before law,Social equality,Equal opportunity,Economic equality,U.P.P.C.S. (Spl) (Mains),2008.0,d,"Exp) Option d is the correct answer.
Economic equality is not mentioned in any of the articles
related to the right to equality. Feonomic equality is more
related to the directive principles of state policy, which are
not enforceable by courts but are guidelines for the State to
follow while making policies and laws
+ Equality before law: Article 14 ensures that all
individuals are equal before the law and are entitled to
equal protection of the laws.
¢ Social equality: Article 15 prohibits discrimination on
the grounds of religion, race, caste, sex, or place of birth
and promotes social equality.
« Equal opportunity: Article 16 guarantees equality of
opportunity in matters of public employment."
73,"Which one of the following rights cannot
be suspended or restricted even during
National Emergency?

(U.P.P.C.S. (Mains) 2008]","Right to reside and settle in any part of
the country.",Right to life and personal liberty.,"Right to move freely throughout the
territory of India.","Right to carry on any profession or
business.",,,b,"Exp) Option b is the correct answer,
A national emergency is a situation of crisis that threatens
the security, unity, and integrity of the country. It can be
declared by the President of India under Article 352 of the
Constitution on the grounds of war, external aggression, or
armed rebellion.
According to Article 359, when a national emergency is
declared, the President can suspend the right to move any
court for the enforcement of any of the fundamental rights
except Articles 20 and 21.
Important Tipss

« Article 20: Protection in respect of conviction for
offences. It prohibits ex post facto laws, double
jeopardy, and self-incrimination.

« Article 21: Protection of life and personal liberty.
It states that no person shall be deprived of his life
or personal liberty except according to procedure
established by law."
74,"Under which of the following articles
the President of India can suspend the
enforcement of Fundamental Rights (except
Articles 20, 21)?",Article 358,"Article 359
{c) Article 13",,Article 356,U.P.P.C.S. (Spl) (Mains),2008.0,b,"Exp) Option b is the correct answer
Article 359 of the Constitution authorizes the President
of India to suspend the right to move any court for the
enforcement of Fundamental Rights during National
Emergency except Article 20 and Article 21.

Important Tipss

« Article 358 deals with regulations that give rights to
the state government to suspend the Fundamental
Rights during war or external aggression but not
armed rebellion.

* Article 13 deals with the laws inconsistent with or in
derogation of fundamental rights.

« Under Article 356 of the Constitution of India, if
a state government is unable to function according
to Constitutional provisions, the Union government
can take direct control of the state machinery."
75,"The 79th Amendment of the Indian
Constitution is related to-",Centre-State Relations,Establishment of two political parties,Fundamental Rights,"Reservation of SCs and STs in the Lok
Sabha and State Legislative Assemblies",U.P.P.C.S. (Mains),2008.0,d,"Exp) Option d is the correct answer.

The 79th Amendment of the Constitution of India, officially

known as The Constitution (Seventy-ninth Amendment)

Act, 1999, extended the period of reservation of seats for

the Scheduled Castes and Scheduled Tribes in the Lok

Sabha and the State Legislative Assemblies for another ten

years, iv., up lo 26 January 2010.

This was done by amending Article 334 of the Constitution,

which provides for the reservation of seats for the SCs and

STs and the representation of the Anglo-Indian community

by nomination in the Lok Sabha and the State Legislative

Assemblies."
76,"Match List-I with List-II and select the
correct answer using the code given below
the lists:
A. Fundamental 1. Minerva Mills Case
Duties |
B. Parliament 2. Article 23 of the
can amend | Constitution
Fundamental |
Rights
C. Doctrine of 3. 42nd Amendment
Basic Structure of the Constitution
D. Prohibition of | 4. Keshvanand Bharti
Trafficking in Case
Human Beings
Code: 
AB C D",3 1 4 2,"4 3 2 1
ic) 2 1 4 3",,1 2 2 4,U.P.P.C.S. (Mains),2007.0,a,"Exp) Option a is the correct answer.

« The 42nd Amendment Act of 1976 added a new Part
IV-A to the Constitution which consists of Article 51-A,
enlisting ten fundamental duties of the citizens.

« The Minerva Mills Case of 1980 was a landmark judgment
of the Supreme Court that upheld the doctrine of basic
structure and struck down two clauses of the 42nd
Amendment Act that gave power to Parliament to amend
any part of the Constitution, including the fundamental
rights.

« The Kesavananda Bharti Case of 1973 was a historic
verdict of the Supreme Court that propounded the
doctrine of basic structure for the first time. It held
that Parliament has the power to amend any part of the
Constitution, but it cannot alter or destroy the basic or
essential features or framework of the Constitution.

« Article 23 of the Constitution prohibits trafficking in
human beings and other forms of forced labour, and
declares them as offences punishable by law. It also
empowers Parliament to enact laws to prevent such evils
and provide for their punishment."
77,"Which one ~f the following Bills must
be passed by cach House of the Indian
Parliament separately by the special
majority? (U.B.P.C.S. (Mains) 2007]",Ordinary Bill,Money Bill,Finance Bill,Constitution Amendment Bill,,,d,"Exp) Option d is the correct answer.

The Constitution Amendment Bill must be passed by each

House of the Indian Parliament separately by a special

majority. A special majority means that the bill must be

approved by a majority of the total membership of each

House and also by a majority of not Jess than two-thirds of

the members present and voting in each House. This special

majority requirement ensures that any amendment to the

Indian Constitution is subjected to a rigorous and broad-

based process of consideration and approval.

[ Important Tipss

| e« An Ordinary Bill is concerned with any matter other
than financial matters. It can be introduced in either
House of Parliament by any member with a seven-day
notice. It has to be passed by both Houses by a simple
majority of members present and voting.

¢ A Money Bill is concerned with financial matters
like taxation, expenditure, borrowing, etc. It can be
introduced only in the Lok Sabha by a minister with the
prior permission of the President. It has to be passed by
the Lok Sabha by a simple majority of members present
and voting.
¢ A Financial Bill is also concerned with financial

matters. It has to be passed by both Houses by a simple
majority of members present and voting."
78,"Right to education to all children between
the age group of 6 to 14 years is-
U.P.P.C.S. (Pre) 2006]","Included in the Directive Principles of
State Policy",A Fundamental Right,A Statutory Right,None of the above,,,b,"Exp) Option b is the correct answer.

Right to education is included in the right to life enshrined

in Article 21 of the Constitution of India, which provides

the right to live with dignity. The Supreme Court of India has

interpreted Article 21 to include the right to education as a

part of the right to life and personal liberty.

Right to education is also a fundamental right for children

of age 6 to 14 years under Article 21A of the Constitution

of India, which was inserted by the Constitution (Eighty-

sixth Amendment) Act, 2002. It provides that “The state

shall provide free and compulsory education to all children

of age of 6 to 14 years in such manner as the state may, by

law, determine”"
79,"Which one of the following rights is
available under Article 19(1)read with
Article 21: (U.P.P.C.S. (Mains) 2004]",Right to travel abroad,Right to Shelter,Right to privacy,Right to information,,,a,"Exp) Option a is the correct answer.

Article 19 (1) (d) of the Constitution of India guarantees

the right to freedom of movement to all citizens. Jt means

that every citizen has the right to move freely throughout

the territory of India, without any unreasonable restriction

or interference by the State. This right is essential for the

development of personality, social and cultural interaction,

and national integration.

Article 21 of the Constitution of India guarantees the right

to life and personal liberty to all persons. It means that no

person shall be deprived of his life or personal liberty except

according to the procedure established by law. This right is

the most fundamental of all rights and includes various other

rights that are necessary for a dignified human existence.

The Supreme Court of India (Maneka Gandhi v. Union of

India, 1978) has held that the right to travel abroad is a part

of the right to freedom of movement under Article 19 (1) (d)

as well as the right to life and personal liberty under Article

21 of the Constitution."
80,"Which part of Constitution of India
describes the model of Welfare State?",Fundamental Rights,Fundamental Duties,The Preamble,Directive Principles of State Policy,U.P.P.C.S. (Mains),2004.0,d,"Exp) Option d is the correct answer.

Directive Principles of State Policy aim to create social and

economic conditions under which the citizens can lead a

good life. They also aim to establish social and economic
democracy through a welfare state. The idea of welfare
states arises from the philosophy of compassion towards the
weaker sections. For example, the government provides food
grains to people at a very subsidised rate under the National
Food Security Act, 2013.
Important Tipss
Key features of DPSPs which describes the model of
Welfare State:
« To Minimise inequalities in income, status, facilities
and opportunities (Art. 38).
¢ To provide opportunities for healthy development of
children (Art. 38).
¢ Toensure equal pay for equal work for men and women
(Art. 39A).
* To secure the right to work, to education and to public
assistance in cases of unemployment, old age, sickness
and disablement (Art. 41).
e To make provision for just and humane conditions of
work and maternity relief (Art. 42).
¢ To secure a living wage, a decent standard of life and
social and cultural opportunities for all workers (Art.
43).
e To provide early childhood care and education for all
children until they complete the age of six years (Art.
45).
¢ To promote the educational and economic interests of
SCs, STs, and other weaker sections of the society and
to protect them from social injustice and exploitation
(Art. 46).
¢ To raise the level of nutrition and the standard of living
of people and to improve public health (Art. 47)."
81,"According to the Indian Constitution, the
Constitutional amendment of the following
topics requires consent of at least half of
State legislatures-
1. Federal provision of the Constitution
2. Rights of the Supreme Court
3. Theprocessof Constitutional Amendment
4. Formation of new States or transformation
in the borders and names of the states
Code:","1, 2,3","1, 2,4","1,3,4","2, 3,4",U.P.P.C.S. Lower (Pre),2004.0,a,"Exp) Option a is the correct answer.
The provisions of the Constitution which are related to the
federal structure of the polity can be amended by a special
majority of the Parliament and also with the consent of half
of the state legislatures by a simple majority.
The following provisions can be amended in this way:
1. Election of the President and its manner.
2. Extent of the executive power of the Union and the states.
3. Supreme Court and high courts.
4. Distribution of legislative powers between the Union and
the states.
5. Any of the lists in the Seventh Schedule.
6. Representation of states in Parliament.
7. Power of Parliament to amend the Constitution and its
procedure (Article 368 itself).
Statement 4 is incorrect: Formation of new States or
transformation in the borders and names of the states can
be amended by a simple majority of the two Houses of
Parliament outside the scope of Article 368."
82,"In the event of the Upper House rejecting
a Constitutional Amendment Bill passed by
the Lower House-",The Bill will have to be dropped,"A joint sitting of both Houses of
Parliament may be convened to consider
and pass the Bill","The Bill shall be deemed to have been
passed by both the Houses of the
Parliament if the Lok Sabha passes it
again by a two-third majority","The Bill shall be deemed to have been
passed by both the Houses of the
Parliament despite the disapproval of the
Bill by the Upper House",U.P.P.C.S (Mains),2004.0,a,"Exp) Option a is the correct answer.
The Bill will have to be dropped, This is because a
Constitutional Amendment Bill requires the approval of
both Houses of Parliament by a special majority of not
less than two-thirds of the members present and voting.
Therefore, if the Upper House rejects such a Bill, it cannot
be passed by a joint sitting or by a re-passage by the Lower
House. The Bill will have to be dropped or reintroduced with
changes acceptable to both Houses."
83,"Which ofthe following statements regarding
Fundamental Duties is not true:",They can be enforced by writs,"They can be promoted only by
constitutional methods","They can be used for interpreting
ambiguous statutes","The performance of any duty comes
within the sphere of constitutional law
which court has to decide.",U.P.B.C.S. (Pre),2003.0,a,"Exp) Option a is the correct answer.
Fundamental duties are not enforceable by any court of law.
They are only the moral obligations of the citizens and there
is no legal sanction for their violation or non-compliance.
Option b is correct: They can be promoted only by
constitutional methods: This means that the citizens should
respect the constitutional provisions and procedures while
performing their duties and not resort to any unlawful or
violent means.
Option c¢ is correct: They can be used for interpreting
ambiguous statutes: This means that the courts can use
the fundamental duties as a guide or a tool to resolve any
ambiguity or doubt in the meaning or scope of any law or
statute.
Option d is correct: The performance of any duty comes
within the sphere of constitutional law which court has to
decide: This means that the courts have the power and
authority to adjudicate any matter or dispute related to the
performance or non-performance of any duty by the citizens
or the state.

Important Tipss

Features of Fundamental Duties of India: |

« Some of them are moral duties while others are
civic duties. For instance, cherishing noble ideals of
freedom struggle is a moral precept and respecting the
Constitution, National Flag and National Anthem is a
civic duty.

* They refer to such values which have been a part of the
Indian tradition, mythology, religions and practices. In
other words, they essentially contain just a codification
of tasks integra] to the Indian way of life,

* Unlike some of the Fundamental Rights which extend
to all persons whether citizens or foreigners, the
Fundamental Duties are confined to citizens only and
do not extend to foreigners

» Like the Directive Principles, the fundamental duties
are also nonjusticiable. The Constitution does not
provide for their direct enforcement by the courts.
Moreover, there is no legal sanction against their
violation. However, Parliament is free to enforce them
with suitable legislation.

« Like the Directive Principles, the fundamental duties |
are also nonjusticiable. The Constitution does not |
provide for their direct enforcement by the courts. |
Moreover, there is no legal sanction against their
violation. However, Parliament is free to enforce them |
with suitable legislation. !"
84,"Which of the following rights are not
available to all persons in India?
Select your answer by using the code given
below:
1. Equality Before the Law
2. Right Against Discrimination
3. Freedom to Move Freely throughout the
Country
4. Right to Contest Election
Code:","1,3,4","1, 2,4","1, 2,3","2, 3,4",U.P.P.C.S. (Mains),2002.0,d,"Exp) Option d is the correct answer.

The rights that are not available to all persons in India are:

¢ Right against discrimination (Article 15) - This right
prohibits discrimination on grounds of religion, race,
caste, sex or place of birth. It is available only to the
citizens of India.

¢ Freedom to move treely throughout the country (Article
19 (1) (d)) - This right allows citizens to move freely
throughout the territory of India. It is one of the six
freedoms guaranteed under Article 19, which are
available only to the citizens of India.

« Right to contest election - This right is not explicitly
mentioned in the Constitution, but it is implied
from Article 84 and Article 173, which prescribe the
qualifications for being a member of Parliament and
State Legislature respectively. One of the qualifications is
that the person must be a citizen of India"
85,"Identify the items included in the Directive
Principles of State Policy:
1. Prohibition of Consumption of Liquor
2. Prohibition of employment of children in
factories or mines
3. Prohibition of beggar or forced labour
4. Prohibition of untouchability
Select the correct answer with the help of the
code given below:",1 and 2,"1,2 and3 .",Only 1,"2,3 and 4",U.P.P.C.S. (Mains),2002.0,c,"Exp) Option c is the correct answer.

Option 1 is correct: According to Article 47 of the DPSP,

“The State shail also endeavour to bring about prohibition

of the consumption except for medicinal purposes of

intoxicating drinks and of drugs which are injurious to
health”

Option 2 is incorrect: Prohibition of employment of

children in factorics or x:ines is a Fundamental Right

(Not DPSP) under article 24. Article 24 says that “No child

below the age of fourteen yeurs shall be employed to work

in any factory or mine or engaged in any other hazardous
employment.”

Option 3 is incorrect: Prohibition of beggar or forced labour

is a Fundamental Right (Not DPSP) under article 23.

Article 23 prohibits the trafficking of human beings, begar,

and any similar form of forced labor. It also states that any

contravention of this provision is punishable by the law.

Option 4 is incorrect: Prohibition of untouchability is a

Fundamental Right (Not DPSP) under article 17. It reads

that “Untouchability is abolished and its practice in any form

is forbidden. The enforcement of any disability arising out of

Untouchability shall be an offence punishable in accordance

with law.”"
86,"In which of the following cases the Supreme
Court limited the power of Parliament to
amend the Constitution for the first time?",A.K. Gopalan Vs. The State of Madras,Golaknath Vs. The State of Punjab,"Keshavananda Bharati Vs. The State of
Kerala",Minerva Mills Vs. The Union of India,U.P.P.C.S. (Mains),2002.0,b,"Exp) Option b is the correct answer.

Golaknath Vs. The State of Punjab case was decided in 1967

and it was the first time that the Supreme Court limited the

power of Parliament to amend the Constitution. The court

held that the Parliament cannot amend the fundamental
rights enshrined in Part IIT of the Constitution and that any
amendment made in contravention of this principle would
be void.

Important Tipss

¢ Golaknath Vs. The State of Punjab case overruled
the earlier decisions of A.K. Gopalan Vs. The State of
Madras (1950) and Sajjan Singh Vs. State of Rajasthan
(1965), which upheld the unlimited amending power
of Parliament.

* However, the Golaknath case was itself overruled by
Keshavananda Bharati Vs. The State of Kerala (1973),
which introduced the doctrine of basic structure, which
limits the Parliament’s amending power to preserve the
essential features of the Constitution.

« The Minerva Mills Vs. The Union of India (1980)
case applied the basic structure doctrine and struck
down some provisions of the 42nd Amendment Act,
1976. which sought to curtail the judicial review of |
constitutional amendments"
87,"Which of the following provisions under the
Constitution of India enabled the Supreme
Court of India to deduce a fundamental
right to equal pay for equal work?
(U.P.P.C.S. (Pre) 1999]",",",and,all read together,,,,d,"Exp) Option d is the correct answer.

Supreme Court of India has deduced a tundamental right
to equal pay for equal work from the word ‘socialist’ used
in the Preamble to the Constitution as well as from Article
14. 15 and 16 of the Constitution.

Equal pay for equal work is not a constitutional right
or a fundamental right. It can be described through the
interpretations of Article 14, 15 and 16 which guarantee
fundamental rights of equality before law, protection against
any kind of discrimination and equal opportunities in the
matters of public employment.

The word ‘socialist? used in the Preamble to the Constitution
also enabled the Supreme Court of India to deduce a
fundamental right to equal pay for equal work. The Preamble
declares India to bea sovereign, socialist, secular, democratic
republic. The term ‘socialist’ implies social and economic
justice for all citizens. It also implies that the State shall
strive to reduce inequalities in income, status, facilities and
opportunities among individuals and groups"
88,"Consider the following statements about
the Fundamental Rights in India:
1. They are a guarantee against state action.
2. They are enumerated in Part III of the
Constitution.
3. They ensure social, economic and
political justice.

4. They are unlike Bill of Rights in the U.S.A.
Select the correct answer from the code given
below:",1 and 2 are correct,2 and 3 are correct,"1, 2 and 3 are correct","2,3 and 4 are correct",U.P.P.C.S. (Pre),1998.0,a,"Exp) Option a is the correct answer.

Statement 1 is correct: Fundamental Rights are enshrined in
Part III of the Constitution of India and are enforceable by
the courts, subject to certain restrictions. They protect the
citizens from arbitrary or discriminatory state action that
violatcs or abridges their rights.

Statement 2 is correct: Fundamental Rights are listed in
Articles 12 to 35 of Part III of the Constitution of India.
There are six Fundamental Rights, namely, Right to Equality,
Right to Freedom, right against Exploitation, Right to
Freedom of Religion, Cultural and Fducational Rights, and
Right to Constitutional Remedies.

Statement 3 is incorrect: Fundamental Rights are more

concerned with individual rights and liberties that protect

the citizens from arbitrary state action or discrimination.

They do not directly ensure social, economic and political

justice, which is more of a goal of the Directive Principles

of State Policy (Part IV of the Constitution)

Statement 4 is incorrect: Fundamental Rights in India are

heavily inspired by the Bill of Rights in the U.S.A., which

is the first ten amendments to the U.S. Constitution that
guarantee civil liberties to the people. The Fundamental

Rights in India have their origins in many sources, including

England’s Bill of Rights, the United States Bill of Rights and

France’s Declaration of the Rights of Man.

Important Tipss

Features of Fundamental Rights in India: |

» ‘They are universal, which means they apply to all |
citizens of India, irrespective of their race, place of |

| birth, religion, caste, creed, color, or sex.

| « They are justiciable, which means they can be enforced
by the courts, subject to certain restrictions. The
Supreme Court and the High Courts can issue writs for

| the protection of Fundamental Rights under Article 32

| and Article 226 respectively.

| « They are not absolute, which means they can be

restricted or suspended by the Parliament or the
| President under certain circumstances, such as during

| a national emergency, martial law, or public interest.

¢ They are amendable, which means they can be changed
or repealed by a constitutional amendment, if it does
not alter the basic structure of the Constitution.

* They are dynamic, which means they can be
interpreted and expanded by the judiciary according to
the changing needs and aspirations of society."
89,"Which of the following has been recognized
as a fundamental right by the Supreme

Court of India?

1. Right to Shelter

2. Right to Travel Abroad

3. Right to Equal Pay for Equal Work

Select the correct answer from the code given

below:",land 2,"2 and 3

{c) land 3",,"1,2 and 3","U.P.B.C.S, (Pre)",1998.0,d,"Exp) Option d is the correct answer.

The Supreme Court of India has recognized all the three

options as fundamental rights of the citizens under the

Constitution of India, These are:

« Right to Shelter: The Supreme Court has held that the
right to shelter is a part of the right to life and personal
liberty under Article 21 of the Constitution. It means
that every citizen has the right to adequate housing
that ensures human dignity, privacy, and security. The
Supreme Court has also held that the State has a duty to
provide shelter to the poor, homeless, and marginalized
sections of society.

« Right to Travel Abroad: The Supreme Court has held that
the right to travel abroad is a part of the right to freedom
of movement under Article 19 (1) (d) of the Constitution.
It means that every citizen has the right to go outside
India and return to India without any unreasonable
restriction or interference by the State. The Supreme
Court has also held that the State can impose reasonable
restrictions on this right in the interests of sovereignty,

integrity, and security of India, friendly relations with
foreign states, public order, or morality under Article 19
(5) of the Constitution.

» Right to Equal Pay for Equal Work: ‘The Supreme Court
has held that the right to equal pay for equal work is
a part of the right to equality under Article 14 and 16
of the Constitution. It means that every citizen has the
right to receive equal remuneration for work of equal
value without any discrimination on the grounds of
sex, caste, religion, etc . The Supreme Court has also
held that this right is a constitutional goal that is to be
attained by the State in accordance with Article 39 (d) of
the Constitution, which is a directive principle of state
policy."
90,"Which of the following was not added
to the Directive Principles by the 42nd

Amendment of the Constitution?","Protection of Children and youth from
exploitation",Equal justice and free legal aid,Uniform civil code,"Participation of workers in the
management of industries",U.P.P.C.S. (Pre),1998.0,c,"Exp) Option c is the correct answer.

Uniform civil code is given in the original constitution

under Article 44, It states that “The State shall endeavour

to secure the citizen a Uniform Civil Code throughout the

territory of India”.

Important Tipss

Some Directive Principles are added in the original

Constitution as per the needs arise with the time.

¢ The 42nd Amendment Act of 1976 added four new
Directive Principles to the original list.

« They require the State:

¢ To secure opportunities for healthy development of
children (Article 39).

* To promote equal justice and to provide free legal aid
to the poor (Article 39 A).

« ‘To take steps to secure the participation of workers in
the management of industries (Article 43 A).

« To protect and improve the environment and to
safeguard forests and wild life (Article 48 A).

* The 44th Amendment Act of 1978 added one more Directive
Principle, which requires the State to minimise inequalities in
income, status, facilities and opportunities (Article 38).

« The 86th Amendment Act of 2002 changed the subject-
matter of Article 45 and made elementary education a
fundamental right under Article 21 A. The amended
directive requires the State to provide early childhood
care and education for all children until they complete
the age of six years. |

« The 97th Amendment Act of 2011 added a new |
Directive Principle relating to cooperative societies.
It requires the state to promote voluntary formation, |
autonomous functioning, democratic control and |
professional management of co-operative societies |
(Article 43B)."
91,"Which one of the following writs is regarded

as the greatest safeguard for the liberty of a

person?",Mandamus,Habeas Corpus,Certiorari,Prohibition,U.P. Lower Sub. (Pre),2015.0,b,"Exp) Option b is the correct answer.

The writ of Habeas Corpus is regarded as the greatest
safeguard for the liberty of a person. Habeas Corpus is a

Latin term that means “to have the body.” It is a legal action
through which a person can challenge the lawfulness of
their detention or imprisonment. The writ is used to seek
the release of a person who is unlawfully detained or held
against their will.

The purpose of the writ of Habeas Corpus is to protect
individual liberty and ensure that a person is not
unlawfully deprived of their freedom. It is considered a
fundamental safeguard against arbitrary or illegal detention,
providing a mechanism for individuals to challenge the
lawfulness of their detention before a court of law.

Important Tipss

« Mandamus: This writ means ‘we command? It is used to
order a public official, a public body, a corporation, an
inferior court, a tribunal or a government to perform
a dutythat they are obliged to perform but have failed
orferused to do so.

¢ Prohibition: This writ means ‘to forbid’ It is used to
stop an inferior court, a tribunal or an authority from
exceeding its jurisdiction or acting contrary to the rules
of natural justice. It prevents them from continuing a
proceeding that is ultra vires or invalid.

+ Certiorari: This writ means ‘to be certified’ It is used
to transfer a case pending before an inferior court, a
tribunal or an authority to a higher court for review.
It can also be used to quash or nullify an order already
passed by an inferior court, a tribunal or an authority
that is ultra vires, unconstitutional, illegal, erroneous
or without jurisdiction.

e Quo Warranto: This writ means ‘by what authority’. It
is used to challenge the legality of a person’s claim to
hold a public office. It prevents usurpation of public
office by an ineligible or unqualified person. It can also
be used to oust such person from the office if he or she
is already holding it"
92,"Which one of the following statements is

not correct? 

(a} K.M. Munshi was one of the members
of the drafting committee of the
Constitution.",,"The Constitution of India was adopted by
the Constituent Assembly.","The Panchayati Raj was recommended
by Balwant Rai Mehta Committee
Report-1957,","The President of India is the Guardian
of Fundamental Rights under the
Constitution.",U.P. Lower Sub. (Pre),2013.0,d,"Exp) Option d is the correct answer.

The President of India is not the Guardian of Fundamental
Rights under the Constitution. The Supreme Court and
High Courts are the guardians of Fundamental Rights as
they have the power to issue writs for their enforcement.
The President of India, on the other hand, is the head of the
executive branch of the government and performs various
ceremonial, constitutional, and diplomatic functions.
While the President has a significant role in upholding and
defending the Constitution, the direct responsibility for the
protection and enforcement of fundamental rights lies with
the judiciary."
93,"Given below are two statements, one
labelled as Assertion (A) and the other as

Reason (R):

Assertion (A): MGNREGA is providing

employment to at least one member of the

eligible household for a minimum period of

100 days in a year.

Reason (R): Right to employment is

enumerated in Part III of the Constitution.

Select the correct answer from the code given

below:","Both (A) and (R) are true, and (R) is the
correct explanation of (A).","Both (A) and (R) are true, but (R) is not a
correct explanation of (A).","(A) is true, but (R) is false.","(A) is false, but (R) is true.",U.P. Lower Sub. (Mains),2013.0,c,"Exp) Option c is the correct answer.

MGNREGA is providing employment to at least one
member of the eligible household for a minimum period of
100 days in a year. Hence, Assertion (A) is correct. Whereas,
Right to employment is not enumerated in Part III of the

Constitution. It is given in Part IV of the Constitution.
Hence, correct answer is: (A) is true, but (R) is false. The
Part III of the Constitution deal with Fundamental Rights
(Article 12-35), while Part IV of the Constitution of India
contains the DPSP (Article 36-51). Article 41 of the Indian
Constitution directs the state to secure the right to work,
education and public assistance in certain cases such as
unemployment, old age, sickness and disablement.
Important Tipss |
| Mahatina Gandhi National Rural Employment Guarantee
| Act (MGNREGA): |
: e The Indian Parliament passed NREGA in August
2005. It came into force on February 2, 2006. On
2nd October 2009, the act NREGA was renamed
MGNREGA.

« It is a poverty alleviation programme of the
Government of India, which provides the legal
Right to Work.

¢ It aims to enhance livelihood security in rural areas
by providing at least 100 days of guaranteed wage
employment in a financial year to every household
whose adult members volunteer to do unskilled
manual work.

e Funding:

* Itis shared between the Centre and the States.

* The Central Government bears 100 per cent of the
cost of unskilled labour, 75 percent of the cost of
semi-skilled and skilled labour, 75 percent of the
cost of materials and 6 percent of the administrative
costs. ‘

¢ Time-Bound Guarantee of Work as employment must

be provided within 15 days of being demanded. In
case of failure, an ‘unemployment allowance’ must be
given."
94,"The Fundamental Duties of a citizen do not
include duty —","To protect and improve the natural
environment","To cherish and follow the noble ideals
which inspired our national struggle for
freedom","To strive towards abolition of
untouchability","To develop scientific temper, humanism
and the spirit of enquiry and reform",U.P. Lower Sub. (Pre),2008.0,c,"Exp) Option c is the correct answer.

The fundamental] duties list is given in Article 51A of the

Indian Constitution. These are the moral obligations of

every citizen of India to promote the spirit of patriotism and

preserve India’s unity.

The duty “To strive towards the abolition of untouchability”

ts not included in the Fundamental Duties of a citizen in

India.

The other options, (a) To protect and improve the natural

environment, (b) To cherish and follow the noble ideals

which inspired our national struggle for freedom, and (d)

To develop scientific temper, humanism and the spirit of

enquiry and reform, are included as Fundamental Duties of

a citizen in the Indian Constitution,"
95,Fundamental Rights-,Cannot be suspended,"Can be suspended by order of Prime
Minister",Can be suspended on the will of President,Can be suspended during Emergency,U.P. Lower Sub. (Pre),2002.0,d,"Exp) Option d is the correct answer.

Fundamental rights of citizens of India can be suspended

during a state of emergency declared by the President of

India on the recommendation of the Union Cabinet under

Article 352 of the Constitution. During a state of emergency:

« All the freedoms guaranteed in Article 19 of the
Constitution shall be automatically suspended. There is
no need for a separate order to suspend them.

¢ The suspension of the right to move to any court for the
enforcement of fundamental rights can only be done by
the order of the President of India under Article 359 of
the Constitution. The President in his order will mention
the right whose enforcement will be suspended. The
order of the President may extend to the whole or any
part of the territory of India.

« The suspension of fundamental rights will exist as long as
the emergency period."
96,What is meant by ‘Rule of Law’?,One act for all and one judiciary for all,One act for all and one State for all,One State for all and one judiciary for all,"Ail acts for one and one judiciary for all
(e) None of the above / More than one of the
above","66"" B.P.S.C. (Pre)",2020.0,a,"Exp) Option a is the correct answer.

The rule of law is a political and legal principle that means

all people and institutions are subject to and accountable

to law that is fairly applied and enforced. It also implies

that no one is above the law, that the government is not

arbitrary, and that the laws are consistent and impartial.

In India, the rule of law is enshrined in the Constitution,

which prescribes the ideas of justice, liberty and equality for

all citizens. The Constitution also provides for separation of

powers, judicial review, fundamental rights, and directive

principles of state policy to ensure that the rule of law is

upheld in the country.

The most appropriate answer is- One act for all and one

judiciary for all. This option reflects the idea that everyone

is subject to the same laws and the same judicial system,

regardless of their status or power."
97,"Which of the following is/are listed among
the Directive Principles in Part-IV of the
Constitution of India?

I. Equal Pay for Equal Work

II. Uniform Civil Code

III. Small family norm

IV. Education through mother tongue at
primary level.

Code:","I, IJ and III",I and II,Wand III,"I, Land IV
(e) None of the above/More than one of the
above",60th to 62nd B.P.S.C. (Pre),2016.0,b,"Exp) Option b is the correct answer.

Option I is correct: In Article 39 under DPSP, it is given

that there shall be equal pay for equal work for both men

and women.

Option II is correct: In Article 44 under DPSP, reference

related to Uniform civil code is given in the constitution.

Article 44 states that “The State shall endeavour to secure

the citizen a Uniform Civil Code throughout the territory

of India”.

Option III is incorrect: Small family norm is not given in

the Constitution of India explicitly.

Option IV is incorrect: Education through mother tongue at

primary level is not given in the DPSP in the Constitution.

Article 350 A describes that “It shall be the endeavor of every

State and of every local authority within the State to provide

adequate facilities for instruction in the mother tongue

at the primary stage of education to children belonging to

linguistic minority groups.”"
98,"The Supreme Court has held that hoisting
the National Flag atop the private buildings
is a fundamental right of every citizen
under:",of the Constitution,Article 19 (1),Article 21 of the Constitution,"Article 25 of the Constitution
(e) None of the above/More than one of the
above",60 to 62° B.B.S.C. (Pre),2016.0,b,"Exp) Option b is the correct answer.

Hoisting the National Flag atop the private buildings
is a fundamental right of every citizen under Article 19
(1) (a) of the Constitution, which guarantees the right to
freedom of speech and expression. This right includes the
right to express one’s views and opinions through any mode
of communication, such as words, signs, symbols, gestures,
pictures, etc. It also includes the right to receive information
from any source and disseminate it to others.
However, hoisting the National Flag is not explicitly
mentioned or specially provided in Article 19 (1) (a) of
the Constitution. It is implied or derived from the wider
freedom of expression guaranteed by this article. The
Supreme Court has interpreted this article to include the
freedom of press as an integral part of the freedom of speech
and expression"
99,"Which of the following rights conferred by
the Constitution of India is also available to
non-citizens?",Right to Constitutional Remedies,Freedom of Speech,"Freedom to Move and Settle in any Part
of the Country",Freedom to Acquire Property,53rd to 55th B.B.S.C. (Pre),2011.0,a,"Exp) Option a is the correct answer.
The right under Article 32 is available to anyone whose
rights are being violated, not just citizens — the distinction
is important because, for instance, while the right to freedom
of speech in Article 19(1)(a) is provided to citizens, the right
to life and personal liberty is guaranteed to all persons in
India.
The right of a foreign national (i.e. a natural person)
to file a writ petition to enforce the fundamental rights
guaranteed to him by the Constitution of India, was upheld
by the apex Court in the case of Louis De Raedt vs. Union
of India wherein, a petition was filed to enforce Article 21 of
the Constitution."
100,"According to which Article National
Emergency may be declared by the president
of India?",Article 352,Article 370,Article 371,Article 395,53rd to 55th B.P.S.C. (Pre),2011.0,a,"Exp) Option a is the correct answer
Under Article 352, the president can declare a national
emergency when the security of India or a part of it is
threatened by war or external aggression or armed rebellion.
The President can declare a national emergency even before
the actual occurrence of war or armed rebellion or external
aggression
Important Tipss
e Article 370 of the Indian constitution is an article that
granted special autonomous status to the state of Jammu
and Kashmir. On 5 August 2019, the government of
India revoked the special constitutional status of the |
erstwhile state of Jammu and Kashmir under Article
370 of the Constitution, |
e Under Article 371, the President is authorised to
provide that the Governor of Maharashtra and that |
of Gujarat would have special responsibility for: The |
establishment of separate development boards for
Vidarbha, Marathwada and the rest of Maharashtra, |
Saurashtra, Kutch and the rest of Gujarat.

« Article 395 repeals the Indian Independence Act, |
| 1947, and the Government of India Act, 1935, but not |
| including the Abolition of Privy Council Jurisdiction

Act, 1949., |"
101,"Which of the following is given the power
to enforce the Fundamental Rights by the
Constitution?",All Courts in India,The Parliament,The President,The Supreme Court and High Courts,47 B.P.S.C. (Pre),2005.0,d,"Exp) Option d is the correct answer.
According to the Constitution of India, the Supreme Court
and High Courts are given the power to enforce the
Fundamental Rights by the Constitution. Article 32 of the
Constitution grants the right to remedies for the enforcement
of the fundamental rights of a citizen of India who has
suffered. This makes the fundamental rights enforceable in
the court of law. The aggrieved party can directly move to
the Supreme Court or the High Court for the protection of
their rights."
102,"Which of the following Constitutional
Amendment Acts was termed as Mini
Constitution?",42nd,44th,46th,50th,47th B.P.S.C. (Pre),2005.0,a,"Exp) Option a is the correct answer.
The 42nd Constitutional Amendment Act of 1976 is
often referred to as the “Mini Constitution” because of its
extensive scope and significant changes to various parts of
the Indian Constitution. It was passed during the period of
the Emergency and introduced numerous amendments that
aimed to strengthen tbe position of the government and
centralize power.
| Important Tipss
Features of 42nd Constitutional Amendment Act:
¢ It added the words socialist, secular and integrity to
the Preamble of the Constitution.
e It laid down the Fundamental Duties of Indian
citizens in a new Part IV-A of the Constitution.
e It extended the term of the Lok Sabha and the state
legislative assemblies from five to six years.
+ It transferred five subjects from the state list to the
| concurrent list, namely education, forests, weights and
| measures, protection of wild animals and birds, and
| administration of justice.
¢ It curtailed the power of the Supreme Court and the
| High Courts to review the constitutional validity of
| laws and gave more power to the Parliament to amend
the Constitution.
| * It changed the relationship between the Centre and |
the states by giving more authority to the Centre in
matters of deployment of armed forces, property taxes, |
elections, inter-state trade and commerce, etc.
i
* It gave more power to the Prime Minister's Office and |
reduced the role of the President and the Governors
to mere formal heads _ i"
103,"Which Article of the Constitution gives
precedence to Constitutional provisions
over the laws made by the Union Parliament/
State Legislatures?",13,32,245,326,"45 B.P.S.C, (Pre)",2001.0,a,"Exp) Option a is the correct answer,
Article 13 of the Constitution of India describes the means
for judicial review. It states that all laws in force in the
territory of India immediately before the commencement
of this Constitution, in so far as they are inconsistent with
the provisions of this Part (Part II), shall, to the extent of
such inconsistency, be void. It also states that the State shall
not make any law which takes away or abridges the rights
conferred by this Part and any law made in contravention of

this clause shall, to the extent of the contravention, be void.
It also defines law and laws in force for the purpose of this
article. It also provides that nothing in this article shall apply
to any amendment of this Constitution made under Article
368.
Article 13 of the Constitution gives precedence to
constitutional provisicns over the laws made by the
Union Parliament/State Legislatures because it declares
that any law that is inconsistent with or derogates from
the fundamental rights (Part III) shall be null and void. It
also empowers the courts to strike down any such law that
violates or infringes the fundamental rights."
104,"Mainly on whose advice is the President’s
Rule imposed in the State?",Chief Minister,Legislative Assembly,Governor,Chief Justice of High Court,45th B.P.S.C. (Pre),1997.0,c,"Exp) Option c is the correct answer
The President of India imposes President's rule in any state on
the recommendation of the Governor of the concerned state.
President’s rule means the suspension of state government
and the direct rule of the center, Presidential rule or state
emergency can be imposed in any state under Art 356 of the
constitution of India.
linportant Tipss
® The proclamation of the presidential rule shall be
approved by the Parliament within two months from
the date of its issue by a simple majority.
e After the proclamation of Presidential rule, state
assembly get dissolved.
e his article was used for the first time in the state of
Punjab."
105,"Which of the following statement is correct
regarding Article 368 of the Constitution of
India?
(i) Article 368 was amended by the 24""
Constitution Amendment Act, 1971.
(ii) Article 368 was amended by the 101°
Constitution Amendment Act, 2016.
Codes: (M.P.P.C.S. (Pre) 2020]",(i) is true and (ii) is false,(i) is false and (ii) is true,Both (i) and (ii) are true,Both (i) and (ii) are false,,,c,"Exp) Option c is the correct answer.
Statement Lis correct: Article 368 was amended by the 24th
Constitution Amendment Act, 1971 to affirm the power of
Parliament to amend any part of the Constitution and to
make it mandatory for the President to give assent to any
Constitutional Amendment Bill.
Statement I] is correct: Article 368 was also amended by the 101st
Constitution Amendment Act, 2016 to introduce a new clause
(2A) that provides tor ratification by at least half of the State
Legislatures for amendments related io Goods and Services ‘lax
(GST)."
106,"When was the special rights and privy
purse enjoyed by the Indian Princely States
abolished?",1950,1949,1962,1971,M.P.P.C.S. (Pre),2020.0,d,"Exp) Option d is the correct answer.
The special rights and privy purse enjoyed by the Indian
Princely States were abolished in 1971 by the 26th
Amendment of the Indian Constitution.
i Important Tipss |
| ¢ The privy purse was a specific amount of money that
was paid annually by the Indian government to the |
rulers of princely states and their successors who had
acceded to India in 1947 and 1949. |
e The amount of privy purse was determined by many factors
like state’s revenue, state's status under British rule, etc."
107,"Article 24 of the Constitution of India
prohibits the employment of child in
factories related to hazardous works. Such
prohibition is",Absolute prohibition,Partial prohibition,Reasonable prohibition,Moral prohibition,M.P.P.C.S. (Pre),2020.0,a,"Exp) Option a is the correct answer.
Article 24 of the Constitution of India is a fundamental
right that prohibits the employment of children below the
age of fourteen years in any factory, mine, or any other
hazardous occupation. The article aims to protect the health
and education of children and to prevent their exploitation.
The prohibition of child labour under Article 24 is absolute
and unconditional. It means that no child below the age
of fourteen years can be employed in any factory, mine, or
any other hazardous occupation, irrespective of the nature,
duration, or condition of work. The Supreme Court of India
has upheld the absolute prohibition of child labour under
Article 24 and has issued various directions and guidelines
to ensure its effective implementation."
108,"The scope of the Article 21 of the
Constitution was expanded to include
Right to Education, because of the decision
of Supreme Court in the case",Unnikrishnan v/s Andhra Pradesh,Govind v/s State of Madhya Pradesh,Parmanand Katara v/s Union of India,Chameli Singh v/s State of Uttar Pradesh,M.P.P.C.S. (Pre),2019.0,a,"Exp) Option a is the correct answer.
The Supreme Court of India has expanded the scope of
Article 21 to include the right to education as a part of the
right to life and personal liberty. The landmark case that
initiated this expansion was Unnikrishnan v/s Audhra
Pradesh (1993). In this case, the Supreme Court held that the
right to education is implicit in the right to life, as education
is essential for the development of human personality and
potential. The Supreme Court also held that the right to
education is a fundamental right for children up to the age of
14 years, as it is enshrined in Article 45 of the Constitution,
which is a directive principle of state policy.
Important Tipss
« Govind v/s State of Madhya Pradesh (1975) is a case
that expanded the scope of Article 21 to include the
right to privacy.
¢ Parmanand Katara v/s Union of India (1989) is a case
that expanded the scope of Article 21 to include the
right to medical aid.
e¢ Chameli Singh v/s State of Uttar Pradesh (1996) is a
case that expanded the scope of Article 21 to include
the right to shelter."
109,"When were the Fundamental Duties
mentioned in the Constitution?",At the time of framing of Constitution,On 26th January 1950,In the 42nd Constitutional Amendment,In the 41st Constitutional Amendment,M.P.P.C.S. (Pre),2017.0,c,"Exp) Option c is the correct answer.
The Fundamental Duties of citizens were added to the
Constitution by the 42nd Amendment in 1976, upon the
recommendations of the Swaran Singh Committee that was
constituted by the government earlier that year. Fundamental
Duties help to regulate the behaviour of the citizens and to
bring about excellence in all the spheres of the citizens. The
42nd Amendment also made various other changes to the
Constitution, such as adding the terms socialist, secular
and integrity to the Preamble, curtailing the power of the
Supreme Court and High Courts, and giving more power
to the Prime Minister"
110,The ‘Directive Principles’ are,Justifiable,Non-justifiable,Rigid,Flexible,M.P.P.C.S. (Pre),2013.0,b,"Exp) Option b is the correct answer.

The Directive Principles are non-justiciable in nature, that
is, they are not legally enforceable by the courts for their
violation, Therefore, the government (Central, state and
local) cannot be compelled to implement them,"
111,"Consider the following:

Statement: Constitution of India is basically

Federal in nature.

Reason: Article 352 has provisions to deal

with the failure of constitutional machinery

in a state.

Code:  (Pre) 2008]","Statement and Reason both are correct,
and the Statement is the correct
explanation of the reason.","Statement and Reason both are correct,
but the statement is not the correct
explanation of reason.","The statement is correct, but Reason is
false.","The statement is false, but Reason is
correct.",M.P.P.C.S.,,c,"Exp) Option c is the correct answer

The Indian constitution is both federal and unitary in nature,
as it is a combination of federal and unitary features, Under
Article 352, the president can declare a national emergency
on the basis of war, external aggression or armed rebellion.
According to Article 356, President’s Rule can be imposed
on any state of India on the grounds of the failure of the
constitutional machinery."
112,"By which of the following case Parliament
got the right to amend Fundamental Rights?",Keshvananda Bharati Case,Rajnarayan Vs. Indira Gandhi Case,Golaknath’s Case,Sajjan Singh Case,M.P.P.C.S. (Pre),1991.0,a,"Exp) Option a is the correct answer.

The case that gave Parliament the right to amend fundamental
rights was the Kesavananda Bharati Case of 1973. In this landmark
judgment, the Supreme Court propounded the doctrine of basic
structure, which holds that there is a basic structure or essential
features of the Constitution that cannot be altered or destroyed by
any amendment. The court held that Parliament has the power to
amend any part of the Constitution, including the fundamental
rights, but it cannot violate the basic structure. The court overruled
the previous decision of Golaknath Case of 1967, which had held
that Parliament cannot amend the fundamental rights at all."
113,"Identify the correct pair mentioning the
Directive Principles of State Policy in the
Constitution of India-","Equal justice and free legal} Article
aid 42","Organization of agriculture | Article
and animal husbandry 43 __","That there is equal pay for Article
equal work for both men and | 39
women",,R.A.S./R.T.S. (Pre),2021.0,d,"Exp) Option d is the correct answer.

The correct Pairs are:

(a) Organization of Article 39 A (not Article 42)
agriculture and animal
husbandry

(b) Organization of village | Article 48 (not Article 43)
Panchayat

(c) Organization of village | Article 40 (not Article 41)
Panchayat .

(d) There is equal pay for Article 39
equal work for both
men and women

Important Tipss

Other Articles given in the question:

Article 41:

« To secure the right to work, to education and to public
assistance in cases of unemployment, old age, sickness
and disablement

Article 42:

« To make provision for just and humane conditions of
work and maternity relief.

Article 43:

« ‘To secure a living wage, a decent standard of life and
social and cultural opportunities for all workers."
114,"Fundamental Duties were incorporated in
the Constitution on the recommendation of",Swaran Singh Committee,Shah Commission,Administrative Reforms Commission,Santhanam Committee,R.A.S./R.T.S. (Pre),2021.0,a,".

Exp) Option a is the correct answer.

The Swaran Singh Committee was set up by the Congress

government in 1976 to make recommendations about

fundamental duties, the need and necessity of which was felt

during the operation of the internal emergency (1975-1977).

The committee recommended the inclusion of a chapter on

fundamental duties in the Constitution. It stressed that the

citizens should become conscious that in addition to the
enjoyment of rights, they also have certain duties to perform
as well.

Important Tipss

« Shah Commission: The Shah Commission, officially
known as the Commission of Inquiry into the Affairs
of the Indian National Congress, was established
in 1977 to investigate allegations of corruption and
malpractices by the government during the period of
the state of emergency in India from 1975 to 1977.

¢ Administrative Reforms Commission: The
Administrative Reforms Commission (ARC) is a
committee set up by the government of India to
recommend measures to improve the efficiency and
effectiveness of the public administration system.

e Santhanam Committee: The Santhanam Committee,
officially known as the Committee on Prevention of
Corruption, was appointed in 1962 to investigate and
suggest measures to combat corruption in India."
115,"Select the correct chronological order of
the following judgements dealing with
Fundamental Rights:

(A) Golaknath v/s State of Punjab
(B) Keshvananda Bharati v/s State of Kerala
(C) Minerva Mills v/s Union of India
(D) A.K Gopalan v/s State of Madras
Select the correct answer:","(D), (B), (C), (A)","(A), (B), (C), (D)","(D), (A), (B), (C)","(D), (C), (B), (A)",R.A.S/R.T.S. (Pre),2018.0,c,"Exp) Option c is the correct answer.

The correct chronological order of the judgements dealing

with Fundamental Rights is:

(D)A.K Gopalan v/s State of Madras (1956) - This case
dealt with the validity of preventive detention and the
scope of Article 21 of the Constitution. The Supreme
Court held that the Fundamental Rights are not absolute
and can be restricted by law. It also held that each
Fundamental Right is separate and distinct, and there is
no inter-relationship between them.

(A)Golaknath v/s State of Punjab (1967) - This case
dealt with the power of Parliament to amend the
Fundamental Rights. The Supreme Court overruled
its previous decisions and held that Parliament cannot
amend the Fundamental Rights, as they are sacrosanct
and transcendental. It also held that Article 368 only lays
down the procedure for amendment, and any amendment
is a law under Article 13, which cannot abridge or take
away the Fundamental Rights.

(B) Keshvananda Bharati v/s State of Kerala (1973) - This
case dealt with the validity of the 24th, 25th and 29th
Amendment Acts, which curtailed the Fundamental
Rights relating to property and introduced the doctrine
of basic structure. The Supreme Court overruled
the Golaknath case and upheld the validity of these
amendments. It held that Parliament has the power

to amend any part of the Constitution, including the
Fundamental Rights, but it cannot alter or destroy the
basic structure or essential features of the Constitution.

(C) Minerva Mills v/s Union of India (1980) - This case
dealt with the validity of the 42nd Amendment Act,
which inserted two clauses in Article 368, giving power
to Parliament to amend any part of the Constitution,
including the basic structure, and making such
amendments immune from judicial review. The Supreme
Court struck down these clauses as unconstitutional and
violative of the basic structure. It reaffirmed the doctrine
of basic structure and held that there is a harmony
and balance between the Fundamental Rights and the
Directive Principles, which constitute the core of the
basic structure."
116,"Under the provisions of the Article 368
(2) of the Constitution of India, if a bill
comes to Rajasthan Legislative Assembly
after passing by parliament of India for
resolution to rectify, then-

1. Resolution can be passed by Assembly.

2. Resolution can be rejected by Assembly.

3. No Amendment shall be proposed to
such a resolution

Select the correct answer using code given

below:",1 only,2 and 3,1 and 3,"1,2 and 3",R.A.S./R.T.S. (Pre),2018.0,d,"Exp) Option d is the correct answer.

Article 368 (2) of the Constitution of India states that some

amendments also require the ratification by not less than

half of the states by resolution passed by their legislatures
before they are presented to the President for assent.

If a bill comes to Rajasthan Legislative Assembly after

passing by Parliament of India for resolution to ratify such

an amendment, then:

« Resolution can be passed by Assembly. This is true, as
the Assembly has the power to ratify the amendment by a
simple majority of members present and voting.

¢ Resolution can be rejected by Assembly. This is true, as
the Assembly has the power to reject the amendment bya
simple majority of members present and voting.

¢ No Amendment shall be proposed to such a resolution.
This is true, as the Assembly cannot propose any
amendment to the bill passed by Parliament."
117,"“The age of a Judge of the Supreme Court of
India shall be determined by such authority
and in such manner as Parliament may by
laws provide” inserted by-


(a} 15th Constitution Amendment
{b) 16th Constitution Amendment",,,17th Constitution Amendment,18th Constitution Amendment,R.A.S./R.T.S. (Pre),2018.0,a,"Exp) Option a is the correct answer.

“The age of a Judge of the Supreme Court of India shall

be determined by such authority and in such manner, as

Parliament may by-laws provide” this feature was inserted

by the 15th Constitution Amendment. This amendment

empowered Parliament to prescribe the age of retirement for
judges of the Supreme Court of India through legislation."
118,"Match list-I with list-II and select the
correct answer using the codes given below
the lists:

Constitutional y «| Constitutional, -
Amendment) ....). | Amendment) iy
A. Right to form 1. 81st
Cooperative Amendment,
societies under | 2000
Article 19 (1)",3 2 4 1,1 4 2 3,3 1 4 2,2 3 1 4,,,c,"Exp) Option c is the correct answer.

e« The 97th Amendment of the Constitution of India added
the right to form cooperative societies under Article 19
(1)(c) in 2011

e The 81st Amendment of the Constitution of India
provided for the protection of SC/ST reservation in
filling backlog of vacancies in 2000

« The 99th Amendment of the Constitution of India
established the National Judicial Appointments
Commission in 2014

e The 91st Amendment of the Constitution of India limited
the size of the Council of Ministers to 15% of the total

number of members of the House of the People or the

Legislative Assembly in 2003 :"
119,"Consider the following statements
regarding Article 356 of the Constitution:

(i) Failure of Constitutional Machinery in

States is an objective reality.

(ii) A Proclamation under this Article can be

reviewed by the Supreme Court.
(iii) Along with this Proclamation, the State
Legislative Assembly can be dissolved.

(iv) This Proclamation has to be approved
by each House of Parliament within two
months.

Which of the statements given above is/are

correct?","(i), (ii) and (iv) only","(i), (ii) and (iii) only",(iii) and (iv) only,"(ii), (iii) and (iv) only",R.A.S./R.T.S.(Pre),2013.0,a,":
Exp) Option a is the correct answer
According to Article 356, President’s Rule can be imposed
on any state of India on the grounds of the failure of the
constitutional machinery. The proclamation of President’s
Rule should be approved in both Houses of Parliament within
two months of its issue. The approval is through a simple
majority, A Proclamation under this Article can be reviewed
by the Supreme Court. Along with this Proclamation, the
State Legislative Assembly cannot be dissolved."
120,"The President’s power to veto a Bill for
amendment of the Constitution has been
taken away by substituting the word ‘shall
give his assent’ by which amendment?

(R.A.S./R.T.S. (Pre) (Re-Exam) 2013]",44th Amendment,23rd Amendment,24th Amendment,42nd Amendment,,,c,"Exp) Option c is the correct answer.
The President’s power to veto a Bill for the amendment of
the Constitution was taken away by the 24th Amendment
to the Indian Constitution. Before the 24th Amendment,
the President had the discretion to either give or withhold
his assent to a Constitution Amendment Bill passed by
Parliament. However, the 24th Amendment, which was
enacted in 1971, substituted the phrase ‘shall give his assent’
for the word ‘may; thereby making it mandatory for the
President to give his assent to a Constitution Amendment Bill
once it has been duly passed by both Houses of Parliament.

; Important Tipss

* The 23rd Amendment of the Constitution of India,
enacted in 1969, extended the reservation of seats
for Scheduled Castes and Scheduled Tribes and
representation of Anglo-Indians by nomination in the
Lok Sabha and the State Legislative Assemblies for
another ten years, i.e., up to 1980

« The 42nd Amendment of the Constitution of India,
enacted in 1976, gave primacy to the Directive
Principles over Fundamental Rights, curtailed the
power of judicial review, strengthened the power
of Parliament and the executive, declared India as
a “sovereign socialist secular democratic republic’,
added new fundamental duties and a new chapter on
emergency provisions.

* The 44th Amendment of the Constitution of India,
enacted in 1978, restored the civil liberties and
democratic rights that were curtailed by the 42nd
Amendment during the Emergency. It also reduced
the duration of President’s rule, introduced safeguards
against misuse of emergency provisions, and deleted the
right to property from the list of fundamental rights."
121,"Consider the following statements:

1. Through the 44th Constitutional
Amendment, 1978 all the Directive
Principles of State Policy have been given
preference over Fundamental Rights
mentioned in Articles 14 and 19.

II. Supreme Court has laid down in its
verdict in Minerva Mills Case, 1980 that
the preference given only to Directive
Principles of State Policy mentioned in
Article 39",Neither I nor II is correct.,Only I is correct.,Only II is correct.,BothI and II are correct.,,,c,"Exp) Option c is the correct answer.

Statement I is incorrect: 44th Constitutional Amendment,
1978 did not give preference to all the Directive Principles
of State Policy over Fundamental Rights mentioned in
Articles 14 and 19. It only retained the preference given to
Directive Principles contained in Article 39 (b) and © by
the 25th Amendment, 1971.

Statement II is correct: Supreme Court has laid down in its
verdict in Minerva Mills Case, 1980 that the preference given
only to Directive Principles of State Policy mentioned in
Article 39 (b) and (c) over Fundamental Rights mentioned
in Articles 14 and 19 is Constitutional.

Important Tipss

Minerva Mill Case:

e The case was filed by Minerva Mills, a textile company
that was nationalized by the government under the Sick
Textile Undertakings Act, 1974.

e The case challenged the validity of clauses 4
and 5 of Article 368, which were inserted by the
42nd Amendment Act, 1976. These clauses gave
unlimited power to Parliament to amend any part of
the Constitution, including the basic structure, and
excluded judicial review of such amendments.

« The Supreme Court struck down these clauses as
unconstitutional and violative of the basic structure
doctrine. The court held that Parliament’s power to
amend is limited by the Constitution and cannot be
used to destroy its identity and spirit.

¢« Thecourt also upheld the validity of clause I of Article
31C, which gave preference to Directive Principles of
State Policy contained in Article 39 (b) and © over
Fundamental Rights mentioned in Articles 14 and 19.
However, the court struck down clause 2 of Article 31C,
which immunized any law from judicial scrutiny even
if it does not give effect to the Directive Principles.

¢ The court reaffirmed the doctrine of basic structure
and harmonious construction between Fundamental
Rights and Directive Principles.

e The court also clarified that the basic structure
includes the limited amending power of Parliament,
the supremacy of the Constitution, the democratic
and secular character of the polity, the separation of
powers, and the individual freedom."
122,"97th Constitutional Amendment Act of

2012 is concerned with-

(R.A.S./R.T.S. (Pre) 2012]","Free and compulsory education for

children upto the age of 14 years","Organization and working of cooperative

societies",Stringent measures to dea] with terrorism,Provision of Lokpal to prevent corruption,,,b,"Exp) Option b is the correct answer.

The 97th Amendment of the Constitution of Indla, officially

known as The Constitution (Ninety-seventh Amendment)

Act, 2011, introduced clauses dealing with the organization

and working of cooperative societies in the country.
Important Tipss

Features of 97th Constitutional Amendment Act:

¢ Itinserted anew Part LXB in the Constitution, which contains
Articles 243ZH to 243ZT, which deal with various aspects of
cooperative societies such as incorporation, membership,
elections, audit, supervision, offences and penalties,

« The amendment also added the words “or co-operative
societies” to Article 19(1)© of the Constitution to
expand the fundamental right to form associations or
unions to cover cooperative societies too.

| e It also added a new Directive Principle under Article
43B, which says: “The State shall endeavour to promote
voluntary formation, autonomous functioning,
democratic control and professional management of
co-operative societies”"
123,"Which of the following is not correctly

matched?","Article 22(1) | Right to be defended by
a legal practitioner of her
or his choice.","Article 22(4) | No law providing
preventive detention shall |
authorize the detention

| for a period longer than |
three months.","Article 22(2) | Parliament may by
law prescribe the
circumstances under
which a person may be
detained for a_ period
longer than three
months.","Article 22(1) |No person who is
arrested shall be in
custody without being
informed, as soon as may
be, of the grounds for |
such an arrest. |",Jharkhand P.C.S. (Pre),2021.0,c,"Exp) Option c is the correct answer.
Option (c) Article 22(2) is not correctly matched. The
correct match for Article 22(2) is: Every person who is
arrested and detained in custody shall be produced before
the nearest magistrate within a period of twenty-four hours
of such arrest excluding the time necessary for the journey
from the place of arrest to the court of the magistrate and
no such person shall be detained in custody beyond the said
period without the authority of a magistrate.
Important Tipss

Article 22 is divided into six clauses, which are: |

e Clause (1): Right to be informed of the grounds for |
arrest and the right to consult and be defended by a
legal practitioner of choice.

¢ Clause (2): Detained individuals must be produced
before the nearest magistrate within 24 hours, and
their detention cannot exceed this period without the
authority of a magistrate.

¢ Clause (3): Exemptions to the rights of arrest and
detention under clauses (1) and (2) for enemy aliens
and those detained under laws providing for preventive
detention.

e Clause (4): Preventive detention laws cannot authorize
detention for more than three months unless an
Advisory Board of High Court judges reports sufficient
cause for the continued detention.

e Clause (5): Detained individuals must be provided with
the grounds for the order of preventive detention and
given an opportunity to make a representation against
it.

« Clause (6): The authority making the order of
preventive detention is not obligated to disclose facts
that it deems against the public interest."
124,"Under which of the following Article of
thei Supreme Court is empowered to issue
different ‘Writs’ for the enforcement of

Fundamental Rights of the citizens?",Article 32,Article 33,Article 132,Article 226,Jharkhand PCS (Mains),2016.0,a,"Exp) Option a is the correct answer,

Article 32 of the Constitution of India empowers the
Supreme Court to issue different writs for the enforcement
of fundamental rights of the citizens. A writ is a written
order from the court that commands constitutional remedies
for the violation or protection of the right. The Supreme
Court can issue five types of writs, namely, habeas corpus,
mandamus, prohibition, certiorari and quo warranto.
Article 32 is considered as a part of the basic structure of
the Constitution and cannot be suspended except during an
emergency."
125,"Which Constitutional Amendment
bifurcated the Combined National
Commission for Scheduled Castes and
Scheduled Tribes into two separate bodies?
(Jharkhand P.C.S. (Pre) 2016]",42nd Amendment,44th Amendment,89th Amendment,93rd Amendment,,,c,"Exp) Option c is the correct answer.

The 89th Amendment of the Constitution of India, officially

known as The Constitution (Eighty-ninth Amendment) Act,

2003. bifurcated the combined National Commission for

SCs and STs into two separate bodies, namely, National

Commission for Scheduled Castes (under Article 338) and

National Commission for Scheduled Tribes (under Article

338-A)."
126,"As a part of the Right to Freedom, which
one of the following does not form part
of “Freedom to Assemble Peaceably and
Without Arms”?
(Jharkhand P.C.S. (Pre) 2013]","Gherao officials not performing their
duties",Peaceful assembly,"People who assemble should not bear
arms","State can make a Jaw imposing reasonable
restrictions on the exercise of this Right",,,a,".

Exp) Option a is the correct answer.

Gherao is a form of protest or agitation in which a group

of people surround an official or a building and prevent

them from leaving or entering until their demands are met.

Gherao is not protected by Article 19 (1) (b) of the

Constitution. It is punishable under various sections of the

Indian Penal Code, such as Section 141 (unlawful assembly),

Section 143 (punishment for unlawful assembly), Section

147 (rioting), Section 149 (common object of unlawful

assembly), Section 341 (wrongful restraint), Section 342

(wrongful confinement), Section 353 (assault or criminal

force to deter public servant from discharge of his duty), etc."
127,"Which of the following constitution
(Amendment) Act provides for goods and
Services Tax (G.S.T.)?","The Constitutions (Ninety Eighth)
Amendment Act 2012","The Constitutions (Ninety Eighth)
Amendment Act 2014","The Constitutions (One-Hundredth and
First) Amendment Act 2015","The Constitutions (One Hundred and
First) Amendment Act 2016",Chhattisgarh P.C.S. (Pre),2019.0,d,"Exp) Option d is the correct answer.

The Constitutions (One Hundred and First) Amendment

Act 2016 introduced a national Goods and Services Tax

(GST) in India from 1 July 2017. The amendment gave

concurrent taxing powers to the Union and the States to levy

GST on every transaction of supply of goods or services or

both. It also created the GST Council, a joint forum of the

Centre and States, to recommend matters related to GST."
128,"What are the restrictions in the freedom to
manage religious affairs in the Article-26 of
the constitution?
(i) Public Order
(ii) National Security
(iii) Education
(iv) Morality
(v) Health
(vi) Secularism
Code:","(i), (ii), (iii)","(ii), (iii), (v)","(ii), (iv), (vi)","(i), (iv), (v)",Chhattisgarh P.C.S. (Pre),2018.0,d,"Exp) Option d is the correct answer.

Article 26 of the Constitution of India is a fundamental

right that grants the freedom to manage religious affairs

to every religious denomination or any section thereof. It

provides that subject to public order, morality and health,

every religious denomination or any section thereof shall

have the right:

e to establish and maintain institutions for religious and
charitable purposes;

e to manage its own affairs in the matter of religion;

« to own and acquire movable and immovable property;
and

¢ to administer such property in accordance with law

National security, education, and secularism are not

mentioned in Article 26 as grounds for limiting the

religious rights of any denomination or section."
129,"The rights are called Fundamental Rights
because
i. It is written in the Constitution.
ii. It is democratic.

iii. It is public welfare.
iv. It is essential for personality development.
v. Parliament can’t make law against it.
Code:","i, ii, iii","i, iii, v","i, iv, v","ii, iii, v
(e) None of the Above",Chhattisgarh P.C.S. (Pre),2017.0,c,"Exp) Option c is the correct answer.

The rights are called Fundamental Rights because:

i. It is written in the Constitution. The Fundamental Rights
are enshrined in Part III of the Constitution of India from
Article 12 to 35 and are guaranteed to all citizens.

iv. It is essential for personality development. The

Fundamental Rights are defined as basic human freedoms

where every Indian citizen has the right to enjoy for a proper

and harmonious development of personality and life.

v. Parliament can’t make law against it. The Fundamental

Rights are enforceable by the courts, subject to certain

restrictions, and any law made by the Parliament that

violates or abridges the Fundamental Rights can be declared
unconstitutional by the judiciary

« Although the Fundamental Rights are essential for a
democratic system, they are not exclusively democratic
in nature. There are other forms of government that may
also grant some civil liberties to their citizens, such as
constitutional monarchy or republicanism.

« The Fundamental Rights are not necessarily related to
public welfare, which is more of a goal of the Directive
Principles of State Policy (Part IV of the Constitution).
The Fundamental Rights are more concerned with
individual rights and liberties that protect the citizens
from arbitrary state action or discrimination."
130,"What is correct about external emergency
as per Article 352?
i. It is proclaimed by the President.
ii. It should be approved by Parliament within
two months.
iii. It should be approved by Parliament
within one month.
iv. It should be approved by Parliament by a
simple majority.
v. It should be approved by Parliament by a
2/3 majority.
vi. It can be revoked by a simple majority of
Parliament.
vii. It can be revoked by a 2/3 majority of
Parliament.
viii. It can be approved in a joint session of
Parliament.
Code:","i, ii, iv, viii","i, iii, vi, viti","i, iii, v, vi","i, iv, vii, viii
(e) None of the above",Chhattisgarh P.C.S. (Pre),2017.0,c,"Exp) Option cis the correct answer

When a national emergency is declared on the ground of ‘war’

or ‘external aggression’ it is known as ‘External Emergency’.

On the other hand, when it is declared on the ground of

‘armed rebellion’ it is known as ‘Internal Emergency’. As per

Article 352, the President can declare a national emergency

when the security of India is threatened by war/external

aggression/armed rebellion. The proclamation of Emergency
must be approved by both the Houses of Parliament within
one month. If approved by both the Houses of Parliament, the
emergency continues for six months. For the proclamation
of emergency or its continuance, the resolution must be
passed by either House of Parliament by a special majority.

A revocation of emergency does not require parliamentary

approval. It can be revoked by the President at any time by a

subsequent proclamation. The emergency must be revoked

if the Lok Sabha passes a resolution by a simple majority
disapproving of its continuation.
Important Tipss
¢ President can declare a national emergency even
before the actual occurrence of these situations if he is
satisfied that there is a probable danger.
« The emergency can be extended to an indefinite period
with an approval of Parliament every six months.
¢ The President can proclaim a national emergency only
after receiving a written recommendation from the
cabinet"
131,"By which of the following grounds, a
citizen’s freedom of expression may not be
subjected to restriction?",Sovereignty of India,Public order,Contempt of Court,"Unbecoming criticism
(e) All of the above",Chhattisgarh P.C.S (Pre),2013.0,d,"Exp) Option d is the correct answer.

Freedom of expression is a fundamental! right guaranteed by
Article 19 (1) (a) of the Constitution of India. It includes
the right to express one’s views and opinions through any
mode of communication, such as words, signs, symbols,
gestures, pictures, etc. It also includes the right to receive
and impart information from any source and disseminate it
to others.
However, freedom of expression is not absolute or unlimited.
It is subject to reasonable restrictions imposed by the State
under Article 19 (2) of the Constitution. These restrictions
can be imposed in the interests of the sovereignty and
integrity of India, the security of the State, friendly
relations with foreign States, public order, decency or
morality, contempt of court, defamation or incitement to
an offence.
Unbecoming criticism is not one of the grounds on which
freedom of expression can be restricted. Unbecoming
criticism means criticism that is inappropriate, improper, or
disrespectful. However, such criticism may not necessarily
violate any of the grounds mentioned in Article 19 (2) of the
Constitution."
132,"The Provisions regarding division of taxes
between the Union and the States-","Can be suspended during Financial
Emergency","Can be suspended during National
Emergency","Cannot be suspended under any
circumstances","Can be suspended only with the consent
of a majority of the State Legislatures",Chhattisgarh P.C.S. (Pre),2011.0,b,"Exp) Option b is the correct answer
During National Emergency the President by order can direct
that all provisions regarding division of taxes between Union
and States and grants-in-aids remain suspended. However,
such suspension shall not go beyond the expiration of the
financial year in which the Proclamation ceases to operate."
133,"By which Constitutional Amendment OBCs
have been given 27 percent reservation in
the admission to educational institutions",92nd,93rd,94th,96th,Uttarakhand P.C.S. (Pre),2012.0,b,"Exp) Option b is the correct answer.
The 93rd Amendment of the Constitution of India, officially
known as The Constitution (Ninety-third Amendment)
Act, 2005, added clause (5) in Article 15 which enables
the government to make any special provision for the
advancement of any socially and educationally backward
classes of citizens or for the Scheduled Castes or the
Scheduled Tribes in so far as such special provisions relate
to their admission to educational institutions, including
private educational institutions, whether aided or unaided
by the State, other than the minority educational institutions.
The amendment enabled the implementation of the
27% reservation for OBCs in admission to educational
institutions as recommended by the Mandal Commission in
1992."
134,"Which Article of the Constitution provides
protection to the accused regarding
conviction from double-bar and_ self-
incrimination?",Article 19,Article 22,Article 21,Article 20,Uttarakhand P.C.S. (Pre),2010.0,d,"Exp) Option d is the correct answer.
Article 20 of the Constitution of India is a fundamental
right that provides protection to the accused regarding
conviction from double-bar and self-incrimination. The
article is divided into three clauses, which are:
¢ Clause (1): Protection against ex post facto laws. It means
that no person shall be convicted of any offence except for
violation of a law in force at the time of the commission
of the act, nor be subjected to a penalty greater than that
prescribed by such law.

« Clause (2): Protection against double jeopardy. It means
that no person shall be prosecuted and punished for the
same offence more than once.

« Clause (3): Protection against self-incrimination. It
means that no person accused of any offence shall be
compelled to be a witness against himself."
135,"The Constitution of India does not
guarantee which one of the following as a
fundamental right?",Right to equality,Right against exploitation,Right to property,Right to carry on trade and business,CAPF,2021.0,c,"Exp) Option c is the correct answer.

The Constitution of India does not guarantee the Right to

Property as a fundamental right. Originally, the right to

property was included as a fundamental right under Article

19(1)(f) and Article 31 of the Constitution. However, the

44th Amendment Act of 1978 removed the right to property

from the list of fundamental rights and made it a legal right
instead."
136,"Which one of the following statements with
regard to the Directive Principles of State
Policy is not correct?",They are not enforceable in a court of law.,"They can override all the fundamental

rights.","They can be related to social and
economic justice.","They can be related to giving free legal
aid.",CAPF,2021.0,b,"Exp) Option b is the correct answer.

The Directive Principles of State Policy cannot override

fundamental rights. Fundamental rights, enshrined in Part

Ill of the Indian Constitution, are the individual rights and

liberties that are guaranteed to every citizen. If a conflict

arises between a fundamental right and a directive principle,

the courts generally strive to interpret the laws in a way that

reconciles both, but in cases where reconciliation is not

possible, the fundamental rights take precedence.
Important Tips

« DPSP are a set of guidelines or principles provided in
Part IV of the Constitution of India.

« They serve as moral and political directives for the
government in formulating policies and making laws.

*« DPSP are not legally enforceable in a court of law.

« They are non-justiciable, meaning they cannot be
directly enforced through the courts.

« The DPSP aim to establish social and economic justice
in society. ;

* They provide.a framework for the government to

| promote the welfare of the people, secure a just and

humane society, and reduce inequalities."
137,"Which one of the following fundamental
rights has not been provided to a person?","Protection against prosecution and
punishment for the same offence more
than once.","To refuse to give his/her sample of
handwriting as evidence to support a
prosecution against him/her.",To act as a witness against himself/herself.,"Right not to be convicted of any offence
except for violation of a law in force at the
time of commission of the act charged as
an offence.",CAPE,2021.0,c,"Exp) Option c is the correct answer.

According to the Article 20 (3) of the Indian Constitution,

“No person accused of any offence shall be compelled to

be a witness against himself.” This indicates that a person

has the right to not be compelled to act as a witness against
themselves.

Important Tips

Some points about Article 20 of the Indian Constitution:

e« It safeguards against arbitrary and_ excessive
punishment for accused persons, including citizens,
foreigners, and legal entities such as companies or
corporations. .

ooo

« No ex-post-facto law: It ensures that a person cannot
be convicted of any offence except for the violation of a
law in force at the time of committing the act.

+ No double jeopardy: No person can be prosecuted and
punished for the same offence more than once.

¢ No self-incrimination: No person accused of any
offence can be compelled to be a witness against

; themselves.

« An ex-post-facto law is one that imposes penalties
retrospectively, which means it applies to acts that were
committed before the law was enacted or increases the
penalties for such acts.

+ Article 20 prohibits the enactment of ex-post-facto
criminal laws, but this limitation does not apply to
civil laws or tax laws. Civil liability or taxes can be
imposed retrospectively."
138,"In relation to the fundamental duties
enshrined in the Constitution of India,
which one of the following is NOT correct?","The fundamental duties were not

originally a part of the Constitution","To safeguard public property and abjure
violence are fundamental duties",They are not enforceable through writs,"They may not be used for determining
constitutionality of laws",CAPE,2020.0,d,"Exp) Option d is the correct answer.
While fundamental duties do not directly determine the
constitutionality of laws, they are often considered by the
courts while interpreting and deciding cases related to the
fundamental rights of citizens. Fundamental duties provide
guidance and context in interpreting the fundamental
rights, and they can influence the court’s decision-making
process.

Important Tips

e The fundamental duties were added to the Constitution
of India through the 42nd Amendment Act in 1976
through Article 51A of the Constitution of India.

* The fundamental duties are not just applicable to
citizens but also to the State and every individual
residing in India.

e The fundamental duties aim to promote patriotism,
unity, and the spirit of common brotherhood among
citizens.

« Some of the fundamental duties include respecting the |
Constitution and its ideals, promoting harmony and |
the spirit of inquiry, safeguarding public property,
protecting the environment, and striving towards
excellence in all spheres of individual and collective
activity.

¢ The fundamental! duties are non-enforceable through
writs.

« The fundamental duties are not justiciable, meaning
individuals cannot be legally prosecuted for failing to
fulfill their fundamental duties. _ _ |"
139,"“To cherish and follow the noble ideas
which inspired our national struggle for
freedom” is a provision of which one of the
following of the Constitution of India?",Directive Principles of the State Policy,Fundamental Duties,Fundamental Rights,Preamble,CAPF,2019.0,b,"Exp) Option b is the correct answer

The provision “To cherish and follow the noble ideas which
inspired our national struggle for freedom” is a part of
the Fundamental Duties (Art 51A-b) mentioned in the
Constitution of India."
140,"Which of the following is NOT provided
for under the Directive Principles of State
Policy?","Right to work, ‘to education and to public

assistance in certain cases",Uniform Civil Code for the citizens,Separation of Judiciary from the executive,"Participation of workers in the
management of local-self government",CAPF,2019.0,d,"Exp) Option d is the correct answer
Participation of workers has been provided for under DPSPs
(Art 43A), but it is for the management of industries and
not for local self-government."
141,"Which one of the following statements
regarding the Directive Principles of State
Policy is NOT correct?","State shall follow the Directive Principles
of State Policy both in the matter of
administration as well as in the making
of laws","The Directive Principles of State Policy
embody the object of the State under the
Republican Constitution","The Directive Principles of State Policy
have precedence over the Fundamental
Rights in case of conflict between the two","The Directive Principles of State Policy
are not enforceable in the Courts.",CAPF,2019.0,c,"Exp) Option c is the correct answer
In the Minerva Mills case (1980), the Supreme Court of
India examined the relationship between the Directive
Principles of State Policy (DPSP) and the Fundamental
Rights enshrined in the Indian Constitution. The court
held that the DPSP and the Fundamental Rights are both
equally important and essential for the governance of the
country. They are complementary to each other and must
be interpreted harmoniously."
142,"Sikkim became an Associate State of the
Indian Union through","the Constitution (36th Amendment) Act,
1975","the Constitution (7th Amendment) Act,
1956","the Constitution (35th Amendment) Act,
1974","the Constitution (5th Amendment) Act,
1955",CAPF,2018.0,a,"Exp) Option a is the correct answer
The Constitution (36th Amendment) Act, 1975, was
passed by the Parliament of India to incorporate Sikkim
into the Indian Union as an Associate State. The Act was
passed on 26 April 1975, and Sikkim became an Associate
State on 16 May 1975,"
143,"Which one of the following Constitutional
Amendments has enormously strengthened
the powers of the Speaker/Chairman
of the Houses of the Parliament/State
Legislatures?","61st Amendment which reduced the

voting age from 21 to 18 years","Anti-defection provisions of 52nd
Amendment","Repealing of many of the provisions of
42nd Amendment by 44th Amendment","73rd Amendment that conferred extensive
the powers on Panchayat Bodies",CAPF,2018.0,b,"Exp) Option b is the correct answer
The Anti-Defection Law empowers the Speaker/Chairman
to make decisions on disqualification and to maintain the
stability and integrity of political parties and legislative
bodies by curbing defections. Thus, it can be said that
the 52nd Amendment has enormously strengthened the
powers of the Speaker/Chairman of the Parliament and State
Legislatures."
144,"Which one of the following concerns has
found a place in both Fundamental Duties
and Directive Principles of State Policy?",Safeguard of Public Property,"Protection of improvement of
environment, forests and wildlife","Respect for the rich heritage of our
composite culture",Promotion of cooperative societies,CAPF,2018.0,b,"Exp) Option b is the correct answer
Both the Fundamental Duties and Directive Principles of
State Policy recognize and emphasize the concern for the
protection and improvement of the environment, forests,
and wildlife.
Important Tipss
| « Fundamental Duty: Article 51A(g) of the Constitution
of India states that it shall be the fundamental duty |
| of every citizen of India to protect and improve the |
natural environment including forests, lakes, rivers
and wildlife.
¢ Directive Principle: Article 48A of the Constitution
of India states that the State shall endeavour to protect
| and improve the environment and to safeguard the
forests and wildlife of the country."
145,"Which one of the following is not a part of
the Directive Principles of State Policy?",Uniform Civil Code for all citizens,Separation of Judiciary from Executive,"Duty of the State to raise the level of
nutrition and standard of living","Promotion of scientific temper, humanity
and the spirit of inquiry and reform",CAPF,2018.0,d,"Exp) Option d is the correct answer
“Promotion of scientific temper, humanity and the
spirit of inquiry and reform” is actually a part of the

Fundamental Duties and not DPSP. Article 51A(h) of the
Indian Constitution states that it shall be the duty of every
citizen to develop scientific temper, humanism, and the
spirit of inquiry and reform."
146,"The power of the President of India to refer
a matter back to the Council of Ministers
for reconsideration was inserted in the
Constitution by",44th Amendment,42nd Amendment,43rd Amendment,35th Amendment,CAPF,2018.0,a,"Exp) Option a is the correct answer

The 44th Amendment Act added a new clause to Article
74 of the Constitution, which gives the President the
power to refer a matter back to the Council of Ministers
for reconsideration, This power can be exercised by the
President only once on a matter. If the Council of Ministers
sends the same advice again to the President, the President
must accept it."
147,"The provision under Article-51A of the
Constitution of India relates to the",uniform civil code for the citizens,organization of village panchayats,right to education,fundamental duties,CAPE,2016.0,d,"Exp) Option d is the correct answer.

Article 51A of the Constitution of India deals with the
fundamental duties of citizens. It lists a set of moral, civic,
and ethical obligations that citizens are expected to fulfill
for the betterment of society and the nation as a whole, The
fundamental duties were added to the Constitution by the
42nd Amendment Act in 1976."
148,"The amending power of the Parliament set
forth in which one of the following Articles
of the Constitution of India?",Article-368,Article-360,Article-13(2),Article-370,CAPF,2016.0,a,"Exp) Option a is the correct answer.

The amending power of the Parliament is set forth in Article
368 of the Constitution of India. Article 368 provides the
procedure for amending the Constitution, including the
types of amendments, the majority required for their passage,
and the involvement of the President in the amendment
process."
149,"With regard to a Constitution Amendment
Bill, which one of the following statements
is not correct?","The Speaker of the Lok Sabha can call a
joint sitting of both the Houses to pass
the Bill","Each House needs to pass the Bill
separately by a prescribed special majority
end","The Bill can be introduced in either
House of Parliament","‘he Bill can be sponsored by a Private
Member",CAPF,2016.0,a,"Exp) Option a is the correct answer.

Option a is incorrect: The Speaker of Lok Sabha cannot
call a joint sitting of both Houses to pass a Constitution
Amendment Bill, as such a bill must be passed separately by
each House with the required majority.

Option b is correct: A Constitution Amendment Bill must be
passed separately by both the Houses of Parliament with a
special majority. This means that it should be supported by
a majority of the total membership of each House, as well
as by a majority of not less than two-thirds of the members
present and voting.

Option c is correct: A Constitution Amendment Bill can be
introduced in either House of Parliament by a minister or
a private member, and does not require the prior approval
of the President

Option d is correct: A Constitution Amendment Bill can be
sponsored by a private member, but it has very little chance
of being passed by Parliament."
150,"Who among the following are entitled to get
the benefits of equality before the law and
the equal protection of the laws as enshrined
under Article-14 of the Constitution of

India?

1. All Indian citizens living in India.

2. All Indian citizens living abroad.

3. Foreigners living within the territory of
India.

4. All citizens born in India.

Select the correct answer using the code given

below:",1 and 2 only,"1,2 and 3",1 and 3 only,Only 4,CAPE,2017.0,c,"Exp) Option c is the correct answer

Article 14 of the Constitution of India guarantees equality
before the law and equal protection of the laws to all persons

within the territory of India. This means that both citizens
and foreigners are entitled to the protection of Article 14
and it does not apply to Indian citizens living abroad and
citizens born in India but living abroad."
151,"Which of the following are provided in

India by the Right to Education Act?

1. Right of children to free and compulsory
education till completion of elementary
education in a neighborhood school.

2. Prohibition of deployment of teachers
for non-educational works, other
than decennial census, elections to
local authority like State Legislatures,
Parliament and disaster relief.

3. Right of minorities to establish and
administer education institution.

4. No citizen shall be denied admission into
any educational institution maintained
by the State or receiving aid out of State
funds on grounds only of religion, race,
caste, language or any of them.

Select the correct answer using the code given

below. 

{a) 1,2 and4",,land 3,2 and 4,land2,CAPF,2015.0,d,"Exp) Option d is the correct answer,

Statement I is correct: The Right to Education Act guarantees
the right of children to receive free and compulsory
education until the completion of elementary education.
It emphasizes the importance of providing education to all
children and ensures that they have access to education in
their neighborhood.

Statement 2 is correct: The Act prohibits the deployment
of teachers for non-educational works, except for specific
purposes such as the decennial census, elections, and disaster
relief. This provision aims to censure that teachers are focused
on their primary role of imparting education.

Statement 3 is incorrect: The Right to Education Act
does not specifically provide for the right of minorities
to establish and administer educational institutions. This
provision is covered under Article 30 of the Constitution of
India, which guarantees the right of minorities to establish
and administer educational institutions of their choice.
Statement 4 is incorrect: Article 29(2) of the Constitution
of India and not RTE Act prohibits discrimination on
grounds of religion, race, caste, language or any of them in
admission to educational institutions."
152,"Which of the following does not relate to
the Fundamental Rights as enshrined in the

Constitution of India?

1. Free and compulsory education for all
children of the age of 6-14 yr.

2. Prohibition of trafficking in human
beings and forced labour.

3. Improvement of Public health and
prohibition of intoxicating drinks.

4. Promotion of the educational and
economic interests of the weaker sections
of the people, especially the Scheduled
Castes and Scheduled ‘Tribes.

Select the correct answer using the codes

given below.

Codes",land 2,2 and 4,Only 3,3and4,CAPF,2014.0,d,"Exp) Option d is the correct answer.

Statement | is correct: Free and compulsory education for all
children of the age of 6-14 years, relates to the Fundamental
Right to Education, This right is provided under Article
21A of the Constitution of India.

Statement 2 is correct: The prohibition of trafficking in
human beings and forced labor, relates to the Fundamental
Right against exploitation, This right is provided under
Article 23 of the Constitution of India.

Statement 3 is incorrect: Improvement of public health
and prohibition of intoxicating drinks, does not directly
relate te any specific Fundamental Right as enshrined in
the Constitution of India. However, the Constitution does
provide for the promotion of public health as a directive
principle of state policy under Article 47.

Statement 4 is incorrect: Promotion of the educational and
economic interests of the weaker sections of the people,
especially the Scheduled Castes aud Scheduled is provided
under Article 46 of DPSP."
153,"Which of the following are related to Right
to Equality under the provisions of Articles

14-18 of the Constitution of India?

1. Prohibition of discrimination on grounds
of religion, race, caste, sex or place of
birth.

2. Equality of opportunity in matters of
public employment.

3. Educational and cultural rights to
minorities.

4. Abolition of untouchability.

Select the correct answer using the codes

given below.

Codes:","1,2 and 3",3and 4,"1,2 and 4",1 and 2,CAPF,2014.0,c,"Exp) Option c is the correct answer.

Statement 1 is correct: The right to equality, as enshrined
in Articles 14-18 of the Constitution of India, prohibits
discrimination on the basis of religion, race, caste, sex, or
place of birth (Article 15). It ensures that every citizen of
India is treated equally before the law.

Statement 2 is correct: The right to equality includes the
principle of equality of opportunity in matters of public
employment (Article 16). It ensures that all individuals
have an equal opportunity to be considered for public
employment based on their qualifications and abilities,
without discrimination.
Statement 3 is incorrect: The right to equality, under the
provisions of Articles 14-18, does not specifically grant
educational and cultural rights to minorities. They are
part of the Cultural and Educational Rights under Articles
29-30 of the Constitution,
Statement 4 is correct: The right to equality includes the
abolition of untouchability. Untouchability, which was a
practice associated with the caste system in India, was
abolished under Article 17 of the Constitution. It ensures
that every individual is treated with dignity and without any
form of untouchability."
154,"The major cleavage in global human rights

discourse has been between:",religious rights vs. civil rights,national rights vs. minority rights,gender rights vs. equal rights,"civil and political rights vs. economic,
social and cultural rights",CAPF,2014.0,d,"Exp) Option d is the correct answer.
The major cleavage in global human rights discourse is often
seen between civil and political rights on one hand, and
econoinic, social, and cultural rights on the other hand.
There is often a debate and tension between these two
categories of rights, as they require different approaches
and resource allocation. Some argue that civil and political
rights are fundamental and must be prioritized, while others
emphasize the importance of economic, social, and cultural
rights for achieving social justice and equality."
155,"Which one of the following is not a part of

Article 51 of the Constitution of India?",Promote international peace and security,"Maintain just and honourable relations
between nations","Use of UN peacekeeping force for
resolution of international disputes","Encourage settlement of inter- national
disputes by arbitration",CDS  (I),2023.0,c,"Exp) Option c is the correct answer
Article 51 of the Constitution of India outlines the directive
principles of state policy related to international relations.
However, Article 51 does not explicitly mention the use
of UN peacekeeping forces as a directive principle of state
policy.
pn,
Important Tips: |
Article 51 of the Constitution of India deals with the
Promotion of international peace and security. It states |
that the State shall: |
+ Promote international peace and security |
e Maintain just and honourable relations between nations |
e Foster respect for international law and_ treaty |
obligations in the dealings of organised people with |
one another !
e Encourage settlement of international disputes by |
arbitration |
| e Adhere to the principles of the United Nations |
- Strive for international co-operation in solving |
international problems of an economic, social, |
cultural, or humanitarian character, and in promoting |
and encouraging respect for human rights and for
fundamental freedoms for all without distinction as to
race, scx, language, or religion."
156,"Which one of the following is not mentioned
as a form of Emergency in the Constitution

of India?",National Emergency,"State Emergency in terms of Proclamation
of President’s Rule in a State",Financial Emergency,Health Emergency,CDS  (I),2022.0,d,"Exp) Option d is the correct answer. )
Health Emergency is not mentioned as a form of Emergency
in the Constitution of India.
The Constitution provides for three types of emergencies:
National Emergency (Article 352), State Emergency
(President’s Rule- Article 356), and Financial Emergency
(Article 360). While the government can take measures
under existing laws and provisions to address public health
crises, a specific provision for a “Health Emergency” is not
included in the Constitution."
157,"Article 19(4) of the Constitution of India,
as it stands amended, includes which of the
following?
1. Freedom of speech and expression
2. Assemble peaceably and without arms
3. To acquire and dispose property
4. To move freely throughout the territory
of India
Select the correct answer using the code given
below: -",1 and 2 only,"1, 2,3 and 4",4 only,"1, 2.and 4 only",CDS  (I),2022.0,d,"Exp) Option d is the correct answer.
Article 19(1) of the Constitution of India includes the rights:
(a) to freedom of speech and expression;
(b) to assemble peaceably and without arms;
(c) to form associations or unions;
(d) to move freely throughout the territory of India;
(ce) to reside and settle in any part of the territory of India;
and omitted ;
({) to practise any profession, or to carry on any occupation,
trade or business

Important Tips |

Reasonable restrictions by the state in India include: |

« Freedom of speech and expression can be restricted |
for reasons such as national security, public order, |
defamation, and incitement to offense. |

+ Restrictions on the freedom of assembly can be imposed |
to maintain public order and protect the integrity of |
the nation. |

¢ Freedom of association can be limited to ensure public
order, national integrity, and morality. |

* The freedom of movement and residence can be |
restricted in the interest of public welfare and
protection of marginalized groups.

e Certain professions involving immoral or dangerous
activities may face restrictions to maintain social order
and public safety."
158,"In Part-IVA of the Constitution of India,
which one of the following is not mentioned
as a duty of every citizen of India?
CDS 2022 (1)]","To render national service when called
upon to do so","To renounce practices derogatory to the
dignity of women","To value and preserve a unitary national
culture","To develop the spirit of inquiry and
reform",,,c,"Exp) Option c is the correct answer.

‘Yo value and preserve a unitary national culture is not
a Fundamental Duty as mentioned in Part-IVA of the
Constitution of India. However, the other options, are all
mentioned as duties of every citizen of India. These duties
aim to promote the welfare of society, gender equality, and
the pursuit of knowledge and progress.

Important Tipss
* The Indian Constitutions Fundamental Dutics draw
| inspiration from the former USSR’s Constitution,
added through the 42nd Constitutional Amendment
Act, 1976, based on the Swaran Singh Committec’s
recommendation, and are non-justiciable obligations
applicable to citizens only.

e List of ten Fundamental Duties:

¢ ‘To abide by the Constitution and respect its ideals
and institutions.
* To cherish and follow the noble ideals that inspired
the national struggle for freedom.
* To uphold and protect the sovereignty, unity, and |
integrity of India. |
¢ To defend the country and render national service |
when required. |
* To promote harmony and the spirit of common
brotherhood among all citizens.
« ‘To value and preserve the rich heritage of India’s |
composite culture.
« To protect and improve the natural environment, |
including forests, lakes, rivers, and wildlife. |
¢ To develop scientific temper, humanism, and the
spirit of inquiry and reform. |
« To safeguard public property and abiure violence.
¢ ‘To strive for excellence in all spheres of individual |
and collective activity."
159,"Which one of the following terms represents
the maxim, ‘no man/person shall be
, condemned unheard’?",Autrefois acquit,Non bis in idem,Autrefois convict,Audi Alteram Partem,CDS  (D,2022.0,d,"Exp) Option d is the correct answer.
The term “Audi Alteram Partem” is a Latin phrase that
translates to “hear the other side.” It is a fundamental
principle of natural justice, which states that no person
should be condemned or punished without being given a
fair opportunity to present their case. It is a crucial aspect
of due process and ensures fairness and impartiality in legal
proceedings."
160,"Which one of the following statements about
a Bill for Amendment of the Constitution
of India is not correct?","It is governed by Article 368(2) of the
Constitution of India.","Joint sitting can be resorted to for Passing
a Bill amending the Constitution of India.","The State Legislatures cannot initiate any
Bill or proposal for amendment of the
Constitution of India.","The previous sanction of the President of
India is not required for introducing any
Bill in the Parliament for amendment of
the Constitution of India.",CDS  (I,2022.0,b,"Exp) Option b is the correct answer.
A joint sitting of both Houses of Parliament is not allowed
in the case of a deadlock over the passage of a constitutional
amendment bill. However, in the case of an ordinary bill,
there is a provision for a joint sitting if needed.
Important Tipss

¢ The procedure for amending the Indian Constitution
was borrowed from the South Africa Constitution.

¢ Article 368 in Part XX of the Constitution deals with
the powers of Parliament to amend the Constitution
and its procedure.

« “Parliament can amend the constitution provided that
Basic Structure remains intact”- Kesvananda Bharti
Case 1973.

¢ Parliament can only initiate constitutional amendment
bill. .

|» It can be introduced by either minister or private
member- does not require president approval.

« The bill must be passed by each house by Special
Majority.
e« The President must give his assent- Can not return or |
withhold assent of the constitutional amendment bill. |
¢ Three ways in which constitution can be amended:
« Simple Majority of the parliament. |
* Special Majority of the Parliament. |
e Special Majority of the Parliament and_ the |
ratification of half of the vate legietures |"
161,"Which one of the following statements is
correct?","Under Article 21A of the Constitution

of India, the State shall provide free and
compulsory education to all children up
to the age of eleven years.","Every religious denomination has got ~
absolute power under Article 26 of the
Constitution of India to manage its own
affairs in matters of religion.","Only religious and linguistic minorities
find mention in Article 30 of the
Constitution of India in reference to the
right to establish educational institutions
of their choice.","Parliament cannot empower, even by law,
any court other than the Supreme Court
of India the power to issue writs within
local limits of its jurisdiction.",CDS  (I11),2022.0,c,"Exp) Option c is the correct answer
Option a is incorrect: Article 21A guarantees free and
compulsory education to all children in the age group of six
to fourteen years, not eleven years.
Option b is incorrect: While Article 26 grants religious
denominations the right to manage their own affairs in
matters of religion, this power is not absolute. It is subject
to public order, morality, and health, and is also subject to
other provisions of the Constitution, including fundamental
rights.
Option c is correct: Article 30 of the Constitution of India
guarantees the right to establish and administer educational
institutions to religious and linguistic minorities. It states
that all religious and linguistic minorities have the right to
establish and administer educational institutions of their
choice, whether aided or unaided by the state.
Option d is incorrect: Parliament has the power to empower
other courts, besides the Supreme Court, to issue writs. The
power to issue writs is not exclusive to the Supreme Court
and can be conferred on high courts or other courts by law."
162,"By which one of the following Constitutional
Amendment Acts, was the Article 21A
(Right to Education) inserted into the
Constitution of India?",83rd Amendment Act,84th Amendment Act,85th Amendment Act,86th Amendment Act,CDS  (II),2022.0,d,"Exp) Option d is the correct answer
The Article 21A, which guarantees the Right to Education,
was inserted into the Constitution of India through the
86th Amendment Act. This amendment added Article 21A,
which states that the State shall provide free and compulsory
education to all children in the age group of six to fourteen
years."
163,"Equality before the law or equal protection
of the laws within the territory of India
is guaranteed under which one of the
following Articles of the Constitution of
India?",Article 14,"Article 15 ,",Article 1,Article 22,CDS (D,2021.0,a,"Exp) Option a is the correct answer
The guarantee of equality before the law or equal protection
of the laws within the territory of India is provided under
Article 14 of the Constitution of India. Article 14 of the
Indian Constitution states that “The State shall not deny to
any person equality before the law or the equal protection
of the laws within the territory of India.” This article
forms a fundamental right and ensures that all individuals,
irrespective of their caste, religion, gender, race, or place of
birth, are treated equally and without discrimination under
the law,"
164,"Which one among the following was
eliminated by the 44th Amendment Act of
the Parliament?",Right against Exploitation,Right to Constitutional Remedies,Right to Property,Right to Education,CDS (I),2021.0,c,"Exp) Option c is the correct answer
The Right to Property was originally included as a
fundamental right under Article 19(1)(f) of the Indian
Constitution, which guaranteed the right to acquire,
hold, and dispose of property. However, through the 44th
Amendment Act, passed in 1978, the Right to Property was
removed as a fundamental right and was instead reclassified
as a legal right.
ee
Important Tipss |
|

Some other changes under 44th Amendment Act:

« Proclamation of Emergency: Proclamation of
Emergency can be issued only when the security of
India or any part of its territory is threatened by war
or external aggression or by armed rebellion. Internal
disturbance not amounting to armed rebellion would
not be a ground for the issue of a Proclamation. An
emergency can be proclaimed only on the basis of
written advice tendered to the President by the Cabinet.

¢ Judicial Review: The amendment reinforced the power
of judicial review by stating that Parliament cannot
amend the Constitution in a way that would take away
or abridge the basic structure of the Constitution.

» Fundamental Rights during Emergency: The
amendment clarified that certain fundamental rights,
including the right to life and personal liberty, cannot
be suspended even during a state of emergency.

¢ Restored the original terms of Lok sabha and the state
legislative assemblies (i.e. 5 years)."
165,"Which among the following fundamental
rights is/are available to non-citizens?

1. Freedom of speech

2. Protection against self-incrimination

3. Freedom of conscience

4, Non-discrimination in matters of
employment

Select the correct answer using the codes

given below:","1, 2 and 3 only","1, 3 and 4 only",2 and 3 only,2 only,CDS (I),2021.0,c,"Exp) Option c is the correct answer
Statement 1 is incorrect: Freedom of speech, as guaranteed
by the Constitution of India, is available only to citizens of
India under Article 19.
Statement 2 is correct: Protection against  self-
incrimination is available to both citizens and non-citizens
under Article 20.
Statement 3 iscorrect: Freedom of conscience is available
to both citizens and non-citizens under Article 25. Freedom
of conscience protects an individual’s right to profess,
practice, or propagate any religion or belief.
Statement 4 is incorrect: Non-discrimination in matters
of employment is specifically guaranteed only to citizens of
India under Article 16. .

Important Tips:

Fundamental Rights Available Only to Citizens of India
| « Article 15 ~ Prohibition of discrimination on grounds
| of religion, race, caste, sex or place of birth.
| « Article 16 - Equality of opportunity in matters of

public employment. ;

» Article 19 ~ Protection of six rights related to freedom -
(a) of speech and expression; (b) to assemble peaceably
and without arms; (c} to form associations or unions;
(d) to move freely throughout the territory of India; (e)
to reside and settle in any part of the territory of India;
and (f) to practice any profession, or to carry on any
occupation, trade or business.

+ Article 29 - Protection of language, script and culture
of minorities. ~

e Article 30 -— Right of minorities to establish and
administer educational institutions."
166,"'Yhe provision, “the State shall take
steps to separate the Judiciary from the
Executive in the public services of the
State” is incorporated in which part of the
Constitution of India?",Part-IV,Part-V,Part-VI.,Part-VII,CDS  (ID,2021.0,a,"Exp) Option a is the correct answer.
The Constitution of India includes provisions in Part IV
(Article 36-51) known as the Directive Principles of State
Policy (DPSP).
One such principle is highlighted in Article 50, which
emphasizes the importance of separating the judiciary
from the executive in the public services of the State. This
provision reflects the commitment to maintaining the
independence and impartiality of the judiciary, ensuring a
fair and just system of governance.

Important Tipss

Classification of Directive Principles of State Policy:

¢ Socialistic Principles - Article 38, 39, 39A, 41, 42, 43,
43A, 47

¢ Gandhian Principles- Article 40, 43, 43B, 46, 47, 48

¢ Liberal-Intellectual Principles- Article 44, 45, 48,
48A, 49, 50, and 51.

The Constitution does not contain any classification of

Directive Principles. It is classified on the basis of their

content and direction"
167,"Which one of the following is the correct
meaning of the term ‘State’, as defined in
Article 12 of the Constitution of India?",It refers only to the Government of India.,"It refers only to the Government of India
and the Parliament of India.","It refers only to the Government of India,
Parliament of India, and Governments
and Legislatures of each State.","It refers to the Government of India,
Parliament of India, Governments and
Legislatures of each State, and all local or
other authorities within the Territory of
India.",CDS  (ID,2021.0,d,"Exp) Option d is the correct answer.

Article 12 of the Constitution of India defines the term

‘State for the purpose of interpreting fundamental rights.

According to Article 12, the term ‘State’ includes not only

the Government of India and the Parliament of India but also

the Governments and Legislatures of each State.

| Important Tips:

According to Article 12, ‘State’ includes:

| ¢ Government and Parliament of India- executive and

| legislative organs of the Union government.

| ¢ Government and legislature of states- executive and
legislative organs of state government.

| e All Local Authorities- municipalities, panchayats,
district boards, improvement trusts, etc.

e All Other Authorities- statutory or non-statutory
authorities like LIC, ONGC, SAIL, etc.

« A private body or an agency working as an instrument
of the State falls within the meaning of the ‘State’ under
Article 12,"
168,"Which one of the following is not a correct
statement with reference to the Constitution
of India? (CDS 2021 (II)]","The Constitution (Eighty-Fifth)

Amendment Act has inserted the ‘Right
to Education under Article 21-A.","Article 22 talks about preventive
detention.","Right to constitutional remcdics is in Part
- III of the constitution.","Writ jurisdiction of High courts is wider
than the Supreme Court of India.",,,a,"Exp) Option a is the correct answer.
The Constitution of India was amended by the Eighty-
sixth Amendment Act of 2002 (and not the Eighty-fifth
Amendment Act) to include Article 21A, which mandates
that every state must ensure free and compulsory education
for children aged six to fourteen. This amendment recognizes
education as a Fundamental Right protected under Part III
of the Constitution."
169,"Which of the following statements regarding
constitutional amendment is/are correct?

1. The procedure for amendment to the
Constitution is provided in Article 368.

2. A Bill to amend the Constitution can
be introduced in either House of the
Parliament.

3. The special procedure in Article 368 vests
constituent powers upon the ordinary
legislation.

Select the correct answer using the codes
given below: -",Only 1,"1,2 and 3",2 and 3,land 2,CDS  (11),2021.0,b,"Exp) Option b is the correct answer.
Statement 1 is correct- The procedure for amending the
Constitution is provided in Article 368 of the Constitution of
India. According to article 368, constitution can be amended
in three ways- Simple Majority, Special Majority, Special
Majority of the Parliament and the ratification of half of the
state legislatures.
Statement 2 is correct- A bill to amend the Constitution
can be introduced in either House of Parliament. It can be
introduced as a Constitutional Amendment Bill and must go
through the prescribed legislative process before it can be
enacted into law.
Statement 3 is correct- The special procedure outlined in
Article 368 of the Constitution vests constituent powers upon
the ordinary legislation. This means that the Parliament,
while acting in its legislative capacity, has the power to amend
or modify the provisions of the Constitution provided that
Basic Structure of the Indian Constitution remains intact."
170,"Which one of the following is not a
circumstance fer proclamation of
Emergency by the President of India under
Article 352 of the Constitution of India?",War,External aggression,Internal disturbance,Armed rebellion,CDS  (I1),2021.0,c,"Exp) Option c is the correct answer.
A national emergency in India can be declared based on the
grounds of war, external aggression, or armed rebellion. The
term “armed rebellion” was introduced through the 44th
amendment to the Constitution. Prior to this amendment, it
was referred to as “internal disturbance.”

Important Tips:

« A national emergency in India can be proclaimed
under Article 352 of the Constitution during situations
of war, external aggression, or armed rebellion that
poses a threat to the country’s security and integrity.

+ The President of India has the authority to declare a
national emergency based on the advice of the Union
Cabinet. .

* Once a national emergency is proclaimed, the
central government assumes additional powers, and
the federal structure of the country undergoes a
temporary change.

¢ Fundamental rights guaranteed by the Constitution can
be suspended or curtailed during a national emergency,
except for certain rights mentioned in Article 20 and
Article 21,

« The proclamation of a national emergency must be
approved by both houses of Parliament within one
month and is valid for six months. It can be extended
with the approval of Parliament in subsequent intervals |
of six months. |"
171,"The Constitution of India guarantees
freedom of speech and expression. But the
freedom is subject to certain reasonable
restrictions imposed by the state. These
restrictions may relate to which of the
following?
1. Defamation
2. Decency or morality
3. Incitement to an offence
Select the correct answer using the codes
given below.",Only 1,"2 and 3
{c) land 3",,"1,2 and 3",CDS  (I1),2021.0,d,"Exp) Option d is the correct answer.

Freedom of speech and expression in India is not absolute and

has reasonable restrictions. Restrictions include defamation,

indecency, morality, and incitement to offense. These

limitations aim to protect reputation, maintain decency, and

prevent illegal activities. The Constitution guarantees this

fundamental right while allowing necessary limitations for

public safety."
172,"Which of the following Articles in the
Constitution of India are exceptions to the
Fundamental Right enumerated in Article
14and Article-19? [CDS 2020 (11)",Article 31A and Article 31C,Article 31B and Article 31D,Article l and Article 13,Article 16 and Article 17,,,a,"Exp) Option a is the correct answer

Articles 31A and 31C are exceptions to the Fundamental

Rights enumerated in Article 14 and Article 19, as they allow

for certain restrictions on equality and property rights in

specific contexts for the purpose of agrarian reforms and

socioeconomic welfare.

| Important Tips:

| Article 31A: It saves five categories of laws from being

| challenged and invalidated on the ground of contravention

‘of the fundamental rights conferred by Article 14 and

| Article 19. It includes:

[+ Acquisilica vf estates and related rights by the State;

i

| ¢ Taking over the management of properties by the State;
« Amalgamation uf corporations;

| ¢ Extinguishnient or modification of rights of directors

| or sharcholders of corporations

| ¢ Extinguishmcat or modtrication of mining leases.

| It also provides the guaranteed right to compensation in
case of acquisition or requisition of the private property

| by the state.

Article 31C: It contained two provisions:

e It says that no law that seeks to implement socialistic
directive principles specified in Articles 39 (b) and (c),
shall be declared void on the grounds of contravention
of the fundamental rights conferred by Article 14 or
Article 19.

| ¢« Moreover, no law containing a declaration that it is for
giving effect to such policy shall be questioned in any
court on the ground that it does not give effect to such
a policy."
173,"Which one of the following was added as a
Fundamental duty through the Constitution
(86th Amendment) Act, 2002?
[CDS 2020 (1)","To strive towards excellence in individual
and collective activity","To provide opportunities for education to
one’s child between the age of 6 and 14
years","To work for the welfare of women and
children",‘To promote peace and harmony,,,b,"Exp) Option b is the correct answer.

The Constitution (86th Amendment) Act, 2002 added the

fundamental duty of providing opportunities for education

to one’s child between the age of 6 and 14 years. This

amendment aimed to emphasize the importance of education

and ensure that every child in India has access to quality
education during the crucial formative years of their life.
Important Tips:

e Article 21 A (Fundamental Right)- The State shall
provide free and compulsory education to all children
of the age of six to fourteen years in such manner as
the State may, by law, determine.

e Article 45 (Directive Principle of State Policy)- ‘fhe
State shall endeavor to provide early childhood care
and education for all children until they complete the
age of six years.

e Article 5) A (Fundamental Duties) - Parent or guardian to
provide opportunities for education to his child or, as the case
may be, ward between the age of six and fourteen years."
174,"Which one of the following Articles of the
Constitution of India protects a person
against double jeopardy?",Article-20,Article-21,Article-22,Article-23,CDS  (1),2020.0,a,"Exp) Option a is the correct answer.
Article-20 of the Constitution of India protects a person
against double jeopardy. Double jeopardy refers to the
principle that an individual cannot be prosecuted or
punished more than once for the same offense. The article
states three specific protections:
¢ No Double Jeopardy.
« No ex-post facto law.
¢ No self-incrimination.

Important Tips:

Double Jeopardy- Double jeopardy protection is

applicable only in legal proceedings before a court or

judicial tribunal. It does not apply to proceedings before
departmental or administrative authorities since they are
not of a judicial nature.

No ex-post facto law- An ex-post-facto law refers to a}

law that applies punishments or increases penalties for |

actions that have already been committed in the past. In |
other words, it is a law that is enforced retroactively. It is:
applicable only to criminal laws. |

No Self-Incrimination- It means no person accused of any

offence shall be compelled to be a witness against himscif. !

The protection against self-incrimination extends to both

oral evidence and documentary evidence. It extends only |

to criminal proceedings. However, it does not extend to |

(i) compulsory production of material objects,

(ii) compulsion to give thumb impression, specimen |

signature, blood specimens, and |

(iii) compulsory exhibition of the body."
175,"Which one of the following Articles was
defended by Dr. BR Ambedkar on the plea
that it would be used as ‘a matter of last
resort’?",Article-352,Article-359,Article-356,Article 368,CDS  (1),2020.0,c,"Exp) Option c is the correct answer.

During the debates of the Constituent Assembly, Dr. B.R.
Ambedkar, the principal architect of the Indian Constitution,
defended Article-356 on the plea that it would be used as “a
matter of last resort.” He argued that this provision would
only be invoked in exceptional circumstances when all
other remedies and alternatives have been exhausted. The

intention behind Article-356 was to ensure the maintenance
of constitutional order and stability in the country by
providing a mechanism to address critical situations in the
states.

Important Tips:

¢ President's Rule, also known as State Emergency, is the
suspension of the state government and the imposition
of direct central government rule in a state of India.

¢ It is implemented under Article 356 of the Indian
Constitution when the President deems that the
state’s governance cannot be carried out according to
constitutional provisions.

« ‘The decision to impose President’s Rule is taken by
the President on the advice of the Governor of the
concerned state or the Union Cabinet.

« The state legislative assembly is either dissolved or
| kept under suspended animation during President’s
| Rule.

* President’s Rule can be imposed for a maximum period
| of six months, and its extension beyond six months
| requires parliamentary approval every six months.

¢ Currently, Manipur is the only state with highest
| number (ie. 10) of President’s Rule so far, Uttar
Pradesh has 9 President Rule so far, Bihar and Punjab
both has 8 President Rule as of today."
176,"What is the ground on which the Supreme
Court can refuse relief under Article-32?","The aggrieved person can get remedy
from another court.",That disputed facts have to be investigated.,"That no Fundamental Right has been
infringed.","That the petitioner has not asked for the
proper writ applicable to his/her case.",CSDS  (I),2020.0,c,"Exp) Option c is the correct answer.

Under Article-32 of the Constitution of India, individuals

have the right to move the Supreme Court for the enforcement

of their Fundamental Rights. However, there are certain

grounds on which the Supreme Court can refuse relief under

Article-32. One such ground is when it is determined that no

Fundamental Right has been infringed in the case."
177,"Which one of the following Articles of the
Constitution of India lays down that no
citizen can be denied the use of wells, tanks
and bathing ghats maintained out of state
funds?",Article-14,Article-15,Article-16,Article-17,CDS Pre.  I,2019.0,b,"Exp) Option b is the correct answer

Article 15(2) of the constitution No citizen shall, on

grounds only of religion, race, caste, sex,

place of birth or any of them, be subject to any disability,

liability, restriction or condition with regard to:

« Access to shops, public restaurants, hotels and palaces of
public entertainment; or

e The use of wells, tanks, bathing Ghats, roads and places
of public resort maintained wholly or partly out of
State funds or dedicated to the use of the general public
(option b is correct)

Important Tips:

« Referred to as the “Magna Carta” of India |

« Fundamental Rights have been mentioned in the Part |
IIT of the constitution from Article 12 to 35.

¢ They are justiciable in nature.

« Defended and guaranteed by the Supreme Court. |
¢ ‘There are six fundamental rights recognised by the |
Indian constitution: |

« Right to Equality (Article 14-18) |

¢ Right to Freedom (Article 19-22)

« Right against Exploitation (Article 23-24) |

- Right to Freedom of Religion (Article 25-28)

e« Cultural and Educational Rights (Article 29-30)

« Right to Constitutional Remedies (Article 32)
NOTE: Originally, there were 7 Fundamental Rights
enshrined in the constitution. However, Right to
Property was deleted as a fundamental right through the

| 44th Amendment Act, 1978. It was made a legal right

AArticle 300A)."
178,"Which among the following statements
about the power to change the basic
structure of the Constitution of India is/are
correct?

1. It falls outside the scope of the amending
powers of the Parliament.

2. It can be exercised by the people through
representative in a Constituent Assembly.

3. It falls within the constituent powers of
the Parliament.

Select the correct answer using the codes

given below:",l and 3,l and 2,Only 1,2 and 3,CDS Pre. I,2019.0,c,"Exp) Option c is the correct answer.

The concept of basic structure was laid down by the Supreme

Court in the Keshvananda Bharti Case (1973).

The basic structure doctrine states that the Constitution

of India has certain basic features that cannot be altered or

destroyed through amendments by the Parliament Article

368 does not give absolute powers to the Parliament to

amend any part of the Constitution.

It can’t be exercised by the people through representatives

in a constituent assembly (Statement 2 is incorrect)

It falls outside the constituent powers of the parliament.

(Statement 3 is incorrect)"
179,"Which of the following statements
regarding Article-21 of the Constitution of
India is/are correct?

1. Article 21 is violated when the under-
trial prisoners are detained under judicial
custody for an indefinite period.

2. Right to life is one of the basic human
rights and not even the State has the
authority to violate that right,

3. Under Article-21, the right of a woman
to make reproductive choices is not a
dimension of personal liberty

Select the correct answer using the codes

given below","1,2 and 3",1 and 2,land3,Only 2,"CDS Pre,  I",2017.0,b,"Exp: Option b is the correct answer.

Under article 21 of the Indian constitution, women’s

reproductive choice falls under the right to personal

liberty.

The right to personal liberty also includes women’s

reproductive choice the same was held in the case of suchitra

srivastava and ors V.chadi. (option 3 is not correct)

Article 21 of the constitution deals with the protection of life

and personal liberty.

No person shall be deprived of his life or personal liberty

according to the procedure established by law. (option 1 is

correct)."
180,"Which one of the following statements
regarding freedom to manage religious
affairs as per the Constitution of India is
not correct?","Every religious denomination shall have

the right to manage its own affairs in
matters of religion except some minor
communities.","Every religion or any section there of
shall have the right to own and acquire
movable and immovable property.","Every religious community has the right
to establish and maintain institutions for
religious and charitable purposes","Every community has the right to manage
its own affairs in matters of religion.",CDS Pre.  I,2017.0,a,"Exp) Option a is the correct answer.

« According to article 28 of the Indian constitution
Freedom as to attendance at religious instruction or
religious worship in certain educational institutions.

« No religion instruction shall be provided in any
educational institution wholly maintained out of State
funds.

« Nothing in clause ( 1 ) shall apply to an educational
institution which is administered by the State but has

been established under any endowment or trust which
requires that religious instruction shall be imparted in
such institution.

* No person attending any educational institution
recognised by the State or receiving aid out of State funds
shall be required to take part in any religious instruction
that may be imparted in such institution or to attend
any religious worship that may be conducted in such
institution or in any premises attached thereto unless
such person or, if such person is a minor, his guardian has
given his consent thereto. (statement a is not correct)"
181,"Which one of the following statements
relating to cultural and educational rights
in India is not correct?","Every section of the citizens has the FRS

right to conserve its language. script or
culture,","No citizen shall be denied admission into
any educational Institution maintained
by the State or receiving aid out of State
funds on grounds of religion, race or
language.","The State shall, in granting aid educational
institutions, discriminate against any
educational institution on the ground that
it is under the management of a majority
community","All minorities whether based on religion
or language, shall have the right to
establish and administer educational
institutions of their choice.",CDS Pre.  I,2017.0,c,"Exp) Option c is the correct.

According to article 30(2) in the Indian constitution the

state shall not, in granting aid to educational institutions,

discriminate against any educational institution on the
ground that it is under the management of a minority,
whether based on religion or language."
182,"The Fundamental Rights guaranteed in the
Constitution of India can be suspended
only by",a proclamation of National Emergency,an Act passed by the Parliament,"an amendment to the Constitution of

India","the judicial decisions of the Supreme
Court",CDS Pre. 11,2017.0,a,"Exp) Option a is the correct answer.

¢ Fundamental rights can be suspended during a national
emergency.

¢ But, the rights guaranteed under Articles 20 and 21
cannot be suspended.

Important Tips:

* Fundamental Rights are justifiable, allowing persons
to move the courts for their enforcement, if and when
they are violated.

e They are defended and guaranteed by the Supreme
Court. Hence, the aggrieved person can directly go to
the Supreme Court, not necessarily by way of appeal
against the judgment of the high courts.

e They are not sacrosanct or permanent. The Parliament
can curtail or repeal them but only by a constitutional
amendiment act and not by an ordinary act Moreover,
this can be done without affecting the ‘basic structure’
of the Constitution.

e« They can be suspended during the operation of a
National Emergency except the rights guaranteed by
Articles 20 and 21."
183,"Article 21 of the Constitution of India
includes
1. Rights of transgenders
2. Rights of craniopagus twin
3. Rights of mentally retarded women to

bear a child

Select the correct answer using the codes

given (CDS Pre.2017 IT)",Only 1,1 and 2,2 and 3,"1,2 and 3",,,d,"Exp) Option d is the correct answer.

e The article 21 includes all the three mentioned above:
¢ Rights of transgender
¢ Rights of craniopagus twins
e Rights of mentally retarded women to bear a child

« Article 21 states that “Protection of life and personal
liberty No person shall be deprived of his life or personal
liberty except according to procedure established by law”

* Right to life: Everyone has the right to life, liberty and
security of a person according to Procedure established
by law.

e Right to personal liberty"
184,"Which one of the following statements
relating to protection against arrest and
detention of individuals under article 22 is
not correct?","No person who is arrested shall be

detained in custody without being
informed of the grounds for such arrest","No person shall be denied the right
to consult, and be defended by, a legal
practitioner of his/her choice.","Every person, who is arrested and
detained in custody, shall be produced
before the nearest Magistrate within a
period of one week of such arrest.","The right to protection against arrest is
not available to a person in jall pursuant
to a judicial order.",CDS Pre. 1,2017.0,c,"Exp) Option c is the correct answer.
Every person, who is arrested and detained in custody shall
be produced before the nearest Magistrate within a period of
twenty-four hours of such arrest excluding the time necessary
for the journey from the place of arrest to the court of the
Magistrate and no such person shall be detained in custody
beyond the said period without the authority of a Magistrate.
Important Tips:
e Protection against arrest and detention in certain
cases: Article 22
« Article 22 comes into play after arrest or detention, not
before that. |
¢ Detention is of two types, namely, punitive and |
preventive.
e Punitive detention is to punish a person for an offence
committed by him after trial and conviction in a court.
e Preventive detention means detention of a person |
without trial and conviction by a court, Its purpose is
not to punish a person for a past offense but to prevent |
him from committing an offence in the near future."
185,"The right to form association and unions is
a right",guaranteed to everybody,to freedom guaranteed to citizens only,to equality before law,to life and personal liberty,CDS  II,2016.0,b,"Exp) Option b is the correct answer.
Article 19(1) (c) Right to Form Associations
All citizens have right to form associations or unions or co-
operative societies (Included through 97th constitutional
amendment, 2011).
Subject to reasonable restrictions on grounds of sovereignty
and integrity of India, public order and morality.
However, right to obtain recognition of the association is not
a fundamental right.
In view of Supreme Court, Right to strike is a statutory right
(controlled by industrial laws) and not a fundamental right.
Article-19(4) states that the State may impose reasonable
restrictions on this right in the interest of public order
morality, sovereignty and integrity of India.
Article 21 No person shall be deprived of his life or personal
liberty except according to procedure established by law."
186,"The basic structure doctrine with regard to
the Constitution of India relates to
{. the power of judicial review.

2. the judgement in Kesavananda Bharati
case (1973).

3. the constraints on Article-368 of the
Constitution of India.

4, the judgement in Golaknath case (1967).
Which of the statement(s) given above is/are
correct?","1,2 and 3",2 and 4,1 and 3,All of these,CDS Pre. II,2016.0,a,"Exp) Option a is the correct answer.
The basic structure doctrine was given in the landmark
decision of Kesavananda Bharati v State of Kerala (1973).
The basic structure doctrine states that the Constitution
of India has certain basic features that cannot be altered or
destroyed through amendments by The Parliament.
The Supreme Court can undertake judicial review for such
amendiments,
The Supreme Court declared that Article 368 did not enable
Parliament to alter the basic structure or framework of the

Constitution and Parliament could not use its amending
powers under Article 368 alter the basic structure of the
Constitution. Thus, statement 3 is correct.
In the Golaknath case, the supreme court ruled that
Parliament couldn't curtail any of the Fundamental
rights. (this case is not related to basic structure of the
constitution).Thus, statement 4 is incorrect"
187,"Which one of the following statements is
not correct with respect to protection of
individuals being tried for offences?

(CDS Pre.2016 IT]","A confession can never be used as
evidence against the accused

{b) The accused must have violated an
existing law",,"An accused cannot be tried and punished
for the same offence again","The quantum of punishment must be
provided in law as it existed on the date
of commission of an offence",,,a,"Exp) Option a is the correct answer.
Article 20 (part IID) of the constitution contains protection
in respect for conviction for offences.
(a) No person shall be convicted of any offence except for
violation of the law in force at the time of the commission
of the act charged as an offence, nor be subjected to a
penalty greater than that which might have been inflicted
under the law in force at the time of the commission of
the offence.
(b) No person shall be prosecuted and punished for the same
offence more than once
(c) No person accused of any offence shall be compelled to
be a witness against himself.
Under section 25 of the Indian Evidence Act, a confession
to a Police officer is inadmissible in evidence.
Although Judicial Confession under Section 80 of the
Indian Evidence Act makes judicial confessions admissible,
stating that if a confession is made in the presence of a
magistrate or in a court and is registered by the magistrate
as required by law, the confession is presumed to be valid
and genuine, and the accused may be tried as per law.
(statement a is incorrect)"
188,"Which of the following Fundamental

Right(s) is/are available to non-citizens?

1. Equality Before Law

2. Right Against Discrimination

3. Equality of Opportunity

4, Protection of Life and Personal Liberty

Select the correct answer using the codes

given below:",Only 1,land 4,"1,2 and 4",2 and 3,CDS Pre.  II,2015.0,b,"Exp) Option b is the correct answer.
The Fundamental Rights guaranteed by Articles 14,20,21,
214A, 22, 23, 24, 25, 26, 27 and 28 are available to all persons
whether citizens or foreigners.
Important Tips |
* Fundamental Rights available to only citizens and
not foreigners |
¢ Prohibition of discrimination on grounds of |
religion, race, caste, sex or place of birth (Article
15).
« Equality of opportunity in matters of public |
employment (Article 16).
« Six basic freedoms subject to reasonable restrictions
(Article 19).
+ Protection of language, script and culture of
minorities (Article 29).
+ Right of minorities to establish and administer
educational Institutions (Article 30), ~

¢ Fundamental Rights available to both citizens and |

foreigners except enemy alliens: |

« Equality before law and equal protection of laws |
(Article 14). |

+ Protection in respect of conviction for offences j
(Article 20). |

« Protection of life and personal liberty (Article 21). |

« Right to elementary education (Article 21A).

* Protection against arrest and detention in certain
cases (Article 22).

¢ Prohibition of traffic in human beings and forced
labour (Article 23).

¢ Prohibition of employment of children in factories
etc, (Article 24).

* Freedom of conscience and free profession, practice
and propagation of religion (Article 25).

+ Freedom to manage religious affairs (Article 26).

+ Freedom from payment of taxes for promotion of
any religion (Article 27).

« Freedom from attending religious instruction or
worship in certain educational institutions (Article
28)."
189,"Which of the following is not true of
Article-32 of the Indian Constitution?","It gives the Supreme Court and the High
Courts the power to issue writs for the
enforcement of Fundamental Rights.","It is included in Part III of the Indian
Constitution and is therefore itself a
Fundamental Right","Dr Ambedkar called it the ‘very soul of
the Indian Constitution.","An aggrieved person has no right to
complain under Article-32 where a
Fundamental Right has not been violated.",CDS  11,2015.0,a,"Exp) Option a is the correct answer.

« Itgives the Supreme Court and (not the High courts) the
power to issue writs for the enforcement of Fundamental
Rights. (option a is not correct)

e Article-32 confers the right to remedies for the
enforcement of the Fundamental Rights of an
aggrieved citizen.

« Dr BR Ambedkar called Article-32 as the most
important Article of the Constitution: “It is the very
Soul of the Constitution and the very heart of it”
¢ Only the Fundamental Rights guaranteed by the

Constitution can be enforced under Article 32 and not
any other right like non-fundamental Constitutional
rights, statutory rights and so on.

e Article-226 vests original powers in the High Court
to issue directions, orders and writs of all kinds for the
enforcement of the Fundamental Rights,"
190,"Freedom of conscience under the

Constitution of India is subject to

1. public order, morality and health.

2. a law providing for social welfare and
reform.

3. opening Hindu religious institutions of a
public character to all Hindus.

4. defamation or incitement to an offence.

Which of the statement(s) given above is/are

correct?",land2,1.2 and 3,3and 4,land2,CDS Pre. IT,2015.0,b,"Exp) Option b is the correct answer.

* As per article 25(1) every person is guaranteed freedom
of Conscience and freedom to profess practice,propagate
in own religion subject to public order, morality and
health

« As per article 25(2) (b) It allows the state to provide

- for social welfare and reform or the throwing open of

Hindu religious institutions of public characters to all

classes and sections of Hindus"
191,"A writ of Habeas Corpus for the release of a
person can be issued:

1. where the arrest or detention has taken
place in contravention of the procedure
established by law.

2. to secure the release of a person
imprisoned on a criminal charge.

3. where the arrest has taken place for
contempt of court or the Parliament

Select the correct answer using the codes

given below:","1,2 and 3",2 and 3,Only 1,1 and 2,CDS Pre. IT,2015.0,c,". oo,

Exp): Option cis the correct answer,

e Writ of habeas corpus is also known as a writ of liberty

e Awrit of habeas corpus is issued for release of a person
who has been detained unlawfully by the State or by
any private individual.

e A writ of habeas corpus is not issued if the person
concerned is not in unlawful detention.

Important Tips:

e Article 32 confers the right to remedies for the
enforcement of the fundamental rights of an aggrieved
citizen.

*« Article 226 High Courts can also issue writs.

° The Parliament (under Article 32) can empower any
other court to issue these writs.

e Meaning of various Writs:

° Habeas Corpus- It isa Latin term which literally means
‘to have the body of’.
° Mandamus- It literally means ‘we command.
e Prohibition- It means ‘to forbid’
e Certiorari- It means ‘to be certified’ or ‘to be informed’
e Quo-Warranto- It means ‘by what authority or warrant’
e Mandamus- It literally means ‘we command’
¢ Prohibition- It means ‘to forbid’.
e Certiorari- It means ‘to be certified’ or ‘to be informed’
e Quo-Warranto- It means ‘by what authority or warrant’"
192,"Which one of the following categories

of persons is not treated at par so far as

the availability of Fundamental Rights is

concerned?",Members of the armed forces,"Members of the forces charged with the
responsibility of maintenance of public
order","Members of the forces employed in
connection with the communications
systems set-up in the country","Members of the forces employed in
connection with the communication
systems set-up for maintenance of public
order.",CDS Pre. T,2015.0,a,"Exp) Option a is the correct answer
Meinbers of Armed Forces are not treated at par so far as the
availability of Fundamental Rights is concerned."
