q_no,q_statement,a,b,c,d,exam,year,correct_option,explanation
23,"To which Lodhi Sultan does the given map relate and what town lies the side marked A on the map represent?
*map","Bahlul Lodhi, Jaunpur","Sikandar Lodhi, Aligarh","Ibrahim Lodhi, Jaunpur","Ibrahim Lodhi, Aligarh",UPSC CSE Pre,1999.0,a,"Exp) option a is the correct answer.
ihe given map shows the conquests of Bahlul Lodi, the
founder of the Lodi dynasty. The town marked A on the
map is Jaunpur, which was onc of the most important cities
ia the Dclhi Sultanate at ine ime. Bahiui Lodi defeated
the Sharqi dynasty of Jaunpur in 1479, and annexed their
territories to his own kingdom.
Important Tips
Bahlul Lodi (1489 - 1517):
Bahlul was involved in horse-trading and sold horses
to Sultan Muhammad Shah of the Sayyid dynasty, :
earning him Jand and the title of ‘amir’ He aided Sultan
Muhammad Shab against Malwa Sultan and earned the |
title Khan-i-Khanan.Bahlul attempted to conquer Delhi
in 1443 and 1447 but failed both times.In 1448, Bahlul ,
was invited by Alam Shah’s minister to occupy the Delhi
throne, ending the Sayyid dynasty’s rule.On April 19,
1451, Bahlul Khan became the first Lodi ruler, adopting
the title Bahlul Shah Ghazi.
He imprisoned Hamid Khan, who posed a threat to his rule,
and focused on suppressing rebellions. Bahlul expanded
his territory, including Jaunpur (1479), Gwalior, and
upper Uttar Pradesh. Known for respecting Afghan
nobles, he gained their loyalty. He appointed his son
Babrak Shah as Jaunpur’s Viceroy and named Nizam Khan
as his heir.Bahlul passed away on July 12, 1489, leading to
a power struggle between his sons.His son Nizam Khan
succeeded him as Sikandar Lodi, ruling for 38 years.
Bahlul’s tomb is situated at Chirag Dilli in Delhi."
24,Fawazil in the Sultanate period meant-,Extra payment to the nobles,Revenue assigned in lieu of salary,Excess amount paid to the exchequer by the Iqtadars,Illegal exactions extracted from the peasants,UPSC CSE Pre,1998.0,c,"Exp) Option c is the correct answer.
iqtadars or Muqtis after meeting his and army’s expenses
iad to send the surplus revenue to the Centre. This surplus
amount was called fawazil. The demand to send the excess
umounts (fawazil) to the diwan-i wizarat was symbolic of
he trend towards centralization. The muqti had to submit
yccounts of their realisation and expenditure to the treasury. ‘
Auditing was severe to prevent fraud."
25,"The Sultan of Delhi who is reputed to have built the biggest network of canals in India
was:",Iltutmish,Ghiyasuddin Tughluq,Firuz Shah Tughluq,Sikandar Lodhi,UPSC CSE Pre,1998.0,c,"Exp) Option c is the correct answer.

Firuz Shah Tughlugq, the Sultan of Delhi, is renowned

for constructing the most expansive canal network in

India. Firuz Shah Tughluq’s dedication to enhancing the

empire’s foundational structures led to the creation of an

extensive canal network, earning him the title of the father
of India’s irrigation system. He built five significant
canals collectively known as Nahr-i-Firuz Shahi, or the

Firuz Shahi Canal, promoting agricultural growth and

cultivation of crops. The first was the Sutlej to Ghanghar.

The second carried water from Yamuna to Hissar. Its length

was one hundred fifty miles. The Third started from the

neighborhood of Mahanadi and Sirmaur hills and connected
it with Hansi. The fourth ran from Ghanghar to Firozabad.

The Fifth carried the water from Yamuna to Firozabad."
26,Which one of the following was a corporation of merchants in ancient India?,Chaturvedimangalam,Parishad,Ashtadiggaja,Manigramam,UPSC CSE Pre,1997.0,d,"Exp) Option d is the correct answer.

Manigramam was a guild or association of traders and

merchants that operated in South India and Southeast Asia

from the 6th to the 13th century CE.

Important Tips

Manigramam:

|The name Manigramam means “village market” or
“settlement of traders” in Tamil. The members of
Manigramam were mostly ‘lamil speaking, but they also _
included people from other regions and religions.
Manigramam had a_ well-organized structure and
administration, with its own laws, courts, seals, and coins.
It also had a network of branches and agents in various
ports and cities, where it conducted trade and commerce
with local and foreign partners. Manigramam dealt with

‘a variety of goods, such as spices, textiles, gems, metals,

| ivory, and pearls."
27,"After consolidating his power, Balban assumed the grand title of-",Tuti-e-Hind,Kaiser-e-Hind,Zil-e-Ilahi,Din-e-Ilahi,UPSC CSE Pre,1997.0,c,"Exp) Option c is the correct answer.

Balban assumed the grand title of “Zil-e-Ilahi” which

means “Shadow of God.” ‘This title was influenced by the

Persian court model and reflected his belief that he ruled

with divine sanction and authority. By taking this title, he

aimed to emphasize his absolute power and position as the

representative of God on earth, reinforcing the concept of a

strong and unchallengeable monarchy."
28,"Match list-I with list-II and select the correct answer using the codes given below the lists:
list-I     list-II
A.Gupta    1.Badami
B.Chandela 2.Panamali
C.Chalukya 3.Khajuraho
D.Pallava  4.Deogarh

Code 
A B C D",4 3 1 2,4 2 3 1,2 3 4 1,3 4 1 2,UPSC CSE Pre,1997.0,a,"Exp) Option a is the correct answer.

A. Gupta: The Gupta dynasty was a powerful empire that
ruled over most of northern and central India from the
4th to the 6th century CE. They are known for their
achievements in art, literature, mathematics, astronomy,
and medicine. One of the famous examples of Gupta art is
the Dashavatara Temple at Deogarh in Uttar Pradesh,
which depicts the ten incarnations of Vishnu.

B. Chandela: The Chandela dynasty was a Rajput clan that
ruled over parts of central India from the 9th to the 13th
century CE. They are famous for their construction of the
Khajuraho temples, which are renowned for their erotic
sculptures and architectural beauty. The Khajuraho
temples are a UNESCO World Heritage Site and a
major tourist attraction.

C. Chalukya: The Chalukya dynasty was a royal family
that ruled over large parts of southern and central India
from the 6th to the 12th century CE. They had different
branches and capitals, such as the Kastern Chalukyas
of Vengi and the Western Chalukyas of Kalyani. ‘They
were known for their patronage of art, literature, and
religion. One of their prominent capitals was Badami in
Karnataka, where they built rock-cut caves and temples
with intricate carvings and paintings.

D. Pallava: The Pallava dynasty was a powerful kingdom that
ruled over parts of southern India from the 3rd to the 9th
century CE, They were influential in spreading Indian
culture and civilization to Southeast Asia. They were
also pioneers of Dravidian architecture and sculpture,
especially in stone and rock-cut temples. One of their
famous sites is Panamalai in Tamil Nadu, where they
built the Thalagirisvara Temple dedicated to Shiva."
29,Who among the following was not a famous jurists of medieval India?,Vigyanesvara,Hemadri,Rajashekhara,Jimutavahana,UPSC CSE Pre,1995.0,c,"Exp) Option c is the correct answer.

Vigyanesvara, Hemadri, and Jimutavahana were all

famous jurists of medieval India whereas Rajashekhara was

a 10th century scholar who wrote extensively on a variety of

subjects, including grammar, poetics, and music. He was not

a jurist.

i Important Tips

« Vijnaneshwara, a notable jurist of 12th-century
India, authored the Mitakshara, a significant legal
work on Hindu inheritance. Born in Masimadu near
Basavakalyan, Karnataka, he thrived under King
Vikramaditya VI of the Western Chalukya Empire
(1076-1126). |

« Hemadri Pandita, also known as THemdadapanta, ;
was a versatile figure and prime minister (1259-
1274 CE) under Kings Mahadev and Ramachandra

of the Seuna (Yadava) dynasty in India. A polymath,
jurist, diplomat, administrator, architect, poet,
and theologian, he played a pivotal role during the
zenith of the Yadav kingdom. Hemadri’s significant
contribution lies in his creation of Hemadpanti
architecture and the juristic work “Chatarvarga-
chintamani.”

¢ Jimitavahana (12th century) was a significant
Sanskrit scholar from Bengal, known for his legal
and religious works in Vaishnavism. His major texts

include Kalaviveka on auspicious timings, Vyvahara- |
matrika on judicial procedures, and the influential |

Dayabhaga, a treatise on inheritance laws that

prevailed in Bengal, differing from Mitakshara |

| tradition, |

« Rajashekhaca (10th century) wes @ Meharashtr!
Prakrit and Sanskrit poet, dramatist, and critic
In the cowet of the Gurfera Prattharas. Noteble
for the Kavyamimammss, @ golde for poets, he
wrote the Kirpiremahjeri play to honor his wife,
Aventisunderl, He acknowledged her contributions,
@ rere tralt among ancient indlen pocts. He used
the name Yéyévaca or Yaydvariys end teught King
Mohendrapale I."
30,"Consider the map given below:
*Map
The route indicated on the map was followed,
during the course of his military exploits, by:",Chandragupta-II,Harshavardhana,Rajendra Chola,Malik Kafur,UPSC CSE Pre,1995.0,d,"Exp) Option dls the correct enswer.

The map highlights the route of Malik Kefur's milltecy

expedition. Malhk Kafur, under Aleuddin Khalji's command,

embarked on a serles of significant militery campaigns in the
late 13th and carly 14th centuries,

+ Ja 1307, he Invaded the Yadava kingdom of Devagiri,
subjugating it end bringing its king under Delhi's
suzerainty.

© Kefer then ventured southword, besieging Warangal
Ja 1310, capturing it sfter s month, end securing a large
tribute.

* He continued to the Hoysale and Pandya kingdoms,
extracting wealth, before returning to Delbi in 131

« Kafurled another expedition to Devagirl in 1313, when
Ramechandra’s successor Singhana (or Shankeradeva)
refuted to continue the tribute payments. Kafur subdued
him, and annexed Devaylri to the Delhi Sultanate,"
31,Bronze icons of Nataraja cast during the Chola period invariably shaw the deity with:,Eight hands,Six hands,Four hands,Two hands,UPSC CSE Pre,1995.0,c,"Exp) Option ¢ Is the correct answer.

Nataraja Is a form of Lord Shiva and God of destruction

and regeneration. Nataraja means “the lord of dance’, and

depicts Shiva peeforraing the cosmic daace of creation
and dissolution. The bronze icons of Nataraja cast during
the Chola period are considered to de the finest examples
of Indian ert and metalwork. They Invaclably show the
delty with four bends, each holding a differeat symbol
or gesture. The upper right haud holds 9 drum, which
represents the sound of creation. The upper left hand holds

4 flame, which represents the fire of destruction, The lower

right hand shows the abhaya mudre, which means “fear not”

and signifies protection and blessing. The lower left-hand
polnts to the reised left foot, which represents liberation and
salvation. The right foot is placed on a dwarf, who symbolizes

ignorance and Ulusion. ."
32,The name of poet Kalidasa is mentioned in the:,Allahabad Pillar Inscription,Aihole Inscription,Alapadu Grant,Hanumankonda Inscription,UPSC CSE Pre,1994.0,b,"Exp) Option b 4s the correct answer, .
The name of the poet Kalidesa is meationed in the Aihole
Ineerlptton. The inscription is found at Aibole in Karnatake
state. The Alhole inscription was weltten by the Ravikirtl,
court poet of Chelukya King, Pulakeshl 11 who reigned
from 610 to 642 CE. The inscription praises Kalidasa’s poetic
skills and compares him to s swan (hamsa) that can separate
milk from water"
33,"Which one of the following is considered to be the world’s greatest iconographical creations made by sthapatis of South India, particularly during the Chola period?",Mahishasuramardini,Nataraja,Rama,Somaskanda,UPSC CSE Pre,1993.0,b,"Exp) Option b fo the correct answer.
The bronze Icons of Neteraja ere considered to be the
world’s greatest icopogrephical creations because they
capture the essence of Hindu philosophy and cosmology
in a single image. They also demonstrate the mastery of
the Chola sthapatis, or sculptors, who used the lost-wax
techatque to create intricate and realistle figures with
perfect proportions and expressions. The Chola sthapatis
were patronized by the Chola kings, who ruled over southern
Tadix and Srl Lanka from the 9th to the 13th century C"
34,A lot of details regarding the village administration under the Cholas is provided by the inscription at:,Thanjavur,Uraiyur,Kanchipuram,Uttaramerur,UPSC CSE Pre,1993.0,d,".
Exp) Option d te the correct answer.
The Utceramerue Inscription is a set of copper plates thet
record the rules and regulations of the village administration
under the Cholas ts the 10th century CE. The inscription
reveals that the village had a democrathc system of electing its
representatives, who formed various committees to manage
different aspects of the village affairs. The inscription
also meatlons the qualifications, disqualifications, and
duties of the candidates ond the officlals. The inscription
is @ valuable source of information ebout the Chole
administration and the social and economic life of the people"
35,Who among the following introduced the famous Persian festival ‘Navroz’ in India?,Balban,Iltuimish,Firuj Tughlaq,Alauddin Khalji,UPSC CSE Pre,1993.0,e,"Exp) Option a ls the correct answer,
Balban introduced the famous Persian festival ‘Nevroz’ In
Indle. Navroz, also known as Nowrut, is the Persian New
Year, marking the first day of spring. Balban introduced the
renowned Persian festival of Nowruz in Indla as a sirategic
move to showcaee bis opulence and authority to both the
nobles and the genceal population. This Initiative almed to
consolidate his influence and emphasize the grandeur of
his reign through the celebration of the significant Nowruz
festivel.

Important Tips z

Navrox Festival: ,

« Nevroz io @ spring festlval that ts celebrated by
people of Iranian, Turkle, and other Central Asisn
and Middle Esstera cultures. It marks the first day of
apring and the beginatog of the new year,

© The date of Navroz varies from ycar to year, but it
always falta on the first day of spring. In the Gregorian
calendar, Navroz falls oa March 21 or 22.

« In : 1079 AD, a Persian (Iranian) king named
Jalaluddin Malekshah introduced this festival to
generate revenue and collect taxes from people.

« The festival is celebrated with a variety of customs,
including feasting, dancing, and exchanging gifts.

¢ It is inscribed in the list of UNESCO Intangible
Cultural Heritage of Humanity of India.

!e In India it is known as Jamshed Navroz."
36,"Under the following passage:
“In the course of a career on the road spanning almost thirty years, he crossed the breadth of the eastern hemisphere, visited territories equivalent to about 44 modern countries and put behind him a total distance of approximately 73,000 miles.” The world’s greatest traveller of premodern times to whom the above passage refers is:",Megasthenes,Fa-Hien,Marco Polo,Ibn Battuta,UPSC CSE Pre,1993.0,d,"Exp) Option d is the correct answer
The passage describes Abu Abdullah Muhammad Ib:
Battuta, commonly known as Ibn Battuta, as the world
greatest premodern traveler. He embarked on a journe
spanning almost 30 years, covering about 44 moder
countries and around 73,000 miles. His extensive travel
included North Africa, the Middle East, East and South Asia
China, and more, totaling approximately 117,000 km.

: Important Tips :

Megasthenes (c. 350-290 BCE):

« Megasthenes was an ancient Greek historian, explored
and chronicled India during the Hellenistic era.

|e He served as an envoy under Seleucus I Nicator,
visiting Chandragupta Maurya’s court in Pataliputra.

« His account of India, noted in the lost work “Indica,”
provided insights into its geography, rivers, and culture.

« Scholars have differing opinions on his reliability, with
Arrian favoring him, while Strabo and Pliny criticized
his fabulous tales.

Faxian (337~422 CE):

¢ Faxian, also known as Fa-Hien, was a Chinese Buddhist
monk who undertook a remarkable journey to India
around 399 CE, spending 10 years there during the
reign of Chandragupta II.

* He explored sacred sites, collected Buddhist texts,

: and documented his travels in “A Record of Buddhist
Kingdoms.” His memoirs offer insights into ancient
Indian society, rituals, and Buddhism.

« He marveled at the benevolence, prosperity, and
religious practices of Magadha. Faxian’s writings are
crucial for understanding early Indian Buddhism and

__its influence on East Asian traditions."
37,"Arrange the following conquests of Alauddin Khilji in chronological order:
1.Ranthambor
2.Gujarat
3.Warangal
4.Chittor
Select the correct answer from the code given below.","3,4,1,2","4,2,3,1","1,3,2,4","2,1,4,3",U.P.P.C.S.(Pre),2022.0,d,"Exp) Option d is the correct answer.

Conquests of Alauddin Khilji in chronological order:
Gujarat (1299): In 1299, Alauddin dispatched Ulugl
Khan and Nusrat Khan to Gujarat. Facing feeble resistanc
from Vaghela king Karna, they looted towns like Somnat!
and desecrated its temple. They captured Vaghela queer

] Kamala Devi and Malik Kafur, who later led Alauddin’s
southern campaigns. Alauddin’s victory extended his control
over Gujarat, adding to his empire’s wealth and resources.

Ranthambor (1301): In 1301, Alauddin commanded Ulugh

Khan and Nusrat Khan to attack Ranthambore, where King

Hammiradeva sheltered mutiny leaders. After Nusrat

Khan’s death, Alauddin led the siege and captured the

fort in July 1301. This conquest demonstrated his military

prowess and strengthened his rule in the northern regions.

Chittor (1303): In the winter of 1302-1303, Alauddin led

an army to conquer Chittor, capital of the Guhila kingdom

| ruled by Ratnasimha, After an eight-month-long siege, he

| captured Chittor, ordering a massacre of local Hindus. This

conquest added to his wealth and territorial control, while
showcasing his determination.

| Warangal (1309-10): In late 1309, Alauddin dispatched

| Malik Kafur to plunder Warangal, aided by Ramachandra.

Kafur marched through Kakatiya territory in January 1310,

ravaging towns en route. Following a month-long siege,

Kakatiya king Prataparudra submitted, offering riches,

possibly including the Koh-i-Noor diamond, as tribute to

Alauddin."
38,"Which one of the following is not correctly matched? 
Ruler            State",Rana Hamir     Mewar,Rana Chunda    Marwar,Malik Raja Farooqi  Khandesh,Malik Sarwar Khwaja Jahan Malwa,U.P.P.C.S.(Pre),2021.0,d,"Exp) Option d is the correct answer

Jaunpur Sultanate, not Malwa sultanate was founded in

1394 by Khwajah-i-Jahan Malik Sarwar, an eunuch slave

and former wazir of Sultan Nasiruddin Muhammad

Shah IV Tughlug, amidst the disintegration of the Delhi

Sultanate’s Tughlag dynasty

Important Tips )
Rana Hamir Singh, a 14th-century Hindu Rajput ruler
of Mewar, Rajasthan, reclaimed the region from the
Tughlag dynasty, becoming the first Maharana of Mewar.

| His reign saw Mewar successfully withstand Turkic
invasions. He built the Annapoorna Mata temple and
Roopnarayan Ji temple in Chittor.

Rana Chunda was the eldest son of Maharana Lakha, the
ruler of Marwar, He is known in history for his sacrifice

| of his rights to the throne, to keep his promise, He was the ,
heir-apparent until he renounced his right in favour of the |
heir born from Hansa Bai, the Rathore princess who was
married to Maharana Lakha.

; Malik Ahmad Raja Farugi founded the Khandesh
Sultanate in Central India (1382-1601). After 17 years as
ruler, he died and was succeeded by his son, Nasser Khan.
The Sultanate had a Persianate society and promoted Islam
peacefully. It was annexed by the Mughal Emperor Akbar
in 1601, :"
39,"Given below are two statements, one is labelled as Assertion (A) and other as Reason (R):

Assertion (A): We have much more information about Cholas than their predecessors.
Reason (R): The Chola rulers adopted the practice of having inscriptions written on the walls of temples giving a historical narrative of their victories.
Select the correct answer from the codes given below:",Both (A) and (R) are true and (R) is the correct explanation of (A).,Both (A) and (R) are true and (R) is not the correct explanation of (A).,(A) is true but (R) is false.,(A) is false but (R) is true.,U.P.P.C.S.(Pre),2020.0,a,"Exp) Option a is the correct answer.

Assertion (A) is correct: Chola dynasty, which ruled over

southern India and Sri Lanka from the 9th to the 13th

century CE, left behind a rich and detailed record of

thelr bistory and culture. The Cholas produced 9 large
ourmber of inscriptions, copper plates, coins, sculptures,
palntings, temples, and monuments, which provide valuable
information about thelr political, social, econorale, religious,
and artlstic aspects. . tee
Reason Js correct and explains the Assertion: Cholé
culers were fond of recording thelr achievements aad
accomplishments In inscriptions, which were engraved
on stone or metal and fixed on the walls or pillars of
temples. The fasceiptions were written in Tamil of Sanskrit
languages, and vsed various xceipts, such as Tamil, Greatha,
Nagar, etc. The inscriptions gave a historical narrative of
the Chola kings’ victories over thele enemies, thelr conquests
and annexations of new territories, theie donations and
endowments to temples and rellgtous institatlons, their titles
and epithets, ther genealogy and chronology, ete, ."
40,"Match list-I with list-II and select the correct answer using the codes given below the lists:
list-I              list-II
(Ruling Dynasties)  (Capitals)

A.Pallava  1.Warangal
B.Pandya   2.Kanchi
C.Yadava   3.Madura
D.Kakatiya 4.Devagiri
Code: 
A B C D",2 1 4 3,2 3 4 1,1 2 3 4,2 4 3 1,U.P.P.C.S.(Pre),2019.0,b,"vs
Exp) Option b fe the correct answer ae
‘The Pailava dynasty ruled in South Indie, particularly in the
region of present-day Tamil Nadu, from the 3rd to the 9th
centary. Thelr capital was Kanchi, which Js now knows as
Kenchiparam. . Pos “
The Pandya dynasty was snother ancient ruling dynasty of
South Indie, with Its stronghold tn the Tamll Nedu region.
Their capital was Madura, now known as Madural.
The Yadava or Sewna dynasty rated In the Deccan region,
particulerty Ia present-dey Maharashira, from the lete
12th to the early 14th century. Their capita! was Devagiri,
tow known ae Daulatabed. . an
The Kekatlya dynasty ruled in the Teleogena reglon of
South India from the 12th to the 14th centory, Their capital
was Warangal. oa . iS
Importaat Tips ws,

A. Pallave: The Pallave dynasty was e powerful kingdom
that ruled over parts of southern Iadla from the 3rd to
the 9th century CE, They were influential in spreading
Indian culture and civilization to Southeast Asia.
They were also pioneers of Dravidian architecture and
sculpture, especially In stone and rock-cul temples.
Thete capital was Kanchi or Kaachipurem, which is
located In Tamit Nadu. Kanch! was 9 major center of
learning, religion, and art. cas

B. Pandya: The Pendya dynasty was.one of the oldest
and longest-lasting Tamil dynasties that ruled over the
southera tip of [India from the 6th century BCE to the
16th century CE. They were knowa for their maritime
trade, naval prowess, and patronage of literature and
cure. Their capital wes Madure or Madurai, which
Is also located in Temil Nadu, Maducal was famous
for ite Meenakshi Temple, which ts dedicated to the
goddess Parvatl and her consort Shiva,” 7 *

C.. Yadava: The Yadeve dynasty was a medieval kingdom
+ that ruled over parts of Maharashtra and Karnataka from
the 9th to the 14th century CE. They were descendants
of the Yedu clan, which clelmed to be related to
_ Krishna, the avatar of Vishnu, They were known for
their cesistance agalnst the Istamic invasions and their
support of various religious sects and movements.
Thele capital was Devegiel o¢ Deulatebad, which is
- altuated in Maharashtra. Devagirl was a fortified city
that had a massive hilltop citadel and e complex water
_bystem, .
D. Kakatlya: The Kakatiya dynasty was a Telugu-speeking
kingdom that ruled over most of Andhra Pradesh end
_ parts of Telangana from the 22th to the 14th century
CE, They were originolly feudatorles of the Western
Chalukyas, but leter became independent and expended
thelr territory through conquests and alliances. They
+ ‘were known for thelr irrigation projects, temple
architecture, and promotion of local languages end
cultures, Thelr capital wes Warangel or Orugaily,
which Is located ia Telangene, Warangel was 0 well-
planned city that had four conceatric fortifications and
a magnificent stone gateway called the Werangal Fort."
41,Which one of the following is NOT the characteristics of ‘Iqta System’?,Iqta was a revenue collection system.,Siyasatnama was the source of information for Iqta system.,Revenue from Iqta was directly deposited in Sultan’s account.,Muqti was supported to maintain troops out of the revenue collected from Iqta.,U.P.P.C.S.(Pre),2019.0,c,".
Bxp) Option ¢ is the correct answer. .
Option als correct: The Iqte systern was primarily e revenue
collection system used to collect land taxes. This collection
was done by Muqtis or Iqtedars. .
Option b ls correct: The Slyasetnems wes the source of
Informatlon for Iqta system, The classical definition of
the iqta systems has beem given by Nizamult Mulk Tust!'s
Siyasatname, According to il, the Iqta was @ revenue
assignment that the mugtl held at the pleasure of the Sultan.
Optton ¢ la incorrect: The Muqtl and Wall collected revenue
fom thelc igta area. They retalned part of revenue for their
own expenses, paid the troops maintained by them and sent
the eucplus (fawazil) to the centre. Hence, the revenue
from Iqte was not directly deposited in Sultan's account.
Option & is correct: The Provincial adroinistration was
headed by the mugti or wali. Mugth was supported to
malntain troops out of the revenue collected from Iqta. He
Seada military campaigns and maintain lew and order In thelr
iqtss. -
. important Tips
Iqte Systera: . .
© The igqta system in India was introduced by the
Ututmlsh of the Dethl Sultanate. The concept was
»*_ bated on Mubarumad Ghori's ideas,
o Iqte'la the Delhi Sultansie means laad or fand revenue
entrusted to a person on specific conditions.

¢ Under the Igta system, the land was divided into several
large and small areas called ‘iqtas, and the sultan ceded
these iqtas to his soldiers, officers, and nobles. -

* The grant of iqta did not imply a right to the land nor
was it hereditary though the holders of iqta tended to
acquire hereditary rights in Firuz Tughlaq’s reign."
42,"Given below are two statements, one is labeled as Assertion (A) and the other as Reason (R)

Assertion (A): Turkish invasions on India were successful.
Reason (R): There was no political unity in North India.

Select the correct answer from the codes given below:","Both (A) and (R) are true, and (R) is correct explanation of (A).","Both (A) and (R) are true, but (R) is not the correct explanation of (A).","(A) is true, but (R) is false.","(A) is false, but (R) is true.",U.P.P.C.S.(Pre),2018.0,a,"-
Exp) Option a is the correct answer.
Assertion (A) is true: Turkish invasions on India were indeec
successful as various Turkish rulers, notably Muhammac
Ghori and his successors, established their dominance ove
parts of North India. Their strategic military tactics, superio:
organization, and the fragmented political landscape of Indi
facilitated their conquests.
Reason (R) is true: In the [1th and 12th centuries, Nort
India experienced a lack of political cohesion, characterized
by a multitude of fragmented kingdoms and dynasties
Notable among these were the Chahamanas (Chauhans) o:
Delhiand Ajmer, the Gahadavalas of Kannauj, the Tomara:
of Delhi, the Rathors of Kanauj, and the Chalukyas o:
Gujarat, each governed by distinct rulers and pursuing thei:
individual agendas. ;
(R) is correct explanation of (A): The lack of politica
unity in North India made it easier for the Turkish invader:
to conquer different regions since there was no. strong
centralized authority that. could effectively resist thei
advances. The fragmented nature of political power in Nortt
India weakened the resistance against external invasions
thus facilitating the success of the Turkish campaigns."
43,"Which of the following pairs is not correctly matched? 
State-Ruler",Devgiri-Shankar Dev,Warangal-Ramchandra Dev,Hoysal-Veer Ballal,Madura-Veer Pandya,U.P.P.C.S.(Pre),2018.0,b,"Exp) Option b is the correct answer.
Pair 1 correctly matched: Shankardeva (simhana III) wa:
the ruler of the Seuna (Yadava) dynasty of Devagiri from
1308-1311.
Pair 2 incorrectly matched: Ramachandra (1271-1311
CE), a Yadava ruler of Devagiri, seized power by ousting
his cousin and expanded his kingdom by defeating Hindu
neighbors. In 1296 CE, Alauddin Khalji invaded, anc
Ramachandra paid tribute. Alauddin’s later invasion in 1308
led to Ramachandra becoming a Delhi Sultanate vassal. He
aided Alauddin in battles against Kakatiyas and Hoysalas.
Pair 3 correctly matched: Veera Ballala III (1292-1342),
the last significant ruler of Hoysala Empire, united it:
northern and southern branches from Halebidu. He engagec
in conflicts with Yadavas, Pandyas, and faced invasion:
by Alauddin Khalji and Muhammad bin Tughluq from
Delhi. His reign’s challenges contributed to the rise of the
Vijayanagara Empire in South India, supported by Hariharz
I and Bukka Raya I, former military servants.
Pair 4 correctly matched: In 1311 AD, Malik Kafur, unde:
Alauddin Khilji’s command, defeated Vir Pandya, the rule:
of Madurai. This marked the Delhi Sultanate’s dominance
| over the region and showcased Kafur’s military prowess."
44,"During Sultanate period, ‘Diwan-i- Amir-Kohi’ was related with which of the following?",Army,Revenue,Agriculture,Entertainment,U.P.P.C.S.(Mains),2017.0,c,"Exp) Option c is the correct answer.

Diwan-i-Amir-Kohi was Department of Agriculture

introduced by Muhammad Bin Tughlug. This department

was headed by officer Amir-e-Kohi. The aim of this

department was.to improve the condition of cultivation in

Ganga-Yamuna doab, to increase production and bring more

land under cultivation."
45,"Arrange the names of the following historical personalities in correct chronological order
and select the correct answer from the codes given below:

1, Nagabhatta II
2.Mahipala
3.Mahendrapala
4.Vatsaraja
Codes:","2,3,1,4","4,1,3,2","1,2,3,4","3,1,4,2",U.P.P.C.S.(Mains),2017.0,b,"Exp) Option b is the correct answer.

The correct chronological order of the given personalities is:

« Vatsaraja (780-800 CE): Vatsaraja, pratihara king

e« Nagabhatta II (800-833 CE): Nagabhata II, pratihara
king

¢ Mahendrapala I (885-910 CE): Mahendrapala 1,

-  pratihara king

e . Mahipala I (913-944 CE): Mahipala I, the 9th Pratihara
king"
46,"With reference to digging canals for enriching agriculture, who among the following is given the credit of being the first ruler of 14th century?",Balban,Iltutmish,Ghiyasuddin Tughluq,Raziyya Begum,U.P.P.C.S.(Mains),2017.0,c,"Exp) Option c is the correct answer.

Ghiyasuddin ‘Tughlugq is credited as the first ruler of the

14th century to initiate irrigation projects. He embarked

on significant infrastructure ventures, constructing canals

to enhance agriculture by connecting Yamuna with

Ghaggar and Sutlej rivers. In addition to irrigation, his reign

witnessed the construction of bridges, madrasas, mosques,

and other Islamic structures, showcasing his commitment

to both agricultural and architectural advancements,"
47,Who among the following Chola rulers is credited to have built a huge artificial lake known as Chola Gangam?,Rajaraja-I,Rajendra,Rajdhiraja,Rajaraja-II,U.P.P.C.S.(Mains),2016.0,b,"Exp) Option b is the correct answer.

Rajendra is credited to have built a huge artificial lake

known as Chola Gangam, which means “the Ganges of the

Cholas”. It was located near his new capital of Gangaikonda

Cholapuram, and was fed by the waters of the Kollidam river,

a tributary of the Kaveri River. The lake was about 16 km

long and 5 km wide and had a capacity of 16 million cubic

meters. The lake was used for irrigation, navigation, and

recreation purposes. The lake also symbolized Rajendra’s

conquest of the Ganges region and his imperial ambition.

The lake was praised by many poets and historians, such as

Kamban, Jayamkondar, etc."
48,Who was called ‘a slave of a slave’?,Mohd.Ghori,Qutbuddin Aybak,Balban,Iltuimish,U.P.P.C.S.(Pre),2016.0,d,"Exp) Option d is the correct answer.

Shams ud-Din Iltutmish earned the moniker ‘a slave of a

slave. Sold into slavery as a young boy, Iltutmish spent his

early life in Bukhara and Ghazni under multiple masters.

In the late 1190s, Qutb ud-Din Aibak, a Ghurid slave-

commander, purchased him in Delhi, furthering his status

as a slave of a slave. Thriving under Aibak’s tutelage, he

received the significant iqta’ of Badaun. His actions against

the Khokhar rebels in 1205-1206 captured the attention of

the Ghurid ruler Muhammad of Ghor, who freed him even

before Aibak’s manumission."
49,Who among the following composed poems with the penname “Gulrukhi’?,Firuz Shah Tughluq,Bahlul Lodhi,Sikandar Lodhi,Ibrahim Lodhi,U.P.P.C.S.,,c,"Exp) option ¢ is the correct answer.

Svi.am Sikandar Lodi composed poems under the pea
name ‘Gulrekbl, He was known for his fondness for
Heeratuce and poetry and wrote 130 verses Io the Persian
language. His patronage of learning and scholarship during
bis reign contributed to a renaissance of poetry and music
in Delhi, The rere musical composition “Lehdjat Slkender
Shebj wa-tote’lf-( la-zoutenebl” was e resalt of bis [ntercat
In Indlan music. This showcased his talents as @ scholer,
poet, and supporter of the arts,"
50,Who out of the following performed a ritual called “Hiranya-Garbha ?,Mayur Sharman,Harish Chandra,Danti Durga,Harsha,U.P.P.C.S,2015.0,c,"Exp) Optton ¢ ts the correct anewer. .

In the mid-eightb ceatery, Dentldurga, a Reshtrakuts
chief, overthrew his Chelukys overlord and performed
o rituat called hirenya-gerbhe (literally, the golden
womb). The Hiranya-Garbha citual was @ Vedic ritual that
was pecformed by kings to legitimize their rule. The ritwal
Involved the king being placed in e golden worab and then
being reborn as a Kshatriye, the warrior cane. This rltual
was belicved to give the king the power and authority to rule."
51,Who was the founder of Pala dynasty?,Dharmapala,Deopala,Gopala,Ramapala,U.P.P.C.S.(Mains),2015.0,c,"Exp) Option ¢ Js the correct answer.

Gopala wae the founder of the Pale dynasty, rullng lo the
8th century CB. He established the dynecty in the regions
of Bihar aad Bengal. Gopala’s reign began arowad 750 CB.
He waa chosen to rule by « group of regional chiefteine to
bring an end to the chaotic state of affairs prevalent after
the death of Gaude king Shashanka. Gopale’s reign lald the
foundation for the Pale dynasty’s prominence in the region."
52,Who were called 'Dastar-Bandan'?,Sufi Saint,Khan,Malik,Ulema,U.P.P.C.S.(Pre),2014.0,d,"Bxp) Option ¢ is the correct enswee

Toe term “Dastar-Bandao” referred to bigh-renking
Musllem echolacs and juriets during the Sultanate and
Maghal periods in Indie. The title symbolized thelr authority
and reepect, a6 “dastar” means turban and ""bandan” means to
theIn Persien. So, “destar-bandan” literally meaas “one who
thes @ turban.” The Dastar-Bandan also served as advisors
to the emperors on religtous matters, drawing from the
knowledgeable ranks of the ulema, or Islamic scholars, who
held significant education and reverence."
53,What was the boundary between the Delhi Sultan and Mongols during the period of Alauddin Khalji after 1306 A.D.?,Byas,Ravi,Indus,Sutlej,U.P.P.C.S.(Pre),2014.0,b,"Exp) Option b is the correct aatwer,

Dering Alauddia Kbaljt's reign after 1306 A.D., the
boundary between the Delhi Sultanate end the Mongols
was demarcated by the Ravl River. This geographical
feature served as a natural barrier, betping to curb Mongol
Invasions and secure the nocthera frontiers of the empire.
The Ravi River acted as a strategie defense line, contributing
significantly to the stability, protection, and overall secusity
of the realm during that period.

Important Tips
Mongol invasions and northern conquests, 1297-1306:
Dorling 1297-1306, Mongol Invasions and conquests were
marked by several key events in Alauddin Khalji's relgn:
Punjeb Reld and Victory: In winter 1297, Mongols from
the Chagatai Khanate raided Punjab, advancing to Kasur.
Led by Ulugh Kben, Alauddin’s forces defeated them ia
Pebruary 1298. About 20,000 Mongols were killed, and
many more perished in Delhi after cepture.
Sindh Invasion: In 1298-99, another Mongol ermy invaded
Sindh, occupying the fort of Sivisten. Alauddin's general
Zafar Khan recaptured the fort, defeating the tovaders.
Gujarat Campaign: {n early 1299, Alauddin sent Ulugh
Khan and Nusrat Khan to Invade Gujarat. They plundered
towns, including Somnath’s temple. The Delhi army
captured Vaghele queen Kamala Devi and Malik Kafur. On
the return from Gujarat, Mongol soldiers mutlaied ocar
Jelore over loot sharing. Alaaddin’s response incladed
bersh punishments, reflectlag the practice of puolshing
families for men's crimes.
Battle of Kili: In 1299, Chagatal ruler Duwa sent Mongole
led by Qutlugh Khwaja. In the Battle of Kill, Alauddin
led Deths forces, but Zafar Khan attacked without orders.
Mongols retreated, inflicting heavy catusltles."
54,Who was the first Sultan of Delhi who introduced regular coins and declared Delhi the capital of his empire?,Nasiruddin Mahmud.,Iltutmish,Aram Shah,Balban,U.P.P.C.S.(Mains),2014.0,b,"Exp) Option b is the correct answer.
The flest Sulten of Delhi to introduce reguise coins and
declare Delbl as the capital of bls empire was Iltwtmish.
Mtutmish introdaced the silver tanka and the copper jital
coin His new bimetallic coinage system addressed the
stlver shortage Issue and became the foundation for coinage
during the Sultanate period. He also moved the capitol to
Delhi from Lahore after dethroning his predecessor Aram
Shab In 12t)itatmish shifted the capital to Delhi due to Its
strategie location, central to bis expanding empire. This
relocation fecilitated better administeation and defense,
solidifying bis rule and contributing to the growth of the
Dethi Sultanate,
Important Tips
Ututmlsh (1221 - 1236 AD):
Tituematsh, originally named Samshuddin Mliyas, reigned
froma 1211 to 1236. He was son In law of Qutbiddin Aidsk.
Iitutmish’s strategic pollcy toward the Mongola
prevented on attack by Genghis Khan. He denied
support to Khwarazm Sheh Jalaluddin from Central
Asia. He transferred the cepitel from Labore to Deihi.
Thutmish eccomplished the construction of the Quwwat-
ul-Islam Mosque and the Qutub Minar. He fnltlated the
feudalistic syster of Iqthe/Iqthederi, Ntutmnich formed
the Chahelgant, a pact involving forty Muslim nobles.

He introduced the coinage system of the Delhi Sultanate,
which included the Tanka (silver coin), Biranz (bronze
coin), and Jittal (copper coin). Ututmish nominated
his daughter, Raziya, as his successor. He provided
patronage to Minas-ur-Siraj, the author of “Minaj-us-
Siraj.” Iltutmish quelled internal rebellions by Rajputs in

‘ Gwalior, Ranthambor, Ajmer, and Jalore. He successfully

, managed challenges posed by Nasiruddin. Qabacha,
in Lahore and Multan, and thwarted a conspiracy by
Alivardan, the governor of Bengal."
55,"Given below are two statements, one labelled as Assertion (A) and the other as Reason (R).

Assertion (A):Balban made his government firm stable and centralized all authority in his hands.
Reason (R):He wanted to protect North-West frontier against Mongol invasions.

Code:","Both (A) and (R) are true, and (R) is the correct explanation of (A).","Both (A) and (R) are true, but (R) is not the correct explanation of (A).","(A) is true, but (R) is false.","(A) is false, but (R) is true.",U.P.P.C.S.(Mains),2013.0,b,"Exp) Option b is the correct answer.

Assertion (A) is true: Balban achieved a stable government

by consolidating authority in his hands. He curbed the

power of the nobles, abolished the Chahalgani system, and
introduced the “Sijda” and “Paibos” customs to enforce

his supremacy. This centralized control aimed to prevent

internal rebellions and establish a strong Sultanate.

Reason (R) is true: Balban was deeply concerned about the

threat of Mongol invasions from the North-West frontier. He

adopted a policy of “blood and iron,” fortifying defenses,

strengthening the western borders, and deploying troops

to counter Mongol incursions. His focus on military

preparedness aimed to safeguard his kingdom from potential

Mongol invasions.

{R) is not the correct explanation of (A): While it’s true

that Balban was concerned about the Mongol threat and took

steps to strengthen the western frontier, this reason alone

doesn’t directly explain why he centralized authority in his

hands. Balban’s centralization of authority was a broader

policy aimed at maintaining control over the nobles and

maintaining a strong and stable government."
56,Who was the medieval king responsible for introducing the silver coin called Tanka in North India?,Iltuimish,Raziyya,Alauddin Khalji,Muhammad Tughluq,U.P.P.C.S.(Pre),2013.0,a,"Exp) Option a is the correct answer.

Iitutmish is credited for standardizing the coinage of the

Delhi Sultanate. The currency system established by him

was also followed by his successors. He introduced Tanka

and Jital. Tanka was Silver coin whereas Jital was Copper

Coins."
57,What was Dar-ul-Shafa established by Firuz Tughluq?,An alms house,A free hospital,A library,A guest house for pilgrims,U.P.P.C.S.(Pre),2013.0,b,"Exp) Option b is the correct answer.

‘Dar-ul-Shafa’ established by Firuz Tughlug was a free

hospital. This institution was set up to provide medical

treatment and care to the poor and needy individuals

without any cost, It reflected Firuz Tughluq’s commitment to

the welfare of his subjects by ensuring that medical services

were accessible to those who couldn't afford them."
58,On whose coins the name of the last Caliph of Baghdad appeared for the first time?,Qutbuddin Aybak,Iltutmish,Alauddin Khalji,Alauddin Masud Shah,U.P.P.C.S.(Pre),2012.0,b,"Exp) Option b is the correct answer.

Itutmish introduced the coins of silver Tanka and copper

Jital. They were the two basic coins of the Sultanate period.

He was the first one to print the name of the last Caliph of

Baghdad in his coins as he got recognition for his rule

from the Abbasid Caliphate of Baghdad."
59,Pundravardhan Bhukti was located in:,Allahabad,Khajuraho,Kannauj,Patna,U.P.P.C.S.(Pre),2012.0,a,"Exp) Option a is the correct answer.

Pundravardhan Bhukti, named after the Pundra people,

was located in North Bengal. This territorial division of

ancient Bengal developed over time, initially based on the

Pundra tribe but gradually evolving into a significant political

and religious center. During the Gupta period, it became

an important bhukti (territorial division) with various

districts and subdivisions. It extended from the Padma River

in the south to the Himalayas in the north and expanded its

jurisdiction during the Pata period to include areas beyond

North Bengal, even reaching the northeastern region of

Sylhet. This region played a vital role in cultural exchange

and was strategically located on trade routes connecting

China with Magadha. However, it faded from prominence

in the medieval period when it became known as Mahasthan."
60,,,,,,,,c,"Exp) Option c is the correct answer,

Kannauj, formerly known as Mahodaya, is an ancient city

in Uttar Pradesh, India. The name “Mahodaya” was used

during the time of Mihira Bhoja. It served as a center for

various imperial Indian dynasties and played a significant

role in historical struggles. Kannauj was a focal point in

the Tripartite struggle involving the Gurjara-Pratihara,

Palas, and Rashtrakutas. The city is renowned for its

perfumes and traditional Kannauj Perfume industry. It’s

also associated with the distinct Kannauji dialect of the

Hindustani language."
61,"Which of the following Sangam ports were situated on the western coast? Select the correct answer from the code given below:
1.Korkai
2.Puhar
3.Tondi
4.Mushiri
Code:",1 and 2 only,2 and 3 only,3 and 4 only,4 and 1 only,U.P.P.C.S.(Pre),2012.0,c,"Exp) Option c is the correct answer.

The Sangam ports that were situated on the western coast

were Tondi and Mushiri.

¢ Tyndis/Tondi was an ancient Indian seaport/harbor-town
mentioned in the Graeco-Roman writings. According to
the Periplus of the Erythraean Sea, Tyndis was located
north of port Muziris in the country of the Cerobothra
(present-day Koyilandy Kerala).

* Mushiri, also known as Muziris or Muchiri, was a port
city in the present-day Ernakulam district of Kerala.
It was one of the richest and most prosperous ports in
ancient India, and a hub of international trade and
cultural exchange. Mushiri had extensive contacts with
the Roman Empire, Egypt, Greece, Persia, China, and
other regions.

Important Tips

¢ Korkai: Korkai, also known as Korkkai or Kayal, was
a port city in the present-day Thoothukudi district of
Tamil Nadu. It was the capital and the main seaport
of the Pandya dynasty, one of the three major Tamil
kingdoms that ruled over southern India during the
Sangam period.

e Puhar (also known as Poompuhar) is a town in the
Mayiladuthurai district in the southern Indian state of
i Tamil Nadu. It was once a flourishing ancient port city
| known as Kaveri Poompattinam, which is described in
i Sangam literature like Silappadikaram, Manimekalai,
Pattinapalai and Akananuru as the capital of the Early
j Chola kings in Tamilakam. Pubar is located near |
| the mouth of the Kaveri River, on the seacoast. It is
| mentioned in the Periplus of the Erythraean Sea."
62,"The most learned ruler of the Delhi sultanate who was well versed in various branches of learning including Astronomy,Mathematics and Medicine was",Iltutmish,Alauddin Khalji,Muhammad-Bin-Tughluq,Sikandar Lodhi,U.P.P.C.S.(Mains),2012.0,c,"Exp) Option c is the correct answer.
Muhammad Bin Tughlugq, the ruler of the Delhi Sultanate,
is considered the most learned ruler of the Delhi sultanate.
He possessed a deep understanding of various disciplines
such as astronomy, mathematics, medicine, and
philosophy. His intellectual pursuits and interest in subjects
beyond political matters set him apart. He was known for
his preficiency in Persian and Urdu/Hindusiani poeiry,
logic, Greek metaphysics, and science. His wide-ranging
knowledge and contributions to various fields reflect his
status as an erudite ruler of the Delhi Sultanate."
63,"In which order did the following dynasties rule Delhi? Select the correct answer from
the codes given below:
1.Khalji
2.Lodhi
3.Sayyid
4.Slave
Code:","1,2,4,3","1,2,3,4","2,3,4,1","4,1,3,2",U.P.P.C.S.(Mains),2012.0,d,"Exp) option d is the correct answer.
The correct order of the dynasties that ruled Delhi is:
¢ Slave dynasty (1206-90)
e Khalji dynasty (1290-1320)
« Sayyid dynasty (1414-51)
¢ Lodi dynasty (1451-1526)"
64,Who was the Chola monarch who gave complete freedom to Sri Lanka and got his daughter married to the Sinhala Prince?,Kulottunga I,Rajendra,Adhirajendra,Rajadhiraj,U.P.P.C.S.(Pre),2012.0,a,"Exp) Option a is the correct answer.
Kulottunga I was the Chola king who gave complete
freedom to Sri Lanka and got his daughter married to the
Sinhala prince. He ruled from 1070 to 1122 CE and was one
of the sovereigns who bore the title Kulottunga, meaning
“the exalter of his race”. He did not belong to the main line
of Cholas but was rather a prince of the Eastern Chalukya
dynasty. His mother was a Chola princess and the daughter
of emperor Rajendra Chola [. His accession marked the
beginning of a new era and ushered in a period of internal
peace and benevolent administration."
65,Which Sultan of Delhi was the first to charge ‘Ghari’ or House-tax?,Balban,Alauddin Khalji,Muhammad-Bin-Tughluq,Firuz Shah Tughlaq,U.P.P.C.S.(Mains),2011.0,b,"Exp) Option b is the correct answer.
Alauddin was the first Sultan to introduce the ‘Ghari’ or
house tax. This tax was imposed on residential properties
and aimed to generate revenue from urban areas. It was part
of his broader strategy to create a stable financial base to
support his military campaigns and administrative reforms.
Important Tips
| Alauddin Khalji’s Taxation:
| During Alauddin Khalji’s rule, he implemented various
innovative taxation measures to strengthen his kingdom's
finances and support his military endeavors and’
administrative reforms. These taxes included: 3
—""

Land Revenue (Kharaj): Alauddin introduced a systematic
land revenue system based on land fertility assessment,
ensuring fair taxation on agricultural land.
Trade and Customs Duties: He imposed customs duties
on goods entering and leaving his empire, generating
revenue from internal and externa! trade, particularly
luxury items.
Market Taxes: Alauddin regulated prices of essential
goods and imposed taxes on their sale to stabilize markets
and ensure supply.
House Tax (Ghari): As a pioneer, he initiated the house ,
tax to generate revenue from urban areas and build a
stable financial base.
Grain Tax: A tax on grain aimed to control food supply |
and prevent hoarding.
Chari Tax: Chari, also known as the “pasture tax,’ was |
levied on pastoral communities and those engaged in
animal husbandry, such as cattle herders, shepherds, and :
graziers.
Jizya: This per capita tax on non-Muslims continued
under his rule."
66,During the 13th and 14th Centuries AD the Indian peasants did not cultivate:,Wheat,Barley,Rice,Maize,U.P.P.C.S.(Pre),2011.0,d,"Exp) Option d is the correct answer
Maize, native to the Americas, wasn’t in India until the
16th century. Maize reached Europe in the 15th century
via Spanish explorers and was later introduced to India by
Portuguese traders. It’s now a staple crop, influencing diverse
foods.
Important Tips ]
Time period of cultivation of Various crops: ,
« Archaeological findings indicate rice as a foundational
element of India’s ancient societies, traced back to
6500 BCE along the Ganges River valley, highlighting
its longstanding role in the region’s history. ;
e During the Neolithic revolution (8000-4000 BCE) in
India, Agro pastoralism practices emerged, featuring ,
methods like row planting, threshing, and grain
storage. Mehrgarh showed barley, wheat farming,
cattle, sheep, and goat rearing around 8000-6000 BCE."
67,Which medieval Sultan has the credit of founding the city of Agra and making it the capital of the Sultanate?,Iltutmish,Balban,Alauddin Khalji,None of these,U.P.P.C.S.(Mains),2011.0,d,"Exp) option d is the correct answer.
Sikandar Lodi, the Sultan of the Delhi Sultanate, is
credited with founding the city of Agra and elevating it to
the status of the capital during his rule. He transferred the
capital from Delhi to Agra in the year 1506. Agra’s central
location, defensibility due to the Yamuna River, prosperity
from trade, and aesthetic charm compared to Delhi
prompted Sikandar Ledi to shift the capital ia 1506 for E
strategic advantages and better governance. ‘This decision
by Sikandar Lodi marked Agra’s significance as a political
and administrative center. Subsequently, Agra continued to
be a prominent city in the region, and its significance further
grew during the Mughal era.

Important Tips —_ -

Sikander Lodi (1489-1517 CE):

Sikandar Lodi’s Reign and Administration:

'« Succeeded his father Bahlul Lodi in 1489 CE.

ie Strengthened governance after inheriting a
challenging situation from his father. Focused on
justice and punished those involved in corruption.

« Ensured safety on highways and _ controlled |
commodity prices.

« Encouraged higher education, inviting scholars,
philosophers, and poets, leading to translation of
Sanskrit works into Persian. Promoted Persian learning
among Hindus, fostering cultural exchange.

Contributions and Achievements:

¢ Patronized arts, literature, and music; wrote Persian
verses as Gulrukhi.

« Supported the musical instrument shenai and
established a musical note named Lahjat-I-Sikander
shahi.

|e Founded Agra, enhancing it with impressive forts and

structures.

|e Expanded territory by annexing Jaunpur, Chanderi,
Dholpur, and Gwalior.

« Empathetic ruler, heard complaints of the marginalized,
and delivered impartial judgments.

+ Extensively planned and administered his kingdom, |
maintaining a strict watch on officials.

Religious Policies:

« Employed strict Sunni orthodoxy to establish his
Islamic credentials due to his Hindu lineage.

- Destroyed Hindu temples and imposed taxes like
Jaziya and Pilgrim’s tax on Hindus.

« Implemented Sharia courts, providing Islamic law to
a broader population, including non-Muslims.

« Prohibited certain Hindu practices and public

| religious events. a"
68,,,,,,,,a,"Exp) Option a is the correct answer.

Iltutmish of the Delhi Sultanate is credited with introducing
the Igqta system in India. The concept was based on
Muhammad Ghori’s ideas."
69,Who among the following ruler is famous as “Prithvi Raj Chauhan”,Prithviraja-I,Prithviraja-II,Prithviraja-III,None of the above,U.P.P.C.S.(Pre),2010.0,c,"Exp) Option c is the correct answer.

The ruler famous as “Prithvi Raj Chauhan” is Prithviraja-
IIE. He was also known as Rai Pithora. He was a king from
the Chauhan (Chahamana) dynasty who ruled the territory
of Sapadalaksha, with his capital at Ajmer in present-day
Rajasthan. He ascended the throne as a minor in 1177 CE
and aimed to expand his kingdom through military actions

against neighboring kingdoms. He famously defeated the
Ghurid army led by Muhammad Ghori near Taraori in
1191 AD. However, he was later defeated by Ghori’s army in
1192 CE at the same battlefield. This defeat is considered a
significant event in the Islamic conquest of India.
Important Tips -_

Different Literary texts about Prithviraj Chauhan:

Prithviraj Raso:

« Written by Chand Bardai around 1400 in a pingal
script (combination of Braj and Rajasthani). . |

¢ It refers to Prithviraj’s father Someshvar as a Gurjar.

* Doesn't use dehumanizing expressions for Prithviraj’s
rivals despite being composed during Muslim rule in
North India.

* Focuses on Prithviraj’s conflict with Jaychand of |
Kannauj rather than the Ghurid armies.

« Central episode: Prithviraj’s battle with Jaychand
where he loses many soldiers.

« After losing the Second Battle of Tarain (1192 AD)
against Muhammad of Ghor, Prithviraj is blinded,
imprisoned, and taken to Ghazni.

¢ In the finale, blinded Prithviraj uses his archery
skills to kill Muhammad before being executed,

; differing from most other historical sources.

Prithviraja Vijay Mahakavya:

¢ Written in 1191-21 by Kashmiri poet Jayanak, who
served in Prithviraj Chauhan’s court.

¢ Presents Prithviraj Chauhan and Muhammad of Ghori
as irreconcilable rivals.

¢ Describes the Ghurid king as a cruel cow-cater and his
ambassador as extremcly ugly.

« Labels Muslims as “turuska” (Turk), “Yavana”
(westerner), “raksasa” (ogre), and “asura” (demon).

« Also dehumanizes other rivals of Prithviraj, including
the Hindu Chalukya rulers of Gujarat."
70,Which one of the following pairs is NOT correctly matched?,Abdur Rehman - Hammir Raso,Chand Bardai - Prithvi Raj Raso,Jagnik - Alha Khand,Narpati Nalh - Visal Dev Raso,U.P.P.C.S.(Mains),2010.0,a,"Exp) Option a is the correct answer.

Pair l is incorrectly matched: “Hammir Raso” is the
biography of Hammiradeva, the final Chauhan ruler of
Ranthambore, authored by the poet and scholar Jodharaja
and not Abdur Rehman. The book vividly portrays
Hammirdeva's character and his noteworthy conquests
during his reign.

Pair 2 is correctly matched: “Prithvi Raj Raso” is a historical
epic composed by Chand Bardai, recounting the life and
valor of Prithviraj Chauhan, the Rajput king of Delhi. It
vividly narrates his battles, romance, and ultimate downfall.
Pair 3 is correctly matched: “Alha Khand” refers to Hindi
poetic works narrating valorous deeds of Banaphar heroes,
Alha and Udal, under king Paramardi-Deva against Prithviraj
Chauhan. Written by Jagnayak (or Jagnik), it has diverse
recensions like Mahoba Khand and Alha-khand. ‘he work

Jainents Hindu kingdom decline and end, sung by bards in
northern india.

Pair 4 is correctly matched: “Bisaldev Raso,” composed by
Narpati Nalah, is a notable Rajasthani work with historical
variations. Divided into four sections, it describes Bisaldev’s
marriage, anger-induced Odisha journey, Rajmati’s
separation, and her return. The language is Rajasthani,
not literary Hindi, with a focus on shringar ras (romantic
sentiment),"
71,The great Jain Scholar Hemchandra adorned the court of:,Amoghavarsha,Kumarapala,Jaysimha Siddharaja,Vidhyadhara,U.P.P.C.S.(Pre),2010.0,b,"Exp) Option b is the correct answer.

Hemchandra, a renowned Jain scholar, adorned the court
of Kumarapala, who was the ruler of the Chaulukya
dynasty. Hemechandra, born in 1088, was a prodigious
scholar, poet, and philosopher. He became an advisor to
King Kumarapala around 1125, During his time in the
court, Hemachandra wrote works on politics from a Jain
perspective, such as “Arhanniti,’ and produced the epic
poem “Trishashti-shalaka-purusha-charita” detailing the
history of significant figures in Jainism. His influence on
Kumarapaia ied to Jainism becoming the official religion
of Gujarat, with bans on animal slaughter and animal
sacrifice."
72,Which one of the following Kings of the medieval India began the ‘Public Distribution System’?,Alauddin Khalji,Balban,FiruzShah Tughlaq,Muhammad-Bin-Tughlaq,U.P.P.C.S.(Mains),2010.0,a,"Exp) Option a is the correct answer.

Alauddin Khalji initiated the concept of a ‘Public
Distribution System’ during medieval India. Alauddin
Khalji’s reign saw significant economic reforms, including
the establishment of a centralized grain market (Mandi)
and regulations to control prices. These measures aimed to
ensure food availability and stabilize prices for the public,
resembling the essence of a modern public distribution
system, although it differed in ils specific structure and
scope."
73,Who was the first Sultan of Delhi to have levied Haqq-i-Sharb or irrigation tax?,Alauddin Khalji,Ghiyasuddin Tughluq,Muhammad-Bin-Tughlaq,Firuz Tughlaq,U.P.P.C.S.(Mains),2010.0,d,"Exp) Optian d is the correct answer.

The first Sultan of Delhi to introduce the ‘Haqq-i-Sharb’
or irrigation tax was Firuz Lughluq. This tax, equivalent
to one-tenth of farmers’ crop yields, was utilized to fund
the construction and maintenance of water distribution
infrastructure, ensuring efficient irrigation facilities in the
region under his rule. The haqq-i-sharbat was a progressive
tax, meaning that the rate of tax increased with the amount
of water used. This was to ensure that the wealthy farmers
paid. a higher proportion of the tax than the poor farmers."
74,"Which Sultan of Delhi is said to have followed ihe policy  ""blood and iron""?",Iltutmish,Balban,Jalaluddin Firuz Khalji,Firuz Shah Tughluq,U.P.P.C.S.(Mains),2009.0,b,"Exp) Option b is the correct answer.

Balban, the Sultan of Delhi, is known for following
the policy of “biood and iron.” This poiicy involved
ruthless measures, the use of force, and shedding blood
to maintain control and suppress internal revelts and
external invasions. Balban’s rise from a humble position
to ibe rank of Sultan was achieved through his strict and
harsh approach. He eliminated enemies, betrayed rulers,

engineered revolts, and executed harsh punishments to
instill fear. Balban’s policy of “blood and iron” was driven
by the need to strengthen the monarchy, deal with a
loose adininistration, control the powerful “Corps of
Forty,” address revolts, and counter the threat of Mongol
invasions.
pow - wan ee ee - eee ee ee eee fee em eet on !
Important Tips
| Ghiyasuddin Balban (1266 - 1286): ,
ie Balban, also known as Ulugh Khan, was one of the |
| greatest rulers of the Slave Dynasty. |
> He abolished the Chahalgani, a group of forty nobles ! }
who held considerable power, to enhance the authority | .
i of the monarchy. Balban recognized that the main ;
| threat to the monarchy came from the nobles, called |
Chahalgani. He believed in strengthening the power |
and prestige of the ruler. He regarded the Sultan as the
divine representative on earth. .
!
e He introduced Persian customs like  sizda:
(prostration), paiba (kissing the Sultan’s feet),
| jamnibas (kissing hands), and Naurauz (Persian New
Year).
| e Balban established the Diwan-I-Ariz, a defense
, department to strengthen the military.
| ° He took strict measures against robbers and dacoits, !
making Dethi’s roads safer for travel. |
o Balban excluded Indian Muslims from significant
positions and marginalized non-Turks from
| adininistrative roles.
j*« His approach to justice was characterized by extreme ‘
impartiality.
« Balban adopted a “vlood and iron” policy to deal |
with the Mongol threat aud fortified the. western |
frontiers. |
| ° He sent his son Mahniud io fight against the Mongols. :
| Tragically, Mahmud died in battle against the Mongols, |
| leading to Balban’s grief-stricken decline in health and
eventual death in 1286,"
75,Brihadeeshwara Temple of Thanjavur was built during the reign of Chola emperor-,Parantaka-l,Rajraja,Rajendra-l,Rajadhiraja-1,U.P.P.C.S.(Mains),2008.0,b,"Exp) Option b is the correct answer.
Rajraja-I was the Chola emperor who built the
Brihadeeswarar Temple, also known as the Thanjavur
Big Temple, as a dedication to Lord Shiva. The temple was |
constructed between 1003 and 1010 CE and is one of the ;
largest and most magnificent temples in India. It is also a
UNESCO World Heritage Site and a symbol of Chola power
and artistic excellence."
76,In which battle Muhammad Ghori defeated Jayachandra,Battle of Tarain (1191 A.D.),Battle of Tarain (1192 A.D.),Battle of Chandawar (1194 A.D.),Battle of Kannauj (1194 A.D.),U.P.P.C.S.(Pre),2008.0,c,"|
Exp) Option c is the correct answer.
The Battle of Chandawar in 1194 marked Muhammad
of Ghori’s victory over Jayachandra of the Gahadavala 7
dynasty. This battle occurred at Chandawar near Kannauj.

The conflict was fierce, and the outcome seemed in favor
of Jayachandra until he was fatally struck by an arrow,
leading to the defeat of his army. This victory established
Muhammad’s control over a significant portion of North
India.

Important Tips

The First Battle of Tarain-1191

. |» The First Battle of Tarain or Thanesar took place in
1191 when Muhammad Ghori attacked and captured
Bhatinda, a part of Prithviraj Chauhan’s dominion.

* This led to a direct clash with Prithviraj Chauhan, a
powerful Rajput ruler. The two forces met at Tarain,
situated 80 miles from Delhi, resulting in Muhammad

Ghori’s defeat and him being wounded in the arm.

e The Rajputs won the battle as the Muslim army was
routed.

The Second Battle of Tarain -1192 ;

« In the Second Battle of Tarain in 1192, Ghori,
undeterred by his previous defeat, prepared his army
for a strategic and powerful revenge.

« Prithviraj Chauhan organized a Hindu confederacy |
to resist Ghori’s attack,

¢ In this battle, Muhammad Ghori emerged victorious,
defeating and killing Prithviraj Chauhan.

¢ This battle marked a turning point in Indian history,

| as it paved the way for further Muslim conquests of
India. Ghori’s forces occupied Ajmer and Dethi after
this battle.

+ Following the battle, Muhammad Ghori appointed |
his slave Qutubuddin Aibak as the viceroy of Indian
provinces.

¢ Qutubuddin Aibak successfully consolidated the
conquests made by his master and went on to conquer
regions like Meerut, Bulandshahr, and Aligarh. In
1193, Qutubuddin Aibak made Delhi the capital of his
newly established rule."
77,"Arrange the following names chronologically and select correct answer from the codes given below:

1.Genghis Khan
2.Mahmud Ghaznavi
3.Muhammad Ghori
4.Taimur
Code:","1,2,3,4","2,3,1,4","3,4,1,2","4,1,2,3",U.P.P.C.S. (Spl) (Mains),2008.0,b,"Exp) Option b is the correct answer.

Chronological Order:

Mahmud Ghaznayi (971-1030): Mahmud of Ghazni,
the first Sultan of the Ghaznavid Empire (998-1030),
established a Persianized state extending from Iran to the
Indian subcontinent. His reign enriched Ghazni culturally
and commercially, with Lahore as a central hub. Ascending
the throne at 27, he held the title Sultan and conducted
multiple invasions in medieval India between the 11th and
12th centuries, using the spoils to develop his capital.
Muhammad Ghori (1144 ~ 1206): Mubammad Ghori,
ruling from 1173 to 1206, was a Ghurid ruler who expanded
Islamic rule in South Asia. Conquering regions like Punjab,
he secured the Khyber Pass, enabling northern India
invasions. His death in 1206 led to the rise of the Delhi
Sultanate under Qutbuddin Aibak.

Genghis Khan (1162 -1227): Genghis Khan, who reigned
from 1206 ta 1227, was the founder of the Mongol Empire.
He united Mongo! tribes and initiated military campaigns
that conquered significant parts of China and Central Asia.
He vassalized Western Xia in 1211, invaded the Jin dynasty,
annexed Qara Khitai, and by 1227, had devastated the
Khwarazmian Empire.

Taimur (1325 - 1405): Taimur, or Tamerlane, who reigned
from 1370 to 1405, was a Turco-Mongol] conqueror who
founded the Timurid Empire across Afghanistan, Iran,
and Central Asia. An accomplished military leader, he
defeated powerful entities including the Ottoman Ennpire,
creating a vast empire and influencing history until the rise
of gunpowder empires."
78,"The king was freed from his people and they from their king, On whose death did Badayuni comment this?",Alauddin Khalji,Balban,Iltutmish,Muhammad-Bin-Tughluq,U.P.P.C.S. (Spl) (Mains),2008.0,d,"Exp) Option d is the correct answer.

Badayuni was a 14th-century chronicler who wrote about
the Delhi Sultanate. He commented that the king was freed
from his people and they from their king on the death of
Muhammad-Bin-Tughluq. Muhammad-Bin-Tughlug was a
controversial ruler who made many unpopular decisions, His
reign was marked by rebellions and economic problems.
His death was seen as a relief by many people."
79,Who among the following Chola rulers converted the Bay of Bengal into a ‘Chola Lake’?,Rajaraja-I,Rajendra-I,Adhiraj,Kulottunga,U.P.P.C.S (Spl) (Pre),2008.0,b,"Exp) Option b is the correct answer.

Rajendra-I was the Chola ruler who converted the Bay
of Bengal into a ‘Chola Lake’, which means that he made
it a part of his empire and dominated the maritime trade
and politics in that region. [le controlled the lucrative trade
routes in the Indian Ocean and the Bay of Bengal, and
established commercial and diplomatic relations with other
countries, such as China, Sri Lanka, Maldives, Indonesia,
Malaysia, Cambodia, etc. He also protected his coast from
foreign invasions, such as the Arabs and the Pandyas. He also
supported the cultural and religious activities of his subjects,
such as building temples and monuments along the coast and
on the islands."
80,Who was the founder of ‘Gangai Konda Chola Puram’?,Rajaraja-I,Rajadhiraj,Rajendra-I,Vijayaditya,U.P.P.C.S.(Spl) (Mains),2008.0,c,"Exp) Option c is the correct answer.

Rajendra-1 was the son and successor of Rajaraja Chola I,
who ruled the Chola empire from 1014 to 1044 CE. He was
one of the greatest and most adventurous rulers of the Chola
dynasty, who expanded his empire to its maximum extent.
He conquered the northern parts of India, including Bengal,
Bihar, and Odisha, and assumed the title of Gangaikonda
Chola, meaning “the Chola who conquered the Ganges”, He
also sent naval expeditions to Southeast Asia, and subdued
the kingdoms of Sri Lanka, Maldives, Sumatra, Java, etc. He
built a new capital at Gangaikonda Cholapuram, where he
erected a magnificent temple dedicated to Lord Shiva."
81,Which one of the following pairs is not correctly matched?,Diwan-i-Mushtakharaj : Alauddin Khalji,Diwan-i-Amir Kohi : Muhammad Bin Tughlaq,Diwan-i-Khairat : Firuzughlug,Diwan-i-Riyasat : Balban,U.P P.C.S.(Mains),2008.0,d,"Exp) Option d is the correct answer.

Pair 1 is correct: Diwan-i-Mustakharaj was Department to
realise arrears introduced by Alauddin Khilji.

Pale 2 is correct: Diwan-1-Amle-Koh! was Department of
agriculture introduced by Muhammad Bin Tughluq.

Pate 3 Is correct: Firuz Tughlug established a new
department called Diwan-l-Kheivat or the Department of
Charity. It was created to take care of orphans and widows,
Paice 4 Is Incorrect: Diwan-i-Riyasat was Department of
Commerce iatroduced by Alauddin Khilji (not Balban) to
Seaplement economic regulations issued by the Sulisn and
controf the markets and prices."
82,"Which of the following dynasties frequently assigned to the ladies high ranking positions
in administration?",Chola,Chalukya,Pala,Sena,U.P.P.C.S.(Mains),2007.0,b,"Exp) Option b is the correct emswer.

The Chalukys dyoesty frequently assigned the ladles high
ranking positions In administration. Dusing thie period,
society became increasingly sophisticatcd, The status of
women was varied. Some royal women were involved in
administrative matters as shown in contemporary records
describing Queen Umadevi's administration of Halebidy
in the absence of Veera Ballala 11 during his long milttary
¢ampaigns in northern territortes."
83,"Kumaradevi, a queen of Govind Chandra Gahadavala, constructed Dharma-Chakra-Jaina Vihara at-",Bodh Gaya,Rajgriha,Kushinagar,Sarnath,U.P.P.C.S.(Mains),2007.0,d,"Exp) Option d Is the correct answer.

Keamaradevt, the qucen of Govind Chandre Gahadavala,
1s ettributed to the consteuctton of the Dharma.
Chakee-Jelna Vibaca at Sarnath. This monastery, dating
opproximately from the 12th century CE, 1s sitasted sorth
of the Mulagendhakatl Vihare. Though presently In a
damaged state, the Dhacmachakra-Jina Vihare displays a
tlch architectural composition, including courtyards,
geteways, and dwelling cells. it holds historical significance
es acreatlon that bridges the late Gupte and carly medieval
periods, contributing to the heritage of Sarnath."
84,"Consider the following statements:
Assertion (A): The scheme of the token currency of Muhammad Tughlaq proved unsuccessful.
Reason (R): Muhammad Tughlaq did not have the proper control over currency issue.

Choose the correct answer from the codes given below:","Both (A) and (B) is individually true, and (R) is the correct explanation of (A).","Both (A) and (R) is individually true, but (R) is not the correct explanation of (A).","(A) is true, but (R) is false.","(A) is false, but (R) is true.",U.P.P.C.S.(Pre),2006.0,a,"Exp) Option a ls the correct answer,

Assertion (A) 1s true: Muhammad Tughluq’s token currency
acheme was onsuccessful. Issuing brass and copper coins
with equal valwe to gold aad silver coins led to devaluation.
Variations in design end material eroded trust in the
currency’s value, disrupting trade and causing tts failure.
Reason (R) is truce and le correct explanation of Assertion
(A): Muhammad Tughluq's beck of proper control over
currency fssuance contributed to the fellure of his
financial measures. He Introduced token currency in 1330
due to financial constralnts, He issaed brass and copper
coins with equivalent nominal value to gold and silver
coins, While siming to save preclous metals and increase
circulation, this led to cole devaluation, rade disruption,
end counterfelt confesion, Tughhig’ attempt to control
carcency Issuance failed, as coins of varying materials
ond values without stendardized design led to confusion,
devalwation, and loss of public (rust, contributing to the
acheme's abandonment by 1333."
85,"Consider the following statements:
Assertion (A): Alauddin Khalji introduced price control in Delhi.
Reason (R): He wanted to pay lower wages to the artisans building his palaces in Delhi.

Select the correct answer from the code given below:","Both (A) and (R) are true, and (R) is the correct explanation of (A).","Both (A) and (R) are true, but (R) is not a correct explanation of (A).","(A) is true, but (R) is false.","(A) is false, but (R) is true.",U.P.P.C.S.(Mains),2005.0,c,"Exp) Option ¢ [a the correct anawer.

Assertion (A) Ie trac: Alauddin Khaljl established price
control In Delhi by creating dedicated markets, like the
Mandi for grains, Sera-4 Adi for manufactured goods, and
regulating slave and animal markets. Fixed prices prevented
inflation, ensucing affordabiltty for essentials and fair trade
practices, fostering economic stability dusing his relgn.
Reason (R) l¢ False: Alauddin’ policics were oriented
towards controlling prices and ensuring social stability,
rather than exploiting labor. His economic reforms were
focused on price regulation and grain control, not on
undermining artisans’ wages.
Importent Tips

Market reforms of Alauddin Khali:

* Alauddin Khilji, through his astute governance,
established « comprehensive system of price control
measares by Introducing distinct markets la Delbi,
each serving specific purposes:

¢ Mandj - Central Grala Market and Local Grocery
Shops: Alauddin initisied the Mandi, @ centcallzed
grain market, where staple cereals’ prices were
strictly cegulated. This ensured stability in prices and
prevented inflation. Additionally, grocery shops were
set up in neighborhoods, reinforcing accessibiiity to
essential goods for the populace,

« Sera-f Adi - Market Cor Manufectured and Imported
Goods; The Sera-i Ad] served as the primary
oracketplace for « wide cange of manufactured and
Imported commodities. Aleuddin meticulously fixed
prices for products such as silk, cottun, eugar, herbs,
aad dey fruits, preventing arbitrary price hikes and
ensuring Cale trade practices.

e Slave and Animal Markets: Alauddin’s reforms
extended to markets for slaves and animals. He
established Axed prices for different categories of
slaves, Including domestic workers, concublaes,
and laborers. Similarly, prices for varlous animals,
from horses to cattle, were set to prevent exploitative
practices,

@ General Markets for Other Cormomodities: Alauddin's
visionary approach encompassed general markets
where diverse goods were traded. He empowered Yequb
Nazir ag the Minister of Commerce to supervise these
markets meticulously, Price regulations were put In
place to curb manipulation and malntatn affordability
for everyday essentials,

Alauddin Khiljl’s strategic Implementation of these

distinet markels revolutionized the economic landscape.

By ensuring consistect pricing, preventing wojust

profiteering, and enhancing accessibility, these measures

contributed to on equitable and stable trade environment
during his reign."
86,The capital of Kadamba Kings was-,Tanjore,Vanavasi,Kanchi,Badami,U.P.P.C.S.(Mains),2005.0,b,"Exp) Option b Is the correct answer.

The capital of the Kadambe kings was Vanavas!. The
Kadamba dynasty was 0 royal femlly that culed over parts

of Karnataka and Goa from the 4th to the 6th century

CE. They were founded by Mayurasharma, who rebelled

against the Pallava rule and established his own kingdom.

They were known for their architecture, art, literature, and

administration. They were later conquered by the Chalukyas

and Rashtrakutas."
87,"Match list-I with list-II and select the correct answer using the codes given below
the lists:
list-I       list-II
A.Chalukyas  1.Madurai
B.Pallava    2.Kannauj
C.Harsha     3.Badami
D.Pandya     4.Kanchipuram
Code: 
ABCD",3 4 2 1,4 3 2 1,1 4 2 3,1 3 2 4,U.P.P.C.S. (Spl) (Pre),2004.0,a,"Exp) Option a is the correct answer.

A. Chalukyas: The Chalukya dynasty was a royal family
that ruled over large parts of southern and central India
from the 6th to the 12th century CE. They had different
branches and capitals, such as the Eastern Chalukyas
of Vengi and the Western Chalukyas of Kalyani. They
were known for their patronage of art, literature, and
religion. Onc of their prominent capitals was Badami in
Karnataka, where they built rock-cut caves and temples
with intricate carvings and paintings.

B. Pallava: The Pallava dynasty was a powerful kingdom that
ruled over parts of southern India from the 3rd to the 9th
century CE. They were influential in spreading Indian
culture and civilization to Southeast Asia. They were
also pioneers of Dravidian architecture and sculpture,
especially in stone and rock-cut temples. Their capital
was Kanchipuram or Kanchi, which is located in Tamil
Nadu. Kanchi was a major center of learning, religion,
and art.

C. Harsha: Harsha was an emperor who ruled over most
of northern India from 606 to 647 CE. He was the last
great ruler of the classical period of Indian history. He
was known for his military conquests, administrative
reforms, cultural achievements, and religious tolerance.
His capital was Kannauj, which is situated in Uttar
Pradesh. Kannauj was a prosperous and cosmopolitan
cily that attracted many visitors and dignitaries from
India and abroad.

D. Pandya: The Pandya dynasty was one of the oldest
and longest-lasting Tamil dynasties that ruled over the
southern tip of India from the 6th century BCE to the
16th century CE. They were known for their maritime
trade, naval prowess, and patronage of literature and
culture. Their capital was Madurai, which is also located
in lamil Nadu. Madurai was famous for its Meenakshi
Yemple, which is dedicated to the goddess Parvati and
her consort Shiva."
88,Who of the following was the first woman ruler of medieval India?,Raziyya Sultan,Chand Bibi,Durgavati,Noorjahan,U.P.P.C.S.(Mains),2004.0,a,"Exp) Option a is the correct answer.

Raziyya Sultan, was the first woman ruler of medieval

India, Also known as Razia Sultana, she ruled the Delhi

Sultanate from 1236 to 1240. As the daughter of Sultan

Shamsuddin Ututmish, Razia demonstrated her capabilities

while administrating Deihi in her father’s absence. Though

her ascension faced challenges, she cffectively wielded
power, appointing nou-Turkic officers. Her reign ended in

1240 after being deposed by nobles.

| Important Tips |

Razia Sultana (1236 — 1240):

;¢ Raziya claimed the throne of Delhi by deposing her
| half-brother Ruknuddin Feroz.

« She became the first Muslim woman ruler in Indian
history.

¢ She appointed Yakut, an African (Abyssinian) slave,
to oversee the cavalry.

o Her rule led to friction with the Chahalgani, a group

of 40 nobles.
;e She married Altuniya, the governor of Bhatinda.

° Both Razia and Altuniya were eventually killed ina
coup orchestrated by the Chahalgani.

« Razia defied convention by discarding female attire,
adopting male clothing, participating in hunting,
and leading the army, which stirred resentment
among the Turkish nobles."
89,Which of the following South Indian state was famous for its naval power:,Chola,Chera,Pallava,Rashtrakuta,U.P.P.C.S.(Pre),2004.0,a,"Exp) Option a is the correct answer.
The Chola dynasty was one of the most powerful and
influential empires in South Iidian history, which ruled
over southern India and Sri Lanka from the 9th to the 13th
century CE. Yhe Cholas were not only a dominant force
in India, but also a maritime power that extended their
influence on Southeast Asia. The Cholas had a strong and
well-organized navy, which was used for both trade and
warfare. The Chola navy was composed of various types of
ships, such as merchant ships, warships, patrol boats, etc. The
Chola ships were built with advanced technology and design
and were capable of sailing long distances and carrying heavy
loads. The Chola navy also had skilled and brave sailors, who
navigated the seas with the help of astronomy and geography."
90,Which one of the following rulers from Central Asia conquered North India 1192?,Jalaluddin Mankbarni,Mahmud of Ghazni,Shihabuddin Muhammad Ghori,Gengh Khan,U.P.P.C.S.(Mains),2004.0,c,"Exp) Option c is the correct answer.
Mwizz ad-Din Muhammad, known as Shihabuddin
Muhamuinad Ghori, was the ruler from Central Asia who
conquered North India in 1192. He led the Ghurid Empire
and invaded the Indian subcontinent. His conquest marked
the establishment of Muslim rule in the region. Muhammad
Ghori defeated Prithvi Raj Chauhan in the Second Battle
of Tarain, capturing and executing him. This victory paved
the way for the establishment of the first Muslim kingdom
rule over Ajmer and Delhi, marking a significant turning
point in Indian history.

Important Tips

Muhammad Ghori:

«* Mizz ad-Din Muhammad, known as Muhammad of
Ghori, was the Sultan of the Ghurid Empire from
1173 to 1206. He played a pivotal role in establishing |
Muslim rule in the Indian subcontinent.

* Ghurid Independence: Muhammad of Ghor led
the Ghurids to break free from Ghazni’s control,
establishing theic independent power.

| « Conquests; He captured Punjab from Khusro Malik |
| and defeated the Ghaznavid ruler Bahram Shah,
; extending his influence. |
|. Territorial Expansion: Under his rule, the Ghurids |
| conquered important regions including Multan, |
Uchch, Peshawaz, Lahore, and Sialkot.
| o Battles of Tarain: The battles against Prithviraj
Chauhan were crucial. In the first battle, Ghori |
| suffered defeat, but he regrouped and emerged |
victorious in the second battle (1192), establishing
| Muslim dominance in North India. |
|* Battle of Chandawar: In 1194, Muhanmad Ghoti |
led 50,000 cavalry across the Jamuna, clashing with |
| Jaichandra’s forces at Chandawar near Kannauj. ,
fierce batile ensued, Jaichandra nearly prevailing until
his death led to his army’s complete defeat. |
| e Expansion into Bihar and Bengal: Muhammad Ghori’s |
conquests extended into Bihar and Bengal, expanding |
his control in the Ganga-Yamuna doab region. |
| « Expedition to Assam: An ambitious expedition into ,
Assam resulted in defeat due to harsh conditions and
resistance from the local forces. |
e Weath: Muhammad Ghori’s life ended tragically when
| he was fatally stabbed by his own amir while he was
___ critically ill in 1206. |"
91,Which Sultan introduced new Department “Aamir-e-Kohi”?,Alauddin Khalji,Firuz Shah Tughlaq,Muhammad-Bin-Tughlaq,Sikandar Lodhi,U.P.P.C.S.(Spl) (Mains),2004.0,c,"Exp) Option c is the correct answer.
Muhammad Bin Tughluq, the ruler of the Delhi |
Sultanate, introduced the new department “Aainir-e-
Kohi” to focus on agriculture. This department aimed to
improve agricultural practices and enhance agricultural |
productivity. Muhammad Bin ‘Tughluq established a
model farm under the state, covering a significant area, |
and invested substantial resources in modern farming
techniques. Despite the eventual failure of this experiment
due to corrupt officials and inefficient implementation,
it set a precedent for agricultural experimentation and cash
cropping during his reign."
92,The transfer of capital from Delhi to Daulatabad was ordered by:,Sultan Firuz Tughlaq,Sultan Ghiyasuddin Tughluq,Sultan Mubarak,Sultan Muhammad-Bin-Tughluq,U.P.P.C.S.(Pre),2004.0,d,"|
Exp) Option d is the correct answer.
The transfer of the capital from Delhi to Daulatabad
was ordered by Sultan Muhammad Bin Tughlaq in £326,
He aimed to centralize administration and connect
the northern and southern regions. Despite building
infrastructure, establishing a postal service, and providing :
support, the move faced challenges. Plague outbreaks,
citizen dissatisfaction, and revolts undermined its success.
By 1335, due to deteriorating conditions, the capital was 1
moved back to Delhi. The shift’s failure was attributed
to logistical difficulties, public discontent, and an ’
underestimation of regional complexities. (

Important Tips
Transfer of capital- 1326-27 CE:
Muhammad Bin Tughlagq’s decision to shift the capital |
from Delhi to Daulatabad in 1326-27 was driven by several , :
key factors and faced subsequent failure: ,
s Reasons for Capital Transfer:

e Central Location: Tughlaq aimed to establish
Daulatabad as a secondary capital to exert better
control over the southern territories. He believed
it was centrally located, equidistant from
significant areas like Delhi, Gujarat, Lakhnauti,
Telangana, and Dwarasamudra.

« Punitive Measure: Responding to alleged abusive
letters from Delhi, Tughlaq sought to penalize the :
city’s populace by depriving them of the capital. :
This is corroborated by Ibn Battuta and supported
by Isami. | 1

¢ Defense Against Mongols: Concerns about Mongol | :
invasions influenced the move. Daulatabad’s | :
distance from the northwest frontier was seen as
advantageous for protection.

» Sonthern Revolt: Tughlaq’s transfer aimed to
quell a significant uprising in the South and
consolidate contro! over the region.

o Aesthetic Appeal: Tughlaq’s attraction to
Devagiri’s beauty, possibly influenced by poets like
Amir Khusrau, played a role. .

e Failure of the Policy: .

e Dissatisfaction and Discontent: The gencral :
population of Delhi was largely opposed to the
relocation, and many citizens faced hardships |
during the journey due to hunger and exhaustion. |

e Plague Outbreak: During the process, an outbreak
of bubonic plague occurred, affecting both Tughlag
and his soldiers.

e Revolts and rebellions: Revolts and rebellions
further destabilized the sultanate’s control over
certain regions. ,

¢ Flawed Approach: Historians suggest Tughlaq
erred by mass shifting. Moving only the court
might have been wiser.

o Return to Delhi: By 1335, ‘lughlaq decided to shift
the capital back to Delhi due to the deteriorating
situation, This allowed citizens to return fo their
original city, ‘"
93,For the first time the token currency was introduced in India by:,Akbar,Alauddin Khalji,Bahlul Lodhi,Muhammad-Bin-Tughlaq,U.P.P.C.S.(Spl) (Mains),2004.0,d,"xp) Option d is the correct answer.

Avhammad Bin Tughluq was the ruler who introduced

he concept of tuken currency in India. In 1330, faced
vith financial constraints after a failed expedition, he

ssued coins made of brass and copper with a nominal

alue equal to that of gold and silver coins. This form of

urrency, known as token currency, aimed to save precious .

metals like gold and silver and introduce more money in
cixculation, [lowever, it resulted in a devaluation of coins,
disrupted trade, and led to confusion between official
and counterfeil coins, The token currency experiment was
short-lived and was abandoned by 1333 due to its negative
impact on the economy and trade.

Important Tips

Chronology of events during Muhammad Bin Tugluqh’s

reign:

« Conquest of Warangal (1323): Before ascending the
throne, Muhammad bin Tughlug successfully laid siege |
to the Kakatiya capital in Warangal in 1323, marking
the end of the Kakatiya dynasty.

|+ Accession to the Throne (1325): Muhammad bin
Tughluq became the Sultan of Delhi in February 1325
| following the death of his father, Ghiyasuddin Tughlaq.

« Transfer of the Capital to Daulatabad (1327): In |
1327, he ordered the capital of the Delhi Sultanate °
to be moved from Delhi to Daulatabad (also known j

| as Devagiri) in the Deccan region. This decision had
| significant consequences for the empire.

e Token Currency Experiment (1330-1333): In 1330,
he introduced a token currency made of brass and
copper with values equal to gold and silver coins. This
move was aimed at addressing financial challenges but
resulted in economic disruption and loss of trust in the |
currency.

¢ Expedition to Himachal (1333): In 1333, Muhammad
bin Tughlug led an expedition to the Kullu-Kangra
region of modern-day Himachal Pradesh but faced

resistance from local rulers and ultimately retreated.

« Return of the Capital to Delhi (1335): Due to various
challenges, including revolts and logistical issues, he |
decided to shift the capital back from Daulatabad to |
Delhi in 1335.

¢ Death (1351): Muhammad bin Tughlug died in 1351 |
while campaigning in Sindh against the ‘laghi tribe. |"
94,Who was the first Sultan of Delhito participate in the public celebration of Holi?,Firuz Shah Tughlaq,Muhammad-Bin-Tughluq,Sikandar Lodhi,Ibrahim Lodhi,U.P.P.C.S.(Spl) (Mains),2004.0,b,"Exp) Option b is the correct answer.

Muhammad Bin Tughluq was the first Sultan of Delhi
to participate in the public celebration of Holi. His
fascination with the festival led him to adopt it as a court
celebration, marking him as possibly the first Muslim
ruler to embrace Holi. This gesture of participating in Holi
festivities contributed to his goodwill, which even outlasted
his reign and extended to his successor, Firoz Shah Tughlag."
95,Which Sultan of Delhi established a ‘Translation Department’ to help both communities to understand each other’s ideas better:,Alauddin Khalji,Firuz Tughlaq,Iltuimish,Sikandar Lodhi,U.P.P.C.S.(Spl) (Mains),2004.0,b,"Exp) Option b is the correct answer.

Firoz Shah Tughlaq, the Sultan of Delhi, established a
‘Translation Department’ with the intention of fostering
better understanding between different communities.
Under his rule, Hindu religious works were translated from
Sanskrit to Persian and Arabic, promoting intercultural

exchange. Firoz Shah’s efforts to facilitate communication
and comprehension between different tinguistic and
religious groups showcased his commitment to fostering
harmony and mutual understanding among the diverse
population of his kingdom."
96,The Gurjar-Pratiharas dynasty was founded by:,Nagabhatta I,Vatsraj,Harshvardhana,Mihir Bhoja,U.P.P.C.S.(Pre),2003.0,a,"Exp) Option a is the correct answer.
Nagabhata I founded the Gurjara-Pratihara dynasty
around 730 CE, ruling northern India from Ujjain. He
repelled an Arab invasion and expanded his control over
the Avanti region. He was defeated by Rashtrakuta ruler
Dantidurga but potentially regained power afterward.
His legacy includes military achievements, disputed
connections in inscriptions, and the Gurjara-Pratihara
title, though rulers may not have been from the Gurjara
tribe."
97,"Find out the two main currencies of the Sultanate period from the code given below:
1.Dam
2.Jital
3.Rupiya
4.Tanka
Code:",1 and 2,l and 3,2 and 3,2 and 4,U.P.P.C.S.(Pre),2001.0,d,"Exp) Option d is the correct answer.
The two main currencies of the Sultanate period were Tanka
and Jital, introduced by the Iltutmish. Some smaller
currencies were also in circulation, Baruni mentions Dangs
and Dirams in use at the capital Delhi. The equation between
these currencies in the north has been worked out as:
1 silver tanka = 48 jital = 192 dangs = 480 dirams
Important Tips |
A Dam was a small Indian copper coin. This coin was
first introduced by Sher Shah Suri during his rule of India
between 1540 and 1545. He also used Rupiya which was a
[the silver and Mohur, a gold coin."
98,The game of Polo was introduced in India by-,Unani,Britishers,Turks,Mughals,U.P.P.C.S.(Pre),2001.0,c,"Exp) Option c is the correct answer
The game of polo was introduced in India by the Turks
in the 13th century. It was originally called Chaugan in
India. The game was played on horseback with a long-
handled mallet and a small ball. It was a very popular game
among the Mughals, and Akbar the Great was a keen player.
Important Tips
e In 1210, Qutb ud-Din Aibak died instantly in Lahore
while playing chougan, a horseback polo, after falling
from a horse and being fatally pierced by the saddle’s
pommel. He was buried in Lahore near the Anarkali
j Bazaar,"
99,Who among the following issued silver coins with Sanskrit legend on one side?,Iltuimish,Balban,Alauddin Khalji,Firuz Shah Tughlaq,U.P.P.C.S.(Pre),2000.0,b,"Exp) Option b is the correct answer.
Mahmud of Ghazni held the distinction of being the
first Muslim ruler to issue silver coins with a Sanskrit
legend on one side. These remarkable coins, dating back to
the 11th century, featured the legend “Sri Madhava” (Sri
Krishna) alongside Arabic inscriptions on the obverse and
reverse sides, respectively. he presence of Sanskrit legends
alongside Arabic inscriptions showcased the influence of
both Islamic and local traditions during Mahmud’s reign."
100,,,,,,,,d,".
Exp) Option d is the carrect answer.
Firuz Shah ‘Tughlaq established the Public Works
Department in the Delhi Sultanate, focusing on
infrastructure development through canal, well, and
road construction. His efforts aimed to improve public
welfare, earning him the title ‘Sultan of Constructions’.
The department managed vital projects like roads, bridges,
and canals. ‘To attract skilled workers, Firuz Shah offered
competitive wages and benefits, ensuring the success of
these extensive endeavors for enhancing public facilities and
transportation."
101,Who among the following is credited with initiating a new Samvat,Dharmapala,Devapala,Vijayasena,Lakshmanasen,U.P.P.C.S.(Pre),1999.0,d,"Exp) Option d is the correct answer.
The Lakshmana Era, a new samvat, was initiated by
Lakshmana Sena, a ruler of eastern India from 1178 to
1206. This year-numbering system is believed to have
started around 1118-1119 AD, sixty years before the
beginning of Lakshmana Sena’s rule. The exact reason for
selecting this particular year is debated among historians,
with some suggesting it might be Lakshmana Sena’s birth
year. The era’s start has been deduced from various sources,
including Abul Fazl’s Akbarnama and dates mentioned
in Sanskrit, Bengali, and Maithili manuscripts, as well
as copper-plate inscriptions. This era was used in Bengal
and Bihar for dating purposes in manuscripts and historical
records for several centuries.
[ iunportant Tips |
| Prominent Kings of Sema Dynasty: |
| The Sera Dynasty, raling Reugal from c. 1097 to 1225 CE, |
“held significant influence with key rulers: |
| Vijsya Sena (c. 1085-2158 CE): |
ie FHounder of the dynasty, ruled over 60 years, restoring
| peace and prasperily.
© Consolidated power in western Bengal, assuming
independence from the Palas.
| » Conquered Vanga, defeating Bhojavarman.
° Notable capitals: Vikrampura and Vijaypura. :
* Complemented by poet Srihacsha’s “Vijay Prasasti” |
| and Umapati Dhara’s Deopara inscription.
Ballal Sena (c.1158-1179 CE):
¢ Consolidated kingdom, including parts of Bihar and
Mithila. ;
° Revived orthodox Hindu practices, linked with
| Kulinism.
e Promoted clese social ties with South India,
marrying Ramadevi of Western Chalukya Empire.
« Authored “Danasagara” and “Adbhutsagara.”
Lakshmana Sena (c.1178-1207 CE):
1!» Reached zenith of military prowess, expanded empire
; to Assam, Odisha, Bihar, and possibly Varanasi. :
Saves

¢ Defeated Jayachandra of Gahadavala dynasty.
« Devout Vaishnav, titled Paramvaishnava, and
attracted notable poets to his court. ;
2 Oversaw cultural growth and learning, completed
“Adbhutsagara.”
(e Later faced territorial disintegration and invasions :
by Central Asian Islamic forces."
102,Who among the following granted financial aid for the restoration of a demolished mosque in Khambhat?,Chamundaraya,Jayasimha Siddharaja,Kumarapala,Mahipaladeva,U.P.P.C.S.(Pre),1999.0,b,"Exp) Option b is the correct answer.
Jayasimha Siddharaja, a ruler of the Chaulukya dynasty,
granted financial aid for the restoration of a demolished ,
mosque in Khambhat. Jayasimha was known for his
religious tolerance and impartiality towards various sects ,
and religions. He extended his support to rebuilding the
mosque after communal clashes in Khambhat led to its
damage. This act of generosity, as documented by the Muslim
author Minhaj-i-Siraj in his book Tabaqat-i-Nasiri, reflects
Jayasimha Siddharaja’s commitment to fostering harmony
among different religious communities and his dedication to
promoting coexistence and understanding."
103,Who among the following had built the Sompura Mahavihar?,Kumaragupta-I,Harsha,Dharmapala,Vijasena,U.P.P.C.S.(Pre),1999.0,c,"Exp) Option c is the correct answer.
The Sompura Mahavihar was built by Dharmapala. This ‘
8th century Buddhist monastery is located in Paharpur,
near Rajshahi in northwestern Bangladesh. It covers
around 27 acres of land and is one of the largest monasteries
south of the Himalayas. It served as a significant intellectual
center occupied by Buddhists, Jains, and Hindus. Despite the
challenges of history, it survived and was recognized for
its cultural value, eventually becoming a UNESCO World ;
Heritage site in 1985.
Important Tips
Dharmapala (c. 770-810 CE), Pala king:
e Initially faced defeats from Pratiharas and Rashtrakutas
but later expanded Pala empire in northern India.
¢ Bengal and Bihar under direct rule; sovereignty
recognized by rulers in west, south India, Tibet.
« Defeated by Pratihara king Nagabhatta II] near
Mongbyr.
e Founded Vikramshila monastery, attracted students
from india, Tibet, translated texts to Tibetan.
e Established Somapuri monastery, granted 200
villages to Nalanda University.
¢ Scholar Santarakshita under his reign united
Nagarjuna’s Madhyamaka, Asanga’s Yogacara,
Dharmakirti’s thought,
e [Introduced Buddhism, Sarvastivadin monastic
ordination to Tibet. Shantarakshita established the
Samye monastery in Tibet, which became the center
of Tibetan Buddhism."
104,"Consider the following statements:
Assertion (A) Alauddin’s Deccan expeditions were financial ventures.
Reason (R): He wanted to annex the Deccan States
Code:","Both (A) and (R) are true, and (R) is the correct explanation of (A).","Both (A) and (R) are true, but (R) is not the correct explanation of (A).","(A) is true, but (R) is false.","(A) is false, but (R) is true.",U.P.P.C.S.(Pre),1997.0,c,"Exp) Option c is the correct answer.

Assertion (A) is true: Alauddin Khalji’s Deccan policy
was driven by the pursuit of wealth, strategic gains, and
power consolidation. Expeditions led by commanders like
Malik Kafur aimed to acquire vast treasurcs from kingdoms
like Devagiri, Warangal, and Hoysala. Tribute collection,
economic relief, and showcasing military might were key
motives, enhancing Delhi Sultanate’s resources and influence
in southern territories.

Reason (R) is False: Alauddin Khalji did not want to
annex the Deccan states. While he did conduct military
expeditions in the Deccan, his primary goal was to extract
wealth and establish tributary relationships, not outright
annexation, The expeditions were motivated by financial
gains, strategic influence, and consolidation of power rather
than full territorial absorption."
105,Which one of the following dynasties saw the heyday of the Wizarat?,The Ilbari,The Khalji,The Tughlaq,The Lodhi,U.P.P.C.S.(Pre),1997.0,c,"Exp) Option c is the correct answer.

The heyday of the Wizarat was during the Tughlaq dynasty,
when the wazir wielded too much power and prestige.
The most notable wazirs of this period was Muhammad
bin Tughluq’s wazir, Hasan Nizami. These wazirs were
responsible for the expansion of the Delhi Sultanate and the
implementation of important reforms. However, the power
of the wazir also led to corruption and instability, which
eventually contributed to the decline of the Tughlaq dynasty."
106,Zawabits were concerned with:,State laws,Law regulating mansab system,Laws regulating mint house,Agricultural taxes,U.P.P.C.S.(Pre),1997.0,a,"Exp) Option a is the correct answer.

The sultans of Delhi enforced the Sharia laws and also
appointed the Ulema to enforce them. They also formulated
their own state laws called zawabits to bring in a practicality
in solving disputes involving the people."
107,"Match list-I with list-II and select the carrect answer using the codes given belaw the lists:
list-I      list-II
A.Firuz Tughlaq   1.Diwan-i-Riyasat 
B.Balban          2 Nawroz 
C.Alauddin        3.Construction of Canals
D.Jahangir        4.Sir Thomas Roe
Code: 
ABCD",1 2 3 4,3 2 1 4,4 1 2 3,4 3 2 1,U.P.P.C.S.(Pre),1997.0,b,"Exp) Option b is the correct answer

Firuz Tughlugq was the third ruler of the Tughlag dynasty and
ruled from 1351 to 1388. He is known for his architectural
and irrigation projects, as well as his efforts to promote
social welfare and religious tolerance.

Ghiyas ud-Din Balban was a powerful ruler of the Delhi
Sultanate from 1266 to 1287. He is known for his strict and
authoritarian rule and his efforts to centralize power in
the Sultanate. Nauroz, the Persian New Year marking the
arrival of spring, was instituted by Ghiyas ud din Balban.
Subsequently, Mughal Emperor Aurangzeb terminated the
observance of this festival.

Alauddin Khilji was the ruler of the Khilji dynast from
1296 to 1316. He is known for his military conquests and
administrative reforms, including the introduction of the
market control system. He created a separate department
called Diwan-i-Riyasat under an officer called Naib-
i-Riyasat. Its primary function was to implement the
economic regulations issued by the Sultan and control the
markets and prices.

Jahangir was the fourth Mughal emperor of India and ruled
from 1605 to 1627. His reign was known for its cultural
and artistic achievements, and he was a patron of the arts.
Jahangir received Sir Thomas Roe, an English ambassador
sent by King James I, at his court. Sir Thomas Roe’s visit
aimed to establish trade relations between England and the
Mughal Empire."
108,"Match list-I with list-II and select the correct answer using the codes given below the lists:
A.Akbar              1.Sadak-I-Azam
B.Muhammad Tughlaq   2.Chahalghani nobles 
C.Iltutmish          3.Ain-i-Dashala
D.Sher Shah         4.Token currency

Code: 
ABCD",1 2 3 4,3 4 2 1,2 3 1 4,4 1 3 2,U.P.P.C.S.(Pre),1997.0,b,"Exp) Option b is the correct answer

¢ Sadak-I-Azam was the term used by Sher Shah Suri
for the Grand Trunk Road. The Grand Trunk Road,
also known as Uttarapath is among Asia’s oldest roads,
connecting Central Asia to the Indian subcontinent
for over 2,500 years. Extending about 2,400 km, it spans
from Teknaf, Bangladesh, to Kabul, Afghanistan, passing
through significant cities in Bangladesh, India, and
Pakistan.

« Chahalghani nobles were a group of forty leading
Turkish nobles during the reign of tutmish.The Corps
of Forty (lurkan-e-Chahalgani), initiated by Itutmish,
comprised 40 Turkic slave emirs who aided Delhi
Sultanate’s governance. They influenced succession
and rule, eventually controlling sultans. Sultan Balban
dismantled their power, leading to their downfall. This
vacuum enabled the rise of the Khalji faction, leading to
their overthrow and dispersal.

¢« Ain-i-Dahsala was Akbar’s land revenue system.
Akbar’s Dahsala System, introduced by Raj Todar Mal,
streamlined land revenue across regions like Lahore to
Allahabad. Jt employed precise measurements with the
Bamboo Jarid method and classified lands into categories
like Polaj (regularly cultivated), Parauti (recovery),
Chachar (intermittent), and Banjar (unused). Grades
determined revenue, with one-third share to government,
collected in cash or crops, aiding farmers with loans and
exemptions in poor yields. Records were established
through receipts.

* Token currency was introduced by Muhammad
Tughlug during his rule. Muhammad bin Tughluq’s
coinage policy included varied coins with imperfect
design. In 1330, he issued brass and copper tokens of
equal value to gold and silver coins. This step aimed
to fund territorial expansion, yet caused devaluation,
disrupting trade. Token currency ceased by 1333 due to
confusion and counterfeiting."
109,Who brought two Ashoka Pillars to Delhi from Topra and Meerut?,Alauddin Khalji,Firuz Shah Tughlaq,Muhammad Ghori,Sikandar Lodhi,U.P.P.C.S.(Pre),1996.0,b,"Exp) Option b is the correct answer.

Firoz Shah Tughlaq displayed a keen interest in history,

architecture, and public welfare projects. During his rule,

he brought two Ashoka Pillars to Delhi from Topra and

Meerut. These monolithic pillars had remained undeciphered

until then. Firoz Shah was captivated by their significance

and decided to relocate them to his Feruzabad palace in

Delhi. One pillar was erected near the Friday mosque in

Feruzabad, and the other was placed on the ridge near

Pir-Ghaib, his hunting palace. The Delhi-Topra Pillar, now

located at Feroz Shah Kotla, stands 13 meters tall and is made

of sandstone. Firoz Shah’s actions showcased his dedication
to preserving historical artifacts and enhancing the cultural
heritage of Delhi."
110,‘Sharb’ was a tax levied on:,Trade,Irrigation,Non-Muslims,Industry,U.P.P.C.S.(Pre),1996.0,b,"Exp) Option b is the correct answer.
Firoz Shah Vughlaq was the first Sultan to impose Ilaque-i-
Sharb or Hasil-i-Sharb. They were water or irrigation tax.
He got constructed a number of canals and also set up a
separate department of public works.
Important Tips
Firoz Shah Tughlag made the Jizya> as a separate tax: |...
Earlier it was collected along with land -e venue, This move | >
| was to the support Muslim ulemas ond consolidaté nis
power. Later it was abolished by Axbar in 1564. ~"
111,Which of the following was special feature of Chola administration:,Division of empire into mandalam.,Autonomy of village administration.,Full powers to Ministers of State.,Cheap and proper tax collection method.,U.P.P.C.S.(Pre),1995.0,b,"Exp) Option b is the correct answe:.
The most distinguishing feature of the Chola administrative
system was village autonomy. The Chola village
adininistration was very well developed and systematic. The
assemblies of the villages of Chola inscriptions described
as the “Ur” and “Sabha”. The village assemblies possessed
absolute authority over the affairs of villages. They
maintained law and order in every village. They regulated
pubsic markets and helped people at times of famine and
floods. The village assemblies were in charge of the payment
of taxes due froin the villages to the treasury."
112,"Consider the following statement connected with Alauddin Khalji:
1.He collected revenue by measuring the cultivated land.
2.He enforced revenue measures in his entire empire.
3.He abolished the powers of provincial Governors.

Select the correct answer from the coding scheme given below:",l and 2,2 and 3,1 and 3,"1,2 and 3",U.P.P.C.S.(Pre),1994.0,c,"Exp) Option c is the correct answer,
Statement J is correct: Alauddin Khalji implemented a
revenue system that involved measuring cultivated land
for taxation. This method, known as measurement-based
taxation, required Jandowners to pay a fixed land tax (khavaj)
proportional to the size of their cultivated land, contributing
to his centralized revenue administration and control.
Statement 2 is incorrect: His revenue reforms primarily
focused on the northern parts of India, particularly
the Ganga-Yamuna Doab region. While he introduced
significant changes in these areas, his reforms were noi
uniformly applied across his entire empire.
Statement 3 is correct: He centralized revenue collection
and administration, taking away the landed properties of
courtiers and nobles and canceling revenue assignments.
This centralization aimed to ensure tighter control over
revenue coilection and reduce the power of local authorities.
Important Tips |
Alauddin Khalji’s Revenue Reforms:
le Centralized Control: He cancelled revenue |
assignments held by courtiers and nobles, bringing |
thei under central authority.
Il. Land Tax: Introduced a $0% kharaj tax on agricultural
| : . !
1 produce, the main source of revenue.
| o Elimination of Intermediaries: Collecting kharaj
directly from cultivators, removing intermediaries like .
io Hindu rural chiefs.
Fircrpen east

|. Tax Based on Land Area: Tax proportional to land |
size; wealthy villages paid more. |
| ¢ Suppression of Chicfs: Stripped rural chiefs of wealth |
and power, projecting himself as protector of weaker
rural population.
| « Strong Administration: Set up efficient revenue !
administration with audited accounts and severe | ,
| punishment for bribery. ‘9 |
| ° Additional Taxes: Imposed jizya on non-Muslims, | }
levied taxes.grivesidences and grazing. |
: Spoils of War: Demanded four-fifths of soldiers’ !
is, S spoils instead of traditional one-fifth share. ,
«© Alauddin’s eeforms aimed to ensure revenue for
| his army, centralize control, and reduce resistance, |
: profoundly influencing taxation in northern India for

centuries, |"
113,"In whose tenure, 72 traders were sent to China?",Kulottunga-I,Rajendra-I,Rajaraja-I,Rajadhiraja-I,U.P.P.C.S.(Pre),1992.0,a,";
Exp) Option a is the correct answer,
Kulottunga Chola (also spelt Kulothunga; r. 1070 - 1122
CE) was an Ll th-century monarch of the Chola Empire. He
sent 72 traders to China. He was one of the sovereigns who
bore the tithe Kulottunga, literally meaning the exalter of his
race. He did not belong to the main line of Cholas bul was
rather a prince of the Eastern Chalukya dynasty. His mother
was a Chola princess and the daughter of emperor Rajendra
Chola |. His accession marked the beginning of a new era
and ushered in a period of internal peace and benevolent
ediministration."
114,"In which region, the Chola empire was expanded?",Vijayanagara Area,Malabar Coast,Hoysala,Coromandel Coast and some region Deccan,"U.P.P.C.S, (Pre)",1991.0,d,"Exp) Option dis the correct answer.
The Chola empire was based in the Kaveri River valley,
which runs southcast through Karnataka, Tamil Nadu, and ‘
the southern Deccan Plateau to the Bay of Bengal. At its .
height, the Chola empire controlled not only southern India
and Sri Lanka, but also the Maldives and parts of Southeast
Asia. The Chola dynasty was one of the Tamil dynasties ]
in southern India and one of the Three Crowned Kings of
lamilakam, along with the Chera and Pandya. The Chola
empire was at its peak and achieved imperialism under the
Medieval Cholas in the mid-9th century CE."
115,Most of the rulers (amirs) and sultans of Sultanate period belonged to the class-,Turkish,Mongols,Tatars,Arabs,U.P.P.C.S.(Pre),1991.0,a,"Exp) Option a is the correct answer.
Most of the suitans of Delhi Sultanate and nobles were Turkish
in origin, even though they bear different designations. The
first hundred years of the Delhi Sultanate was clearly a
period of Turkish supremacy, ruled by groups that regarded
chemselves as Turks, and heirs of a definite cultural and
historical tradition. During this time they produced not
only three great rulers, Ututmish, Balban and Aja-ad-din
Khaipi, but also a greai poet Amis Kihusrau."
116,Where was the capital of Chalukyas located?,Vatapi,Shravasti,Kanchi,Kannauj,U.P.P.C.S.(Pre),1991.0,a,"Exp) Option a is the correct answer.
The capital of Chalukyas was Vatapi or Badami, which is
located in the modern state of Karnataka. ‘The Chalukyas

reese FCAT. 42.3. 2. £1,

were a powerful dynasty that ruled over large parts of
southern and central India from the 6th to the 12th
centuries. They had different branches and capitals, such as
the Eastern Chalukyas of Vengi and the Western Chalukyas
of Kalyani, Aihole, another city in Karnataka, was the first
capital of the Chalukyas and is known as the birthplace of
Indian architecture"
117,Who was the court historian of Mahmud of Ghazni?,Hassan Nizami,Utbi,Pirdausi,Chand Bardai,U.P.P.C.S.(Pre),1991.0,b,"Exp) Option b is the correct answer.

The court historian of Mahmud of Ghazni was Utbi.
Abu Nasr Muhammad ibn Muhann ed al Jabbaru-I “Utbi, —
commonly known as Al-Utbi, wes he historian, who
served as Mahmud of Ghazui’s sec. e.a'y and chronicled
the history of Mahmud’s reign. Al-Utb vrote the Tarikh
Yamini, a historical work in Aradic, wr' cu covers the reigns
of Sebuktigin and Mahmud, detailing cl eir expeditions and
conquests.

| Important Tips

Famous court historian:

e Hasan Nizami, a Persian poet and historian of the
12th-13th centuries, migrated from Nishapur to
Dethi, during the rule of Qutb al-Din Aibak,. He
authored “Tajul-Ma’asir,” the first official history of
the Delhi Sultanate. His ornate style, influenced by

| Arabic prose and poetry, painted a detailed account

. of Muslim conquests in India, despite occasional
imaginative embellishments. The work highlighted
Qutb al-Din Aibak’s achievements, starting with the
Second Battle of Tarain.

« Chand Bardai, an Indian poet, penned “Prithviraj
Raso,” an epic in Brajbhasa depicting Chahamana
king Prithviraj Chauhan’s life. The poem, portraying
Bardai as Prithviraj’s court poet, narrates the defeat at
the Second Battle of Tarain and an unsupported tale of
Bardai aiding Prithviraj’s revenge against Muhammad

[__of Ghoti. -"
118,Which slave of Muhammad Ghori conquered Bengal and Bihar?,Qutbudin Aybak,Iltutmish,Bakhtiyar Khalji,Yaldauj,U.P.P.C.S.(Pre),1991.0,c,"Exp) Option c is the correct answer.

Bakhtiyar Khalji, a Turko-Afghan military general and
a slave under Muhamimad Ghori, conquered Bengal
and Bihar. He led the Ghurid Empire’s military force
to conquer eastern India in the late 12th and early 13th
centuries. Bakhtiyar Khalji’s campaigns resulted in the
subjugation of Bihar and the establishment of his rule in
Bengal. Bakhtiyar Khalji is known for founding the Khalji
dynasty of Bengal, which ruled from 1203 to 1227 CE. His
invasions had significant impacts on the region, leading to
the displacement of Buddhism and the establishment of
Islamic rule in Bengal."
119,Who defeated Muhammad Ghori for the first time?,Bhima-II,Prithviraj Chauhan,Jai Chand,Prithviraj-II,U.P.P.C.S.(Pre),1990.0,a,"Exp) Option a is the correct answer.

Raja Bhimdev I! of solanki dynasty, who ascended the
throne in 1178 CE, defeated Muhammad Ghori for the
first time at the Battle of Kayadara in Mount Abu. This

victory was significant as it thwarted Ghori’s invasion of the
Chaulukya kingdom of Gujrat ( solanki raiputs}. Bhima II,
along with his mother Naikidevi, played a crucial role in this
triumph. In ¢.1195-97 CE, aa army led by Aibak, Ghori’s
deputy, invaded again, but Bhima H defeated Aibak again
and adorned himselt as Abhinav Siddharaj."
120,Who was the founder of Slave dynasty?,Iltuimish,Alauddin Khalji,Balban,Qutbuddin Aybak,U.P.P.C.S.(Pre),1990.0,d,"Exp) Option d is the correct, answer.
Qutbuddin Aybak was the founder of the Stave dynasty
in India. Hewas an Indian generai in the Ghurid army and
_ was. appointed as the commander of Ghurid territories in
-~porthern India by Muhammad Ghori. Qutbuddin Aybak
expanded Ghurid power in northern India by conquering
and raiding various kingdoms. After Muhammad Ghori’s
death, Qutbuddin Aybak faced challenges for control, but he
was ultimately successful in establishing the Delhi Sultanate.

[ Iinportant Tips

Qutb - ud - din Aibak (1206 — 1210)

« Qutbuddin Aybak, also known as Aibak, was a
slave (Mamluk) of Muhammad Ghori. The dynasty
he established is referred to as the Slave Dynasty or
Mamluk Dynasty.

¢ During his short reign of four years, Qutbuddin Aybak
primarily focused on internal consolidation of his rule.

« He commissioned the Quwwat-ul-Islam Mosque in |
Delhi, commemorating Islam’s victory in India.

¢ Qutbuddin Aybak also constructed the Adhai Din Ka
Jhonpra Mosque in Ajmer.

« The construction of the Qutub Minar was initiated
by him as a dedication to the Sufi saint Khwaja
Qutbuddin Bakhtiyar Kaki.

¢ Lahore was made the capital of his realm during his
rude.

je He earned the nickname “Lakh Baksh,” meaning
giver of lakhs, due to his generous distribution of
liberal donations. ; 7

e Coins were issued under Qutbuddin Aybak’s rule in
various metals—gold, silver, billon, and copper. He
notably stopped the practice of inscribing the name of !
the Abbasid caliph on these coins.

* Qutbuddin Aybak supported scholars such as Fakhr-
ud-Din, the author of Tarikh-I-Mubarak-Shahi, and
Hasan Nizami, who wrote Tajul-Maasir—the first
official history of the Delhi Sultanate.

« He met his demise in 1210 in |.ahore due to an accident
while playing chaugan, a horseback polo-like game."
121,Who among the following was the founder of Ghaznavid dynasty?,Alptigin,Mahmud,Sebuktigin,Ismail,U.P.Lower Sub.(Pre),2015.0,c,"Exp) Option c is the correct answer.

The founder of the Ghaznavid dynasty was Abu Mansur
Nasir al-Din Sabuktigin, He is also known as Sabuktagin,
Sabuktakin, Sebiiktegin, and Sebiik Tigin. He ruled from
around 977 to 997. Sabuktigin’s early life saw him as a slave,
but he later married the daughter of his master, Alptigin.

Alptigin had already established control over the region of
Ghazna (modern Ghazni Province in Afghanistan). It was
during the rule of Sabuktigin’s son Mahmud that the rulers
of Ghazni achieved ful] independence. After Alptigin’s
death, Sabuktigin became the ruler and expanded his
kingdoms territory by defeating Jayapala of Udabhandapura.
His conquests extended as far as the Neelum River in Kashinir
and the Indus River in present-day Pakistan,"
122,Which River was the lifeline of Pandya state?,Godavari,Krishna,Tungabhadra,Vengi,U.P Lower Sub.(Spl) (Pre),2010.0,d,"Exp) Option d is the correct answer. oo
The river that was the lifeline of the Pandya state was-the.
Vengi River. “ah
. Emportant Ties yoy
The Vengi, also known as the Vaigai, is 2 river that flows
through the Madurai and Sivaganga «districts of Tamil
Nadu. The Vengi was the main source of water, irrigation,
and transportation for the Pandyas, who ruled over the
southern tip of India from the 6th century BCE to the
16th century CE. The Vengi was also associated with
ithe religious and cultural life of the Pandyas, as it was
| considered sacred by the Hindus and Buddhists. The Vengi ;
witnessed many historical events and legends, such as the
| coronation of the Pandya kings, the marriage of Meenakshi
he Sundareswarar, and the visit of Agastya."
123,The capital of Cholas was-,Kaveripattinam,Mahabalipuram,Kanchi,Tanjore,U.P.Lower Sub.(Pre),2009.0,d,"Exp) Option dis the correct answer.
Tanjore, also known as Thanjavur, was the capital of the
Chola empire from the 9th to the 13th century CE. It was
founded by Vijayalaya Chola, who defeated the Pallavas and
captured the Kaveri delta. Tanjore was a center of art, culture,
and religion, and is famous for its Brihadeeswarar temple,
one of the largest and most magnificent temples in India.
The tempte was built by Rajaraja Chola J, who expanded the
Chola empire to its greatest extent.
Important Tips |
« Kaveripattinam: This was an ancient port city on the
Coromandel coast, near the mouth of the Kaveri River.
It was also known as Puhar or Poompuhar, and was a
| major trade center and naval base for the Cholas. |
e Mahabalipuram: This was another ancient port city
on the Coromandel coast, south of Chennai. It was also
known as Mainallapuram, and was ruled by the Pallavas
from the 4th to the 9th century CE. It is famous for its
! rock cut temples and sculptures, which depict scenes
from Hindu mythology and history. The most notable
| monuments are the Five Rathas, the Shore Temple, and
| the Descent of the Ganges. The city is also a UNESCO
World Heritage Site.
.o Kanchi: this was the capital of the Pallava kingdom |
from the 4th to the th century CE. It is also known as
| Kanchipuram or Kanchi Kamakoti Peethaim, and is one
of the seven sacred cities of Hinduism. It is renowned
PSEA"
124,Which Sultan of Delhi assumed the title of Alexander the Second-,Balban,Alauddin Khalji,Muhammad-Bin-Tughluq,Sikandar Lodhi,U.P.Lower Sub (Pre),2008.0,b,":
Exp) Option b is the correct answer. .
Alauddin Khilji, a Sultan of Delhi, adopted the title
“Sikandar-i-Sani,” which translates to “Alexander the
Second.” ‘this title was a reflection of his ambitious and
imperialistic nature. Alauddin aimed to expand his empire
and dominance, similar to. the conquests of Alexander the
Great. He sought to establish his rule on a vast scale and
proclaimed Delhiras the “Dar-ul-Khilata,” symbolizing his
aspitation for a caliphate-like authority.
‘ Oo ae"
125,The Sultans of which dynasty ruled the country for the longest period?,Khalji dynasty,Lodhi dynasty,Slave dynasty,Tughlaq dynasty,U.P.Lower Sub.(Spl) (Pre),2008.0,d,"Exp) Option d is the correct answer.
The Tughlug dynasty ruled over the Dethi Sultanate for
the longest period of 94 years from 1320 to 141 Following
the invasion of South Asia by the Ghurid dynasty, five ;
largely unrelated dynasties ruled over the Delhi Sultanate
sequentially:
+» The Maniluk dynasty (1266-1290, 84 years),
0 The Khalji dynasty (1290-1320, 40 years),
¢ The Tughlaq dynasty (1320-1414, 94 years), )
e The Sayyid dynasty (1414~1451, 37 years), and
e The Lodi dynasty (1451-1526, 75 years)."
126,"Which Sultan of Delhi had established a separate Agriculture Department and had
planned the rotation of crops?",lltutmish,Balban,Alauddin Khalji,Muhammad-Bin Tughluq,U.P.Lower Sub.(Pre),2008.0,d,"Exp) Option d is the correct answer,
Muhammad Bin Tughiaq, the ruler of the Delhi Sultanate,
established a separate Agriculture Department known as
Diwan-i-kohi or Aamir-c-Kohi, reflecting his understanding ;
of the importance of agriculture in revenue generation. This
department aimed to enhance agricultural productivity ,
by providing loans to cultivaturs and encouraging the
cultivation of superior crops. A significant area of land
was allucated for state farming, where crop rotation
techniques were implemented. However, this  well-
intentioned experiment ultimately failed due to factors like
poor land quality, corruption, and lack of sustained effort,
leading to its abandonment after three years.

Important Tips

Agricultural Reforms of Muhammad Bin Tughlaq:

e Establishment of Agriculture Department: |
Muhammad Bin Tughlaq established a dedicated |
departinent known as Diwan-i-kohi, responsible for
oversceing agricultural activities and implementing his
agricultural policies.

!

| eo Model Farming: A significant tract of land.,

i approximatcly sixty square miles in area, was selected
for state farming experiments. This land was used to
implement innovative agricultural practices and test
various crop cultivation techniques.

e Crop Rotation: One of the notable components was
the introduction of crop rotation methods. Different
crops were systematically sown in rotation on’ the

model farm to enhance soil fertility, mitigate pests and
| diseases, and improve overall agricultural yield.

¢ Loans to Cultivators: ‘The Diwan-i-kohi provided |
loans to cultivators to encourage the cultivation of
higher-quality crops. This financial support aimed to ;
incentivize farmers to adopt improved agricultural
practices and invest in their land. oe

|e Scientific Approach: Muhammad Ein Tughlaq’s reforms” P
demonstrated a scientific approach to agriculture, He ©

__ invested in research and experiinea.ationstd itentify

effective farming techniques that ccu'd be applied to
various regions.

« Financial Investment: The government allocated
significant funds for these agricultural experiments.
Over a period of three years, around seventy lakh
tankas were spent on the model farming initiative.

* Failure of agricultural reforms: Despite these well-
intentioned efforts, the agricultural reforms faced
challenges.

Issues like poor land quality, corruption among officials,

and lack of sustained commitment led to the failure of :

the initiative after three years."
127,"Consider the following statements:
Assertion (A): Mohd.Ghazni invaded India seventeen times.
Reason (R): He wanted to establish permanent Muslim Empire in India.
Select the correct answer from the given codes:","Both (A) and (R) are true, and (R) is the correct explanation of (A).","Both (A) and (R) are true, but (R) is not the correct explanation of (A).","(A) is true, but (R) is false.","(A) is false, but (R) is true.",U.P Lower Sub.(Spl) (Pre),2004.0,c,"Exp) Option c is the correct answer.
Assertion (A) is true; Muhammad Ghazni, was a Turkic
conqueror who ruled the Ghaznavid Empire from 998 to 1030
AD. Mahmud Ghazni made the very first attack on India in
1001. He attacked India 17 times in 25 years. He made his
last attack on the Somnath temple in 1025 to plunder the
gold.
Reason (R) is false: Mahmud’s primary objective for invading
India was not to establish a permanent Muslim Empire.
Instead, his expeditions were primarily driven by the desire
to amass wealth and riches through raiding and looting the
temples and cities of northern India. His invasions were
more about gaining material resources and expanding his
own treasury and power hase.

Important Tips
| Mahmud of Ghazni:

e Mahmud of Ghazni, son of Sabuktigin, was the first

| independent ruler of Ghazni.

+ Starting from 999 CE, Mahmud initiated Ghazi_
invasions, making his mark asa skilled military leader. |

- He battled Jayapala of the Pala Dynasty in 1001 CE
using cavalry and strategic military tactics. Jayapala
was defeated, and his capital, Waihind/Peshawar,
suffered heavy damage.

1
¢ Anandapal, Jayapala’s successor, resisted Mahmud’s
, forces near the Indus but was conquered in 1006 CE.

« Mahmud annexed Lahore in 1015 CE, expanding his
empire to the Jhelum River, and ever took over Multan
despite Anandapal’s alliance.

« Mahmud aimed to acquire wealth through expeditions
in the Gangetic plains, raiding the Ganga valley in
1019 and 1021 CE... °

« His intention wasn’t to expand his empire but to amass
wealth and neutialize\local power in the upper Ganga

| « He‘vaided the Somnath temple in Gujarat in 1025
Si! “CE, a significant raid among his conquests.
_* His desire to conquer Kashmir remained unfulfilled
i due to defeat in 1015 CE.

e Mahmud extended his empire in Iran and gained
recognition from the Khalifa in Baghdad.

« Mahmud passed away in 1030 due to malaria and
tuberculosis contracted during his expeditions."
128,Who was behind the dethroning of Razivya Begum?,Afghans,Mongols,Turks,Arabs,U.P.Lower Sub.(Pre),2004.0,c,"Exp) Option c is the correct answer.

The Turkic nobles were behind the dethroning of Raziyya
Begum. Razia’s increasing assertiveness and her appointment
of non-Turkic individuals to important positions created
resentment among the Turkic nobles. The relationship
between Razia and her trusted Abyssinian slave, Yaqut,
was also viewed with suspicion. In 1238-1239, Malik
Izudin Kabir Khan Ayaz, the governor of Lahore, rebelled
against Razia, which prompted a series of events leading
to her downfall. In 1240, Raziya was deposed by her own
Turkish guards and replaced by her younger brother,
Muizuddin Bahram."
129,"Which were the three dynasties who were engaged in a Tripartite struggle for Kannauj?

1.Chola
2.Pala
3.Gurjara
4.Rashtrakuta

Choose the correct answer from the codes given below:","1,2,3","1,2,4","2,3,4","1,3,4",U.P.Lower Sub.(Pre),2002.0,c,"Exp) Option c is the correct answer.

The Tripartite Struggle fur Kannauj was a prolonged
conflict lasting over two centuries among the Pala Empire,
the Gurjara-Pratihara Empire, and the Rashtrakuta
Empire. The strife centered around gaining control over
the strategic and economically prosperous Kannauj region.
This area’s strategic location facilitated trade routes
and military movements, while its economic prosperity
stemmed from its fertile lands and commercial activities.
Eventually, the Gurjara-Pratiharas prevailed, and
Nagabhata I established Kannauj as their capital."
130,First Muslim invader in India was-,Qutbuddin Aybak,Muhammad Ghazni,Muhammad-Bin-Qasim,Muhammad Ghori,U.P.Lower Sub.(Pre),2002.0,c,"Exp) Option c is the correct answer.

The first Muslim invader in India was Muhammad bin
Qasim. He was an Arab military commander serving the
Umayyad Caliphate. In 711 CE, he led the Muslim conquest
of Sindh (part of modern-day Pakistan), marking the
beginning of Muslim rule in South Asia. He defeated Raja
Dahir, the ruler of the Sindhi Brahman dynasty, during
his military campaigns. Muhammad bin Qasim’s conquests
established the Islamic province of Sindh, and he served as
its governor until his death in 715 CE."
131,The first Muslim who studied Puranas was-,"1,2,3,4","3,1,2,4","2,3,4,1","4,1,2,3",U.P.Lower Sub.(Spl) (Pre),2002.0,c,"Exp) Option c is the correct answer.
Th. first Muslim who studied Puranas was Al-Biruni. Al

Biruni, a renowned Persian scholar and polymath, made

significant contributions to various fields, including the
study of religions. During his time in India, he extensively
studied Indian culture, philosophy, and religious texts,
including the Puranas. He sought to understand and analyze
these texts from an academic and comparative perspective,
highlighting their significance in his writings like “Tahqiq-i-
Hind”. In his book Tahqiq-i-Hind, lic described the social,”
political, religious and economic co;cition of India. Ind *
his account he highlights choice pris of the Gita, the
Upanishads, Patanjali, Puranas, the fou, Yedas, scientific
texts (by Nagarjuna, Aryabhata, etc.), cofcang stories from
Indian mythology to make his point.

Importani ‘fips |

Alberuni [AD 973- AD 1048]: ,

¢ Birth and Early Life: Born in 973 AD in Khiza, the :
capital of Khwarezm’s Afrighid dynasty in Central Asia
(Uzbekistan), Alberuni’s formative years were spent
there. He engaged in an extensive study of Islamic
jurisprudence, theology, grammar, mathematics,
astronomy, medicine, and philosophy during his 25

: years in Khwarezm.

_e Association with Mahmud of Ghazni: Around 1017

| AD, during Mahmud of Ghazni’s reign, Alberuni
and several scholars were relocated to Ghazni, the
Ghaznavid capital. Participating as a court astrologer, |
he accompanied Mahmud on Indian campaigns.

« Visit and learning in India: Alberuni, at approximately
44 years old, journeyed to India with Mahmud. He
deeply absorbed Indian culture, grasping Sanskrit,
Indian philosephy, and socio-economic contexts.

eo 6 “Tahqiq-i-Hind”: His opus “TYahqiq-i-Hind”
chronicled India’s societal, political, religious,
and economic dimensions. Excerpts from the Gita,
Upanishads, Patanjali’s works, Puranas, and the
Vedas were highlighted. Additionally, he incorporated

| scientific texts authored by Nagarjuna and Aryabhata.

° Praise for Indian Philosophy: Alberuni lauded Indian |
philosophical contributions, expressing profound |
reverence for the Upanishads and the Bhagavad-Gita.

e Comparative Study: He perceptively juxtaposed
Indian philosophy with Greck luminaries such as
Socrates, Pythagoras, Plato, Aristotle, Galen, and Sufi
teachings.

o Understanding Indian Society: Immerse in
Brahmaiiicat texis anda Indian society, Alberuni
ventured to provide overarching observations on
Hindus and their societal dynamics. His insights |

| illuminated India’s geographical expanse, populace,
spirituality, philosophy, scientific pursuits, and literary |
heritage. |"
132,,,,,,,,b,"Exp) Option b is the correct answer

Abu Rayhan al-Biruni visited India in 1017:

« Abu Rayhan al-Biruni (973 - after 1050) was a
Khwarazmian scholar during the Islamic Golden Age.

A polymath versed in physics, mathematics, and history,
he explored various sciences, influenced by Greek and
other scholars, | ++ . <9

° He visited India hel 017 during the Ghaznavid rule and ,

. wrote “The History of India.” His impartial observations

, - oncindian culture earned him the title al-Ustadh (“The

5° Master”).

ibn Battuta visited India in 1334;

« Ibn Battuta (1304-1368/1369) was a Berber scholar
and traveler. His account, “The Rihla,” detailed his
remarkable journeys spanning 117,000 km, surpassing
explorers like Zheng He and Marco Polo.

e Ibn Battuta arrived in the Indian subcontinent in 1334
during the reign of Muhammad bin Tughlugq.

e He stayed in India for years, observing customs and
culture. He reached Maldives, where he served as a
judge and got involved in power struggles. He visited
Sri Lanka, Madurai Sultanate, and Sylhet, noting diverse
experiences in India.

Jean-Baptiste Tavernier visited India in 1630:

« Jean-Baptiste Tavernier (1605-1689) was a 17th-
century French gem merchant and traveler. Across six |
voyages from 1630 to 1668, he covered 60,000 leagues to
Persia and India. ;

« Jean-Baptiste Tavernier visited India during his
second journey (1638-1643) in 1630 under the reign of
Emperor Shah Jahan.

¢ He traveled to Agra, visited the Mughal court, and
explored the diamond mines. He later embarked on ;
subsequent voyages to India, reaching places like
Golconda, Masulipatam, Surat, and Ahmedabad.

e In 1666, he acquired the Tavernier Blue diamond,
selling it to Louis XIV of France, :

Niccolao Manucci visited India in 1653. ;

° Niccolao Manucci (1638-1717), a Venctian writer,
physician, and traveler, provided firsthand Mughal
Empire accounts. A vital source for indian history, he
detailed events and customs, offering valuable insights
into the era.

e He arrived in India in 1653, during the reign of Shah
Jahan, and he remained in the country until his death
in 1695,

oa

liaportant Tips

| Other linportant ‘Travellers: j .

¢ Abdi Razak: |
° During the reign of Deva Raya il ofthe Vijayanagara :
Empire, Persian scholar and ambassador Abdul
Razak visited India. His visit, occurring between :
1443 and 1444 AD, fostered cultural and diplomatic .
exchanges between Persia and India.

[= Duarte Barbosa:

* . In the early 16th century, specifically from 1500
to 1516 AD, Portuguese traveler Duarte Barbosa

documented his observations of the Vijayanagara
Empire.

e His writings provide invaluable insights into the
society and governance of this significant South
Indian realm.

¢ William Hawkins: ;
| + Representing James I of England, William |
Hawkins visited India fro:a 1608 to 1611 AD Bs
during Emperor Jahangir’s cule. ous
N

° As an ambassador to the Mugha! Court, Hawkins’
interactions illuminate the diplomatic relations |
and cultural exchanges betwvcen England and the

: Mughal Empire.

| ¢ Thomas Roe: |

| « English diplomat Thomas Roe embarked on his

journey to India from 1615 to 1619 AD, a period
that coincided with Jahangir’s reign. His mission

was to secure protection for the English trading
factory in Surat.

« His comprehensive account, ‘Journal of the
Mission to the Mogul Empire, offers invaluable
historical insights into early {7th-century
India, encompassing diplomatic efforts, cultural
interactions, and the socio-political landscape of
that era."
133,"Which of the following king/kings was/were elected/chosen directly by the public?

1.Harshavardhan
2.Gopal
3.Yashovarman
4.Nandivarman Pallavamalla

Select the correct answer using the codes given below:","Only 1, 2 and 4","Only 2, 3 and 4",Only 2 and 4,Only 2 and 3,UP RO/ARO (Pre),2021.0,c,"Exp) Option c is the correct answer.

Gopala assumed power in approximately 750 CE after
being selected by a coalition of regional chieftains.
His ascension was aimed at restoring order in the region
following the demise of Gauda king Shashanka, which had
led to a period of turmoil and instability.

Nandivarman I (Pallavamalla) (c. 731 - c. 796 CE), a
Pallava ruler, governed South India. Following Parmeswara
Il’s demise, Nandivarman was chosen through a popular
election.

Harshavardhan and Yashovarman were not elected by the
public. They ascended the throne through inheritance."
134,Which Chandela King faced Mahmud Ghaznavi?,Kumarpal,Bhim II,Vidyadhar,Arunoraja,M.P.P.C.S.(Pre),2021.0,c,"Exp) Option c is the correct answer.

The Chandela King who faced Mahmud Ghaznavi was
Vidyadhar. Vidyadhara was a Chandela king of central India
who reigned from around 1003 to 1035 CE. He was the ruler
of the Jejakabhukti region (Bundelkhand in present-day
Madhya Pradesh). Mahmud of Ghazni invaded Kannauj in
1018 CE, and the Chandela king Vidyadhar was the ruler
during that time. Vidyadhar resisted Mahinud’s invasion
but eventually withdrew from the battlefield, leaving his
army behind. Mahmud’s forces sacked Vidyadhar’s camp

and captured a significant amount of wealth. Mahmud later

invaded the Chandela kingdom again in 1022 CE, besieging

the Gwalior Fort and the fortress of Kalanjara, both under

Chandela rule."
135,In what context does ‘Panahi’ and ‘Upanah’ mention in the medieval Indian History?,Cloth,Jewellery,Accommodation,Shoes,M.P.P.C.S.(Pre.),2020.0,d,"Exp) Option d is the correct, answer

In medieval India, paiahj dnd upanah were footwear types.
- Panahi, of-leather, were rugged for soldiers; upanah, cloth-
based, were lighter and worn by civilians. Both displayed
% Status, panahi adorned with metal studs denoting rank, while

upanah was simpler. Both genders wore them, contributing

to functional use and social distinction."
136,Who among the following built “Tribhuvan Narayan Temple” of Chittour?,Rana Pratap,Raja Dhang,Parmar Raja Bhoj,Prithiviraj Chouhan,M.P.P.C.S.(Pre),2019.0,c,"Exp) Option c is the correct answer.

The “Tribhuvan Narayan Temple” of Chittorgarh was
originally constructed by King Parmar Raja Bhoj in the
ilth century and is now known as the Samadhishvara
Temple. Dedicated to Lord Shiva in the form of Trimurti, the
temple primarily follows the Nagara style of architecture.
However, due to its construction and restoration spanning
over five centuries (1]th-15th century), it exhibits several
sculptural styles. Its unique idol underwent restoration in
the L5th century, with various kings, including Samarasimha
and Mokala-Simha, contributing to its preservation.

; Important Tips

Famous Medieval Indian Temples:

e Kandariya Mahadeva Temple, Khajuraho, Madhya
Pradesh: Built in the 10th century by Chandela
ruler Raja Dhandadeva, renowned for intricate stone
carvings depicting daily life scenes. Dedicated to Lord
Shiva.

« Lakshmana Temple, Khajuraho, Madhya Pradesh:
Constructed by Yashovarman in the 10th century,
following Panchayatana style. Complete Hindu temple
architecture, featuring ardha-mandapa, Mandapa,
Maha-Mandapa, Antarala, and Carbhagriha.

¢ Brihadeeswara Temple, Thanjavur, Tamil Nadu:
Built by Raja Raja Chola I between 1003 and 1010
AD, dedicated to Lord Shiva. Also called Peruvudaiyar |
Koyil, in Thanjavur, Tamil Nadu. Part of UNESCO '

' World Heritage “Great Living Chola Temples.”
* Lingaraj Temple, Bhubaneswar, Odisha: Established ;
in the llth century by Somwvanshi King Yayati I,
dedicated to Lord Shiva. Complex structure with
| Garbha Griha, Yajna Shala, Bhoga Mandap, co
Shala.
; Modhera Sun Temple, Modhera village, oh
Constructed by King Bhima I in the 11th century,
devoted to the Sun God. Intricate architecture with

¢ Chausath Yoglat Tempte, Jabalpur, Madhye Pradesh:
Bullt by Devapala Jn the }ith century, Circular layout
with 68 chambers, dedicated to Lord Shiva. Intriguing
architecture on a hill.

+ Siddhesvara Mahadeva Temple, Athole, Karnataka:
Example of Westcen Chalukyaa art from the 12th
century. West-facing Shive temple with intricate
sculptures,

Jagannath Temple, Purl, Odisha: Consteucted by King
Anatavarroan Chodaganga Deva in the 12th century, |, .:
dedicated to Lord Jagannath. Char Dham pilgrimage |.
site, part of the Eastern Ganga Dynasty, 6-714

+ Sun Temple In Konark: Built by Klug, NarasimpatBa
1 in the 13th century. Dedicated tu the Sun God,
senowned for its chasiot-like acchitecture and Intricate
sculptural art, Konark, Odisha.

+ Lakshmi Narasimha ‘Temple, Hoyssle region,
Kecnetaka: Constructed in the early 13th century by
the Hoysala dynasty. Trikuta style temple with three
theines, notable Hoysala sculptures. Ambulatory path
for devotees."
137,Who among the following was not a king of the Parmar dynasty?,Upendra,Munj,Gangeyadev,Udayaditya,M.P.P.C.S.(Pre),2017.0,c,"£xp) Option ¢'s the correct answer.
Gangeyadey was not a king of the Paremara dynasty.
Gangeyadeva (retgned 1015-1041 CE) was a ruler of
the Kalachwel dynasty of Tripori in ceateal India, His
kingdom was centered arownd the Chedi or Dahala region
In present-dey Madhya Pradesh. The Paramara dynasty
ruled Malwa end surrounding reglons in west-ceatrel India
from the 9th to 14th centuries. The other rulers mentloned
+ Upendra (carly 9th century), Mun) (late 91h to eacly 10ch
century), snd Udayaditys (1070-1086) - were rulers of the
Paranvara dynasty.

Important Tipe

Peramaras Dynasty of Malwa:

2 The Paramara dynasty, were originally based in the
Mount Abu acca of Rajasthan.

+ According to tradition, the dynasty’s origin Is [laked
to the sage Vishwamitea ead the wish-grenting cow,
leading to the emergence of « hero named Paramara
who became the king.

» The main branch ruled over Malwa, with ite capital
at Dhara (reodern Dhar, MP).

* The Paramasas were IUnitlally vessels of the
Rashtrakutas ead rose to prominence in the 10th
century CE.

© Their power fluctuated due to conflicts with
neighboring kingdoms. Despite challenges, the
Paramaras contributed to the political, colural, and
architectural landscape of Malwa.

© The Paramaras, known for their patronage to poets,
scholers, and the construction of temples, left a lasting
legacy despite eventwal dectine snd defeat by the Delhi
Sultanate in the early 14th century.

Several noteworthy kings of the Pacamara dynasty include:

+ Upendra (9th century ‘CE): Belleved to be the
founder, he established the dynasty in Malwa and
extended his rute ti, RathPekute support.

so Siyake, TL AG, 9489372 CE): Broke (com Rashicakuta

‘T 5 saltegiancPestablished Paramaras as a sovereign power,

“Lg and defeated the Rashtrakutas.

‘|e Munja (c. 972-990 CE): Extended the empire, achleved
military successes, and patronized arts and literature.

« Sindhuraja (c. 990-1010 CE): Recovered lost
territories and achieved military successes against
varlous kingdoms.

> Bhoja (¢. 1010-1088 CE): The most celebrated ruler,
extended the kingdom significantly, was a scholar,
patron of the srts, and engaged in various militery
campaigns."
138,Ghazi Malik was the founder of which dynasty?,Tughluq,Khalji,Sayyid,Lodhi,M.P.P.C.S.(Pre),2017.0,a,"Exp) Option a is the correct answer.
Ghazi Malik, latee knowe as Ghiyas-ad-dia Twghiug,
fowaded the Tughluq dynasty and roled the Dethi Sultanate
(1320-1325). He pursued a stern Mongol policy, defeating
them at Amrohe In 130S and hacshly treating captives. His
teiga saw conquests like Warangal. He appointed Muhammed
Sheh as heir and initiated Tughlaqabad Fort’s constructton.
While focasing on justice and administration, his demise ta
1325, possibly linked to a plot by his vizler, marked the end
of his eveatful rule.

Important Tips

Ghiyasuddia Tugteg (1320 ~ 25}:

+ Ghiyas-ud-din Tughieg or Ghazi Mallk established
the Teghluq dynasty ead roled Delhl Sultenate
(1320-1325).

+ Adoptedaharsh pollcy towards Mongols, assassinating
their envoys and punishing pritoners.

« Achieved victory over Mongols at Battle of Amroha
in 1305.

« Faced revolt by Soomro tribe in Thatta during travel
from Molten to Delhi.

« Appolnted governors like Tajuddin Malik (Multan),
Khwajah Khater (Bhekkor), Malik Ali Shee (Sehwan).

« Sent son Fakhruddin Jeuna to conquer Kekatiys
capital Werangel (1323), ending Kakatiya dynasty.

+ Named Muhammad Shah os beir, started Tughtaqabad
Fort (1323).

+ Implemented stable administeation, focusing on
postal, fudicial, leelgation systems.

i. Amir Khusrau famous work “Tuglaq Nama” ‘deals
| with rise of Ghiyasuddin Tuglaq. |
¢ Annexed Bengal, Utkala, Warangal, and imprisoned |
Mongol leaders. |
« Improved finances, communication, roads, bridges,
and canals.
e Died in 1325 due to the collapse ofa wooden pavilion,
. possibly orchestrated by his vizier, Jauna Khan."
139,Which dynasty of Delhi Sultanate ruled for the shortest period?,Khalji,Tughlaq,Sayyid,Lodhi,M.P.P.C.S.(Pre),2017.0,a,"a
Exp) Option a is the correct answer re rl ‘
The Khalji dynasty ruled the Deh} Sultanate ‘tor the
shortest period. It lasted from 1290 in 1320, a mere 30
years. The other dynasties listed in the question ruled for
longer periods of time. The Tughluq dynasty lasted from
1320 to 1414, the Sayyid dynasty lasted from 1414 to 1451,
and the Lodi dynasty lasted from 1451 to 1526."
140,Ain-ul-Mulk Multani did not serve under which of the following rulers?,Alauddin Khalji,Muhammad-Bin Tughluq,Firuz Tughluq,Iltutmish,M.P.P.C.S.(Pre),2017.0,d,"Exp) Option d is the correct answer
Ain-ul-Mulk Multani did not serve under Iltutmish.
Beginning his career under Alauddin Khalji, Ain-ul-Mulk
Multani served under rulers like Muhammad Bin Tughlug
and Firuz Tughlug during the medieval Delhi Sultanate.
His governance, diplomacy, and loyalty during power shifts,
along with his writings detailing Punjab’s towns and routes,
underscore his historical contributions."
141,Which of the following Rajput dynasties founded the city of Dhilika (Delhi) in the eighth century?,Parmara dynasty,Solanki dynasty,Tomar dynasty,Chauhan dynasty,M.P.P.C.S.(Pre),2014.0,c,"Exp) Option c is the correct answer.
The Tomara dynasty, also known as the Tomar dynasty,
established the city of Delhi (known as Dhilika) in the
eighth century. They ruled parts of present-day Defhi and
Haryana from the 8th to the 12th century. The ‘lomaras,
belonging to the Rajput clan, built the city Lal Kot and
expanded their territory, eventually being displaced by the
Chahamanas of Shakambhari in the 12th century. The
dynasty’s influence declined with the Ghurid conquest in
1192 CE.
Important Tips
Tomara dynasty: :
¢ The Tomaras ruled over the region of Hariyana_
(Haryana) with their capital at Dhillika (Delhi)
during 8th-12th century.
« ‘They were initially under the suzerainty of x
Pratiharas. The ‘lomara dynasty is sometimes referred
to as “Tuar” in medieval bardic literature and is
recognized as one of the 36 Rajput clans.
| ‘They engaged in conflicts with the Chahamanas of
Shakambhari. Anangapala Tomara, a renowned king
of the Tomara dynasty, is believed to have established
Delhi.

« The iron pillar at Mehrauli bears an lith-century |
inscription mentioning Anangapala. His coins!
depict a horseman-and-bull figure and the title “Shri |

Samanta-deva”” The Tomara legend regarding the iron
pillar relates to the founding of Delhi’s name, “Dhilli” |

» The Tomaras were closcly linked with Dclhi’s water
infrastructure. Anangapala II established the Lal Kot

| citadel and built the wfang ‘Tal tank.
<7 Another fomara king, Surajpala, is associated with
. the construction of the Suraj Kund reservoir near
|S * Faridabad. |

« This dynasty’s historical significance lies in its rule
over the region, contributions to Delhi’s development,
and intricate legends connecting them to the city’s
foundation."
142,King Bhoja ruled over-,Bastar,Dhar,Mahakaushal,Ujjain,M.P.P.C.S.(Pre),2010.0,b,"Exp) Option b is the correct answer.
King Bhoja, from Paramara dynasty ruled over the region
of Dhar, which is located in the Malwa region of central
India. His capital was Dhara-nagara (modern Dhar). Bhoja
was a ruler from the Paramara dynasty and reigned around
1010-1055 CE. Tis kingdom extended from Chittor in the
north to upper Konkan in the south, and from the Sabarmati
River in the west to Vidisha in the east. He is renowned
for his patronage of arts, literature, sciences, and his
contributions to Sanskrit studies.

Important ‘Tips

Bhoja (1010 -1055 CE):

« King Bhoja, from the Paramara dynasty, ruled
around 1010-1055 CE in the Malwa region of central |
India.

« Bhoja engaged in wars to expand his empire, reaching
its zenith from Chittor in the north to Konkan in the
south.

e He earned fame as a scholar-king due to his patronage
of arts, literature, and sciences.

« Bhojaestablished the Bhoj Shala, a center for Sanskrit

; studies, and supported various cultural activities.

| ° He's known for constructing the Bhojeshwar Temple
and three dams, contributing to the region’s ;
infrastructure.

e Notable literary works attributed te Bhoja inctude |
“Shringara~Prakasha” on poetics and “Samarangana- |
Sutradhara” on architecture,

« Bhoja was a devotee of Shiva, with inscriptions
highlighting his contributions to Shiva temples.

« Although Jain legends claim Bhoja converted to
Jainism, historical evidence contradicts this notion.

e His legacy continued through emulating kings like ;
Krishnadevaraya who referred to themselves as
“Bhoja” and “Sakala-Kala-Bhoja.”"
143,Aalha-Udhal were related to-,Chanderi,Vidisha,Mahoba,Panna,M.P.P.C.S.(Pre),2010.0,c,"Exp) Option c is the correct answer.

Aatha and Udal were legendary 12th-century generals
associated with the town of Mahoba. Udal and his brother
Aalha served in the army of the Chandela king Paramardi
Deva. Belonging to the Banaphar clan of Rajput and Ahir
descent, their father Dassraj, also a general, died in service
to the king. They were raised by the king and later died
while fighting the invading army of Rai Pithora (Prithviraj
Chauhan) in a battle at Mahoba around 1182. This tale is.
part of the Alha-Khand epic and has historical support from
sione inseriptions found at Madanpi.. a *

Vode"
144,Who among the following were not the rivals of Iltutmish?,Tajuddin Yeldoz,Nasiruddin Kubacha,Ali Mardan,Malik Altunia,Uttarakhand PCS (Pre),2021.0,d,"Exp) Option d is the correct answe:.

Malik Altunia, the husband of Razic Sultana, was not a
rival of Iltutmish. He was a loyal general of Htutmish and
served as the governor of Bhatinda. Altunia was a loyal
supporter of Razia and played a significant role in her rule.
He stood by her during her reign and helped her overcome
challenges from the Turkish nobles and other rivals.
Altunia’s loyalty and support were crucial to Razia’s rule.

I Important Tips |

| Yajuddin Yeldoz:

‘Lajuddin Yildoz was a rival of Ututmish. He was the |

‘governor of Ghazni and asserted his authority over |

Delhi. Uiutmish recognized him as his sovereign master

| to avoid conflict. However, he strategically put down the

; party of Aram Shah in Delhi and then turned to deal with

| Xitdon Htutimish marched against Yildoz and defeated !

i him, thereby subjugating him and asserting his control |

| over Delbi, |

' Nasiruddin Kubacha:

Nasiruddin Qabacha, also known as Kubacha, was |

‘another rival of Iitutmish. He was the governor of

| Sindh and Punjab to the west of the Indus. He extended

his boundaries to areas like Bhatinda, Khuram, and |

‘Lahore. Ifuimish aimed to prevent Kubacha from
claiming Hindustan as a dependency of Ghazni. Iltutmish

successfully defeated Kubacha and subjugated him,

| consolidating his authority over his empire. |

| Ali Mardan: |

| Ali Mardan was the king of Lakhnauti (Lakshanauati)

| and became independent during the rule of Itutmish.

| He posed a challenge to Itutmish’s authority in the region,
While Mtutmish initially pretended to recognize Yildoz as
his sovereign master, he strategically put down internal .

j challenges, including the menace created by parties

| supporting Ali Mardan in Delhi. Once he secured his

| position, Htutmish turned his attention to dealing with

' external rivals like Yildoz and Kubacha."
145,Who was known as ‘Hazar-Dinari’?,Balban,Malik Kafur,Sikandar Lodhi,Qutubuddin Aibak,Uttarakhand PCS (Pre),2021.0,b,"Exp) Option b is the correct answer.

Malik Kafur, alse known as Vaj al-Din Izz al-Dawla, was

referred to as ‘Hazar-Dinari’. He was a prominent slave-

general under the rule of Alauddin Khalji of the Delhi

Sultanate. ‘The epithet “Hazar-Dinari’ originates from his

remarkable beauty and is metaphorically attributed to

the high price (1,000 dinars) paid for his purchase. Kafur

rose to prominence as a-commander of Alauddin’s forces

and played a significant role, in various campaigns and

expeditions across Indiaduring the 1300s.

; Loot gh “Important Tips j

. | Malik ‘Kafur: | .

3 : Malik Kafur, also known as Taj al-Din Izz al-Dawla, |

| was a prominent slave-general of the Delhi Sultanate | ;

ruler Alauddin Khalji. |

eo He was captured by Alauddin’s general Nusrat Khan |

| during the 1299 invasion of Gujarat, and rose |

| prominence in the 1300s. -— -

Leading Alauddin’s troops, Kafur triumphed over |
Mongol invaders in 1306. He then spearheaded |

| expeditions in the south, conquering the Yadavas
(1308), Kakatiyas (1310), Hoysalas, and Pandyas |

| (1311). These ventures enriched the Delhi Sultanate ,

i with vast treasures, clephants, and horses. |

. He served as the governor of Devagiri and later |

| became a powerful KNa’ib (viceroy) in Alauddin’s |

i court. |

| o After Alauddin’s death, Kafur briefly acted as regent, |

attempting to contro! the throne by appointing | ;

; puppet monarch.

. However, his rule was short-lived due to internal
conflicts and opposition from Alauddin’s former
bodyguards. He was assassinated in 1316 by his
bodyguard. ."
146,Which among the following Rashtrakuta King defeated Pratihara ruler Nagabhatta-II?,Dhruva,Govind-III,Indra-III,Krishna-III,Uttarakhand PCS (Pre),2021.0,b,"Exp) Option b is the correct answer.

Rashtrakuta King Govinda IIf defeated Pratihara ruler

Nagabhatta-ll in battle of Kannauj as part of his military

conquests. Govinda III, who reigned from 793 to 814 CE,

achieved significant success during his rule. He conducted

a successful northern campaign in 800 CE, capturing

important regions by defeating rulers including Nagabhata

KL of Gurjara-Pratihara, Dharmapala of the Pala Empire,

and Chakrayudha, the puppet ruler of Kannauj. This

conquest marked Govinda III’s supremacy in the northern

and eastern parts of India, showcasing his military prowess

and expanding the Rashtrakuta Empire's influence."
147,Which of the following dynasty is associated with the female king Rudrma Devi?,Eastern Ganga,Hoyasala,Kakatiya,Western Chalukya,Uttarakhand PCS (Pre),2021.0,c,"Exp) Option c is the correct answer

Rudrama Devi, a Kakatiya queen, ruled ‘Telangana .

and Andhra Pradesh (c. 1262-1289). Successful despite ;

challenges, she faced revolts, regained lost territories from

Pandyas, and repulsed invasions. The reign saw the rise of

non-aristocratic warriors, and she fortified Warangal Fort

with inner and outer walls and a moat. Notably, Marco Polo,

who visited India around 1289-1293, praised Rudrama

Devi’s astute governance and her natural beauty. ;

Important Tips 7

Kakatiya dynasty:

« The Kakatiya dynasty, spanning the 12th to 14th
centuries, ruled over the eastern Deccan including
Telangana, Andhra Pradesh, parts of Karnataka, and
Odisha. Orugallu, now Warangal, served as their
capital,

» Originating as Rashtrakuta and Western Chalukya

feudatories, they gained independence under
Prataparudra I (1163 CE), oe

« Ganapati Deva (1199-1262) expended their territories
around the Godavari and Krisiwe rivers. His daughter
Rudramma Devi (1262-1289) :cign Was noted by
Italian traveller Marco Polo n«*cd ‘er reign.

¢ Kakatiya literature flourished in Sanskrit and Telugu.
Architecture saw trikuie ‘emples, floating bricks,
welcoming archways, and landmarks like Pakhal Lake
and the 1000 pillar temple. The emblematic Kakatiya
Thoranam resembles Sanchi Stupa gateways. They
owned the Koh-i-Noor Diamond, and the Ramappa

temple stands as a pinnacle of their architectural"
148,"Which one of the following places was not the centre of learning during early medieval
period?",Nalanda,Vikramshila,Taxila,Uddantapur,Uttarakhand P.C.S.(Pre),2016.0,c,"Exp) Option c is the correct answer.

During the early medieval period, Nalanda, Vikramshila

and Uddantapur were renowned centers of learning

However, Taxila was not a center of learning during thi

period. Taxila had been a significant center of educatior

during ancient times, particularly during the Mauryat

and Kushan periods. It was destroyed by 5th century due t

Hun attacks."
149,The famous historian who visited India with Mahmud of Ghazni was-,Ferishta,Al-Beruni,Afif,Ibn Battuta,Uttarakhand P.C.S.(Pre),2016.0,b,"Exp) Option b is the correct answer.
The famous historian who visited India with Mahmuc
of Ghazni was Al-Beruni. Al-Biruni, also known as Abt

Rayhan Muhammad ibn Ahmad AI-Biruni, was a renowne:

Persian scholar, historian, and polymath. He accompaniec

Mahmud of Ghazni during his invasions into India in th

11th century. Al-Biruni made significant contributions t

the understanding of Indian culture, religion, and societ:

through his extensive observations and writings, includiny
his famous work “Tahqigq-i-Hind”.
Important Tips

« Firishta (1570-1620) was a Persian historian active
in the Deccan Sultanate’s court, notably Ibrahim Adil
Shah II. His work “Tarikh-i-Firishta” encompasses
Indian history, focusing on dynasties and regions.
Although his Ottoman origin claim for Yusuf Adil
Shah is debated, his account remains valuable.
Firishta’s extensive historical work holds insights into
India’s past, contributing significantly to historical

__understanding. a

¢ Shams-i-Siraj Afif, a prominent poet in Firoz
Tughlaq’s court, authored “Tarikh-e-Firoz Shahi”
in five sections. This extensive work meticulously |
chronicles Firoz Tughlaq’s reign, serving as a vital |
historical document of the era. 3"
150,Coins of which Muslim ruler bear an image of Devi Lakshmi?,Muhammad Ghori,Alauddin Khalji,Akbar,None of the above,Uttarakhand P.C.S.(Pre),2006.0,a,". .

Exp) Option a is the correcttanswer.

Coins of ‘Muhamiindd Ghori bear an image of Devi
Lakshmi.cafter his victory over Prithviraj Chauhan in the
. « Second Battle of Tarain, Muhammad Ghori minted coins
° “with an image of Lakshmi on the obverse, and on the

reverse, a horseman with the legend “Muhammad Bin Sam

(Muhammad Ghori)” This was a departure from typical

Muslim coinage and was likely an attempt to legitimize his

rule by incorporating Hindu symbols."
151,Who of the following has given a detailed description of the postal system obtained during the Sultanate period?,Amir Khusrau,Ibn Battuta,Sultan Firuz Shah,Ziyauddin Barani,Uttarakhand P.C.S.(Pre),2002.0,b,"Exp) Option b is the correct answer.

Ibn Battuta, the Moorish traveler, gave a detailed

description of the postal system during the Sultanate

period. He was amazed by the efficiency of the postal
system in 14th-century India. Ibu Battuta noted that this
system enabled merchants not only to send information
and remit credit across long distances but also to dispatch
goods required on short notice. In his account, Ibn Battuta
mentioned two types of postal systems: the horse post and
the foot post. The horse post utilized royal horses stationed
at intervals of four miles. On the other hand, the foot post
had three stations per mile, known as “dawa.’ The efficiency
of this postal system was remarkable. For instance, it took
around fifty days to travel from Sind to Delhi, yet news
reports from spies would reach the Sultan within just five
days through this well-organized postal network.
Important Tips —
Travellers during Deihi Sultanate:
¢ Marco Polo from Italy
« Period of Travel: 1292-1316 AD
« Under Reign: Alauddin Khalji
« Ibn-e-Batuta from Morocco
¢ Period of Travel: 1333-1342 AD
¢ Under Reign: Mohammad Bin Tughlag
« Abdur Razzak-Ambassador from Iran
« Period of Travel: 1442-1443 AD
« Under Reign (Ruler or Dynasty): Sikander Lodi"
152,Who among these was not from the Slave dynasty?,Balban,Iltuimish,Qutbuddin Aybak,Ibrahim Lodhi,Uttarakhand Lower Sub.(Pre),2010.0,d,"Exp) option d Is the correct answer.

The Slave dynasty, also known as the Mamluk dynasty,

consisted of rulers who were originally slaves but rose to

power in Delhi. The Slave dynasty ruled the Delhi Sultanate
from 1206 to 1290. Balban, Iltutmish, and Qutbuddin Aybak
were rulers from the Slave dynasty. Ibrahim Lodi was the
first ruler of the Lodi dynasty, which ruled from 1451 to
1526.

Importent Tips

ibeahim Lodt (1917 ~ 1526)s

¢ Concept of Dual Monarchy, suppressed by Sikandar
Lodi, revived by Ibrahim Lodi.

« Ruled with craelty, faclog ecbelllons and secret
enemies due to harsh governance.

«© Distanced bimecif from nobles, imprisoned and
soistreated thers.

+ Balanced this harshness by implementing egricultural | -
reforms, benefiting both state and anbles. |. “5 ]

+ Despite ernetty, he malntatacd bind relatlons with | *
subjects and religlous figures. yo”

© Faced rebellion from Rana Sangram ficgh of Mewar,
extending his empire and threatening Agra.

« Battle of Panipat (1526): [brahim decided to confront
Babur, but Babur strategically positioned his army.
Afghans were enfamilisr with Mughal weaponry,
leading to their disadvantage, Despite numerical
supertority, Ibreblen’s forces were defeated by
Babur’s tectics sack as the use of firearms ead
cavalry charges. Thts battle marked the beginning of
Mughal rule ja Indie,"
153,Quwwat-ul-Islam Mosque and Arhai Din Ka Jhonpra are situated respectively at:,Delhi and Ajmer,Delhi and Lahore,Ajmer and Delhi,Lahore and Ajmer,Jharkhand P.C.S.(Pre.),2021.0,e,"Exp) Option ais the correct answer.
Quwwat-ol-Islem Mosque stands ta Delh!, while Arai
Din Ka Jboupre is situated in Ajmee.

Importent Tips

The Quwwat-ul-Islam Mosque In Delhi (built 1292-

1316) was sponsored by Quib-ud-din Albak, founder

of the Mamluk dynasty. it's famed for Its victory tower,

commemorating Muslim conquest. Once a Hindu-lain
temple, it was transformed into the mosque. The Qowat-ul-

Islom mosque (completed 1196), ccafted from demolished

lemples, comprises red sandstone, gray quartz, and white

ouarble.

Adhai Din Ka Jhonpro, abletoric mosque in Ajmer, India,

te among the country’s oldest. Commissioned by Qutb-

ud-Din-Aibah In 1192 CE and designed by Abu Bakr
of Herat, t¢ showcases carly Jado-Islamic architecture.

Thtutmrish’s enhancements followed In 1213 CE. Built

mostly by Hinda masons under Afghaa supervisors, the

mosque meiniains original Indian elements, including
ornate pillars,"
154,Government of medieval period was a composite structure was a fusion  of:,Perso-Arabic,Turko-Mongol (Central Asian),"Perso-Arabic, Turko-Mongol (CentraAsian)","Perso-Arabic,Turko-Mongol-Indian elements",Jharkhand P.C.S.(Pre),2021.0,d,"Exp) Option d Is the correct answer.

The Government of the medieval period was 8 composite
structure. Monarchs maintained control and power with
the support of aobility of different clans. In India, the
Tarkish rute was started by the Slave dynasty King named
Qutbuddin-Albak. Persian and Arable nobles were onc of
major group during Dellt Sultanate. The tusste between
the Turkish and Tajik (Arab and Perslans) nobles became

intense after Itutnrish’s death (1235) till the accession of
Balban (1269). The Tughlaq dynasty was a Tucko-Mongol or
Turkic Mustira dynasty. Various racial groups were lacluded
in the Mughal nobility. The most prominent three groups
were Turanis (central Asia), Ivents (Persians), Afghans,
Sheikbzadas(Indian Muslims) and Roejputs. Heace,
Government of the medieval petiod was the fusion of Perso-
Arable, Turko-Mongol and Jaditn Elements,
wells a by"
155,"After the attack of Mahmud Ghazni, who among the following reconstructed the Somnath temple?",Bhimraja-I,Bhimdeva,Mularaja,Jayasingh Siddhiraj,Jharkhand PCS (Mains),2016.0,a,"Exp) Gatton bls the correct answer,

; ThE plundered Somnath Mandie was rebullt by the
Peramara king Bhoja of Malwa and the Solanki king
Bhimdev I of Anbilwara betweeo 1026 and 1042 AD.
Their efforts aimed at cestoring its cultural and religious
significance. The reconstructed temple decame a testament
to the community's determination to reclaim their hecitage
after the destruction.

Importent Tips

Somoath temple:

+ The Somnath temple, also known a6 Somandthe
temple or Deo Paten, Js situated in Prabhas Petsn,
Veraval, Gujarat, Indie.

« Hindus consider to be the foremost emong the
twelve Jyotirtinga shrines dedicated to Lord Shive,
making lt one of their holiest pilgcimage sites.

+ Throughoot history, the temple has been repeatedly
destroyed by various Mastin invaders and raters,

© Fotlowing India’s independence, the ruins of the temple
were demolished, and the present-day Somaath
temple was reconstructed, adhering to the Maru-
Gorjara ctyte of Hindu temple architecture.

o The scconstruction of the contemporary Sounath
temple was fnitlated under the direction of Indta’s
first Home Minister, Vallabhbhat Patel, and it was
completed in May 1951,"
156,The earliest reference of the use of magnetic compass in the Indian seas was by-,Marco Polo,Ibn Battuta,Sadruddin Muhammad ‘Aufi’,Nicolo Conti,Jharkhand PCS (Pre),2016.0,c,"Exp) Option ¢ le the correct answer

Sadcuddin Muhammad Aufi,a 12th-century Persian scholas,

authored “Jawami’ul-Hikeyat wa Lawamt’ul-Riwayet,”

containing the castiest reference to the magnetic compass

In Indian ceas. Aufl deseribed eailors using a magnetized

needle In water, pointing north, aiding navigation,
Important Tips

Marco Polo (c. 1254 + 6 January 1324):

Marco Polo was a Venetian explorer and writer who

Journeyed through Atla froro 1271 to 1295.

2 His book ""The Trevels of Marco Polo” deseribed the
coltures and riches of the Eastern world, including the
Mongol Empise and China. He learned trade from his
family, met Kublai Khan, and served as a diplomat,
enhancing European understanding of Asia. His
account Influenced exploration and cartography.

+ After @ two-year sea Journey from China, Marco
Polo reached India’s Coromandel Coast in AD 1292,
He explored Tamil Pandyes’ realm near Tanjore and
visited Sowtherm India during Kakatiya Dynasty’s
Rudramma Devi’s rule.

Niccold de’ Contl (c, 1395-1469):

+ Niccold de? Coad was an Natian merchant oad
explorer in the early 15th century.

« He uaveled to India, Southeast Asis, and possibly
Southern China. He contributed to the 1450 Fra Mauro | -
map, Indicating a sea route from Europe to India \:
eround Africa. cee ary

«His travels aligned with Timuzid-Europe refgripfts and
Admiral Zheng He's Chincse expestitions.”

© Ja 1420-1421 AD, he ceossea the Arablan Sea to
Cambay in Gujarat and reached India. He visited the
kingdoms of Pacamvria, Uclly, and Vijsyenegara,
Devaraya I was sworn on the throne of Vijayanagara
at the time."
157,Which form of Buddhism was prominent during the Sultanate period?,Theravada,Hinayana,Vajrayana,Tantrayana,"Jharkhand P.C.S, (Pre)",2013.0,c,"Exp) Option c Is the correct answer.
Vajrayana Buddhism was prominent during the sultanate
period. It's o kind of Tanteic Buddhism that grew In Indie.
‘The name means ‘Diamond Vebicle, ‘Thunderbolt Vehicle,
or the ‘Indesteuctible Vehicle. According to ofd Vajrayana
stories, Buddha Shekyemunl and others like Vajrepani
and Padmasambhave taught ebout tantra and Vajrayana.
The Vajrayana writings say there are three ways to seach
enlightenment: Hinayana, Maheyana, and Vajrayane,
Important Tips -

Different Types of Buddhism:

Theraveda Buddhism:

« The older kind of Buddhism Js called Theravada.

* Theravada is thought to be more traditlonal than
Mahayana and Vajrayana In what they believe and how
thelr monks behave.

+ The teachings of Gautama Buddha are carefully kept
by Theravada followers In their special book, the Pall
Canon, The P3ll Canon fs like the standard collection
of scriptores for Theravada Buddhists. They kept It
preserved tn the PSII Language. This set of books has
the oldest end fullest teachings of Buddhism that we
still have today. ft mostly comes from the Tamrashatiys
school,

¢ St ls the path to renuaclation.

Hineyane Buddhism:

« The word “Minayana” means the ‘smaller vehicle and
came about In the first or second century.

« People who follow the non-Mahayana Buddhism ere
called Hinayana.

¢  Incan be divided into two groups - Shravakayane end
Pratyekabuddhayana,

Tentrayana Buddhism:
+ Thiskind of Buddhism helps people change themselves
(change thete body, words, and thoughts).
o Like Vajrayana, it's connected with things called
‘tantra’ and ‘secret mantra."
158,Which Sultan of Delhi Sulnate is known as “Lakh Baksh”?,Harsha Gupta,Mahapravar Raj,Someshwar I,Mahashivgupta Balarjun,Jharkhand P.C.S.(Pre),2003.0,d,"Exp) Option dii'the corregignswer,
Qutbeddin ~argabxeh founder of the Delbl Sultenste’s
: Steve Dynast), is kaown os “Lakh Baksh.” which treaslates
oo iver of lakhs.” This titte reflects his reputation for
‘Kenerously distributing liberal donations. He funded
mosques, hospitals, and schools, afding the needy with
food and clothing. He also bolstered Delhi's water supply
and financially assisted scholars, His kegacy embodies
philanthropy and soctetal advancement, encapsulating his
dedication to improving the tives of the less fortunate,"
159,,,,,,,,c,"Exp) Option Is the correct answer.
‘The *Kurospal Inscription” provides information about
King Someshwar I. The inscription Is written in Senskrit
using the Nagari sceipt. It records a land grant near
Kalamba made by Dharana-Mahedevi, who was the second
queen of King Somesvaradeva. The Inscription reflects the
victorlous reign of King Somesvacadeva and is dated in the
Saumye samvatsara. The Inscription’s contents are engraved
on @ stone that was found tncorporated into the steps of
a small tank in the village of Kucuspal, Bastar district,
Chhattlshgarb."
160,Hadisis-,Islamic Law,Settlement Law,Tax of Sultanate period,"Mansabdar
(e) None of these",Chhattisgarh P.C.S.(Pre),2014.0,a,"Exp) Option a is the correct answer.
‘The Hadith (Hedls) is @ collection of the sayings or
Btteramces of the Prophet Muhammad. Hadith’s are a
collection of traditions containing sayingsfactions of the
Prophet Muhammad that were followed by him in daily
practice (the Sunnah), They act as Islamic Jew for the
Muslims. They constitute the major tource of guidance for
Muslims apart fom the Quran,"
161,Which Chola King started Naval Army?,Rajendra Chola,Parantak Chola,Rajaraja I,"Rajaraja II
(e) None of these",Chhattisgarh P.C.S.(Pre),2014.0,c,"Exp) Option c ls the correct anewer.
Rajacaja I was the Chola king who started the naval army
aud made the Chola empire a maritime power. He ruled
from 985 to 1014 CE and was one of the most powerful and
influential rulers in Indian history. He conquered the Pandya,
Chera, and northern Sri Lanka regions, and extended his
influence to the Maldives and Lakshadweep Islands.
Rajaraja I realized the importance of having @ strong navy
to protect his coast from foreign Invasions and to control the
trade routes in the Indian Ocean and the Bay of Bengal. He
also wanted to expand his enipire to Southeast Asia, where
many kingdoms were Nourishing. He therefore established &
naval army, which was composed of varlous types of ships,
such at merchant ships, warships, patrol boats, ete."
162,"lbn Battuta, the Moorish traveller, visited India during the reign of:",Muhammad-Bin-Tughlaq,Babar,Akbar,Mahmud Ghazni,Chhattisgarh P.C.S.(Pre),2013.0,a,"Exp) Option a Is the correct answer.
Ibn Battata, the Moortsh traveler, visited Indie in 1333
dering the relgo of Mubemmed-Bin-Toghlug. While
in Delhi, he served a9 a qadi (judge) under the sultan. He
visited varloae cittes [us India, Including Hensl, Sindh, ead
Calicut, His journey to India wes marked by challenges,
including bendit attacks and shipwrecks. Iba Battuta’s
account describes his expertences in ledia, interactlons
with rulers, and observations about locel castoms and
sockety. He also visited the Maldives, Sri Lanka, end othes~
regions, documenting bls encounters and adventures. Despite”
his initial plans to travel to China, he spent a significant yme
In India ducing Muhammad-Bin-Tughluq's rule, offering
insights into the socio-political landscape of ihe time.
Ioportant Tips

Ibn Battuta [1304 - 1369):

+ Ibo Battute was born in 1304 CE In Tanglers. He
embarked on a pilgrimage to Mecca at the age of 21,
beginning a Journey that spanned approximately 30
years, chronicled in his renowoed work “Rikle.”

e During his extensive travels, he vislied both known
Islamic end Non-Muslim lands, Including North and
West A(rice, the Hora of Africe, Eastern Europe, the
Middle East, Central and South-East Asia, China, end
India, Notably, he traversed eround 75,000 miles
ducing ble voyages, a distance that surpassed that
covered by his predecessor Marco Polo.

+ In 1333, 1bn Battute arrived In India by crossing
Afghanistan's mountelns and the Indus River,
eventually reaching Delhi during the zenith of the
Muhammad Bin Tughlaq dynasty’s rule.

+ Amid bis explorations, he delved Into verious cultures,
encountering the Indian rhinoceros and vislting
significant sites like the shrine of Baba Farid.

«He presented valuable gifts to Mohammad Bin Tughlaq
and, In return, was granted the position of Qadi,
residing In Delht for seven years,

e His fourneys extended across regions including
Punjeb, Haryana, Uttar Pradesh, Mabarashtra,
Gujarat, Madhya Pradesh, end Kerale.

» Notably, he took charge of managing the Qutb al-
Din Muberek mausoleam, a part of Delhi's Qutb
complex,

« Beyond his explorations, Iba Battuts also engaged in
diptomatic aad political roles, Including an offer to
serve at an ambessador to Chios."
163,Which ruler of Bengal founded the ancient University called ‘Vikramshila?,Dharamapala,Gopala,Devpala,Mahipala,Chhattisgarh P.C.S.(Pre),2011.0,a,"Exp) Optiona a is the correct answer,
The rvfer of Bengal who founded the ancient University
called 'Vikramshile’ wes Dharmapels, He was a Pale dyoasiy

ruler who reigned from 783 to 820 AD. It Is in the present-

day Bihar district of Bhagalpur. Dharmapala established

Vikramshila University $n response te a pesceived

decline in the level of education at Nalanda. Vikcamshila

University was an important center of Buddhist learning and

attracted students end scholars. from various parts of India

and even fcom other countties. It played « significant role
in propagating Buddhisg teachiutgPand other disciptines like
logic, Yedss,'asteongmy Naw, and more. Around 1203 AD,
At werrdeifroyed by Muhammed Bin Bakbtlyar Khaljl's
! fagegss. ©
+?"
164,"Match list-I with list-II and select the
correct answer using the codes given below
the lists:
list-I      list-II 
A.Pratihara 1.Tanjore
B.Chola     2.Anhilwada
C.Parmara   3.Dhara
D.Solanki   4.Kannauj
Code: 
ABCD",4 2 3 1,4 3 2 1,4 2 1 3,4 1 3 2,Chhattisgarh PCS (Pre),2008.0,d,"Exp) Option d bs the correct anewer.

« Pratihare dynasty ruled over lacge parts of northern
Indla from the 7th to the 10th centuries CB. Their copitel
was Kancien).

2 Chola dynasty ruted over large parts of southern Indie
from the 9th to the 13th centuries CB. Thele cepital was
Tanjore.

« Parmara dynasty ruled over Malwa and surrounding
erees In west-centeal India from the 91h to the I4th
centuries CE. Thele capital was Dhara.

+ Solanki dynasty ruled over lerge parts of western Indias
(Gujarat and Rajasthan) from the 10h to the 13th
centuries CE. Theis capital was Ambtlwede."
165,Which one of the following statements is NOT true about Balban?,He propounded the theory of Niyabat-e-Khudai.,He introduced the Iqtadari System.,He eliminated the power of Turkan-e-Chahalgani.,He quelled down the revolt of Bengal.,Chhattisgarh P.C.S.(Pre),2008.0,b,"Exp) Option b Is the correct answer.

The Iqtadari systess was actually introduced daring the

relgn of Mtutenish, not Balben, The Iqtadari system was

introduced by Muhammed of Ghor! fn 1206 and Ihutmish

formalized and institutlonalized the Iqtedarl system as a

method of land distribution and administration. Under

this system, land tracts known as Iqtes were assigned to
nobles, officers, and soldiers for revenue collection and
governence. The bolders of Iqtas, known as Iqteders, were
responsible for ensuring smooth administration in their
assigned tercitories.

Important Tips

Facts about Balbau Rule:

+ Balban lntroduced the theory of “Niyabat-e-Kbudai.”
portraying the klng as God's representative on earth.
According to the theory, Kings position was second
only to thet of a prophet, This ideology aimed to
steengtheo the monarchy's authority by elevating the
king's position and diminishing the power of nobles.
Balbaa believed that this divine connection would
consolidate his rule and curb the lofuence of the
nobility.

« Balban curtailed the influence of Turkan-e-
Chahalgani, «a group of forty Turkish nobles, by
implementing the policy of “blood and iron.” He
displayed ruthless authority and executed severe
punishments to establish his dominance. Additionally, |

he introduced Persian customs and_ traditions,
enhancing the king’s stature while diminishing the
power of these nobles, thereby consolidating his
contro] over the empire.

¢ Balban suppressed the Bengal revolt led by Tughral
Tughan Khan in 1275. After initial failures with two
armics, Balban himself led a thi-d army, successfully-]~
recapturing the region. He defeated ‘rughral, reclaiming\)
control over Bengal. Tis son Nasiruddin Buglird Khan
also played a role, and Balban appviated his second |

I son, Bughra Khan, as the new goveraor of Bengal. |"
166,"Which Sultan wanted to launch a new religion, but Ulemas opposed the move?",Balban,Alauddin,Muhammad Tughluq,Iltuimish,Chhattisgarh P.C.S.(Pre),2003.0,b,"Exp) Option b is the correct answer.
Alaud-Din Khalji contemplated the idea of launching a
new religion, but this notion was opposed by the ulama
(Islamic scholars and clergy) of his time. Historian
Ziauddin Barani, writing after Alauddin’s death, mentioned
that Alauddin considered establishing a new religion with
the help of four trusted individuals. However, Alaul Mulk,
an advisor to Alauddin, convinced him to abandon this idea.
Alauddin’s ulama and advisors argued that the creation
of a new religion required divine revelation and that
attempting to establish a new religion would likely lead to
public resistance and unrest. Alauddin eventually refrained
from pursuing this concept, and his reign is noted for his
separation of religion from the state, focusing on governance
and administration rather than religious matters.
Important Tips |
; Alaud-Din Khalji(1296-1316):

e Military Campaigns: [He conducted — several
military expeditions, including Devagiri, Gujarat,
Ranthambor, Chittor, and Malwa |

» Chittor Campaign: Ee attacked Chittor for the sake of |
Rani Padmini, which ultimately led to her committing

Jauhar (self-immolation).

« Literary Reference: Alauddin’s Chittore campaign was

described in the book “Padmavat” written by Malik
Muhammed Jayasi.

« Reversal of Tolerance: He reversed the policy of
tolerance and imposed harsh punishments on those |
who opposed him.

e Military Reforms: He maintained a strong cing
army, introduced branding of horses, and paid salaries
in cash.

e Architectural Contributions: Alauddin constructed |
notable structures like Alai Darwaza, Hauz Khas, Mhal |
Hazaar Satoon, and Jamait Khana mosque. |

e New Capital: He built a new capital at Siri and |
constructed Siri Fort during the Mongol invasion. |

e Literary Patronage: He patronized poets like Amir
Khusrau and Mir Hasan Dehivi.

© Defeat of Mongols: Alauddin defeated Mongols in
several battles, including Jalandhar, Kili, Amroha, and |
Ravi. eS"
167,What were Manigramam and Nanadesi in early medieval India?,Cluster of non-revenue paying villages,Village-level community groups,Guilds of Indian merchants,Literary societies in the capital towns,CDS  ID,2022.0,c,"_. - 9% a

_ Exp) Option cisthe correct answer.
| - Manigrainam and Nanadesi were prominent guilds or
_ Snierchant associations that existed during the early medieval
period in India. These guilds played a crucial role in trade
and commerce, representing the interests of merchants and
artisans within specific regions."
168,What was a munjaniq in medieval period?,Cannon,Catapult,Gun carriage,Portable armoury,CDS  (11),2022.0,b,"Exp) Option b is the correct answer.

A munjaniq was a type of siege engine or war machine used

during the medieval period. Specifically, it was a type of

catapult. Catapults were used to launch projectiles, such as
stones, rocks, or other projectiles, at fortified structures or
enemy forces during a siege."
169,Whoamong the following Sultans succeeded in finally breaking and destroying the power of Turkan-i-Chihalgani?,Iltutmish,Balban,Alauddin Khalji,Muhammad bin Tughluq,CDS  (1),2020.0,b,"Exp) Option b is the correct answer

Balban, also known as Ghiyasuddin Balban, succeeded
in finally breaking and destroying the power of Turkan-
i-Chihalgani. Turkan-i-Chihalgani refers to the forty noble
Turkish families who held considerable power and influence
in the Delhi Sultanate.

Important Tips

« Balban, whose full name was Ghiyas ud din Balban,
was a powerful ruler of the Delhi Sultanate in the 13th
century. He served as the Sultan from 1266 to 1287.

« Balban is known for his efforts to centralize and
strengthen the authority of the Delhi Sultanate.

* Balban recognized the threat posed by the Turkan-i- ’
Chihalgani and took decisive actions to break their
power.

* He adopted a policy of suppressing the Turkish
nobility and diminishing their influence.

e Balban reduced their privileges, curtailed their
power, and sought to strengthen the authority of the
Sultanate.

» He appointed loyal and capable officers from diverse |
backgrounds to key positions, ensuring that power ,
was concentrated in the hands of the Sultan rather than
the Turkish nobles,

+ Balban also established a strong intelligence network
to monitor and counter any potential threats
from the nobility. Through these measures, Balban
successfully broke the power of Turkan-i-Chihalgani
and established the authority of the Sultanate."
170,Who among the following Mongol leaders/commanders did not cross Indus to attack India?,Chenghiz Khan,Tair Bahadur,Abdullah,Qutlugh Khwaja,CDS  (1),2020.0,a,",
Exp} Option a ts the corcect answer :
Chenghiz Khan was the founder of the Mongol Empire, end
he led several compalgns against the neighboring kingdoms.
However, he did not personally lead any militery
sampaigna into the Indien subcontineat or cross the Indus
River to atteck India,"
171,Iqta in medieval India meant,Land assigned to religious personnel for spiritual purposes,Land revenue from different territorial units assigned to army officers,Charity for educational and cultural activities,The rights of the Zamindar,CDS  (1),2016.0,b,"Exp) Option b is the correct answer.
Igta in medieval India, established by Htutentsh, referred to. .:
land revenue that was assigned to army officers as ¢ form-of, :.
payment for their railitary services. The systenn of igta waty 1
prevalent during the Dethi Sultanate aud the Mughal EoBire,
The enling authorities would grant certain territories or
revenue aselgnments to the military offickils Ju exchange
for their military sapport and admi.cstration of those
tersitorles. This system helped ensure 2 steady income for
the officers and fecititated the maintenance of the military
and administrative structure of the empire."
172,"Consider the following statements about Alauddin Khilji’s market policy:

1.He placed markets under the control of a high officer called ‘Shahna’ for strictly controlling the shopkeepers and prices.
2.In order to ensure a regular supply of cheap foodgrains, he ordered the land revenue from Doab region to be paid directly to the state.

Which of the statement(s) given above is/are correct?",Only 1,Only 2,Both 1 and 2,Neither 1 nor 2,CDS,2015.0,c,"Exp} Option ¢ Is the correct answer.

Statement | is correct: Alauddin Khilji, the ruler of the Delhi

Sultanate during the 14th century, implemented a market

policy that involved placing markets under the control of”

@ high officer called ‘Shaina, The role of the Shahna was to

regulate and contcol the activities of shopkeepers and ensure

fair prices for goods and services. :

Statement 2 ls corcect: Alegddin Khil}i introduced measures.

to cneure a reguler supply of cheap foodgeains. One of these

measures was the collection of lend revenue from the Doab
region (the eres between the Ganges and Yamune rivers)
dlrectly by the stute. This stlowed the stale to have control

‘over the revenue and ensue # steady supply of foodgrains

for the market."
173,"Match List-I with List-II and select the correct answer using the codes given below the lists:

List I (King)         List II (Region)
A.Shashanka             1.Assam
B.Kharavela             2.Maharashtra
C.Simuka                3.Odisha  
D.Bhaskara Varman       4.Bengal 
Codes: 

A B C D",4 2 3 1,1 3 2 4,4 3 2 1,1 2 3 4,CDS  (II),2015.0,c,"Exp) Option < is the correct answer.

¢ Shashanka was the flrst independent king of a woified
polity lo the Bengal region, called the Geuda Kingdom.
He reigned in the 7th century CE snd his copital was
et Karnasubaraa, in present-day Murshidabad in West
Bengal.

+ Kharavele was a king of the Mehameghevahona dynasty
who ruled over Kalinga (present-day Odisha) in the
Ind of tst century BCE. He is known for his military
campaigns and patronage of Jalnism.

+ Simuka was the founder of the Setevehene dynasty,
which ruled over parts of central and southern India
from the Ist century BCE to the 3rd century CE. Ile is
believed 10 have originated from present-day Telangana
and Maharashtra region.

+ Bhaskara Varman was a king of the Varman dynasty who
ruled over Kamarupa (prescat-dey Assam) In the 7th
century CE, He was « contemporary and ally of Harsha
and 2 cival of Shashanka."
174,Marco Polo’s trip to India (1271 AD) earned much fame in Europe on account of:,his having discovered a safe route to India,his having established amicable relations with many Kings of India,"his account of commercial, religious and social conditions in the East",All of the above,CDS,2014.0,c,"Exp) Option ¢ is the correct enewer.
Marco Poto’s trip to Indie in AD 1271 carned much fame in
Europe on account of his account of commercial, religious,
and social conditions in the Fest,
Marco Polo, an Italian explorer, traveled extensively through
Aala, Inclading Indis,,during-the 13th century. His book
“The Travels of Mareg Pola” provided detailed descriptions
of the reglons he visite Theluding India,

le Soe ON Important Tips

‘ Maco Polo tn India:

« Marco Poto landed on the Coromandel Coast of India
in AD 1292 after a two-year trip by sea across the
Indian Ocean on his way home from China.

© He Joined the Tamil Pandya kingdom aroand Tanjore.

© During the reign of Redramma Devi of the Kakatiya
Dynasty, he traveled to Southern India.

+ Rudramadevi, one of the few queens in Indian history,
tuled from 1261 until 1295 CE, Polo came to a halt in
Tamil Nadu and Kerala.

« The book titled ‘Description of the World’ deter
known a6 ‘The Travels of Marco Polo’ was written by
Marco Polo."
175,"Consider the following statements regarding Indian Feudalism in the early medieval period:

1.The revenue assignments were called Bhoga.
2.The hereditary chiefs neither collected revenues nor assumed administrative powers.

Which of the statement(s) given above is/are correct?",Only 1,Only 2,Both 1 and 2,Neither 1 nor 2,CDS,2014.0,a,"Exp} Option eis the correct answer.

Statement | ls correct: Bhoga was a term uted to denote
the revenue assignments given to vacious officials, priests,
temples, and monasteries by the kings o¢ feudal lords. The
bhoga grantees enjoyed the right to collect and retain the
tevenues from the assigned lands, dut they did not have the
eight to alienate or transfer them

Statement 2 fs incorrect: The hereditary chicfs or samaitas
were feudal lords who held lends from the kings or higher
feudal lords in exchange for loyalty and military service. The
samantas collected revenues from thelr laads and assumed
administratlve powers over theic territories. They elso
imaintained theic own armies and fortifications."
176,Which one of the following statements is Not correct?,Sharaf Qai was a minister of Allauddin Khilji.,Under Giyasuddin Tughluq Mudqtis were warned not to ill-treat any of their officials for small amounts taken over and above their salaries.,The Arabic work masalik-i-Absar gives description of the functioning of Iqta system.under Muhammad-bin- Tughluq.,Marco Polo has not mentioned about Pearl Fishery of Tuticorin in South India.,CAPE,2017.0,d,"Exp) Option d is the correct enswer.

Marco Polo has mentioned about Peer! Fishery of Tuticorin
In South Indte in his travel account. He visited Indie in
the fate thirteenth century and described the peart fishing
jadustey and trade in Tuticorin, which was thea under the
Pandya kingdom.

Option ais correct: Sharaf Qat wasa minister of Alauddin
Khilji, He was the revenoe minister who belped implement
the economic reforms of the Sultan,

Option b is correct: Under Glyasuddin Tughlug Mugtls
were warned not to ill-treat any of thelr offictals for small
amovote takea over and above thelr salarics. Muqtis were
the holders of iqta, a system of tax facming introduced by

Itutmish. Giyasuddin Tughlug tried to reform the iqta system
and curb the corruption and oppression of the Muqtis.
Option c is correct: The Arabic work masalik-i-Absar
gives description of the functioning of Iqta system under
Muhammad bin Tughluq. Masalik-i-Absar was written by Al-
Umari, a Syrian scholar who visited India in the fourteenth
century. He pave a detailed account of the institution of iqta
and its administration under Muhammad bin Tughlug"
177,"Which one among the following was/were the motive/motives behind Mohammad Tughlaq’s transfer of capital from Delhi to Daulatabad?

1.The shift to Daulatabad would give him a chance to establish control over Deccan and Gujarat.
2.It would provide access to the Western and Southern ports.
3.It would protect him from direct Mongol invasions from the North-Western frontier.
Select the correct answer using the codes given below:",1 and 2 only,2 and 3 only,1 and 3 only,"1,2 and 3",CAPF,2014.0,d,"Exp) Option d is the correct auswer ae
Statement 1 is correct: Daulatabadt! was located inthe
cane eA!
Deccan, and it was a strategic location for contralling the
region. Gujarat was also an importani trading Yegion, and
Muhammad bin Tughlag wanted to be closer to the coast.
Statement 2 is correct: Daulatabad was located on the banks
of the Godavari River, which gave it access to the Western and
Southern ports. This was important for trade and commerce.
Statement 3 is correct: Delhi was located in the North-
Western frontier, and it was vulnerable to Mongol invasions.
Daulatabad was located further south, and it was thought to
be more secure from Mongol attacks."
178,Which of the following rulers does not belong to Gurjara-Pratihar dynasty?,Nagabhatta-II,Mahendrapal-I,Devapal-I,Bharatrabhatta-I,R.A.S./R.T.S.(Pre),2018.0,d,"Exp) Option d is the correct answer.
Bharatrabhatta-f does not belong to Gurjara-Pratihar
dynasty, whereas Nagabhatta-I] (800-833 CE),
Mahendrapal-I (885-910 CE), Devapal-1 (948-954) were
all rulers of Gurjara-Pratihar dynasty.
Important Tips

The Gurjara-Pratiharas (8th to 10th Century):

¢ Gurjara-Pratihara: The term “Pratihara’ means
“doorman,”

« Emergence: Gurjara-Pratiharas gained prominence
in the 8th century by resisting Arab forces during
Nagabhata I’s reign.

« Founder: The greatest emperor of the Pratihara
dynasty was Bhoja, who was also the empire's actual |
founder. |

« Rule in Kannauj: The Pratiharas ruling over Kannauj |

are referred to as Gurjara-Pratiharas. :

+ Territorial Expansion: In Rajasthan’s eastern and
centra] regions, the Pratiharas established various
principalities,

« Conflicts and Expansion: The Gurjara-Pratihara }
Kingdom frequently clashed with contemporary
powers like the Palas and Rashtrakutas.

* Rivalry with Rashtrakutas: The Pratiharas contested
the Rashtrakutas for control over Malwa, Gujarat,
and Kanauj, which dominated the upper Ganga valley.

| « Defeats and Retreat: Farly Pratihara attempts to
‘ expand into Malwa and the upper Ganga basin were
thwarted by Rashtrakuta rulers Dhruva and Gopal III. |

je Rashtrakuta Victories: The Rashtrakutas defeated
| the Pratiharas in 790 and later in 806-07, forcing the
latter to retreat to the Deccan and allowing the risc |
| of the Palas.
je Gurjara-Pratihara Court: The poet Rajashekhara
| was associated with the court of Gurjara-Pratihara ."
179,Who among the following laid the foundation of the Chola Empire in the IXth century A.D.?,Krishna-I,Rajraja Chola,Vijayalaya,Parantaka,R.A.S./R.T.S.(Pre),2016.0,c,". m 5 « °
. Exp) Optiome i the correct answer.
2 Nijdjalaya was the founder of the medieval Chola empire,
° which reached its peak under his successors. He conquered
the Kaveri delta from the Muttaraiyar in the middle of the
ninth century A.D. and established his capital at Thanjavur.
He also built the Vijayalaya Choleswaram temple there,
dedicated to Lord Shiva. He was one of those rulers who,
from nothing, greatly formed an empire and then conquered
powerful neighboring empires such as Pandyas and Pallavas,
and became a powerful force in all of ancient South India.
Important Tips
| e Krishna-I was a Rashtrakuta emperor who ruled on
: 756 to 774 CE, He defeated the last Badami Chalukya
. ruler Kirtivacman Hf and expanded his empire in the
Deccan, He is also credited with building the Kailasa
temple at Fllora. |

* Rajraja Chola was a Chola emperor who ruled from |
985 to 1014 CE. He was one of the most powerful and
influential rulers in Indian history. He conquered

the Pandya, Chera, and northern Sri Lanka regions, |
and extended his influence on the Maldives and
Lakshadweep islands. He also built the Brihadisvara
temple at Thanjavur, one of the largest and most
magnificent temples in India.

« Parantaka was a name adopted by several South
Indian kings, especially from the Chola and Pandya
dynasties. The most famous Parantaka was Parantaka
I, who ruled the Chola kingdom from 907 to 955 CE."
180,"Which one of the following pairs is NOT
corrtly matched?",Baz Bahadur [Malwa od,Chand Bibi Oudh ee(c] Raziyya Sultan Delhi _,,,RAS/RTS (Pre),2016.0,b,"Exp) Option b is the correct answer

Sultana Chand Bibi (1550~1599 CE), an Indian ruler and
warrior, served as Regent of Bijapur Sultanate (1580-1590)
and Ahmednagar Sultanate (1595-1600) and not Oudh.
Renowned for defending Ahmednagar against Mughal
Emperor Akbar’s forces in 1595, she displayed remarkable
leadership during these periods of regency.

[ Important Tips

« Qutb-ud-Din Bahadur Shah, a Muzaffarid sultan,

ruled Gujarat Sultanate in India from 1526-1535 and |
1536-1537. He expanded his realm, allicd with sl
and Abyssinians, but lost to Humayun in 153Later
| regaining power, he was killed by the Portuguese in
1537.

+ Razia Sultana (d. 1240} was the first (emste Muslin
ruler of the Delhi Sultanate, ccigaing from 1236
to 1240. Initially an able administcator, she faced
nobles’ opposition doe to her assertiveness and non-
Turkle appointments, Deposed, she bricfly attempted
® comeback, marrying @ rebel, but was ultimately
defeated and killed by her successor, -

« Bayezld Baz Behadue Khoa, last Sulton of Malwa
(1555-1562), was known for his romence with
Roopmatl. Negiecting governance, he was defeated
by Akbar's forces, fled, and later sucrendered, serving |.
in Akbar's court. Mandu was his capital, with notedle| |
steuctures ike Jahaz Mahal. uence I

I TES"
181,"Match list-I with list-II and select the correct answer using the codes given below the lists:
List-I             List-II
A.Diwan-i-Arz      1.Dealt with religious matters 
B.Diwan-i-Risalat  2.Dealt with state's correspondence 
C.Diwan-i-Insha    3.Dealt with Finance Dept
D.Diwan-i-Wizarat  4.Dealt with Military Dept 
Code: 
ABCD",Battle of Khatoli,Battle of Sarangpur,Battle of Siwana,Battle of Khanua,R.A.S./R.T.S.(Pre),2013.0,d,"Exp) Option d Is the correct answer.
Correct match of the above paire arc:
Name s4 2 of | Dealt With. 3.” | Established by”
Depariment 3 [ey ea
Gaal a

B. Diwan-t- Dealt with religious | Alauddin Khilj!
Risalat matters

C. Diwaa-b-lnsha | Deale with state's | Mubsinmed Bin

correspondence Tughlag
Ghiyasuddin
p Balban"
182,,,,,,,,a,"Exp) option e is the correct answer,
The Batile of Kbatoll occurred ta 1517 between Rana
Senga of Mewar and Ibrahim Lodi of the Lodi dynasty.
Rena Senga emerged victorious im this battle, which
look place neer Kkatoll, Lakher! (Rajesthen). Ibrahim
Lodi, Sultan of the Delht Sultanate, attempted to suppress.
revolts and confront Rana Sangs's encroachments. Rana
Sanga’s Rajput forces overwhelmed Lodl’s army, resuhing
In @ significant victory for Mewar. The batile lasied around
five hours, with Lodl's forces fleetng, and even Lodi himself
‘was compelled to escape. Rana Sanga suffered injuries in the
battle but remained trlumphant, This defcat weakened Lodl’s
resources, Impacting his subsequent actions."
183,Who is the author of Prithviraja Vijaya?,Chand Bardai,Prithviraja Chauhan,Jayanaka,Nayanchand Suri,R.A.S./R.T.S.(Pre),2012.0,c,"Exp) Option ¢ Is the correct answer,
Attributed to Jayanaka, @ poet In Prithvireja 3il’s court,
the epic pocm °Prithviraja Vijaya.” composed sround
1191-1192 CE, honors the Chahamene ruter’s legacy. The
text blends history and mythology, portraying Prithvireja as
a divine figure. The poem eulogizes Prithviraje’s ancestry,
valor, and accomplishments. It provides a lineage of bie
predecessors, including notable Chahamansa rulers. (t
recounts various victories, such as Nagarjuna’s defeat, and
mentions Ghori’s incursions. While considered « significant
historical source, scholars debate Its accuracy."
184,"The Sultan of Delhi who was very concerned about charity and alms and established a department called ‘Diwan-i-Khairat’ for it, was:",Iltutmish,Firuz Tughluq,Ghiyasuddin Shah,Bahlul Lodhi,R.A.S./R.T.S.(Pre),1999.0,b,"Exp) Option b is the correct anewer. . .
Firot Sbab Tughlag, known for his pbilanthropic
initiatives, established the ‘Diwan-!-Khalrat? or
Department of Charity. This department aimed to support
orphans aad widows In the society. Additionally, Firoz
Shah set up free hospitals liké Dac-wl-Shafa and introduced
rmarslage bureaus to assist pot Muslims In finding suitable
matches. His concer (charity end alms led to these

. -Rotewarthy Ini{jauv@e during his reign."
185,According to Hammir Mahakavya the Chauhans were:,Chandravanshi,Brahmins,Yaduvanshis,Suryavanshis,R.A.S./R.T.S.(Pre),1999.0,d,"Br) Option dla the correct anewer,
The Haromira Mehskavya is an epic poem written by
jain echolar Nayachandra Suri in the ISth century. It Is 6
blography of the 13th century Chahamana king Hammira.
The poem describes the Chauhans as Sucyarsashl, of
deacendante of the sun god. This Is elso supported by
other histocical sources, such as the Prithviraj Raso, The
poem, though not conpletely historically accurate, provides
insights into the medieval history of north-western India. ft
compares Chauhan kings, Including Hammaira, to tegendary
heroes. While the ancestry details in the text can be fanciful,
the SuryavanshS Hacage ss emphasized, connecting the
Chavhans to the solar dynasty."
186,Who among the following opposed the power of the Khalifa?,Iltuimish,Alauddin Khalji,Muhammad-bin-Tughlag,Balban,67th B.P.S.C.(Pre) (Re-Exam),2022.0,e,"Exp) Option ¢ Is the correct answer.
Muberak Sieh Khiljl opposed the Kbelifa and declared
himsclf Khelifa. Mubarak Shah Kbiljl, known es Mubayak
Khan, assumed the throne on April 14, 1316, at the age
of 17 oF 18, following the rule of his father Alauddin
Khiljl. Interestingly, Mubarak Shah adopted the tide
“Kholifalallah® or “Representative of God,” which was
even inscribed on his coins.

Importaat Tips

+ Ttatralsh sooght the tide of Sultan from the Baghdad
Kbalife, obtaining It in 1229 AD. This official
cecognition solidified his rule over the Delhi Sullenate,
enabling « hereditery succession for his desceodants
and securing their rightful place on the throne.

+ Baldan did not oppose the power of the Khelifa, He
waee staunch Sunni Muslim end « loyal follower of
the Abbasid Caliph, He even sent annuel gifts to the
Caliph aod recognized his authority. Balban Inscribed
coins in the memory of Khiljl the deceased Khalifa.

+ Aleuddia Kheljf did not oppose the power of
the Khalifa. He maintained diplomatic tles and
recogolzed the authority of the Khalifa. His coins
onaltted the mention of the Kbslifa, replacing It with
the self-laudetory tithe Sikander-us-sani Yemin-ul-
Khilefat, He ceased adding Al-Muste’sim’s name,
instead adding Yamln-ol-Khilafat Nasle Amiri
‘4-Mu'minin (The eight hand of the Caliphate, the
helper of the Commande of the Faithful).

e uring early period of Muhammad bin Tughlaq |
reign, he neither sought recognition of Khalifa
nor inscribed his name on his coins. The Sultan did
nothing against Islam nor did he desire to flout the
principles of Islam but he was not prepared to accept
the interference of religion or that of any religious class
in his administration. He aimed to centralize his
administration and minimize religious interference,
but he did not challenge the overall authority of the
Khalifa or the principles of Islam."
187,Which Sultan demanded half the crops on land after measurement as revenue?,Iltutmish,Balban,Alauddin Khalji,Muhammad-Bin Tughlaq,B.P.S.C.(Pre),2018.0,c,"co
Exp) Option c is the correct answer. ns :
During his reign, Sultan Alauddir «hoiti demanded ‘half
of the crops on land after measurement is tevenue, as part
of his agrarian reforms to strengthc:. 1. state’s control
over agricultural production ang zeve:x:e collection. This
taxation system, known as kharaj or mal, aimed to maximize
state revenue and expropriate the peasant’s surplus."
188,Which Sultan was reputed to be ‘Akbar of Kashmir’?,Sultan Shamsuddin Shah,Sultan Qutbuddin,Sultan Sikandar,Sultan Zainul Abidin,B.P.S.C (Pre),2018.0,d,"Exp) Option d is the correct answer.
Ghiyas-ud-Din Zain-ul-Abidin (1. 1418-1419, 1420-1470)
was the eighth sultan of the Shah Mir dynasty of Kashmir.
He was known by his subjects as Bud Shah (the Great King).
He was reputed as the ‘Akbar of Kashmir’. He was known
for his religious tolerance, public welfare initiatives, and
policies that aimed at fostering harmony among different
religious and cultural groups. Zain-ul-Abidin abolished the
Jaziya tax on Hindus, allowed the construction of temples,
and supported Sanskrit literature. He was recognized as a
great ruler who provided peace, prosperity, and benevolent
rule during his reign in Kashmir."
189,Who was the founder  Karnata dynasty?,Nanyadev,Narshimhadev,jaydev,Haridev,60th to 62nd B.P.S.C.(Pre),2016.0,a,"Exp) Option a is the correct answer.
The founder of the Karnata dynasty was Nanyadeva. He
established the dynasty in 1097 CE. He was a Kayastha
by caste and established his capital at Simraungadh. The
dynasty controlled the region known as Tirhut or Mithila,
located in present-day Bihar state of India and Nepal.
Under the Karnats, Mithila enjoyed a significant degree of
sovereignty from 1097 to 1324 CE. Nanyadeva’s establishment
of supremacy is believed to have been aided by Chalukya
king Vikramaditya VI."
190,Nalanda Vihar was destroyed by:,Bakhtiyar Khalji,Qutubddin Aibak,Muhammad Bin Tughlaq,Alauddin Khalji,60th to 62nd B.P.S.C.(Pre),2016.0,a,"Exp) Option a is the correct answer.
Nalanda Vihar was destroyed by Bakhtiyar Khalji, a
military general under Muhammad Ghori, In the late 12th
and early 13th centuries, Khalji led military campaigns that
resulted in the conquest of parts of eastern India, including
Bihar. His invasions led to significant damage to Buddhist
establishments such as Odantapuri and Vikramashila, and
the destruction of Nalanda University. His rapid advances
and conquest of Bengal ultimately resulted in the downfall
of the Sena dynasty’s rule in the region."
191,"In which among the following states, ‘Odantipur’ Education Centre was situated?",Ramachandra Dev,Prataprudra Dev,Malik Kafur,Rana Ratan Singh,60th to 62nd B.P.P.S.C.(Pre),2016.0,b,"Exp) Option b is the correct answer.

Qdantapuri Education Centre was situated in the state

of Bihar. It was a renowned Buddhist center of learning,

established in the 7th century CE by Gopala, the first
ruler of the Pala dynasty. Similar to Nalanda, another
famed Buddhist learning ‘institution, Odantapuri played

a significant role in’ Buddhist education and scholarship.

It later served as‘a ‘model for Tibetan monasteries and

scholars. Gradually it faced decline and was eventually

destroyed during the 12th century when Bakhtiyar Khalji
_dnvaded Bihar.

| Important Tips ;

' Famous Universities of Ancient India:

0 Qdantapuri: Located in Bihar, it was established
under the patronage of King Gopala I from the Pala
dynasty. Odantapuri was a prominent Buddhist maha
vihara or monastery but was tragically destroyed by
Bakhtiyar Khilji.

« Vikramshila: Situated in present-day Bhagalpur,
Bihar, this university was founded by King Dharmapala

' of the Pala dynasty. It thrived as a Buddhist study

j center, emphasizing Vajrayana and Tantric teachings,
along with subjects like philosophy, astronomy, law,
and more.

+ Jagaddala: Located in Bengal, it served as a refuge
for scholars following the decline of Nalanda and
Vikramshila, King Ramapala of the Pala dynasty
is credited with its founding, and it was a hub for
Vajrayana Buddhism.

[6 Valabhi: Situated in Gujarat’s Saurashtra region,

: Valabhi was a_ significant center for Hinayana !
Buddhism. It covered a wide array of subjects, including }
administration, philosophy, and statecraft.

« Takshashila; Believed to have existed in present-day
Pakistan since the Sth century BC, it was renowned for
Chanakya’s Arthashastra and teachings in Buddhism
and Hinduism.Subjects encompassed __ politics,
medicine, law, military tactics, and more.

;* Nalanda: A renowned ancient center in Bihar,
Nalanda existed from 427 to 1197 AD. It specialized
in Buddhist studies but also offered education in fine :
arts, medicine, mathematics, astronomy, and other
fields,

¢ Kancheepuram: This center of learning thrived from
the 1st century AD, attracting students of Hinduism,
Jainlsm, and Buddhism.

_« Manyakheta (Malkhed): Located in Karnataka, it
gained prominence under the Rashtrakuta dynasty,
hosting scholars from various religious backgrounds. |

¢ Pushpagiri Vihara and Lalitagiri (Odisha): Founded |
by Kalinga rulers, Pushpagiri was primarily a Buddhist
study center in the 3rd century AD.

e Sharada Peeth: Present in Pakistan-occupied
Kashmir, it was known for Sanskrit manuscripts and
was significant for Sanskrit academics.

« Nagarjunakonda: Situated in Andhra Pradesh, it was |
a renowned Buddhist center, attracting scholars from
Sri Lanka, China, and beyond. |"
192,,,,,,,,a,"Exp) Option a is the correct answer.

Ramachandra Dev, also known as Ramadeva, was the ruler

of Devagiri at the time of Alauddin Khalji’s invasion. He

was a ruler of the Seuna (Yadava) Jwnasty in the Deccan

<

region. Initially, he resisted Muslim invavion and paid tribute. »

to Alauddin Khalji in 1296 CL. Howey 2. efter discgntinting

the tribute payments, he was subjugated by’ Alauddin’s

army led by Malik Kafur around 130%, vezoming a vassal

of the Delhi Sultanate. Subsequently, |< machandra served

Alanddin as a loyal feudatory, and heiped his forces defeat

the Kakatiyas and the Hoysalas."
193,"“When he attained Kingship, he was quite independent of rulers and orders of Shariat.” For which Sultan Barani made this statement?",Iltutmish,Balban,Alauddin Khalji,Muhammad-bin-Tughlaq,46th B.P.S.C.(Pre),2004.0,c,"Exp) Option c is tie correct answer,

The statement, “When he attained Kingship, he was quite

independent of rulers and orders of Shaviat,”? was made

about Sultan Alauddin Khalji by Barani. Alauddin Khalji

was known for his strong will and his firm contro] over

the administration. He believed that the government and

administration should be separate from the rules and

orders of the shariat (Istamic law), and he asserted his

authority even in the face of opposition from religious

scholars (alaima)."
194,Which one of the following dynasties ruled over India after the invasion of Timur?,Lodhi Dynasty,Sayyid dynasty,Tughlaq dynasty,Khalji dynasty,B.P.S.C.(Pre),2001.0,b,"Exp) Option b is the correct answer.

After the invasion of Timur in 1398, the Sayyid dynasty

culed over India. After the invasion of Timur in 1398, the

Sayyid dynasty ruled over Lidia. Timur’s invasion led to

the decline of the ‘Tughlaq dynasty, and the subsequent

weakening of the Delbi Sultanate. As a result, various

regions within the sultanate, such as Gujarat, Punjab, Bengal,

Awadh, and Mewat, began to declare their independence

under different rulers. This fragmentation marked the

transition to the Sayyid dynasty’s rule.

| important Tips |

Invasion of Timur:

« In 1398, Chagatai ruler ‘Limur invaded India during

| the reign of Nasicuddin Mahinud.

‘6 A decisive battle occurred near Delhi, leading to |
Vimur's victory. Timur entered Delhi and carried out |

| a massacre of the population. The invasion marked |

i the decline and eventual end of the Tughlag dynasty. |

| ¢ ‘Timurids took much wealth, including gold, to |
Samarkand, weakening the Dethi Sultanate. |

o Following ‘Timur’s invasion, the sultanate fragmented |
as various regions declared independence. ‘

° Gujarat Sultanate under Muzaffar Shah i, Khokhars |
in Punjab, Bengal Sultanate under Ghiyasuddin |
Azam Shah, Jaunpur Sultanate under Malik Sarwar |
| in Awadh, and Mewat State under Khanzada Bahadur |
Khan asserted independence. :"
195,Which one of the following sultans provided employment to the unemployed?,Alauddin Khalji,Muhammad-Bin-Tughluq,Firuz Tughluq,Sher Shah Suri,45th B.B.S.C.(Pre),2001.0,c,"Exp) Option c is the correct answer,
Firoz Shah Tughlaq;. the Sultan of Delhi, established
an ‘employment bureaw that aimed to provide job
oppaxtunities for the unemployed individuals in his
kingdom. This initiative demonstrated his concern for the
welfare of his subjects and his efforts ta alleviate poverty
and unemployinent. Additionally, Firez Shah Tughlaq is
also known for his contributions in other areas, such as
building gardens, canals, and rest houses for travelers. He
also established offices for charity and for the management of ,
slaves, showcasing his multifaceted approach (a governance
and social welfare.
Important ‘lips .
Firoz Shah Tughlagq (1351 - 1389): ,;
° Administrative and Financial Reforms: |
° Imposed Jaziya, a tax on non Muslims. |
* Established the Diwan-| Khairat for charitable |
activities.
° Jnstituted Diwan-}-Bundagan for managing |
slaves.
e Introduced water cess known as haq-i-sbrib. |
e© Extended the principle of heredity to the army and |
nobility. |
| e Revived and made the igta system hereditary. |
| © Adopted the Iqtadari framework for land revenue |
collection. l
e Introduced irrigation tax ‘Sharb’ and four Islamic ,
taxes - Kharaj, khains, jizya, and zakat. |
e Introduced new coins - Adha and Bitch.
| «6 Intrastructure and Urban Development: | ’
} ° Founded new towns - Firozabad, Fatehabad, |
Jaunpur, and Hissar.
e Constructed nunierous canals, earning the title
‘father of irrigation department? |
° Set up Sarais (rest houses) for travelers and |
merchants. |
| e Established hospitals known as Darul-Shifa, |
| Bimaristan, or Shifa Khana. |
e knhanced canal infrastructure and irrigation:
| through four canals. | .
e Established towns - Hissar and Firozabad. |
| e Developed royal factories called karkhanas, | .
pny .tAy....)- hw

¢ Gained the moniker ‘Sultan of Constructions’ due

to prolific building activities.
« Cultural and Religious Policies:

| o Protected Sanskrit texts and translated them into
i Persian.

e Ordered destruction of the Jwalamukhi temple

e Appeased theologians by prohibiting Muslim

women from worshiping outside.
L ¢ Introduced separate taxation of jizya, concessions
to theologians, and removal of wall paintings."
196,Which one of the following Sultans of Delhi introduced measures for improving the quality of fruits?,Muhammad-Bin-Tughluq,Firuz Tughlaq,Sikandar Lodhi,Sher Shah Suri,44th B.P.S.C.(Pre),2000.0,b,"8 me
“Lov?

Exp) Option b is the correct ans.wer. .
Firuz Tughlug, implemented measrvz.s +2.aed at enhancing
the quality of cultivation anc imyiwwing crop yields,
particularly focusing on fruiis. lz initiated the planting of
around 1,200 fruit gardens, with the objective of boosting
the agricultural output and subsequently increasing the
revenue for the sultanate. Additionally, Firuz Tughluq’s
policies aimed to protect the interests of peasants, including
raising officials’ salaries and granting them Jagirs to
prevent oppression of the rural population. This approach
contributed to stabilizing prices and relieving the population
from the burdens faced during the rule of previous rulers."
197,"The ruler of Suvarnabhumi, who founded a Buddhist monastery at Nalanda and requested Devapala through his ambassador to grant, five villages for its maintenance, was-",Dharanindra,Sangramadhananjaya,Balaputradeva,Chudamanivarmana,64th B.P.S.C (Pre),1999.0,c,"Exp) Option c is the correct answer.
Balaputradeva, the ruler of Suvarnabhumi, was the
maharaja of Srivijaya in the 9th century CE and a part of
the Sailendra dynasty. He founded a Buddhist monastery at
Nalanda, which is mentioned in the Nalanda inscription.
He displayed his commitment to Buddhism by requesting
Devapala, through his envoy, for the allocation of
five villages to support the upkeep of this monastery.
Balaputradeva’s efforts signify his engagement in promoting
Buddhisin and fostering cultural ties, as seen in his diplomatic
appeal to Devapala for the monastery’s sustenance."
198,The capital of Qutbuddin Aybak was-,Lahore,Delhi,Ajmer,Lakhnauti,4ist B.B.S.C.(Pre),1996.0,a,"Exp) Option a is the correct answer.
Qutbuddin Aybak, after succeeding Muhammad Ghori,
chose Lahore as his capital following his victory over
Taj al-Din Yildiz. ‘his decision was driven by strategic
considerations, as Lahore held significance in maintaining
control over Ghurid territories in northwestern India.
After initially venturing towards Ghazni, Aybak eventually
established Lahore as his capital due to its favorable
geopolitical position and its potential to consolidate his
rule over the region."
199,"Which of the following indicates taxes levied on the land product?
i.Kharaj
ii.Khums
iii.Ushr
iv.Muktai

Sele your answer from the following codes.—-",only i,only ii and iii,"only i, ii and iii","only i, iii and iv",40th B.P.S.C.(Pre),1995.0,d,"Exp) Option d is the correct answer.
Option 1 is correct: Kharaj was a land tax that was equal to
about 50 per cent of the peasant’s produce of the land. It

was charged on lands held by both Hindus and Muslims. The
kharaj was essentially a share in the produce of the land and
not a rent on the land.
Option 2 is incorrect: khums or Khams is a one-fifth
tax that was paid on all items which are regarded as ghanima
(booty seized with war). Four-fifth of looted items was left
for the soldiers. Hence, it was not a land tax.
Option 3 is correct: Ushriwas a Jand tax equal to one-tenth
_ of the produceimposed mainly on Muslims.
. Option'4 is correct: Muqti or Muqtai was responsible for
© the administration of the province and the collection of
revenue from peasants. Land tax collected by Muqti was
called Muktai.
Important Tips

Other Taxes during Delhi Sultanate:

e Jizya tax: It has been understood in Islam as a fee
for protection provided by the Muslim ruler to non- {
Muslims, for the exemption from military service for
non-Muslims, for the permission to practice a non-
Muslim faith with some communal autonomy in a
Muslim state. Elowever, Women and children were
exempted from the taxes.

« Zakat: It was a tax on property realized trom the
Muslims. The rate of zakat was 2.5% of the value of
certain types of property, such as gold, silver, and
livestock. Zakat was used to help the poor and needy, ,
and to promote religious and charitable causes.

‘«  Charah: It was tax on Grass lands used for grazing of :
animals. It was also introduced by Allauddin Khilji. |

+ Ghari: It was tax on Houses. It was imposed at the |

reign of Allauddin Khilji, Muhammad Tughlaq and |

others. However, Firoz Tughlag discontinued many

aggrarian Javies such as abwab, ghari and charai."
200,"Coins-Tanka, Shashgani and Jital of Sultanate period was made of which of the following metals-","Silver, Copper","Gold, Silver, Copper","Silver, Zink, Copper","Gold, Zink, Copper",39th B.P.S.C.(Pre),1994.0,a,"Exp) Option a is the correct answer.

Tanka and Shashgani were the silver coins whereas Jital was

a copper coin. Tanka and Jital coins were introduced by

the Htutmish whereas the Sashgani coin was introduced by

Firoz Shah Tughlag. The coin was equal to six Jital."
201,During the regime of which Sultan was the Khalisa land developed on a large scale?,Ghiyasuddin Balban,Alauddin Khalji,Muhammad-Bin-Tughlaq,Firuz Shah Tughlaq,39th B.P.S.C.(Pre),1994.0,b,"Exp) Option b is the correct answer.

During the reign of Alauddin Khalji, the Khalisa land was

developed extensively. Khalisa land referred to the crown

land directly controlled by the ruler. Alauddin implemented

a series of land and agrarian reforms aimed at consolidating

his power and ensuring a stable revenue source.

* He abolished the iqta system, which was a system of
granting land to nobles in return for military service.

« He brought all land under the direct control of the
state and made it the basis of his revenue system.

e The Khalisa land was cultivated by peasants who paid
rent to the state. The revenue from the Khalisa land was
used to finance Alauddin Khalji’s military campaigns and
other projects.

e <Alauddin’s administration recruited efficient revenue

officials, audited accounts, and imposed severe
punishments for corruption.
This systematic approach led to the expansion and
development of the Khalisa land under his rule."
