q_no,q_statement,a,b,c,d,exam,year,correct_option,explanation
21,"From the third century AD when the Huna invasion ended the Roman Empire, the Indian merchants relied more and more on the:",African trade,Western-European trade,South-East Asian trade,Middle-Eastern trade,UPSC CSE Pre,1999,c,"Exp) Option c is the correct answer.
The Hunas were a nomadic people from Central Asia who
invaded India in the 5th century CE. The Hunas were skilled
warriors and they were able to defeat the Gupta Empire,
which was the dominant power in India at the time. The Huna
invasion caused widespread destruction and disruption, and
it led to the decline of trade and commerce in India, The
Indian merchants were forced to look for new markets, and
they turned to Southeast Asia. ‘he maritime trade with the
regions of South-East Asia, such as Indonesia, Malaysia,
Thailand, Cambodia, Vietnam, etc., flourished during this
period, The Indian merchants also spread their culture,
religion, and language to these regions."
22,Which one of the following ports handled the North Indian trade during the Gupta period?,Lamralipti,Bhadoch,Kalyan,Cambay,UPSC CSE Pre,1999,a,"Exp) Option a is the correct answer.
During the Gupta period, the port that handled the North
Indian trade was Taimralipti. Tamralipti was a port city and
capital of Suhma Kingdom in ancient India, located on the
coast of the Bay of Bengal. The ‘lamluk town in present-day
Purba Medinipur, West Bengal, is generally identified as the
site of Tamralipti
‘Tamralipti was an important centre of Buddhism and Jainism
as well. It had several Buddhist monasteries and an Ashokan
pillar. It was also the departure point of the Buddhist
missionary expedition sent by Ashoka to Sri Lanka in the
3rd century BCE.
| Important Tips |
« Bhadoch is a port town in present-day Bharuch
district, Gujarat, India. It is located on the mouth of
f the Narmada river. It was an ancient trade centre and a
major port of western India. It was known as Barygaza,
Barugaza, Barukaccha, etc. by different sources. It
| was mentioned by Ptolemy, Pliny, Periplus of the
Erythraean Sea, and the Chinese pilgrim Xuanzang. It
exported cotton, silk, indigo, ivory, pearls, and other
commodities, and imported wine, gold, silver, and
luxury goods. |
e Cambay is a city in present-day Kheda district,
Gujarat, India. It is located on the coast of the Gulf.
| of Khambhat. It was an ancient trade centre and a
major port of western India. Jt was known as Canbaye,
Cambetha, Cambaytha, etc. by different sources. It was
mentioned by Marco Polo, [bn Battuta, Niccolé de’
| Conti, and the Portuguese traveller Duarte Barbosa.
It exported colton textiles, silk fabrics, brocade work,
indigo dyeing, musk perfume, pearls, diamonds, and
other commodities, and imported horses, metals,
spices, and luxury goods.
> Kalyani port: It was an ancient port of the Satavahana °
dynasty that was situated on the western Deccan and ;
was involved in maritime trade with West Asia and
Africa | |"
23,Which one of the following sculptures invariably used green schist as the medium?,Mauryan sculptures,Mathura sculptures,Bharhut sculptures,Gandhara sculptures,UPSC CSE Pre,1996,d,"Exp) Option d is the correct answer.
Gandhara sculptures invariably used green schist as the
medium. Gandhara sculptures are a style of Buddhist art
that was developed in the northwestern Indian subcontinent
during the Kushan Empire (1st to 3rd centuries CE). The
sculptures are characterized by their use of Greco-Roman
elements, such as realistic proportions and drapery, and
their depiction of the Buddha in human form. The green
schist is a type of stone that is found in the region of
Gandhara. It is a soft stone that is easy to carve, and it has
a beautiful green color. The sculptors of Gandhara used
green schist to create their sculptures because it was the
perfect material for their style of art."
24,The silver coins issued by the Guptas were called:,Karshapana,Dinara,Rupaka,Nisc,UPSC CSE Pre,1996,c,"Exp) Option c is the correct answer.
Rupaka was the name of the silver coins issued by the Gupta
rulers in ancient India. The word Rupaka means “having a
form or image” in Sanskrit. The Rupaka coins had various
designs and inscriptions on both sides, depicting the images
and names of the Gupta kings, their queens, their gods, and
their symbols. Some of the most famous Rupaka coins are
those of Chandragupta II, Kumaraegupta 1, and Skandagupta.
Important Tips

e The Rupaka coins were made of silver and weighed
about 2 grams. They were modeled after the Roman
denarius and the Sassanian drachma, which were also

silver coins used by the Roman and Persian empires
| respectively.

e ‘The Gupta kings adopted the Rupaka as a symbol of
their political and economic ties with the Romans and
Persians.

e The Rupaka coins were widely circulated and accepted
as a standard currency in India and other countries.

e They also reflected the artistic, cultural, and religious
achievements of the Gupta period, which is considered
as the golden age of Indian history.

Lee"
25,"Match list-I with list-II and select the correct answer using the codes given below
the lists:
List-I (Eras)  List-II (Reckoned From)
A.Vikrama era    1.310BCE
B.Saka Era       2.320BCE 
C.Gupta Era      3.78CE
D.Kal Era        4.58BCE 
                 5.248BCE
Code: 

A B C D",2 4 5 1,1 3 2 4,4 5 2 3,4 3 2 1,UPSC CSE Pre,1995,d,"Exp) Option d is the correct answer.

Vikrama era: This era was founded by King Vikramaditya
who drove the Sakas out of Ujjain in 58 BCE. Hence, this
era is celebrated as a symbol of victory.

Saka era: This era was founded by the Saka king who
occupied Ujjain 137 years after Vikramaditya in 78 CE. It
is also known as the Shalivahana era or the Indian national
calendar

Gupta era: This era was founded by the Gupta king
Chandragupta I, who assumed the imperial title of
Maharajadhiraja and established the Gupta dynasty in 320
CE. It is also known as the Chandra era or the Golden age
of India.

Kali era: This era is based on the Hindu cosmological cycle
of four yugas or ages, of which Kali Yuga is the last and the
most degenerate one. It is believed to have started at midnight
on 18 February 3102 BCE, which is also considered as the
date when Krishna left the earth. It is often used for religious
dates and rarely for political ones"
26,"In Sanskrit plays written during the Gupta period, women and Sudras speak:",Sanskrit,Prakrit,Pali,Sauraseni,UPSC CSE Pre,1995,b,"Exp) Option b is the correct answer,
In Sanskrit plays written during the Gupta period, women
and Sudras speak Prakrit, while men and upper-class
characters speak Sanskrit. This was done to reflect the social
and linguistic diversity of the Indian society and to create a
contrast between the refined and the rustic characters. Some
of the famous Sanskrit playwrights who used Prakrit in their
plays were Kalidasa, Bhasa, Shudraka, and Vishakhadatta.
Prakrit was derived from Sanskrit, the classical and literary
language of ancient India, but was simpler and more natural.
Important Tips |
+ Paliisa Prakrit dialect that was used in carly Buddhism.
It is the language of the Pali Canon, the collection of
Buddhist scriptures.
is Sauraseni is a Prakrit dialect that was spoken in the
region of Saurashtra in northwestern India. It was
the language of many of the Sanskrit plays that were
written during the Gupta period. |"
27,Torman was from the racial group of-,Sithian,Huna,Yaochi,Saka,UPSC CSE Pre,1995,b,"Exp) Option b is the correct answer.
Torman was from the racial group of Huna. The Huna
people were a nomadic group from Central Asia who played
a significant role in the history of the Indian subcontinent
during the Gupta period and afterwards.
[ Important Tips |
« ‘Tloramana was an Huna king who ruled in northern
India in the late 5th and the early 6th century CE.
« The Sanjeli inscription of Toramana speaks of his
conquest and control over Malwa and Gujarat.
¢ His territory also included Uttar Pradesh, Rajasthan
and Kashmir. |
¢ According to the Risthal inscription, discovered |
in 1983, Huna King oramana was defeated by the
Aulikara King Prakashadharma of Malwa."
28,Who among the following is not associated with medicine in ancient India?,Dhanvantari,Bhaskaracharya,Charaka,Susruta,UPSC CSE Pre,1993,b,"Exp) Option b is the correct answer.
Bhaskaracharya was an ancient Indian mathematician and
astronomer who is not associated with medicine in ancient
India. He is regarded as one of the greatest mathematicians
of India and the world.
Bhaskaracharya is the author of the Siddhanta Shiromani,
a treatise on mathematics and astronomy that consists
of four parts: Lilavati (arithmetic), Bijaganita (algebra),
Grahaganita (planetary mathematics), and Goladhyaya

(spherical geometry), The Siddhanta Shiromani: contains
many original and remarkable contributions to various
fields of mathematics, such as arithmetic, algebra, geometry,
trigonometry, calculus, and number theory.
Dhanvantari is considered the god of medicine and is
associated with Ayurveda, Charaka and Susruta were ancient
Indian physicians who made significant contributions to
the field of medicine. Charaka is known for the “Charaka
Samhita,” a foundational text in Ayurveda, while Susruta is
known for the “Susruta Samhita,” which contains detailed
knowledge of surgery and medicine.
Important Tips
Some of Bhaskaracharya’s notable discoveries include:
« The concept of zero and negative numbers
* The Solution of indeterminate equations of the first
and second degree
« The derivation of the formula for the area of a cyclic
quadrilateral
¢ The calculation of the value of pi to 12 decimal places
e The proof of the Pythagorean theorem by calculating
| the diagonal of a rectangle
« The approximation of the sine function by a rational
expression
« The concept of differential calculus and its application
to astronomical problems
e The calculation of the time taken by the earth to orbit
the sun as 365.2588 days
[2A | Other Examination: Previous Years’
| i Questions « a"
29,Which one of the following pairs is not correctly matched?,Sarvaverman: Gaya Copper Plate,Ishwarverman: Jaunpur Stone Inscription,Ishanverman: Harha Stone Inscription,Jivit Gupta II: Deva Barnark Inscription,UPPCS (Pre),2022,a,"Exp) Option a is the correct answer,
Sarvaverman : Gaya Copper Plate pair is not correctly
matched. The Gaya Copper Plate inscription records the
grant of two villages by Samudragupta toa Brahmin named
Jayabhatta in the ninth year of his reign. The inscription
also praises Samudragupta’s achievements, such as his
conquests, his performance of the Ashvamedha sacrifice,
and his donations of cows and gold. The inscription is dated
in the Gupta era 165, which corresponds to 484 CE in the
Gregorian calenda.
Ishwarverman : Jaunpur Stone Inscription is correctly
matched. The inscription mentions  Ishwarverman’s
genealogy, titles, and achievements, such as his victory over
the Hunas and his protection of the holy places.
Ishanverman : Harha Stone Inscription is correctly
matched. The inscription mentions Ishanverman’s genealogy,
titles, and achievements, such as his conquests of Magadha,
Malwa, and Kosala.
Jivit Gupta I] : Deva Barnark Inscription: It records the
grant of a village by Jivit Gupta II to a Brahmin named
Prabhakara in the 10th year of his reign."
30,"With reference to Chandragupta-II, which of the following is/are correct? 

1.The strongest evidence in the context of Shaka Victory is the silver coins of this King.
2.The weight of these coins used to be about 33 grains.
Select the correct answer using the codes given below:",Both 1 and 2,Only 1,Neither 1 nor 2,Only 2,UPPCS (Pre),2022,a,"Exp) Option a is the correct answer.

Statement 1 is correct: Chandragupta-II issued silver coins
in imitation of the Shaka coins, which bore his name and title
on one side and a goddess on the other side. These coins are
known as the “‘Chandra-Simha’ type, as they have the image
of a lion (simha) along with the name of Chandragupta
(Chandra). These coins are considered to be the strongest
evidence of his victory over the Shaka rulers, as they show
his authority and influence over their domains.

Statement 2 is correct: The weight of these coins used to
be about 33 grains. These silver coins were known for their
standardized weight, which was approximately 33 grains
(about 2.14 grams)."
31,"With reference to the Satavahana Rulers, which of the following statements is/are true?

1.The Satavahana Kings were the nurtures of Prakrit language.
2.Public aspect of the arts got more encouragement during the Satavahana period.

Select the correct answer using the codes given below:",Only 1,Both 1 and 2,Only 2,Neither 1 nor 2,U.P.P.C.S.(Pre.),2021,b,"Exp) Option b is the correct answer.

Statement I is correct: The Satavahana rulers were known to
patronize and support the development of Prakrit language,
which was widely spoken and used in administrative and
literary contexts during their rule. Satavahana’s official
language was Prakrit and its script was Brahmi. Hala,
the seventeenth king of the Satavahanas compiled
‘Gathasaptashat?. Gunadhya, a minister in his court wrote
a text ‘Brihatkatha ‘io Prakrit language named Paishachi.
Statement 2 is correct: The Satavahanas were notable for
their patronage of art and culture. Public aspects of arts,
such as the creation of rock-cut caves, stupas, and sculptures,
received significant encouragement during their reign. This
period saw the construction of the five gateways at Sanchi,
the rock-cut Chaitya-halls of Bhaja, Karle, Nasik, and
Kanheri, as well as the stupas at Amaravati, Bhattiprolu,
Goli, and Ghantasala. Prominent Satavahana sculptures
include Bhaja Vihara’s intricate pillars, Amaravati’s
Enlightened Buddha depiction, and Nagarjunakonda’s
enduring Amaravati sculptural tradition."
32,"Consider the following statements and select the cerrect answer using the codes given below:

1.The Sun temple of Multan is mentioned by Hiuen Tsang, Abuzaiyid, Al-Masudi and Alberuni.
2.The pilgrimage to Sambapur was associated with Sun worship.
Codes:",Only 1 is correct,Only 2 is correct,Both 1 and 2 are correct,Neither 1 nor 2 is correct,U.P.P.C.S.(Pre),2020,c,"Exp) Option c is the correct answer.

Statement 1 is correct: The Sun temple of Multan was a
famous Hindu temple dedicated to Surya, the god of the
sun. {t was mentioned by several travelers and historians,
such as Hiuen Tsang, Abuzaiyid, Al-Masudi and Alberuni.
Hiuen Tsang described the temple as very magnificent and
profusely decorated, with a golden image of Surya adorned
with precious gems. The temple was also a place of charity
and pilgrimage, attracting devotees from all over India and
beyond.

Statement 2 is correct: The pilgrimage to Sambapur was
associated with Sun worship, according to the Samba
Purana, an ancient Hindu text dedicated to Surya. The
Samba purana narrates the story of samba, a son of krishna
cured by Lord Surya, from leprosy curse of sage Durvasa."
33,The rulers of which of the following dynasty have been called as ‘Shriparvatiya’ in Puranas?,Vakatakas,Ikshvakus,Shaks,Kharvelas,U.P.P.C.S (Pre),2020,b,"Exp) Option b is the correct answer.

Ikshvaku dynasty, also known as the Andhra Ikshvakus
or Ikshvakus of Vijayapuri ruied in the Krislina River
valley of India, with their capital at Vijayapuri (modern

Nagarjunakonda), during the 3rd and 4th centuries CE. The

Kkshvaku kings were Shaivites and performed Vedic rites,

but Buddhism also flourished during their reign. The rulers

of this dynasty have been referred to as ‘Shriparvatiya’ in
the Matsya Purana. This is substantiated by the historical
record of Vijayapuri’s ruler, Ehuvala Chamtamula, which
traces his lineage back to the renowned Ikshvaku dynasty."
34,"Match list-I with list-II and select the correct answer using the codes given below the lists:

List-I                                                  List-ll

(Samudra Gupta’s Contemporary Kings of South India)  (Their Kingdoms)
A.Dhananjaya                                         1.Avamukta
B.Nilaraja                                           2.Kanchi
C.Ugrasena                                           3.Kusthalpura
D.Vishnugopa                                         4.Palaka

Code: 
A B C D",1 2 3 4,2 1 4 3,3 1 4 2,4 3 2 1,U.P.P.C.S.(Pre),2018,c,"Exp) Option c is the correct answer.

Samudragupta’s contemporary kings of South India and

their kingdoms were as follows:

e Dhananjaya ruled over Kusthalpura, which was located
in the present-day Maharashtra.

¢ Nilaraja ruled over Avamukta, which was located in
Southern India

e Ugrasena ruled over Palaka, which was located in the
Nellore region of Andhra Pradesh.

e Vishnugopa ruled over Kanchi, which was the capital of
the Pallava kingdom in the present-day Tamil Nadu

These kings were defeated by Samudragupta during his south

Indian campaign, and later released by him as his tributaries"
35,"Match list-I with list-II and select the correct answer using the codes given below the lists:
List-I                           List-II
A.Gandhar Art                    1.Menander
B.Junagarh Rock inscription      2.Patika
C.Milindapanho                   3.Kushanas
D.Taxila inscription             4.Rudradaman

Code: 
A B C D",1 3 4 2,2 4 3 1,3 4 1 2,2 1 3 4,UPPCS (Pre),2017,c,"Exp) Option c is the correct answer.

o Gandhara art flourished during the Kushan peried,
blending Greek and Indian influences. It produced
Buddha images and reliefs, with a focus on Mahayana
Buddhism. Prominent sites like Taxila and Bamiyan
displayed this art, which thrived in present-day
Afghanistan and North-Western India from Ist century
BCE to 4th century CE.

e The Junagarh Rock inscription, attributed to
Rudradaman JI, is an ancient inscription found in
Junagarh, Gujarat. It records Rudradaiman’s achievements,
patronage, and his military success, including his
restoration of sudharsan dam and his victory over the
Satavahanas.

e The Milindapanha is a Buddhist text composed in Pali,
featuring a dialogue between King Menander (Milinda)
and Nagasena, a Buddhist monk. It explores various
philosophical and ethica: topics, blending Buddhism and
Hellenistic thought.

« ‘The Taxila copper-plate, also called the Moga
inscription or the Patika copper-plate is a notable
archaeological artifact found im the area of Taxiia,
Gandhara, in modern Pakistan. Written in Kharosthi
script, it records Indo-Scythian ruler Patika Kusulaka’s
dedication of a Buddha relic te a monastery, showing
their practice of Buddhism. Mention of Patika Kusulaka
also appears in the Mathura lion capital inscription."
36,Who amongst the following had defeated Huna ruler Mihirakula?,Budhagupta,Yashodharman,Shashanka,Prabhakaravardhana,U.P.P.C.S.(Pre),2016,b,"Exp) Option b is the correct answer.

Mihirakula was the second and last Huna king of India,

who ruled from his capital of Sagala (modern-day Sialkot,

Pakistan). He was a patron of Shaivism and was recorded

as being cxtremely cruel and anti-Buddhist. He invaded

eastern kingdoms including Magadha, but was defeated
and captured by the Gupta king Narasimhagupta Baladitya.

However, he was spared by the intervention of Baladitya’s

mother and allowed to return to his kingdom. In 528 CE,

he suffered another defeat in the Battle of Sondani by the

Aulikara king Yashodharman of Malwa, who along with the

Gupta emperor, formed a coalition of Indian princes against

the Huna invasion. This defeat resulted in the loss of Huna

possessions in the Punjab and north India by 542 CE. The

Huna power declined after Mihirakula’s reign."
37,‘Prithivyah Pratham Veer’ was the title of-,Samudragupta,Rajendra-I,Amoghavarsha,Gautamiputra Shatkarni,U.P.P.C.S.(Pre),2016,a,"Exp) Option a is the correct answer.

Samudragupta was a great conqueror who carried his

sword throughout the length and breadth of India and built

the mighty Gupta Empire. He annexed a large number of
kingdoms in Aryavarta to the Gupta Empire and defeated at
least twelve kings of South India. He was given the title of

‘Prithivyah Pratham Veer’, which means the first powerful

man of the world. At a pillar in Allahabad, the details of the

wars he fought are described."
38,The first Gupta ruler to assume the title of ‘Parama Bhagawat’ was-,Chandragupta-I,Samudragupta,Chandragupta-II,Ramagupta,U.P.P.C.S.(Pre),2015,c,"Exp) Option c is the correct answez.

Chandragupta-II was the third emperor of the Gupta dynasty

and the son of Samudragupta. He ruled from c. 380 toc. 415

CE and expanded the Gupta Empire to its greatest extent. He

was also a patron of art, literature, and religion. He adopted

the title of ‘Parama Bhagawat’, which means ‘the supreme
devotee of Vishnu’. He was a follower of Vaishnavism, a sect
of Hinduism that worships Vishnu as the supreme god. He
also issued coins depicting himself as Vishnu’s avatar, Lord

Krishna. The title of ‘Parama Bhagawat’ was also used by his

successors, such as Kumargupta-I and Skandagupta."
39,"Match list-I with list-II and select the correct answer using the codes given below the lists:
List-I (Emperor)  List-II (Titles) 
A.Ashoka            1.Parakramank 
B.Samudragupta      2.Priyadarsin
C.Chandragupta-II   3.Kramaditya
D.Skandgupta        4.Vikramaditya
Code: 
ABCD",l 2 3 4,3 2 1 4,2 1 4 3,4 3 2 1,"UPPCS (Pre, Re-Exam)",2615,c,"Exp) Option c is the correct answer.

A. Ashoka: He was the third emperor of the Mauryan
Empire and the grandson of Chandragupta Maurya.
He ruled from 268 BCE to 232 BCE and expanded his
empire to cover most of India and beyond, He adopted
the title of Priyadarsin, meaning “the one who looks
with kindness” or “the one who is pleasing to the eye”.

B. Samudragupta: He was the fourth emperor of the
Gupta Empire and the son of Chandragupta I. Ie ruled
from 335 CE to 380 CE and consolidated his empire
through conquests and alliances. He adopted the title
of Parakramanka, meaning “the one who is valiant” or
“the one who has great power”.

C. Chandragupta Il: He was the fifth emperor of the Gupta
Empire and the son of Samudragupta. He ruled from 380
CE to 415 CE and extended his empire to include western
and central India. He is also known as Vikramaditya,
meaning “the sun of valour” or “the one who has
auspicious power”.
D. Skandagupta: He was the seventh emperor of the Gupta
Empire and the son of Kumaragupta I. He ruled from 455
CE to 467 CE and defended his empire from the invasions
of the Hunas (Hephthalites). He adopted the title of
Kramaditya, meaning “the one who has fame in action”
or “the one who has a sequence of power”,"
40,Who renovated Sudarshan Jake without using forced labour?,Chandragupta Maurya,Bindusar,Ashoka,Rudradaman-I,U.P.P.C.S.(Pre),2014,d,"Exp) Option d is the correct answer.
Rudradaman I, the ruler of the Western Kshatrapas
dynasty, renovated the Sudarshan Lake without using
forced labor. The Junagadh inscription, found on a rock
in Junagadh, Gujarat, provides historical evidence of this
event. The inscription mentions Rudradaman’s efforts in
maintaining and repairing the Sudarshan Lake’s irrigation
system, highlighting his contributions to water management
and infrastructure development."
41,Chinese writers mention India by the name of-,Fo-Kwo-ki,Yin-tu,Si-Yu-iki,Sikia-Pono,U.P.P.C.S.(Pre),2013,b,"Exp) Option b is the correct answer.
Chinese writers mention India by the name of Yin-tu,
which is derived from the Sanskrit word Sindhu, meaning
river. The Chinese called India Yin-tu because they first
learned about India from the people living near the Indus
River, which was called Sindhu in ancient India. ‘he Chinese
also used other names for India, such as Tianzhu, meaning
heavenly land, and Shendu, meaning divine land. Some of
the famous Chinese writers who mention India by the name
of Yin-tu are Sima Qian, Ban Gu, Fan Ye, and Faxian.
Important Tips
¢ Fa Hien’s book name was Fo-Kwo-Ki which literally
meant A Record of Buddhistic Kingdoms. This book
contains crucial details about the Buddhist way of life
in the Indian subcontinent.
¢ Si-Yu-Ki is the name of another travelogue written by
the famous Chinese pilgrim Xuanzang (Hiuen-Tsang),
who visited India in the 7th century CE and described
the culture, geography, and religion of India."
42,In whose reign-period the Chinese Traveller Hiuen-'Isang visited India?,Chandragupta-II,Harsh,Chandragupta Maurya,Chandragupta-I,U.P.P.C.S.(Mains),2012,b,"Exp) Option b is the correct answer.
One of the most important visitors to Harsha’s court was
the Chinese traveler Hiuen-Tsang, also known as Xuanzang.
Hiuen-Tsang visited India from 629 CE to 645 CE. He traveled
extensively across the Indian subcontinent. He visited
many places of religious and cultural significance, such as
Nalanda, Bodhgaya, Sarnath, Varanasi, Mathura, Prayaga,
Ayodhya, and Patna. He also met Harsha several times and
became his friend and admirer. He wrote a detailed account
of his travels in his famous work Si-Yu-Ki or Records of the
Western World.

| Important Tips |
| Hiuen-'Isang account of India: |
° Religious Conditions: India had diverse religions,
! including Brahmanism, Buddhism, and Jainism.
| Tolerance and voluntary religious conversions were
| common, Hinduism was the dominant religion. |
Sanskrit was the language of the educated. Buddhism |
was in decline, while Brahimanism was rising. |
e Political Conditions: India was divided into numerous |
regions. Harsha was a respected king who personally
oversaw administration. Taxation was relatively light. j
The army included elephants, cavalry, and infantry.
* Economic Conditions: India was prosperous, excelling
; in cloth, pearls, and ivory production. India had a
thriving trade with foreign countries. Land revenue
was a significant income source. India had well-
inaintained river- passages and roadways.
| « Social Conditions: The caste system was rigid. Woinen
received education, but practices like sati existed. |
People were geuerally simple and honest. ;
e Sickness and Death: Sick individuals often fasted for
seven days before secking treatment. Death rituals
varied, including cremation, water burial, or desertion
' of the body. No fixed mourning periods or dress
; codes existed. No death anniversaries were observed.
| Some individuals chose voluntary drowning to secure |
} a heavenly birth. Buddhist monks refrained from |
| mourning and recited prayers for the deceased. :"
43,The writer of Mahabhashya ‘Patanjali’ was contemporary of-,Chandragupta Maurya,Ashoka,Pushyamitra Shunga,Chandragupta I,U.P.P.C.S.(Pre),2011,c,"Exp) Option c is the correct answer.
Patanjali was a famous grammarian and philosopher who
wrote Mahabhashya, a commentary on Panini’s Ashtadhyayi,
the foundational text of Sanskrit grammar. Patanjali is also
credited with the authorship of the Yoga Sutras, a treatise
on the classical school of Yoga philosophy. Patanjali lived
in the 2nd century BCE, during the reign of Pushyamitra
Shunga, the founder of the Shunga dynasty that succeeded
the Mauryan empire. This is evident from the references to
Pushyamitra’s military campaigns and victories in Patanjali’s
Mahabhashya. Pushyamitra Shunga ruled from 185 BCE to
149 BCE and was known for his patronage of Brahmanism
and opposition to Buddhism, He was also a contemporary
of the Indo-Greek king Menander I, who invaded India and
converted to Buddhism."
44,The first inscriptional evidence of the Satipratha has been found from-,Rran,Junagarh,Mandsaur,Sanchi,U.P.P.C.S.(Mains),2010,a,"Exp) Option a is the correct answer.
The first inscriptional evidence of the Sati pratha, the
practice of a widow immolating herself on her hushand’s
funeral pyre, has been found from Eran, a historical site in
present-day Madhya Pradesh, India.
‘he Eran inscription is a stone pillar inscription dated to 510
CE. It records the erection of a Garuda pillar by the Gupta
king Bhanugupta in honor of Vishna. It also mentions

the invasion of the Hunas and the defeat of ‘Toramana by

Bhanugupta’s general Goparaja. The inscription also contains

a verse that praises the Sati of Goparaja’s wife, who sacrificed

herself on his funeral pyre."
45,"According to Puranas, the prime place of Chandravansh’s ruler was-",Kasi,Ayodhya,Pratishthanpur,Shravasti,U.P.P.C.S.(Pre),2009,c,"Exp) Option c is the correct answer.

According to the Puranas, the prime place of Chandravansh’s

ruler was Ayodhya, the capital of the Kosala kingdom.

Ayodhya was the birthplace of Rama, the seventh avatar of

Vishnu and the hero of the Ramayana. Rama belonged to the

Suryavansha branch of the Chandravansh, which traced its

lineage from lkshvaku, the son of Manu.

Tkshvaku was also the ancestor of other famous

Chandravanshi kings such as Harishchandra, Sagara,
Bhagiratha, and Dasharatha. Ayodhya was also known as

Saketa, Ram Janmabhoomi, and Ram Nagari. It is one of the

seven sacred cities of Hinduism and a major pilgrimage site."
46,"In ancient India, the irrigation tax was called-",Bidakabhagam,Hiranya,Udranga,Uparnika,U.P.P.C.S.(Mains),2009,a,"Exp) Option a is the correct answer.

The term Bidakabhagam referred to the irrigation tax

collected by the monarchs in ancient India. This tax was

collected as a share of the produce generated from the land

irrigated by the government-owned canals or wells.

| Important Tips |

| Important terms related to ancient India:

| » Hiranya was a general term for gold or money.

| |
e Wdranga was a tax on water or boats. |

j*  Uparnika was a tax on pasture land or forest produce. |"
47,Which God is found depicted on Yaudheya coins?,Vasudeva,Shiva,Indra,Kartikeya,"U.P.P.C.S, (Spl) (Mains)",2008,d,"Exp) Option d is the correct answer.

Yaudheya coins predominantly depicted Kartikeya, the god of

war anid son of Shiva, reflecting his significance as their Ista-

devata (preferred deity). The coins were inscribed in Brahimi

script and divided into distinctive classes by scholars. The

Yaudheyas’ coinage also featured variations based on Indo-

Scythian money. Notably, the association of Kartikeya with

their coin imagery highlights his reverence within Yaudheya

culture. Yaudheya was warrior tribes belonging to southeast

of Punjab and Rajasthan."
48,The term ‘Kausheya has been used for-,Cotton,Flax,Silk,Wool,U.P.P.C.S.(Spl) (Mains),2008,c,"Exp) Option c is the correct answer.

The term ‘Kausheya’ has been used for silk in ancient

Indian literature, such as the Vedas, the Raimayana, the

Mahabharata, and the Arthashastra. The term ‘Kausheya’ is

derived from the Sanskrit word ‘Kosa’ which means ‘cocoon’.

Silk was considered as a precious and luxurious fabric, which

was worn by the royalty, nobility, and priests. Sushruta

samhita mentions it as ‘articles of bandaging’."
49,Simuka was the founder of which of the following dynasties?,Chera,Chola,Pandya,Satavahana,U.P.P.C.S.(Spl) (Mains),2008,d,"Exp) Option d is the correct answer.

Simuka was the founder of the Satavahana dynasty. He
is mentioned as the first king of the Satavahana dynasty
in various inscriptions, including one at Nanaghat. The
Satavahana dynasty was a prominent ancient Indian
dynasty that ruled over the Deccan region. Simuka’s reign
is estimated to have taken place in the Ist century BCE,
possibly around 120-96 BCE,"
50,"Which one of the following statements is not true for Shankaracharya, Saint of the 8th century?",He established four religious centres in different parts of India,He countered the spread of Buddhism and Jainism.,He named Prayag as Teerthraj,He propagated Vedanta,"U.P.P.C.S, (Pre)",2005,c,"Exp) Option c is the correct answer.

Shankaracharya did not name Prayag as Teerthraj, which
means “the king of holy places”. Prayag, also known as
Allahabad, is a city in Uttar Pradesh. It is where the confluence
of the Ganges, the Yamuna and the mythical Saraswati rivers
takes place. This confluence is known as Triveni Sangam
and is considered very sacred by Hindus. Prayag is also one
of the four venues for the Kumbh Mela, a mass pilgrimage
that occurs every 12 years. The name Teerthraj was given to
Prayag by ancient Hindu scriptures and sages, long before
Shankaracharya’s time.

Shankaracharya countered the spread of Buddhism and
Jainism by engaging in debates and dialogues with their
proponents and by reviving the Vedantic philosophy of the
Upanishads.

Shankaracharya propagated Vedanta as the supreme
philosophy that reveals the true nature of Brahman, the
ultimate reality, and the identity of the individual self with
Brahman,"
51,"In Ancient India, which dynasty’s rule is considered as the Golden Age?",Mauryan,Shunga,Gupta,Magadha,U.P.P.C.S.(Spl) (Pre),2004,c,"Exp) Option c is the correct answer.

The Gupta Empire is considered as the Golden Age of
India because of the remarkable achievements that were
made in the fields of mathematics, astronomy, science,
religion, and philosophy during this period. The Gupta
Empire lasted from 320 CE to 550 CE and covered much of
the Indian subcontinent. Some of the famous scholars who
contributed to the Golden Age of India were Aryabhata,
Kalidasa, Varahamihira, and Vishnu Sharma."
52,The Ashoka Pillar at Allahabad provides information about the reign of:,Chandragupta Maurya,Chandragupta-I,Chandragupta-II,Samudragupta,U.P.P.C.S.(Spl) (Mains),2004,d,"Exp) Option d is the correct answer.

The Allahabad pillar contains one of the pillar edicts of
Ashoka. However, the pillar is also notable for containing
later inscriptions attributed to Samudragupta. These
inscriptions, known as the Prayag Prashasti or the
Allahabad Pillar Inscription, were composed by his court
poet Harishena. They describe Samudragupta’s military
conquests, his benevolence towards other rulers, his religious
tolerance, and his personal achievements. Allahabad Pillar
(Nagasena) calls him Kaviraja because of his ability in
composing verses.

The inscriptions are considered to be one of the finest
examples of Sanskrit poetry and a valuable source of
historical information. The Allahabad pillar also has
inscriptions by the Mughal emperor Jahangir, who ruled
in the 17th century CE"
53,"Match list-I with list-II and select the correct answer using the codes given below the lists:

List-I (Courtier Poet)  List-II (King).
A.Amir Khusro           1.Chandragupta II
B.Kalidas               2.Samudragupta
C.Harisena              3.Harshvardhan
D.Banabhatta            4.Alauddin Khalji
Code: : 
A B C D",l 2 3 4,4 1 2 3,4 3 2 1,2 4 1 3,UPPCS (Pre),2003,b,"Exp) Option b is the correct answer.
Amir Khusro was a court poet of Alauddin Khalji, the
Sultan of Delhi, He wrote several Persian and Hindavi works,
such as Khazain-ul-Futuh, Nuh Sipihr and Qiran-us-Sa‘dain.
He also composed many poems in praise of Alauddin and his
military campaigns.
Kalidas was a court poet of Chandragupta WU, the
Gupta emperor. He wrote several Sanskrit works, such as
Abhijnanashakuntala, Raghuvamsha and Meghaduta. He
also glorified Chandragupta and his dynasty in his poems.
Harisena was a court poet of Samudragupta, the Gupta
emperor, He composed the Allahabad pillar inscription, which
celebrates Samudragupta’s conquests and achievements.
Banabhatta was a court poet of Harshavardhana, the
king of Thanesar and Kanauj. He wrote the biographical
work Harshacharita and the romantic novel Kadambari. He
also accompanied Harsha in his religious assemblies and
diplomatic missions."
54,Who of the following rulers had performed four Ashwamedhas?,Pushyamitra Shunga,Pravarasena-I,Samudragupta,Chandragupta-III,U.P.P.C.S.(Mains),2003,b,"Exp) Option b is the correct answer.
Pravarasena-I was the son of Vindhyashakti (founder of
the Vakataka empire). He performed four Ashvamedha
sacrifices.
Pushyamitra Shunga performed one  Ashvamedha,
Samudragupta performed one Ashvamedha, and
Chandragupta-II performed three Ashvamedha."
55,"The iron column, located in the courtyard of Delhi’s Quwwat-ul-Islam Mosque is retention of-",Ashoka,Chandra,Harsha,Anangapal,U.P.P.C.S (Pre),2002,b,"Exp) Option b is the correct answer.
The iron column, located in the courtyard of Delhi's
Quwwat-ul-Islam Mosque, is a retention of the Gupta
emperor Chandragupta II, who is also known as Chandra.
The column bears an inscription in Sanskrit that mentions
his name and praises his achievements. The inscription also
states that the column was originally erected on the hill of
Vishnupada, which is identified as the Udayagiri Caves in
Madhya Pradesh. The column was later moved to Delhi
by Anangpal Tomar, a ruler of the Tomara dynasty, in the
Lith century CE. The column is famous for its rust-resistant
composition of iron and phosphorus, which has preserved it
for over 1600 years."
56,Which one of the following pairs is not correctly matched?,Ravi Kirti - Pulakeshin II,Bhavabhuti - Yasovarman of Kannauj,Harisena - Harsha,Dandi - Narasimha Varman,U.P.P.C.S.(Pre),1997,c,"Exp) Option c is the correct answer.
Harisena was not the court poet of Harsha, but of
Samudragupta, the Gupta emperor. Harsha’s court poet was
Banabhatta. He wrote the biographical work Harshacharita
and the romantic novel Kadambari.
Important Tips |
« Ravi Kirti was the court poet of Pulakeshin II, the
Chalukya king. He composed the Aihole inscription,
which praises Pulakeshin’s conquests and achievements.

i Bhavabhuti was the court poet of Yasovarman of
Kannauj, the Varman king. He wrote several Sanskrit

plays, such as Malatimadhava and Uttararamacharita.

| He also participated in a religious assembly organized

oy Harsha at Kannauj.

! |

« Dandi was the court poet of Narasimha Varman,

the Pallava king. He wrote the famous Sanskrit
| prose romance Dashakumaracharita and the treatise
on poctics Kavyadarsha. He also witnessed the
construction of the Shore Temple at Mahabalipuram
| by Narasimha Varman. |"
57,The earliest specimen of ‘Kavya’ style is found in the inscription of:,Rudradaman of Kathiawar,Ashoka,Rajendra I,None of the above,U.P.P.C.S.(Pre),1997,a,"Exp) Option a is the correct answer.
The earliest example of the ‘Kavya’ style is found in the
Junagadh inscription of Rudradaman in Kathiawar, dated
around 150 CE. Rudradaiman | was a Saka ruler from the
Western Kshatrapas dynasty. The inscription, in Sanskrit
prose, praises Rudradaman I and offers historical records. It
combines classical Sanskrit with features of the vernacular
style, reflecting early Kavya characteristics.
| Important Tips |
| Rudradaman I: |
,¢ Rudradaman | was a Saka king from the Western |
| Kshatrapas dynasty.
ie His realm included Konkan, Narmada valley,
Kathiawar, Gujarat, and Malwa.

o He repaired the Sudarshana Lake in Kathiawar |
| and converted to Hinduism after marrying a Hindu |
woman. |
\° Rudradaman wrote the first lengthy chaste Sanskrit |

inscription, |
e¢ Acquiring the title of Maha Kshatrapa, he maintained
marriage ties with the Satavahanas.

eo The Junagadh inscription (150 CE) attests his efforts in

promoting arts, literature, and lake restoration. |
-o Rudradaman’s reign also saw Yavanesvara’s ""
| translation of Yavanajataka from Greek to Sena |"
58,The Gandhara School of art is the synthesis of:,Indian and Persian Art,Indian and Chinese Art,Indian and Turk-Afghan Art,Indian and Greek Art,U.P.P.C.S.(Pre),1996,d,"Exp) Option d is the correct answer.
fhe Gandhara School of art is a synthesis of Indian and
Greek art. This school of art emerged during the reign of
Kushana emperor Kanishka. It blended Greco-Roman artistic
elements with Indian ideas and was closely associated with
Mahayana Buddhism. The Bamiyan Buddha statues stand as
prominent examples of the Gandhara style’s fusion of these
artistic influences.

Important Tips |

| Gandhara School of Art - Major Features:

e Geographical Presence: Gandhara sculptures

discovered in Taxila ruins and other ancient sites in
Afghanistan and Pakistan. ]

« Subject Matter: Primarily Buddha images and relief |
| sculptures capturing scenes from Buddhist literature. |
Central Focus: Artistry centered on Lord Buddha |

and Bodhisattvas, deeply connected with Mahayana j
| Buddhism, blending Indian ideas with distinct
| execution. The Bamiyan Buddha sculptures exemplify
Gandhara style’s brilliance
|» Prominent Sites: Flourished in regions such as Taxila,

Peshawar, Begram, and Bamiyan. |

¢ Flourishing Period: Thrived from the Ist century BCE |
to the 4th century CE.
© Yhemes and Expressions: Buddhist narratives
. strongly reflected in Gandhara art, with depictions
like Buddha’s mother resembling an Athenian matron.

A blend of Eastern and Western aesthetics is seen, such

as the portrayal of a Buddhist scene with Apollo-like |
| facial features. |"
59,Information regarding time of Harsha is contained in the book of:,Harisena,Kalhana,Kalidasa,None of these,UPPCS (Pre),1995,b,"Exp) Option b is the correct answer.
The information regarding the time of Harsha is contained
in the book written by Kalhana. Kalhana was a Kashmiri
historian and poet who authored the “Rajatarangini,”
a historical chronicle of the kings of Kashmir. The
Rajatarangini provides valuable historical information about
the reign of Harsha and other rulers.
| Important Tips

Facts about Rajatarangini:

© The Rajatarangini is considered as one of the earliest
| and most reliable sources of Indian history.

a It covers the period from the mythical origins of
| Kashmir to the 12th century CE, when Kalhana lived.

¢ The Rajatarangini is written in Sanskrit verse and

consists of eight chapters, each containing a genealogy

and a narrative of a dynasty. !
| * It mentions several important events and personalities

that shaped the Indian subcontinent, such as the

invasions of Alexander the Great, the Kushanas, the

Hunas, and the Arabs; the rise and fall of the Mauryas, |

the Guptas, the Harshavardhana, and the Palas;
and the achievements of Ashoka, Chandragupta JI,

Kumaragupta I, Skandagupta, Lalitaditya Muktapida, |

Jayapida, and Avantivarman. |"
60,Chinese traveller Hiuen Tsang studied at the University of-,Taxila,Vikramshila,Magadh,Nalanda,U.P.P.C.S.(Pre),1995,d,"Exp) Option d is the correct answer.

One of the most famous students of Nalanda was the
Chinese traveler Hiuen Tsang, also known as Xuanzang.
Hiuen Tsang visited India from 629 CE to 645 CE, during
which he traveled extensively across the subcontinent, He
visited Nalanda in 637 CE and stayed there for about five
years. He studied under the guidance of eminent teachers,
such as Shilabhadra and Dharmapala.

Hiuen Tsang also wrote a detailed account of his studies
and experiences at Nalanda in his famous work Si-Yu-Ki
or Records of the Western World. Hiuen Tsang’s writings
provide valuable information about the history, geography,
society, religion, and culture of India during Harsha’s reign.
| Important Tips

* Taxila was an ancient city in present-day Pakistan,

| which was a center of learning, culture, and trade.
Taxila was founded by the Achaemenid Persians in the
6th century BCE and later ruled by various dynasties,
such as the Mauryas, the Indo-Greeks, the Kushanas, |
and the Guptas. Taxila had a famous university
that offered courses in various subjects, such as law, |
medicine, art, and religion. Taxila was also a hub of

Buddhism and had many monasteries and stupas.

'e Vikramshila was a famous Buddhist university in
ancient India, which was located in present-day Bihar.
Vikramshila was founded by Dharmapala, the king of
the Pala dynasty, in the 8th century CE. Vikramshila
was a center of learning, culture, and religion,
and specialized in the study of Tantric Buddhism.
Vikramshila had a large campus that housed many
temples, libraries, and dormitories. |"
61,"Consider the following name of contemporaries of Kanishka and select the correct answer from codes given below:
(I) Ashvaghosha
(II) Vasumitra
(III) Kalidas
(IV) Kamban
Code:",I and IV,II and III,I and II,All of these,U.P.P.C.S.(Pre),1994,c,"Exp) Option c is the correct answer.

Ashvaghosha and Vasumitra were contemporaries of

Kanishka. Ashvaghosha was a Buddhist scholar and

author who wrote several important texts, including the

Buddhacarita and the Saundarananda. Vasumitra was

a Buddhist monk who presided over the 4th Buddhist

Council. Kalidasa and Kamban were not contemporaries

of Kanishka. Kalidasa lived in the 5th century CE, while

Kamban lived in the 12th century CE.

Important Tips

+ ASvaghosha (c. 80 - c. 150 CE) was an Indian
Buddhist philosopher, poet, and dramatist from
Saketa (Ayodhya). He’s believed to be a spiritual |
adviser to Kanishka, a contemporary. He’s known as
the first Sanskrit dramatist and a great poet before |

Kalidasa. Ashvaghosha wrote several important texts,

inclading the Buddhacarita and the Saundarananda.

« Vasumitra, a 2nd-century CE Buddhist monk from
Gandhara, was a contemporary of Kanishka I. He led
the 4th Buddhist council in Kashmir under Kanishka’s
administration and played a role in shaping the
Mahavibhasha. |

* Kalidasa, a prominent Classical Sanskrit author of ;

‘ the 4th-5th century CE, is revered as ancient India’s

F premier poet and playwright. His notable works
include the plays “Shakuntala.” “Malavikagnimitra,”
and “Vikramorvasiya, along with epic poems
“Raghuvamsha” and “Kumarasambhava,” showcasing
his profound literary contributions.

« Kambar, an esteemed Tamil poet (1180-1250
CE), authored the epic “Ramavataram” or
“Kambaramayanam,’ a notable’ rendition of
Ramayana in Tamil. His literary contributions
include “Thirukkai Vazhakkam,” “Erezhupathu,”
“Silaiyezhupathu,” “Kangai Puranam,” “Sadagopar
Anthathi,” and “Saraswati Anthathi”"
62,"During which age, did women enjoy equality with men?",Gupta age,Mauryan age,Cholas,None of these,U.P.P.C.S.(Pre),1994,d,"Exp) Option d is the correct answer.

Women did not enjoy equality with men in any of the given

ages.

« In the Gupta age, the position of women gradually
deteriorated and they lost their political rights.

« In the Mauryan age, women were considered as
subordinate to men and were recognised only as wives
and mothers.

e Inthe Chola age, women had some rights and privileges,
but they were still subject to the authority of their
husbands and fathers."
63,Which dynasty was most powerful after Maurya in Southern India?,Satvahana,Pallava,Chola,Chalukya,U.P.P.C.S.(Pre),1993,a,"Exp) Option a is the correct answer.

The Satavahana dynasty was the most powerful dynasty in

Southern India after the Maurya dynasty. They ruled over

the Deccan region, comprising present-day Andhra Pradesh,

Telangana, and Maharashtra, and at different times, their

rule extended to parts of modern Gujarat, Madhya Pradesh,

and Karnataka. The dynasty began around the late second
century BCE and lasted until the early third century CE.

The Satavahanas established peace in the Deccan region and

resisted foreign invasions, notably from the Saka (Western

Satraps). Their rule reached its peak under rulers like

Gautamiputra Satakarni and Vasisthiputra Pulamavi.

They also played a significant role in trade and cultural

exchanges between the northern and southern parts of India."
64,When was Vikram Samvat started?,78 A.D.,57 B.C.,72 B.C.,56 B.C.,U.P.P.C.S.(Pre),1992,b,"Exp) Option b is the correct answer.

Vikram Samvat, also known as Bikram Sambat, began

around 57 B.C. The calendar system, used in Nepal and

some states of India, is approximately 57 years ahead of the

Gregorian Calendar.

The Samvat is named after the legendary king Vikramaditya,

though historical records show its use only from the 9th

century. The calendar’s origin is linked to the expulsion
of the Sakas from Ujjain by King Vikramaditya,
cominemorated by the start of the Vikrama era.

It is a lunisolar calendar based on the moon’s movement

with 354 days in a year. It has 12 months, each with two

phases - Shukla paksha (new moon to full moon) and

Krishna paksha (full moon to new moon). It begins after

Diwali in Gujarat and Maharashtra.

er ne ee
Important Tips ;
Types of calendars in India: |
e Saka Samvat:
« Anancient Indian calendar used alongside Vikram
, Samvat.
e Begins in 78 A.D. marking Saka cra and King |
Shalivahana’s victory.
| 2 Used in some regions, mainly for religious purposes. |
« Hijri Calendar:
oe Islamic lunar calendar with 12 months and
354/355 days.
e« Starts in AD 622 during Prophet Muhammad’s
| migration (Hijra) from Mecca to Medina.
e Determines Islamic holidays, fasting, and
pilgrimage timings. |
e 12months like Muharram, Safar, etc.
+ Gregorian Calendar:
| « Introduced in 1582 by Pope Gregory XHI as a
correction to the Julian Calendar.
| + Most widely used worldwide. |
* 365/366 days in a year, adjusting leap years. |
e Months like January, February, etc."
65,Which (among these) are Guptas gold coins?,Kaudi,Dinara,Nishka,Pan,"U.P.P.C.S,.(Pre)",1992,b,"Exp) Option b is the correct answer.
Dinara was the name of the gold coins issued by the Gupta
xulers in ancient India, The word Dinara is derived from
the Latin word Denarius, which was a silver coin used by the
Roman Empire. The Gupta kings adopted the Dinara as a
symbol of their political and economic ties with the Romans.
The Dinara ce‘ns were made of pure gold and weighed
about 8 grams. They had various designs and inscriptions
on both sides, depicting the images and names of the Gupta
kiags, their quecas, their gods, and their symbols. Some of
the most famous Dinara coins are those of Samudragupta,
Chandragupta I, and Rusmaragupta I.
Important Tips |
Important coins during ancient time:
o In ancient times, cowry popularly Known as kaudi |
| (shell) was used worldwide as shell money. |
° ‘he official currency of Mauryans was Pan. Pan was
| made up of silver and equivalent to % tola.
« Nishka was the gold coin of Mauryans."
66,Emperor Harsha had shifted his capital from Thaneshwar to-,Prayaga,Delhi,Kannauj,Rajgriha,U.P.P.C.S.(Pre),1992,c,"Exp) Option c is the correct answer,
Emperor Harsha had shifted his capital from Thaneshwar
(now in Haryana) to Kannanj (now in Uttar Pradesh) after
he defeated the Maukhari king Avantivarman and annexed
his territory. Kannauj was a prosperous and cosmopolitan
city that became the center of Harsha’s vast empire. It
extended from Punjab to Bengal and from Himalayas to
Narmada, Kannauj was also the venue of the famous religious
assembly that Harsha organized in 643 CE. It was attended

by thousands of monks, scholars, and dignitaries from India
and abroad."
67,Who of the following among the Nine Gems of Chandragupta was associated with Astrology?,Vararuchi,Sanku,Kshapanak,Amarsimisa,UP.Lower Sub.(Spl) (Pre),2008,c,"Exp) Option c is the correct answer.
Kshapanak was an ancient Indian astronomer and
astrologer who was one of the Nine Gems of Chandragupta
IH. His important works is Jyothisyashastra. His other
work in lexicography and poem called Dvatrishatika. The
Nine Gems were a group of scholars, artists, and ministers
who adorned the court of Chandragupta and contributed
to his glory and success. The other gems are Dhanvantri,
Amarasimha, Vararuchi, Sanka, Vetala Bhatta,
Ghatakarpara, Kalidasa and Varahmihra."
68,Which of the following places was the capital of Satvahanas?,Pratisthan,Nagarjuna Konda,Shakal or Sialkot,Pataliputra,U.P.Lower (Spl) (Pre),2008,a,"Exp) Option a is the correct answer.
The Satavahane dynasty, which vuled during the ancient
period in India, initially established their capital at
Pratisthan, also known as Paithan, located along the banks
of the Godavari River in present-day Maharashtra. This
location offered strategic advantages due to its proximity
to a major river, facilitating trade and communication.
The fertile lands around the Godavari provided agricultural
resources to support the growing kingdom. Additionally,
being situated in the Deccan region allowed them to
maintain control over important trade routes that connected
northern and southern India. As the dynasty expanded its
territories and influence, the capital was eventually shifted
to Amaravati, which had its own strategic significance."
69,Who amongst the following issued gold coins regularly in ancient India,Satavahana,Saka,Kushan,Parthian,U.P.Lower Sub.(Pre),2004,c,"Exp) Option c is the correct answer.
The Kushan Empire, which existed from approximately
30 to 375 CE, was known for issuing gold coins regularly
in ancient India. Kadphises II was the Kushana emperor
to first introduce gold coinage, in addition to the existing
copper and silver coinage. ‘These gold coins, weighing around
7.9 grams were a prominent feature of their coinage system,
reflecting the empire’s economic and political power. The
designs on these coins often depicted deities and rulers,
following Hellenistic styles of image. The Kushan rulers
used their gold coins to assert their authority and influence,
and these coins played a significant role in trade and
commerce during that period.

linportant Tips |
Kushan Coinage: A Glimpse into Kushan Economy and
Culture
[> Main Coins and Composition

e Inthe coinage of the Kushan Empire (approximately
30-375 CE), gold coins were predominant, weighing
7.9 grams.

« Wima Kadphises or Kadphises H conquered the
whole of northwestern India as far as Mathura. He
issued gold coins with high-sounding titles like the

| ‘Lord of the Whole World’.

¢ Base metal coins of various weights (12 g to 1.5 g)
were also issued; silver coinage was limited, and
later gold coins were debased with silver.

¢ Design and Influences
| ¢ Artistic quality of dies was slightly lower than
Greco-Bactrian coins.
; e Roman coin influence evident in late lst and 2nd
century CE designs, and in mint practices.

» Iranian influence seen in royal figures and deity

pantheon, with Persian titles under Kanishka.
« Historical Insights from Coins

e ‘lamga symbols on coins functioned as rulers’
monograms.

« Coins hint at a semi-independent empire structure,
with regional autonomy."
70,The game of Chess is said to have originated in-,China,Iran,Indonesia,India,U.P.Lower Sub.(Spl) (Pre),2004,d,"Exp) Option d is the correct answer.

The game of chess is said to have originated in India in
the 6th century CE. The earliest precursor of chess was a
game called chaturanga, which means “four divisions”
in Sanskrit. The four divisions were the infantry, cavalry,
elephants, and chariots, which later evolved into the modern
pawn, knight, bishop, and rook. Chaturanga spread to Persia,
where it was called chatrang, and then to the Arab world,
where it was called shatranj. From there, it reached Europe
through trade and conquest, and underwent further changes
in rules and pieces. Chess is now one of the most popular and
widely played games in the world, with millions of players
and fans."
71,"Read these statements:

Assertion (A): Kushans traded through Gulf of Persian and Red Sea.
Reason (R): Their well organised naval force base was highly qualified.
In context to the above which is the correct answer:","Both (A) and (R) are true, and (R) is the correct explanation of (A).","Both (A) and (R) are true, but (R) is not the correct explanation of (A).","(A) is true, but (R) is false.","(A) is false, but (R) is true.",U.P.Lower Sub.(Pre),1998,c,"Exp) Option c is the correct answer.

Assertion is true: The Kushans established a trade network
that connected the Indian Ocean trade routes through
the Gulf of Persian and the Red Sea with the Silk Road’s
commerce. Their expansive dominion spanned from the
Aral Sea across modern-day Uzbekistan, Afghanistan,
and Pakistan, facilitating trade between these regions and
northern India.

Reason (R) is false: The Kushans did not possess a well-
organized naval force or highly qualified naval bases. Their
influence primarily extended over land routes, and there is no
significant historical evidence to-suggest their involvement
in extensive maritime activities or naval infrastructure."
72,Who laid the foundation of Vardhana dynasty?,Pushyabhuti,Rajyavardhana,Adityavardhana,Prabhakarvardhana,67 BPSC (Pre) (Re-Exam),2022,d,"Exp) Option d is the correct answer.

Prabhakarvardhana was the founder of the Vardhana
dynasty, also known as the Pushyabhuti dynasty. They
were feudatories of the Guptas empire. It ruled over parts
of northern India from the 6th to the 7th century CE.
Prabhakarvardhana was a powerful king who defeated
the Hunas and performed the Ashvamedha sacrifice. He
was also a patron of Buddhism and Jainism. He had two

sons, Rajyavardhana and Harshavardhana, and a daughter,
Rajyashri. Rajyavardhana succeeded him but was killed
by the ruler of Malwa, Harshavardhana then avenged his
brother’s death and became one of the greatest emperors of
India."
73,Which Gupta ruler assumed the throne after killing his elder brother?,Shri Gupta,Samudragupta,Chandragupta II,Skandagupta,BPSC (Pre) (Re-Exam),2022,c,"Exp) Option c is the correct answer.
Chandragupta IT assumed the throne after killing his elder
brother Ramagupta, who was the designated successor of.
Samudragupta. Ramagupta was a weak and incompetent ruler
who failed to protect his kingdom from the invasion of the
Saka king Rudrasimha Il]. He agreed to surrender his wife
Dhruvadevi to the Saka king as a ransom, but Chandragupta
II intervened and killed both Ramagupta and Rudrasimha III
in a daring coup. He then married Dhruvadevi and became
the king of the Gupta Empire. This story is narrated in a
Sanskrit political drama called Devichandraguptam,
which was written by Vishakhadeva, who is generally
identified with Vishakhadatta."
74,Who among the following was the first to explain that the rotation of the earth on its own axis accounts for the daily rising and setting of the sun?,Aryabhatta,Bhaskara,Brahmagupta,Varahmihira,64 BPSC (Pre),2018,a,"Exp) Option a is the correct answer.
Aryabhatta was an ancient Indian astronomer and
mathematician who was the first to explain that the
rotation of the earth on its own axis accounts for the
daily rising and setting of the sun. He wrote a treatise on
mathematics and astronomy called the Aryabhatiya, which
contains many original and remarkable discoveries.
In the Aryabhatiya, Aryabhatta stated that the earth is
spherical and rotates on its own axis at a constant speed. He
also stated that the sun and the moon are also spherical and
revolve around the earth in elliptical orbits. He calculated
the value of pi as 3.1416 and the circumference of the earth
as 24,835 miles. He also explained the causes of eclipses,
solstices, equinoxes, and seasons. He also devised various
methods for solving algebraic equations, trigonometric
problems, and astronomical calculations.

Important Tips

¢ Brahmagupta: He was a 7th century CE mathematician
and astronomer who wrote two influential works:
Brahmasphutasiddhanta and Khandakhadyaka.

e Varahamihira: He was a 6th century CE astrologer
and polymath who wrote several works on astronomy,
astrology, mathematics, and natural sciences. His most
famous works are Panchasiddhantika, Brhatsamhita,
and Brihatjataka, _. _ |"
75,"Chinese traveller ‘Sungyun’ was came to
India in:",515 AD to 520 AD,525 AD to 529 AD,545 AD to 552 AD,592 AD to 597 AD,60th to 62nd B.P.S.C.(Pre),2016,a,"Exp) Option a is the correct answer.

Sungyun came to India in 515 CE along with the monk
‘Hui Zheng, Fa Li, and Zheng Fouze’, during the reign of
Buddhist Empress Hu who belongs to the ‘Northern Wei
Dynasty. Song Yun, who was originally from Dunhuang in
China. In 518 they left Wei capital Luoyang and returned
in the winter of 520 CE along with 117 Mahayana Buddhist

texts. Fortunately, several valuable pieces of information
about their journey have been conserved in Loyang Jielanji
of Yang Xianzhi and other texts. He visited the Swat valley in
northwestern India and wrote the account of the Gandhara
dynasty."
76,Which type of land was called ‘Aprahat’?,Without cultivated forest land.,Irrigated land.,Dense forest land.,Cultivated land.,60th to 62nd B.P.S.C.(Pre),2016,a,"Exp) Option a is the correct answer.

Aprahat was one of the 12 types of land that was classified
depending on soil fertility, irrigation, and physical features
of the land. Aprahat was basically referred to as woodland
or field with thick and dense shrubs and trees. Information
about Aprahat can be found in Amarakosha written by
Amarsimha (one of the courtiers of Chandragupta 11 of
the Gupta dynasty). The other types of land were Kshetra
(cultivable land), Khila (wasteland), Vasti (habitable land),
Gapata Sarah (pasture land), etc."
77,Who is called 'the Napoleon of Ancient India'?,Chandragupta Maurya,Pushyamitra,Kanishka,Samudragupta,56th to 59th B.P.S.C.(Pre),2015,d,"Exp) Option d is the correct answer.

Samudragupta was the second emperor of the Gupta
dynasty and is known as one of India’s best rulers. His
brilliant leadership and valiant victories earned him the title
of ‘Napoleon of India’. He was a great conqueror who carried
his sword throughout the length and breadth of India and
built the mighty Gupta Empire. Ife annexed a large number
of kingdoms in Aryavarta to the Gupta Empire and defeated
at least twelve kings of South India, He was also a great
patron of art, a skilled musician, and a generous ruler who
maintained peace and amity among his people. He issued
seven different types of coins that reflected his achievements
and personality. He performed the Ashvamedha sacrifice
to assert his sovereignty and power. He was compared to
Napoleon by the British historian V.A. Smith, who admired
his military prowess and expansionist policy. However,
unlike Napoleon, Samudragupta was not power-hungry
and never faced defeat or exile."
78,The Gupta emperor who defeated the ‘Hunas’ was:,Samudragupta,Chandragupta-II,Skandagupta,Ramagupta,53rd to 55th B.P.S.C.(Pre),2011,c,"Kxp) Option c is the correct answer.

Skandagupta defeated the Hunas, who were a nomadic tribe
from Central Asia that invaded India in the Sth century CE.
The Hunas were led by Toramana and his son Mihirakula,
who were ruthless and oppressive rulers. They destroyed
many temples, monasteries, and cities in northern India. He
restored peace and prosperity in his kingdom and protected
the culture and civilization of India . He is praised for his
heroism and courage in the Bhitari Pillar Inscription,
which was composed by his court poct Harishena. The
inscription also mentions his other achievements, such as
his victory over the Vanga kings, his generosity towards his
subjects, and his devotion to his father."
79,Who among the following kings had heavily leaned towards Jainism?,Dashratha,Brihadratha,Kharavela,Huvishka,48th to 52nd B.PS.C.(Pre),2008,c,"Exp) Option c is the correct answer.

King Kharavela of Kalinga, ruling during the second or
first century BCE, strongly embraced Jainism. He was a

great patron of Jainism and is known for his patronage of
the construction of Jain temples and stupas. Hathigumpha
inscription show that Kharavela was deeply committed to
Jainism and that he believed that it was the best way to live a
moral and fulfilling life."
80,Who has written the ‘Harshacharita’?,Aryabhatta,Banabhatta,Vishnugupta,Parimalgupta,47th B.B.S.C.(Pre),2005,b,"Exp) Option b is the correct answer.
Banabhaita was a court poet and biographer of Harsha.
Banabhatta wrote the Harshacharita, which is a Sanskrit
prose work that narrates the life and achievements of Harsha.
The Harshacharita is one of the most important sources of
indian history and culture for the 6th and 7th centuries CE.
Important Tips |
¢ Vishnugupta: Vishnugupta was the last known ruler |
of the Gupta dynasty, who reigned from 540 CE to 550 |
| CE. He was the son and successor of Kumaragupta II,
| who had lost most of the Gupta empire to the Huna
invaders. Vishnugupta tried to restore the Gupta glory
by fighting against the Hunas, but he was unsuccessful. |
e Parimalgupta: Parimalgupta was a ruler of the Later
Gupta dynasty, who ruled from 560 CE to 580 CE.
He was the son and successor of Adityasena, who had |
revived the Later Gupta power in Magadha after a
| period of decline. |"
81,King Kharavela is related to -,Piller inscription of Girnar,Piller inscription of Junagarh,Hathigumpha inscription,Sarnath inscription,43rd B.P.S.C.(Pre),1999,c,"Exp) Option ¢ is the correct answer.
King Kharavela is related to the Hathigumpha inscription.
The Hathigumpha inscription, found in the Udayagiri
hills near Bhubaneswar, Odisha, is attributed to Jain king
Kharavela of the Kalinga kingdom. Dated between the 2nd
century BCE and the 1st century CE, it provides insights
into Kharavela’s biographical sketch, religious values,
infrastructuxe projects, military endeavors, society, and
culture. The inscription is considered a significant historical
source for the region."
82,What was the land revenue rate in Gupta age?,Fourth part of the production,Sixth part of the production,Eighth part of the production,Half part of the production,"42nd B.B.S.C, (Pre)",1997,b,"Exp) Option b is the correct answer.
The land revenue during the Gupta period was generally
fixed at one-sixth of the produce. This was the main source
of income for the Gupta empire. The land revenue was
collected by the Kumaramatyas, who were appointed by the
king. The land revenue was also used for public welfare works
such as building roads, temples, and irrigation facilities."
83,During Hiuen Tsang tour in India most famous city for the production of cotton clothes was-,Varanasi,Mathura,Pataliputra,Kanchi,41st B.P.S.C.(Pre),1996,b,"xp) Option b is ihe correct answer.
During Hiuen Tsang’s tour in india, one of the most famous
cities for the production of cotton clothes was Mathura.
Mathura was renowned for its textiles, including cotton
fabrics, and it played a significant role in the trade and
production of such textiles during ancient times."
84,The gradual decline of towns was an important feature of which period?,Gupta period,Pratihara era,Rashtrakut,Satavahana era,40th B.P.S.C.(Pre),1995,a,"Exp) Option a is the correct answer.

The gradual decline of towns was an important feature

of the Gupta period, which lasted from the 4th to the 6th

century CE in India, It faced several challenges and problems
that led to the decline of urbanization and civilization.

Some of the factors that contributed to the decline of towns

during the Gupta period are:

« Invasion of the Hunas (Hephthalites), a nomadic tribe
from Central Asia, who attacked and plundered many
towns and cities in northern India.

° The decline of the central authority and the rise of
regional powers, who asserted their independence and
autonomy from the Gupta Empire. The Gupta rulers
faced many rebellions and revolts from their feudatories,
governors, and vassals, who challenged their supremacy
and legitimacy.

° The deterioration of the economic and _ social
conditions, which affected the prosperity and stability
of the towns and cities. The Gupta rulers imposed heavy
taxes and tributes on the people to finance their wars and
administration. The people also suffered from famines,
epidemics, floods, droughts, and other natural calamities."
85,Which ruling dynasty donated maximum villages to temples and Brahmins?,Gupta Dynasty,Pala Dynasty,Rashtrakuta,Pratihara,39th B.P.S.C.(Pre),1994,a,"Exp) Option a is the correct answer.

Gupta Dynasty was the ruling dynasty that donated

maximum villages to temples and Brahmins in ancient

India. The Gupta rulers donated many villages to the

temples and Brahmins as a form of religious merit, political

loyalty, and social welfare. The donations were recorded in
inscriptions, copper plates, and stone pillars that mention
the names of the donors, the recipients, the villages, the
boundaries, the rights, and the privileges.

Important Tips

Significant facts about village donation during Guptra

period:

« The villages donated by the Gupta rulers to the temples
and Brahmins were called Agraharas or Brahmadeyas.

« These villages were exempted from taxes and duties
and enjoyed autonomy and immunity from royal
interference,

+ The temples and Brahmins used the income from these

__- villages to maintain their religious activities, such as

| worship, rituals, festivals, pilgrimages, education, and

charity.

* The temples and Brahmins also provided various
services to the villagers, such as irrigation, health care,
justice, and protection."
86,What was the ratio of Gold-Silver coins in the Shaka-Kshatrapa period?,1:20,1:25,1:35,1:10,Uttarakhand PCS (Pre),2021,c,"Exp) Option c is the correct answer.

In the Shaka-Kshatrapa period, gold and silver coins were

known as “Dinara” and “Rupaka” respectively. The ratio of

Gold-Silver coins was around 1 : 35, indicating that for each

unit of gold coin, approximately 35 units of silver coins were

in circulation, reflecting the prevailing monetary system and

metal values."
87,There were different causes for the downfall of the Gupta Empire.Which one among the statements given below was not the cause?,Huna invasion,Feudal set-up of administration,Acceptance of Buddhism by the later Guptas,Arab invasion,Uttarakhand P.C.S.(Pre),2012,d,"Exp) Option d is the correct answer.

The Gupta Empire was not affected by the Arab invasion,

which occurred in the 7th and 8th centuries CE, after the

decline of the Gupta Empire. The Arab invasion mainly

targeted the regions of Sindh and Multan, which were ruled

by the Brahmanas and the Rai dynasty respectively.
Important Tips

The Gupta Empire, on the other hand, was weakened by

the following factors:

* Huna invasion: They challenged the authority of the
Gupta emperors, especially Skandagupta, who fought
bravely against them but could not stop their advance.

+ Feudal set-up of administration: The Gupta Empire
had a decentralized system of administration, where
the local governors and feudal lords enjoyed a high
degree of autonomy and power. This led to the
fragmentation and disintegration of the Gupta Empire,
as the loyalty and allegiance of these subordinates to
the central authority declined over time

¢ Acceptance of Buddhism by the later Guptas: The
later Guptas, who ruled over Magadha and Bengal after
the collapse of the main Gupta dynasty, were influenced
by Buddhism and patronized Buddhist institutions.
This alienated them from the Hindu majority of
their subjects, who were loyal to the earlier Guptas,
who were devout followers of Vaishnavism. ‘his also
weakened their political and military strength, as they
faced opposition from Hindu revivalist movements
and foreign invaders."
88,"Arrange the following in chronological order:
A.Satvahanas
B.Vakatakas
C.Chalukyas
Select the correct code from the following:",B-C-A,C-B-A,C-A-B,A-B-C,Jharkhand P.C.S.(Pre.),2021,d,"Exp) Option d is the correct answer.

The correct chronological order of the dynasties mentioned
in the question is:

1. Satvahanas (2nd century BCE - 3rd century CE)

2. Wakatakas (3rd century - 6th century CE)

3. Chalukyas (6th century - 12th century CE)"
89,The Chinese Pilgrim who visited India in the early 6th century was-,Ywan Chwang,Fahien,Sung Yun,I-tsing,Jharkhand P.C.S.(Pre),2016,c,"Exp) Option c is the correct answer.

Sung Yun was a Chinese Buddhist monk who was sent along
with some companions including monk Hui Zheng by the
devout Buddhist Emperor Hu of the Northern Wei Dynasty
to north-western India to search for Buddhist texts.

Sung Yun came to India during the reign of the Gupta
emperor Kumaragupta I. He visited India in the early 6th
century CE, around 518-522 CE. He brought back many
Sanskrit manuscripts and relics, and also wrote an account
of his travels, which is preserved in the Chinese Buddhist

canon. He was one of the earliest Chinese pilgrims who
visited India and provided valuable information about the
political, social, and religious conditions of India at that
time."
90,Which Chinese general had defeated Kanishka?,Pan Chao,Ban Yong,She Huang Ti,Ho-Ti,Jharkhand P.C.S.(Pre),2003,a,"Exp) Option a is the correct answer.

The Chinese general who defeated Kanishka was Pan Chao
(also known as Ban Chao). As per the book of the Later
Han Dynasty, Hou Hanshu, general Ban Chao fought
battles near Khotan with a Kushan army of 70,000 men.
He was successful in repelling the Kushans following
a scorched-earth policy in 90 AD. He was a prominent
diplomat, explorer, and military general of the Eastern Han
Dynasty. Ban Chao played a significant role in administering
and establishing Han control over the “Western Regions”
(Central Asia). He also led Han forces in campaigns against
the Xiongnu and re-established Ian influence in the Tarim
Basin region. Ban Chao’s efforts earned him the title of
Protector General of the Western Regions,"
91,"Match List-I with List-II and select the correct answer using the codes given below the lists:

A.Shunga          1.Mahoba
B.Satavahana      2.Banvasi
C.Kadamb          3.Paithan
D.Chandel         4.Pataliputra

Code: 
A B C D",4 3 2 1,4 2 3 1,1 4 2 3,1 2 3 4,RAS/RTS (Pre),2018,a,"Exp) Option a is the correct answer.

Option A of List-I matches Option 4 of List-II: The Shunga
dynasty, an ancient Indian ruling dynasty, established their
capital at Pataliputra, a prominent city on the banks of the
Ganges River in present-day Patna, Bihar, India.

Option B of List-l matches Option 3 of List-Il: The
capital of the Satavahana dynasty was Paithan, historically
Pratisthan, situated on the banks of the Godavari River in
ancient India.

Option C of List-I matches Option 2 of List-II: The
Kadamba is the first dynasty to be established in Karnataka.
Their capital was Banavasi which is in today’s North canara
district, Karnataka. Mayurasharma was the founder and a
great king of this dynasty.

Option D of List-I matches Option 1 of List-II: The
Chandellas ruled over central India from the ninth to the
thirteenth centuries. Khajuraho was their first capital city,
but it was later moved to Mahotsava Nagar or Mahoba,
The Chandelas of Jejakabhukti were a Central Indian royal
dynasty. Nannuka was the founder of India’s Chandela
dynasty."
92,"Centers located in Gujarat, Bengal, Deccan and Tamil Country during the Gupta period were asseciated with which of the following?",Textile manufacture,Gems and precious stones,Handicrafts,Opium cultivation,R.A.S./R.E.S.(Pre),2010,a,"Exp) Option a is the correct answer.

The centers located in Gujarat, Bengal, Deccan and Tamil
Country during the Gupta period were associated with
textile manufacture. Textile manufacture was one of the
most important industries in ancient India. It was a source
of wealth, prestige, and foreign trade. The Gupta period
witnessed a flourishing of textile production and export to
various regions of Asia, Africa, and Europe.

. Important Tips |
Some of the famous centers of textile manufacture |
during the Gupta period were: |
e Gujarat: Gujarat was known for producing fine cotton |
fabrics, silk fabrics, and brocade work. It exported |
textiles to Arabia, Persia, Egypt, and Rome. Some:
of the important ports of Gujarat were Bharuch, |
Cambay, and Sopara. i
¢ Bengal: Bengal was known for producing muslin, |
a fine cotton fabric that was highly valued for its |
softness, lightness, and transparency. It exported
muslin to China, Southeast Asia, and Rome. Some
of the important ports of Bengal were Tamralipti,
Chittagong, and Sonargaon,
e Deccan: Deccan was known for producing cotton |
fabrics dyed with various colors and patterns. It!
exported textiles to Sri Lanka, Southeast Asia, and |
China. Some of the important ports of Deccan were
Kalyan, Chaul, and Dabhol. |
e Tamil region: Tamil region was known for producing |
silk fabrics, cotton fabrics, and woolen fabrics. It
exported textiles to Sri lanka, Southeast Asia, China, |
and Rome. Some of the important ports of Tamil ;
Country were Kaveripattinam, Nagapattinam, and |
| Muzitiss"
93,The institution of child marriage started in which period?,Maurya period,Kushan period,Gupta period,In the time of Harshavardhan,R.A.S./R.T.S.(Pre) (Re-exam.),2000,b,"Exp) Option 6 is the correct answer.
The institution of child marriage started in the Kushan
period. The Kushans were a Central Asian people who
ruled large parts of India from the Ist to the 3rd centuries
CE. They were influenced by the cultures of both India and
Central Asia, and they brought with them many new ideas
and practices, including the practice of child marriage.
The practice of child marriage was not common in India
before the Kushan period. However, it became increasingly
common during the Kushan period and in the centuries that
followed. There were a number of reasons for this, including
the belief that child marriage would ensure the purity of
the bride and groom, the desire to secure family alliances
through marriage, and the economic beuefits of having a
son at a young age."
94,First Persian ruler who captured some part of India was-,Cyrus,Cambyses,Darius-I,Shaharsh,R.A.S./R.TS.(Pre),1994,a,"Exp) Option a is the correct answer.
The Achaemenid conquest of the Indus Valley began
in the 6th century BCE, with the first invasion led by
Cyrus the Great. He annexed areas west of the Indus River,
establishing control over northwestern regions of the Indian
subcontinent, primarily in present-day Pakistan. Darius
the Great later continued the campaign, expanding Persian
territories in India up to the Jhelum River in Punjab around
518 BCE."
95,Which field was mostly contributed by Eastern Roman ruler Justinian?,Law,Architecture,Science,Literature,"R.A.S./R.T.S, (Pre)",1994,a,"Exp) Option a is the correct answer.
Emperor Justinian I, also known as Justinian the Great,
primarily contributed to the field of law. His reign is
marked by the significant codification and rewriting
of Roman law, known as the Corpus Juris Civilis, which
remains a foundational legal document in many modern
legal systems. This extensive legal compilation played a
crucial role in shaping legal principles and concepts that
continue to influence legal systems today."
96,"During Post Gupta Peried, main business centre was-",Kannauj,Ujjain,Dhar,Devgiri,R.A.S. (Pre),1993,a,"Exp) Option a is the correct answer.
Kannauj was the main business centre during the post-
Gupta period. It spanned from the 6th to the 8th century CE.
Kannauj was the capital of several powerful dynasties, such
as the Maukharis, the Later Guptas, and the Harshavardhana.
Kannauj was a prosperous and cosmopolitan city that had a
flourishing trade with various regions of India and abroad.
Kannauj was famous for its production and export of
perfumes, textiles, jewels, and spices.

Important Tips

Facts about business center during various histrocial

period:

« Dhar was a major business center during the Early
Medieval period. It was in western India, and it was the
capital of the Gurjara-Pratihara dynasty. The city was
also home to a number of industries, such as textiles
and metalworking.

¢ Devgiri was a major business center during the Later
Medieval period. It was in western India, and it was the
capital of the Yadava dynasty. The city was also home to

1 several industries, such as textiles and metalworking.

¢ Ujjain was another important business center during
the Post-Gupta period, not as large as Kannayj. It |
was in central India and it was a major religious and !
cultural center. The city was also home to a number of |
industries, such as textiles and metalworking."
97,Which of the following inscription known as the first advertisement of the world?,Dashpur inscription,Sohgara inscription,Supia inscription,Eran inscription,MPPCS (Pre),2021,a,"Exp) Option a is the correct answer.

Dashpur inscription is known as the first advertisement

of the world. This advertisement was written in Sanskrit in

Mandsaur Madhya Pradesh India. This advertisement was

written by some businessman on the wall of surya mandir in

khilchipura in mandsaur. This advertisement is written for

promoting silk saris sales. It was the first advertisement of

the world and this was proved by specialist and scientist by

seeing an inscription on the wall.

| Important Tips |

¢ The Supia inscription is an ancient inscription found

in the village of Supia, located in the Indian state of
Madhya Pradesh. This inscription dates back to the j
reign of the Gupta king skandagupta.

+ The Eran inscription is in state of Madhya Pradesh.
It is associated with the Gupta dynasty and provides
historical and epigraphic evidence of Gupta rule.

.e The Sohgaura copper plate inscription is an Indian
copper plate inscription written in Prakrit in the
Brahmi script. It was discovered in Sohgaura, a village
on the banks of the Rapti River, Gorakhpur District,
Uttar Pradesh, India. It gives information about grain
distribution due to famine in Mauryan period."
98,The Malaw Samvat was also known as:,Kalchuri Samvat,Krit Samvat,Saka Samvat,Gupta Samvat,MPPCS (Pre),2021,b,"Exp) Option b is the correct answer.
The Malaw Samvat was also known as the Krit Samvat,
which was a type of Hindu calendar system that started in 57
BC. It was initiated by the Malava people to commemorate
their victory over the foreign invaders called the Sakas. The
Malaw Samvat is also known as the Vikram Samvat, after the
legendary king Vikramaditya of Ujjain, who is said to have
defeated the Sakas. The Malaw Samvat is still widely used in
India, especially in northern and western regions."
99,Which of the following inscription reveals information about Silk Weavers Guild?,Dashpur Inscription,Prayag Prashasti,Eran Inscription,Hathigumpha Inscription,M.P.P.C.S.(Pre),2019,a,"Exp) Option a is the correct answer.
The Mandasor Pillar Inscriptions or Dashpur Inscription
of Yashodharman are a set of Sanskrit inscriptions from the
early 6th-century discovered at an archacological site at the
village of Sondani, about 4 kilometres south of Mandsaur
(Mandasor) in northwestern Madhya Pradesh, India.
The Dashpur inscription reveals information about the
silk weaver’s guild that migrated from Lata (Gujarat)
to Dasapura (Mandsaur). Some of them took up other
occupations, while those who kept to their original craft
formed a guild and donated money for the temple. The
inscription states that the guild was composed of 500 families
and that they were well-versed in the art of weaving silk."
100,"in ancient period, which Varna was also called as ‘Sarthavaha’?",Brahmana,Kshatriya,Vaishya,Shudra,M.P.P.C.S.(Pre),2018,c,"Exp) Option ¢ is the correct answer.

The term ‘Sarthavaha’ was used to refer to the merchants

or traders who organized and led the caravans in ancient

India. The word ‘Sarthavaha’ means ‘caravan leader’ or ‘chief

merchant’ in Sanskrit.

The Sarthavahas belonged to the Vaishya varna, which

was one of the four social classes in the Vedic society. The

Vaishyas were engaged in agriculture, trade, commerce, and

crafts. They were considered as the third highest varna after

the Brahmanas (priests and scholars) and the Kshatriyas

(warriors and rulers). The Shudras (servants and laborers)

were the lowest varna."
101,"Match List-I with List-II and select the correct answer using the codes given below the lists:
A.Bhoj          1.Ujjain
B.Durgavati     2.Vidisha
C.Samudragupta  3.Dhar
D.Ashoka        4.Gondwana
Code: 
A B C D",4 3 2 1,3 4 1 2,4 3 1 2,3 2 4 1,MPPCS (Pre),2008,d,"Exp) Option d is the correct answer.

A. Bhoj was a king of the Paramara dynasty, who ruled
over Malwa region in central India. His capital was
Dhar, a city in present-day Madhya Pradesh. He was a
patron of art, literature and architecture, and built several
temples and monuments in his kingdom.

B. Durgawati was a queen of the Gond tribe, who ruled
over Gondwana region in central India. Her capital was
Garha-Mandla, a town in present-day Madhya Pradesh.
She was a brave and valiant ruler, who resisted the
invasion of the Mughal emperor Akbar.

C. Samudragupta was an emperor of the Gupta dynasty,
who ruled over most of northern and central India.
Vidhisha was the capital of the Western Malwa branch of
the Gupta dynasty, which was founded by Chandragupta
1, the father of Samudragupta.

D. Ashoka was an empcror of the Mauryan dynasty, who
ruled over most of South Asia and beyond. His capital
was Pataliputra, but he also had another important city
in his empire, Ujjain, which was located in present-day
Madhya Pradesh. Ashoka was appointed as the viceroy
of Ujjain by his father, when he was still a prince. He
governed the region of Avanti, which included Ujjain as
its capital."
102,Kalidasa was in the ruling period of-,Samudragupta,Ashoka,Chandragupta-I,Chandragupta-II,M.P.P.C.S (Pre),1990,d,"Exp) Option d is the correct answer,

Kalidasa was a poet and playwright who lived during the

ruling period of Chandragupta-IL, the third emperor of the

Gupta dynasty. Chandragupta-II ruled from 380 CE to 415

CE and was also known as Vikramaditya, meaning “the sun

of valour”.

Kalidasa is regarded as the greatest literary figure of India and

one of the classics of world literature. He wrote several works

of Sanskrit literature that are considered as masterpieces of
poetry, drama, and romance. Some of his famous works are

Abhijnanashakuntala (The Recognition of Shakuntala),

Raghuvamsha (The Dynasty of Raghu), Meghaduta (The

Cloud Messenger), and Kumarasambhava (The Birth of

Kumara). He also wrote works on gramnuar, rhetoric, and

astronomy. He is known for his clegant style, rich imagery,

lyrical beauty, and profound insight into human emotions
and nature.

[ Important Tips |

Impertant works of Kalidasa:

1e@ The masterpiece of Kalidas was the Sanskrit

| drama Abhijnanashakuntala (The Recognition of

i Shakuntala), which dramatizes the story of Shakuntala,

| a beautiful nymph who marries King Dushyanta and is

later separated from him by a curse.

« He wrote two other plays: Malavikagnimitra
(Malavika and Agnimitra), a comedy about the love |
affair between King Agnimitra and a maid named
Malavika.

e Vikramorvasiya (Urvashi Won by Valour), a romantic |

| tragedy about the love between King Pururavas and a |

e His twa well-known epics are Raghuvamsa (Dynasty |
of Raghu) aud Kumarasambhava (Birth of Kumara). |

‘he former narrates the history of the solar dynasty of

kings from Raghu to Agnivarna, highlighting the deeds

of Rama and his ancestors. The latter describes the
marriage of Shiva and Parvati, and the birth of their
son Kartikeya, who defeats the demon Taraka.

© Ritusamhara (The Gathering of Seasons) and

Meghaduta (The Cloud Messenger) are his two

lyrics. The former is a collection of six poems that

celebrate the beauty of nature in different seasons. The
latter is a single poem that teils the story of a yaksha |

(a supernatural being) who sends a message to his

t beloved through a cloud"
103,"Which of the following statements is/are true?

1.After weakening of power of Satavahana dynasty, Vakataka dynasty established its kingdom.
2.First king of Vakataka dynasty was Pravar Sen I.
3.Vindhya Shakti was son of Pravar Sen.

Choose the correct option:","1,2 and 3",l and 2,Only 1,None of the above,Chhattisgarh PCS (Pre),2021,c,"Exp) Option c is the correct answer,

Statement | is correct: The Vakataka dynasty succeeded the

declining Satavahana dynasty and established its rule in the

Deccan region of India.

Statement 2 is incorrect: Vindhyashakti (250-270), whose

name is taken from the deity Vindhyavasini, was the founder

of Vakataka dynasty.

Statement 2 is incorrect: Pravar Sen was the son of Vidhya

Sakti. Pravarasena 1 (270-330), the next monarch after

Vindhyashakti, kept the kingdom a strong power.

Important Tips
Vakataka Dynasty (250-500 CE):
e Overview:

° Succeeding the Satavahanas, the Vakatakas ruled
the Deccan over 2.5 centuries.

¢ Coeval with the Guptas, they embraced both
Brahmanism and Buddhism, fostering cultura]
exchange.

e The Vakataka kingdom extended from the southern |
extremities of Malwa and Gujarat in the north:

to the Tungabhadra River in the south, and
from the Arabian Sea in the west to the edges of
Chhattisgarh in the east.

¢ Important Rulers of the Vakataka Dynasty:

* Vindhyashakti (Reign: 250 ~ 270 CE): Dynasty’s
founder, revived Brahmanical rituals, military
achievements, Dvija on Ajanta inscriptions.

; © Pravarasena I (Reign: 270 - 330 CE): He took the
Samrat title and he expanded empire to north India
and Deccan. He performed Vedic rituals. |

e Rudrasena I (Reign: 340 - 365 CE): Worshipper of |

| Mahabhairava, Nandivardhana branch founder.

o © Prithvisena I (c. 365 - 390 CE): Yudhishthira-like
qualities, political alliance with Chandragupta I,

_ followed Shaivism. 7

» Narendrasena (c. 440 - 460 CE): Marriage alliance
with Kadambas, faced opposition from Nalas.

« Sarvasena (Reign: 330 - 355 CE): Renowned
Prakrit poet, Harivijaya author, Dharma-Maharaja
title.

e Vindyashakti II/Vindhyasena (c. 355 ~ 400 CE):
Extended kingdom, defeated Kadambas, patronized
art. ;"
104,"What is/are correct in reference to Udayagiri and Khandagiri caves?

1.It has both natural and artificial caves.
2.Udayagiri has 18 and Khandagiri has 15 caves.
3.Khandagiri caves are famous for Hathigumpha inscription.

Code:","1,2 and3",1 and 3,1 and 2,Only 1,Chhattisgarh PCS (Pre),2021,c,"Exp) Option c is the correct answer.
Statement 1 is correct: The Udayagiri and Khandagiri
caves constitute a complex featuring a combination of
naturally formed and artificially carved caves, These caves
were utilized as dwelling spaces by Jain monks and exhibit
intricate carvings and sculptures.
Statement 2 is correct: Udayagiri means “Sunrise Hill”
and has 18 caves while Khandagiri has 15 caves. The caves
of Udayagiri and Khandagiri, called lena or lena in the
inscriptions, these were taken out mostly during the reign of
Kharavela for the abode of Jain ascetics.
Statement 3 is incorrect: Udayagiri caves and not Khandagiri
caves are famous for Hathigumpha inscription which is
carved out in Brahmi script. It narrates the achievements of
King Kharavela of the Kalinga dynasty and provides valuable
insights into the social, political, and cultural aspects of
ancient India.

Important Tips i

Khandagiri Caves - Features:

« These caves were renovated during the reign of
Uddyotakeshari of the Somvanshi dynasty.

* Barabhuji Gumpha features Sasana Devis and
Tirthankar sculptures.

¢ Trushula Gumpha showcases Jain ‘leerthankars,
notably Rishab Dev.

e Ambika Gumpha displays Yaksha and Yakshini of
Tirthankars.

¢ Totowa Gumpha 1 and 2 are beautifully adorned, |
featuring guards, animals, and parrot-carved arches. |

« Cave 3 of Ananta Gumpha showcases sculptures of

women, elephants, athletes, and geese.
Do Khandagiri Gumpha is a two-story cave with a
rough-cut entrance.
e Lalatendu Kesari Gumpha (Caves 6-11) has reliefs
! of Jain tirthankars.
+ Cave 14, also Ekadasi Gumpha, is a basic cell.
Udayagiri Caves - Features:

+ Udayagiri, the “Hill of the Rising Sun,’ is an
underexplored Buddhist site.

¢ These rock-cut caves near Bhubaneswar were built
around the 2nd century BC by King Kharavela of
the Meghavahana dynasty.

° Originally 117, only 33 caves remain; Udayagiri has |
18 caves, while Khandagiri has 15. |
» The Udayagiri Stupa is important for studying |
Vajrayana Buddhism. |
e Notable artifacts include Buddha, Tara, Manjusri, |
Avalokitesvara, and terracotta seals.
« Jain monks occupied caves on the Kumari mountain |
range. |
« Ganesh Gumpha is famous for Jain Tirthankara and
other sculptures.
« Rani Gumpha, a double-storeyed monastery, is |
renowned for its acoustics.
* Hathigumpha has inscriptions detailing King
Kharavela’s conquests and leadership."
105,"In travel through India, Fahhien has mentioned a hospital, it was located at-",Ujjain,Kaushambi,Tamralipti,Pataliputra,Chhattisgarh P.C.S.(Pre),2019,d,"Exp) Option d is the correct answer.
Fa [lien was a Chinese Buddhist monk and traveler who
visited India between 399 and 414 CE. He was one of the
first Chinese pilgrims to record his journey to India and
bring back Buddhist scriptures and relics to China. He wrote
a travelogue called A Record of Buddhist Kingdoms, which
describes the geography, culture, religion, and society of
India and other countries he visited.
Fa Hien has mentioned a hospital at Patliputra, the capital
of the Gupta Empire, which was endowed by benevolent
citizens. Fa Hien’s account of the hospital at Patliputra is one
of the earliest records of a public health institution in ancient
India. It shows the advanced level of medical science and
social service in India during the Gupta period. He recorded
that the hospital was well-maintained and had a large number
of beds. The patients were treated free of charge.”
Important Tips
Important facts about Fa-Hien:
« Fa-Hien was a Chinese pilgrim who visited India
during the period of Chandragupta II.
e He came to India for his religious mission. He stayed
in India for about 10 years, from 399 CE to 411 CE.
He visited many pilgrimage places in India and keenly
observe many places.
» According to him, Magadha and Pataliputra were
prosperous and flourishing cities respectively.
« People were living a prosperous life and used to
practice different religions,
« Fa-Hein also mentioned the Penal code and the images
of Indian gods and goddesses on the coins here."
106,"Read the following statements:

1.Harisena was the famous poet of Samudragupta’s Court.
2.He composed the epic ‘Devichandraguptam.
3.He was also the author of ‘Prayagprashasti’.

Select the correct answer:","1, 2 and 3 are correct.",1 and 2 are correct,2 and 3 are correct,1 and 3 are correct,Chhattisgarh P.C.S.(Pre),2017,d,"Exp) Option d is the correct answer.
Statement 1 is correct: Harisena was a 4th century Sanskrit
poet of Samudragupta’s Court
Statement 2 is incorrect: Harlsena did not compose the epic
Devichandraguptam, which is a Sanskrit political drama

written by Vishakhadeva. This play is about Chandragupta

Il, the son of Samudragupta, and how he overcame the

oppression of Saka rulers and his inept brother Ramagupta

to become king of his kingdom.

Statement 3 is correct: Harisena composed the Prayag

Prashasti or the Allahabad Pillar Inscription, which

describes Samudragupta’s military conquests, his

benevolence towards other rulers, his religious tolerance,
and his personal achievements."
107,Who among the following rulers is stated as protector of “Varna system’?,Pushyamitra Sunga,Kharvela,Gautamiputra Satkarni,Vasudev,Chhattisgarh P.C.S (Pre),2013,a,"Exp) Option a is the correct answer.

The ruler stated as the protector of the ‘Varna system’ is

Pushyamitra Sunga. Pushyamitra Sunga was the founder

of the Sunga dynasty and ruled from around 185 BCE to

149 BCE. He was a staunch supporter of the orthodox

brahmanical faith and revived many ancient Vedic rituals,

including the horse sacrifice. He is also credited with
restoring the position of the Brahmins in society and
strengthening the Varna system.

| Important Tips |

| Pushyamitra Sunga (c.185 ~ c. 149 BCE)

¢ Pushyamitra Sunga served as the Brahmin army
chief under King Brihadratha, the final ruler

| of the Mauryan dynasty. In a military parade, he
assassinated Brihadratha and took control of the
throne in 185 or 186 BC.

_« Some historians view this as an internal uprising
against the last Mauryan monarch, while others
see it as a response to the Mauryan support of ;
Buddhisin.

« Pataliputra served as the capital during
Pushyamitra Sunga’s reign.

; He effectively countered invasions from Greek
rulers Menander and Demetrius.

o Pushyamitra Sunga also repelled an attack by
Kalinga’s king, Kharavela.

e The region of Vidarbha was brought under his
control.

e Following Brahminical practices, he is sometimes
depicted as persecuting Buddhists and destroying
stupas, though evidence for this is inconclusive.

* He oversaw the renovation of Stupas at Sanchi
and Barhut, and constructed a sculpted stone |

| gateway at Sanchi. ,

« Vedic rituals like Ashvamedha, Rajasuya, and ;

Vajapeya were performed during his rule.

¢ He supported the Sanskrit grammarian Patanjali.

e According to Puranic accounts, his rule extended

[ for 36 years, and he passed away in 151 BC,"
108,The Capital of Maukharri was,Thanesar,Kannauj,Purushpur,None of the above,Chhattisgarh P.C.S.(Pre),2011,b,"Exp) Option b is the correct answer.

The Maukhari dynasty was a post-Gupta dynasty that

controlled the vast plains of Ganga-Yamuna for over six

generations from their capital at Kannauj. Kannauj was
a prosperous and cosmopolitan city that later became the
capital of Harsha, the ruler of the Pushyabhuti dynasty. The
Maukhari capital is mentioned in several sources, such as
their inscriptions, their coins, the Harshacharita, and the
Aryamanjushrimulakalpa."
109,Which one of the foliowing pairs is correctly matched?,Harappan Painted Grey Civilization Ware,The Kushans Gandhara School of Art,The Mughals Ajanta Paintings,The Marathas Pahari School of Painting,Chhattisgarh P.C.S.(Pre),2008,b,"Exp) Option b is the correct answer.

Pair I is incorrectly matched: The Painted Grey Ware is
associated with the middle and later Vedic period and the
early Iron Age in northern India. Harrapan civilization is
associated with Black and red Ware.

Pair 2 is correctly matched: The Kushans were patrons
of the Gandhara School of Art. This school flourished in
the Gandhara region, encompassing parts of present-day
Afghanistan and Pakistan. It produced sculptures and reliefs
primarily focused on Buddhist themes, blending Greek
and Indian artistic elements, with iconic examples like the
Bamiyan Buddha statues.

Pair 3 is incorrectly matched: The Ajanta Paintings,
dating back to ancient India (2nd century B.C.E. to 650
C.E), primarily depict themes from Buddhist stories and
were created long before the Mughal era, by Vakatakas The
Mughal dynasty, known for its own distinct art, ruled during
the medieval period in India.

Pair 4 is incorrectly matched: The Pahari School of
Painting flourished in the hilly regions of northern India,
especially during the Rajput and later Sikh periods, whereas
the Marathas were a distinct political power in a different
geographical area."
110,"Read the following statements carefully-
1.Gupta Emperors claimed divine rights for themselves
2.Their administration was highly centralized
3.They extended the tradition of land grants.
Answer on the basis of the following codes:","1,2 and 3 are true",1 and 2 are true,1 and 3 are true,2 and 3 are true,Chhattisgarh P.C.S.(Pre),2008,c,"Exp) Option c is the correct answer.

Statement 1 is correct: The Gupta emperors adopted the
title of maharajadhiraja (king of kings) and claimed to be
the descendants of gods. They performed various rituals and
ceremonies to assert their divine authority and legitimacy.
For example, Chandragupta II performed the Ashvamedha
(horse sacrifice) to demonstrate his supremacy over other
kings.

Statement 2 is incorrect: Gupta administration was not
highly centralized, but rather based on a system of
decentralization and delegation. The empire was divided
into provinces called bhuktis, which were further subdivided
into districts called vishayas or ahara. The provinces were
governed by provincial governors called uparikas, who were
usually members of the royal family or high-ranking nobles.
Statement 3 is correct: The Gupta emperors also elaborated
the tradition of land grants, which had started during the
earlier Mauryan and Satavahana periods. ‘hey granted
land to various beneficiaries, such as Brahmins, temples,
monasteries, and officers, in return for their loyalty and
services."
111,Who among the following usurped power in Kanyakubja after the death of Harshavardhana?,Adityasena,Arunashva,Shashanka,Lalitaditya,CDS  (II),2022,b,"Exp) Option b is the correct answer.
Arunashva ruled Tirhut, Kannauj, and the surrounding area
for a brief period after Harshavardhana, who died heirless.
He usurped the throne, succeeding the Pushyabhuti dynasty.
He is known for repulsing an invasion launched by the Arab
Muslims of the Rashidun Caliphate."
112,Who among the following ancient Indian kings was praised in glowing terms in the Prayaga Prashasti?,Ashoka,Harshavardhana,Samudragupta,Bindusara,CDS,2021,c,"Exp) Option c is the correct answer.
The Prayaga Prashasti is an inscription composed by
Harisena, a court poet of Samudragupta, who was a ruler
of the Gupta Empire in ancient India. The inscription
is a eulogistic composition that praises and glorifies
the achievements and conquests of Samudragupta.
Samudragupta, was known for his military campaigns and
the expansion of the Gupta Empire. He was also known for
his patronage of art and culture, which contributed to the
golden age of Gupta civilization.
Important Tips
Some other famous inscriptions and their authors:
Inscriptions... - Authors 7 +|
Allahabad Pillar Emperor Ashoka |
Inscription
Junagadh Rock Inscription | Rudradaman | i
| Hathigumpha Inscription | King Kharavela
, Delhi Iron Pillar Chandragupta II
Inscription 7
Sanchi Inscriptions Ashoka and his successors
Mehrauli Iron Pillar Chandragupta II
,| Inscription
Maski Inscription Ashoka
Vikramashila Inscription | Dharmapala
Aihole Inscription Pulakeshin I]
Hathibada Copper Plate Skandagupta
| Inscription _ - ;"
113,Which one of the following statements about the Gupta period in Indian history is not correct?,"Sanskrit language and literature, after centuries of evolution, reached what has been described as a Jevel of classical excellence through royal patronage.","The status of women was redefined. They were entitled to formal education and hence there were women teachers, philosophers and doctors.Early marriage was prohibited by law and they were given the right to property",Decentralisation of administrative authority was impacted by increased grants of land and villages with fiscal and administrative immunities to priests and temples,"Land grants paved the way for feudal developments and emergence of selfdom in India, resulting in the depression of the peasantry",CDS,2017,b,"Exp) Option b is the correct answer.
During the Gupta Empire period, the condition of women
gradually declined, leading to their subordination within
the society. Women were assigned a secondary position
and were expected to obey their father before marriage,
their husband after marriage, and their son in later life.
While education was valued during this era, women faced
limitations and were not allowed to study sacred texts or
participate in rituals. Furthermore, women did not have the
right to property. It is important to note that despite these
constraints on women, the Gupta Empire was recognized
as the Golden Age of India in fields such as science,
mathematics, astronomy, religion, and philosophy,"
114,Which one among the following was not an altribute of Samudragupta described in Prayag Prashasti?,Sharp and polished intellect,Accomplished sculptor,Fine musical performances,Poetical talent of a genius,CDS  (I),2016,b,"Exp) Option b is the correct answer,

The Prayag Prashasti is an inscription that was composed
in the 4th century CE to eculogize the Gupta emperor
Samudragupta. The inscription describes Samudragupta
as a man of many talents, including his sharp and polished
intellect, his fine musical performances, and his poetic
talent. However, the inscription does not mention
Samudragupta as an accomplished sculptor.

Important Tips
Samudragupta, who reigned from 335/336 CE to 375
CE, was known as the “Napoleon of India” according
to V.A. Smith. His military campaigns are documented
in inscriptions such as the Eran inscription in Madhya i
Pradesh and the Allahabad Pillar Inscription (Prayaga-
Prashasti). Ele pursued a policy of war and conquest.
Additionally, Samudragupta issued coins bearing the
inscription “Restorer of the Asvamedha,” indicating his
: association with the ritual horse sacrifice. |"
115,The Satavahanas are identified in the Puranas by which one of the following epithets?,Andhras,Shakas,Kshatrapas,Sungas,CAPF,2021,a,"Exp) Option a is the correct answer.
The Satavahanas were an ancient Indian dynasty that
ruled over large parts of the Deccan Plateau from the 3rd
century BCE to the 3rd century CE. They are also known
as the Andhras in the Puranas, which are ancient Hindu
texts. Simuka was the founder of Satavahana dynasty and
Gautamiputra Satkarni was the most famous ruler of this
dynasty."
116,"Consider the following statements pertaining to the Satavahanas:

1.Satavahana rulers were identified through metronymics,
2.Satavahana succession to the throne was generally patrilineal.

Which of the statements given above is/are correct?",Only 1,Only 2,Both 1 and 2,Neither 1 nor 2,CAPF,2019,c,"Exp) Option c is the correct answer.
Statement 1 is correct: The Satavahana rulers were often
identified through metronymics, which means they were
identified by the names of their mothers or matrilineal
ancestors. his practice is reflected in the Satavahana
inscriptions and historical records.
Statement 2 is correct: The succession to the Satavahana
throne followed a patrilineal system, where the throne was
typically inherited by the male descendants of the ruling
king. The patrilineal succession ensured that the throne
passed from father to son or through the male lineage."
117,"Examine these two statements carefully and select the correct answer using the codes given below:
Statement I: For early socicties, historians retrieve information about elite families mostly from inscriptions.
Statement II: Satavahana inscriptions generally end with the term Putra, a Prakrit  word meaning ‘son.Codes:",Both the statements are individually true and Statements II is the correct explanation of Statement I.,Both the statements are individually true but Statement II is not the correct explanation of Statement I.,Statement I is true but Statement IT is false.,Statement I is false but Statement II is true.,CAPF,2018,c,"Exp) Option c is the correct answer.
Statement [ is correct: For early societies, historians
retrieve information about elite families mostly from
inscriptions. Inscriptions are written records engraved
on stone, metal, or other durable materials. They provide
valuable information about the names, titles, genealogies,
achievements, and religious beliefs of the elite families
who commissioned or patronized them. For example, the
Allahabad Prashasti inscription gives information about the
Gupta dynasty and its rulers.
Statement IJ is not correct: Satavahana inscriptions mention
the names of rulers’ suns or descendants, They often mention
the names of their rulers followed by the word Putra which
is Sanskrit word for Son (not a Prakrit word)."
118,Which one of the following statements about Allahabad Prashasti is correct?,It clearly presents the Gupta empire as the epicenter of a complex web of varied political relationships.,Line 15 of it refers to the capturing of a king of the Kota family.,"Line 23 refers to Samudragupta violently exterminating a number of kings of Aryavarta,","Line 20 refers to rulers offering tribute,obeying the orders of the Gupta king.",CAPE,2017,a,". ce, pa
Exp) Option'a is the correct answer. —_- oe oe
Allahabad Prashasti is an inscription on an Ashokan pillar
that contains the eulogy of the Gupta ruler Samudragupta, ©
composed by his court poet Harisena. The inscription
describes the political and military achievements of
Samudragupta, as well as his personal qualities and religious
beliefs.

It clearly presents the Gupta empire as the epicenter of
a complex web of varied political relationships. The
inscription mentions four types of rulers who had different
kinds of relations with Samudragupta: those who were
uprooted and exterminated; those who surrendered and
paid tribute; those who sought his protection and alliance;
and those who were on the frontiers and acknowledged his
suzerainty."
119,Which one of the following statements about the Gupta period is not correct?,Forced labour (Vishii) became more common than before in this period.,A passage in the Vishnu Purana refers to the Guptas enjoying all the territories along the Ganga up to Prayaga.,The Mehrauli inscription suggests that Chandragupta fought against a confederacy of enemies in Bengal and also led a campaign into the Punjab.,Saurashtra was not a part of the Gupta empire.,CAPF,2017,d,"Exp) Option d is the correct answer.

Sauyashtra was a part of the Gupta empire after
Chandragupta II defeated the Saka king Rudrasimha Il
and annexed his territories in Gujarat. Saurashtra was an

_ important region for trade and commerce, a$ it-had:access-to
the Arabian Sea and ports like. Bharuch: . ae o Les heed,
Stateinent a is correct: Forced labour (Vishti) becanie
more common than before in this period. Vishti was a form
of tax paid by the people in the form of labour or service to
the state or the landlords. It was prevalent in some regions of
the Gupta empire, especially in south India.

Statement b is correct: A passage in the Vishnu Purana
refers to the Guptas enjoying all the territories along the
Ganga up to Prayaga . The Vishnu Purana is an ancient
Hindu text that contains various myths and legends, It also
mentions some historical events and dynasties, including the
Guptas. It praises the Gupta rulers for their conquests and
piety. .

Statement c is correct: The Mehrauli inscription suggests
that Chandragupta fought against a confederacy of
enemies in Bengak and also led a campaign into the Punjab.
The Mehrauli inscription is an iron pillar erected by
Chandragupta II, also known as Vikramaditya, in Delhi. It
records his military victories over various enemies, including
a confederation of kings in Bengal and some rulers in Punjab,"
