q_no,q_statement,a,b,c,d,exam,year,correct_option,explanation
1,Who among the following rulers of Vijayanagara Empire constructed a large dam across Tungabhadra River and a canal-cum-aqueduct several kilometres long from the river to the capital city?,Devaraya I,Mallikarjuna,Vira Vijaya,Virupaksha,UPSC CSE Pre,2023,,
2,Who among the following rulers of medieval Gujarat surrendered Diu to Portuguese?,Ahmad Shah,Mahmud Begarha,Bahadur Shah,Muhammad Shah,UPSC CSE Pre,2023,,
3,“Yogavasistha” was translated into Persian by Nizamuddin Panipati during the reign of:,Akbar,Humayun,Shajahan,Aurangzeb,UPSC CSE Pre,2022,,
4,"According to Portuguese writer Nuniz, the women in Vijayanagara Empire were expert in which of the following areas?

1. Wrestling
2. Astrology
3. Accounting
4. Soothsaying

Select the correct answer using the code given below:","1,2 and 3 only","1,3 and 4 only",2 and 4 only,"1,2,3 and 4",UPSC CSE Pre,2021,,
5,"With reference to medieval India, which one of the following is the correct sequence in ascending order in terms of size?",Paragana-Sarkar—Suba,Sarkar-Paragana—Suba,Suba-Sarkar-Paragana,Paragana~Suba-Sarkar,UPSC CSE Pre,2021,,
6,"With reference to Indian history, which of the following statements is/are correct?

1. The Nizamat of Arcot emerged out of Hyderabad State.
2. The Mysore Kingdom emerged out of Vijayanagara Empire.
3. Rohilkhand Kingdom was formed out of the territories occupied by Ahmad Shah Durrani.

Select the correct answer using the code given below:",1 and 2,2 only,2 and 3,3 only,UPSC CSE Pre,2021,,
7,"With reference to the history of India, consider the following pairs:

1. Aurang In-charge of treasury of the State
2. Banian Indian agent of the East India Company
3. Mirasidar Designated revenue payer to the State

Which of the pairs given above is/are correctly matched?",1 and 2 only,2 and 3 only,3 only,"1,2 and 3",UPSC CSE Pre.,2020,,
8,"With reference to Mian Tansen, which one of the following statements is not correct?",Tansen was the title given to him by Emperor Akbar.,Tansen composed Dhrupads on Hindu gods and goddesses.,‘Tansen composed songs on his patrons.,Tansen invented many Ragas.,UPSC CSE Pre.,2019,,
9,"With reference to Mughal India, what is/are the difference/differences between Jagirdar and Zamindar? 
1. Jagirdars were holders of land assignments in lieu of judicial and police duties, whereas Zamindars were holders of revenue rights without obligation to perform any duty other than revenue collection.

2. Land assignments to Jagirdars were hereditary and revenue rights of Zamindars were not hereditary.

Select the correct answer using the code given below.",1 only,2 only,Both 1 and 2,Neither 1 nor 2,UPSC CSE Pre.,2019,,
10,Who among the following Mughal Emperors Shifted emphasis from illustrated manuscripts to album and individual portrait?,Humayun,Akbar,Jahangir,Shah Jahan,UPSC CSE Pre.,2019,,
11,"Regarding the taxation system of Krishna Deva, the ruler of Vijayanagar, consider the following statements:
1. The tax rate on land was fixed depending on the quality of the land.
2. Private owners of workshops paid an industries tax.
Which of the statements given above is/are correct?",1 only,2 only,Both 1 and 2,Neither 1 nor 2,UPSC CSE Pre.,2016,,
12,Banjaras during the medieval peried of Indian history were generally,agriculturists,warriors,weavers,traders,UPSC CSE Pre.,2016,,
13,"With reference to the economic history of medieval India, the term ‘Araghatta’ refers to",bonded labour,land grants made to military officers,waterwheel used in the irrigation of land,waste land converted to cultivated land,UPSC CSE Pre.,2016,,
14,"Consider the following pairs: 
Medival Indian State/Present Region
1. Champaka/Central India
2. Durgara/Jammu
3.Kuluta/Malabar
Which of the above pairs is / are correctly matched?",l and 2 only,2 only,1 and 3 only,3 only,UPSC CSE Pre.,2015,,
15,Who of the following founded a new city on the south bank of a tributary to river Krishna and underivok to ruie his new kingdom as the agent of a deity to whom all the land south of the river Krishna was supposed to belong?,Amoghavarsha I,Ballala II,Harihara I,Prataparudra II,UPSC CSE Pre.,2015,,
16,"Consider the following:

The arrival of Babur into India led to the
1. Introduction of gunpowder in the subcontinent
2. Introduction of the arch and dome in the region’s architecture
3. Establishment of Timurid dynasty in the region
Select the correct answer using the code given below:",1 and 2 only,3 only,1 and 3 only,"1,2 and 3",UPSC CSE Pre.,2015,,
17,Ibadat Khana at Fatehpur Sikri was,The mosque for the use of Royal Family,Akbar’s private chamber prayer,The hall in which Akbar held discussions with scholars of various religions.,The room in which the nobles belonging to different religions gathered to discuss religious affairs.,UPSC CSE Pre.,2014,,
18,What was the immediate reason for Ahmad Shah Abdali to invade India and fight the Third Battle of Panipat?,He wanted to avenge the expulsion of his Viceroy Timur Shah from Lahore by Marathas,The frustrated Governor of Jalandhar Adina Beg Khan invited him to invade Punjab,"He wanted to punish Mughal administration for non-payment of the revenues of the Chahar Mahal (Gujarat,Aurangabad, Sialkot, and Pasrur)",He wanted to annex all the fertile plains of Punjab up to the borders of Delhi to his kingdom,UPSC CSE Pre,2010,,
19,When Raja Wodeyar founded the Kingdom of Mysore who was the ruler of the Vijayanagara Empire?,Sadasiva,Tirumala,Ranga-II,Venkata-II,UPSC CSE Pre,2006,,
20,How did the dynasty of Nizam Shahi of Ahmadnagar come to an end?,Ahmadnagar was annexed to Mughal empire and Hussain Shah was consigned to life imprisonment,Mughal troops destroyed Daulatabad fort and killed Nizam-ul-Mulk of Ahmadnagar,Fateh Khan usurped the throne from Nizam-ul-Mulk,Malik Ambar was defeated in a battle with Mughals in 1631 and the entire royal family was killed by the Mughal troops,UPSC CSE Pre,2004,,
21,"Consider the following Statements:

1. Narasimha Saluva ended the Sangama dynasty and seized the throne for himself and started the Saluva dynasty
2. Vira Narasimha deposed the last Saluva ruler and seized the throne for himself
3. Vira Narasimha was succeeded by his younger brother, Krishnadeva Raya
4. Krishnadeva Raya was succeeded by his half-brother, Achyuta Raya

Which of the statements given above are correct?","1,2 and 3","2,3 and 4",1 and 4,"1,2, 3 and 4",UPSC CSE Pre,2004,,
22,How did the Mughal Emperor Jahandar Shah’s reign come to an early end?,He was deposed by his Wazir,He died due to slip while climbing down steps,He was defeated by his nephew in a battle,He died of sickness due to too much consumption of wine.,UPSC CSE Pre,2003,,
23,"Alam Khan, one of those who invited Babur to invade India was:",An uncle of Ibrahim Lodi and a pretender to the throne of Delhi,A cousin of Ibrahim Lodi who was ill-treated and expelled from the country,‘The father of Dilawar Khan to whom cruel treatment was meted out by Ibrahim Lodi,A high official in Punjab province who was very much discontented with Ibrahim Lodi’s treatment to his tribe,UPSC CSE Pre,2003,,
24,The battle of Dharmat was fought between:,Muhammad Ghori and Jai Chand,Babur and Afghans,Aurangzeb and Dara Shukoh,Ahmad Shah Durrani and the Marathas,UPSC CSF Pre,2003,,
25,The motive behind Shah Jahan’s Ballkh campaign was to:,Secure a friendly ruler in Balkh and Badakshan which bordered Kabul,"Conquer Samarqand and Ferghana, the Mughal homelands",Fix the Mughal frontier on the ‘scientific line’ the Amu Daria,Expand the Mughal Empire beyond the sub-continent,UPSC CSE Pre,2002,,
26,Which among the following ports was called Babul Mecca (Gate of Mecca) during the Mughal Period?,Calicut,Bharuch,Cambay,Surat,UPSC CSE Pre,2001,,
27,Which one of the following Muslim rulers was hailed as the ‘Jagadgurw’ by his Muslim subject because of his belief in secularism?,Hussain Shah,Zain-ul-Abidin,Ibrahim Adil Shah,Mahmud I,UPSC CSE Pre,2000,,
28,Who among the following streamlined the Maratha administration after Shambhaji?,Rajaram,Balaji Viswanath,Ganga Bai,Nanaji Deshmukh,UPSC CSE Pre,2000,,
29,"Match list-I with list-II and select the correct answer using the codes given below the lists: 
List-I          List-II
A.Iqtas         1.Marathas
B.Jagir         2.Delhi Sulnate
C.Amaran        3.Mughals
D.Mokasa        4.Vijayanagar
Code:
A B C D",3 2 1 4,2 3 4 1,2 3 1 4,3 2 4 1,UPSC CSE Pre,2000,,
30,"Consider the following statements:
Assertion (A): During the time of Akbar, for every ten cavalrymen, the mansabdars had to maintain twenty horses.
Reason (R): Horses had to be rested while on March and replacements were necessary in times of way.
Code:","Both (A) and (R) are true, and (R) is the correct explanation of (A).","Both (A) and (R) are true, but (R) is not a correct explanation of (A).","(A) is true, but (R) is false.","(A) is false, but (R) is true.",UPSC CSE Pre,1999,a,"Exp) Option a is the correct answer.

Both (A) and (R) are true, and (i) is the correct explanation
of (A).

Mansabdars had to maintain a certain number of horses,
elephants, camels, mules, and carts according to their rank.
The ratio of horses to cavalrymen was 2:1, which means that
for every ten cavalrymen, the Mansabdars bad to maintain
twenty horses. ‘The reason for this was that horses had to be
rested while on march and replacements were necessary in
times of war,"
31,"Consider the following statements:
Al.adis were those troopers who:
1. offered their services singly
2. did not attach themselves to any chief
3. had the emperor as their immediate
coloncl
4. attached themselves to Mirzas
Which of these statements is/are correct?","1, 3 and 4 are correct","1,2 and 3 are correct",2 and 3 are correct,1 and 4 are correct,UPSC CSE Pre,1998,b,"Exp) Option b is the correct answer,

Statement 1 is correct: Ahadis were troopers who offered
their services individually, rather than being part of a larger
group or organization.

Statement 2 is correct: Ahadis did not align themselves with
any specific chief or leader. They operated independently.
Statement 3 is correct: Ahadis directly served the emperor
and had the ruler as their immeciate commanding officer.
Statement 4 is incorrect: Ahadis did not attach themselves
to Mirzas. They were not affiliated with specific nobles or
Mirzas.

Important Tips

e Ahadis, the emperor's personal household troops, wer

directly enlisted by the Mughal ruler, often from hi
| own kin and tribal members.
_s With their distinct payroll and paymaster, they receives
| higher wages than regular horsemen.

e These elite soldiers, also engaged in administrativ
roles within the palace, epitomized the concept o
gentlemen soldiers."
32,The loss of Qandahar was a big blow to the Mughal empire from the viewpoint of;,Natural resources,Buffer territory,Communication,Strategic stronghold,UPSC CSE Pre,1998,d,"Exp) Option d is the correct answer.

Qandahar was a strategic stronghold for the Mughal Empiz
Tt was located on the trade route between India and Centr
Asia. It was also a gateway to the Indian subcontinent fro
the west. ‘The loss of Qandahar to the Safavid Empire in 16:
was a major blow to the Mughal Empire. In 1638, Shah Jaha
reclaimed Qandahar from the Iranians; nowever, despi
three campaigns, he lost it once again in 1649. It weakene
the Mughal position in Central Asia and made it mo.
difficult to control the trade routes. It also made it easier fe
the Safavids to launch invasions of the Mughal Empire."
33,The member of Shivaji’s Ashtapradhan who looked after foreign affairs was:,Peshwa,Sachiv,Pandit Rao,Sumant,UPSC CSE Pre,1998,d,"Exp) Option d is the correct answer.

Sumant looked after foreign affairs during Shivaj
administration. He was the member of Ashtapradhan. F
discussed questions of war and peace with the king ar
advised him on matters relating to foreign affairs. His du
was lo keep himself in touch with other states."
34,"In the given map, the shaded part represents Akbar’s empire at a certain juncture, 'A'stands for an independent state and ‘B’ marks the site of city. Which one of the following alternative gives all correct information? 
****MAP****","Akbar in 1557 : Golconda, Lahore","Akbar in 1557: Khandesh, Multan","Akbar in 1605 : Gondwana, Multan","Akbar in 1605 : Gondwana, Lahore",UPSC CSE Pre,1998,d,"Exp) Option d is the correct answer.

The shaded part represents Akbar’s territory at the time «
his death iu 1605, A stand for Gondwana an independe)
country while B marks the city of Lahore.

The map shows the extent of Akbar’s empire at the time |
his death in 1605. Akbar was the third and most powerf
Mughal emperor, who ruled over most of northern an
central India, as well as parts of Afghanistan and Baluchista
He was known for his military conquests, administratiy
reforms, religious tolerance, and cultural patronage

The shaded part in the map represents the territory that w:
directly under Akbar’s control. The unshaded part was eith
independent or allied with the Mughals. Region A stands fc
Gondwana, which was a region in central India inhabit
by the Gond people. ‘hey resisted the Mughal expansic
and maintained their independence under their own ruler
Region B marks the site of Lahore, which was a city |
southern Punjab, Pakistan. It was an important cultural an
religious centre, and the site of several Sufi shrines."
35,The head of the military department under the recognized central machinery of administration during Akbar’s reign was:,Diwan,Mir Bakshi,Mir Saman,Bakshi,UPSC CSE Pre,1997,b,"Exp) Option b is the correct answer.

Mir Bakshi was the head of the military department und.
the recognised central machinery of administration durin

Akbar’s reign. He was appointed from among the leading

nobles of the court, and was responsible for recruiting,

paying, and supervising the army. He also acted as the chief
of intelligence and reported directly to the emperor."
36,The medievai Indian writers who refers to the discovery of America is:,Malik Muhammad Jaisi,Amir Khusrau,Raskhan,Abul Fazl,UPSC CSE Pre,1997,d,"Exp) Option d is the correct answer.

Abul Faz] was a Persian historian and one of the most
important writers in the history of the Mughal period in
| India. He lived in the 16th century and served as the Grand

vizier of the Mughal emperor Akbar. Abul Fazl was a curious

and learned scholar, who had a keen interest in various
cultures and religions. He was aware of the discovery
>, of America by Christopher Columbus in 1492, and he
1] mentioned it in his book, Ain-i-Akbari.
; Important Tips
a ,2 Abul Fazl was a Persian historian and one of the most
e important writers in the history of the Mughal period
j in India.
C
€ ° He lived in the 16th century and served as the grand |
¢ vizier of the Mughal emperor Akbar.
* He wrote the Akbarnama, the official history of Akbar’s
reign in three volumes, and a Persian translation of the
Bible.
¢ He was also one of the Nine Jewels (Hindi: Navaratnas)
s of Akbar’s royal court and the brother of Faizi, the poet
€ laureate of Emperor Akbar"
37,The ‘Modi script’ was employed in the documents of the:,Wodeyars,Zamorins,Hoysalas,Marathas,UPSC CSE Pre,1995,d,"Exp) Option dis the correct answer.

Modi was a script used to write Marathi. All administrative

paperwork of the Peshwas was carried out in the Modi

script. It was mainly used in maintaining the revenue and
f administrative records. Modi script is also known as Mudiya.
Today, Marathi is written only in Devanagri."
38,The Mansabdari System introduced by Akbar was borrowed from the system followed in-,Afghanistan,Turkey,Mongolia,Persia,UPSC CSE Pre,1994,c,"7 Exp) Option c is the correct answer.
d The Mansabdari system was a system of ranking and
. salary for the military and civil officers of the Mughal
e administration, It was introduced by Akbar in 1571 as a
reform of the jagirdari system.
$ The Mansabdari system was not an original invention of
r Akbar, but it was influenced by the Central Asian institution
r of the same name. The werd mansab is of Arabic origin
d meaning rank or position. The system originated from the
1 Mongol ruler Chinggis Khan, who organized his army on
a decimal basis. The lowest unit of his army was ten, and the
a highest ten thousand (toman) whose commander was known
| as ‘Khan’."
39,Which one of the following is a monument constructed by Shershah?,Qila-i-Kuhna at Delhi,Atala Masjid at Jaunpur,Bara Sona Masjid at Gaur,Quwwat-ul-Islam Mosque at Delhi,UPSC CSE Pre,1993,a,"Exp) Option a is the correct answer.

Qila-i-Kuhna Masjid, also known as the “Mosque of the
r Old Fort,” was constructed by Sher Shah Suri in 1541 as a
y congregational mosque. It stands as a remarkable structure

etongside Sher Mandal as the only two surviving remuants
of Delhi's Puraoa Qile, # project Initiated by Sher Shah
bue ultimatcly completed ducing Humayuo’s reigo.. The
mosque boasts a 5 bay structure with 3 domes, showcasing
architectural influences from the earlier periods of Sher Shah
Surl, as well as the Sayyids and the Lodle under Humayun’s
direction, : tee we
. Important Tips . .
In 1408 A.D., Ibrahins Shah Sharki constructed the Atala
Masjid, which latee became the model for other mosques
in Jaunpur. Coe, 0
The Batadarwazt or Bara Sone Masjid, renowned as the
large golden mosque, was built by Sultan Nusrat Shah in | °
1526 and remains the largest stending dullding In Gaur. -
As for the Quewat-wl-Islam Mosque, it was sponsored by
Quib-sd-din Aibak, the founder of the Mamluk dyassty,
and stands as the earlicst extant mosque bullt by the Deiht
Sukant. - pos to"
40,"Given below are two statements, one is labeled Assertion and other is labelled as Reason (R).
Assertion (A): Babur wrote his memoirs in Turki.
Reason (R): Turki was the official language of the Mughal Court.
In the context of the above two statements which one of the following is correct?","Both (A) and (R) are true, and (R) is the correct explanation of (A).","Both (A) and (R) are true, but (R) is not a correct explanation of (A).","(A) is true, but (R) is false.","(A) is false, but (R) is true.",UPSC CSE Pre,1993,c,"Exp) Option cle the correct answer, an
Tuzuk-l-Baburt {also called as. Baburnama) .|s. the
autobiography of Zahicuddin Muhammad Babur. Turki was
his mother tongue. He wrote bis memoirs, Tazuk-t-Babori
Jo Turki language. K provides a vivid account of Indie. He
frankly confesses his own failures without suppressing any
facts. He was also o naturalist and described the flora and
fauna of India, Whereas the official language of Mughals was
Perstan (not Turkish). Turki was bls mother tongue. Hence,
(A) is correct and (R) Is incorrect. .
Ee 4; Other vy Bzamination Previous SNears’
Sued Questions S277 ee EEG"
41,"Which Mughal ruler patronaged Kavindra Acharya Saraswati of Banaras, a great scholar of Sanskrit and Hindi?",Jahangir,Humayun,Shahjahan,Akbar,UPPCS (Pre),2022,c,"Exp) Optloa c is the correct answer,
‘The Mughal ruler who patronized Kevindee Acharya
Saraswati of Banaras, e great scholar of Semskeit and Hindi,
wat Shah Jahan. Kavindes Acharya Saraswati was @ 17th-
century Sanskeit scholar and poet who was born in Banaras,
He was given the title of Kavindrecharya by the emperor.
Kavindra Acherya Seraswatt was a prolific weiter end wrote
several books on Sauskeit grammar, philosophy, and poetry.
He was also 9 skilled musician and composed several songs
bn Sanskrit. oe ee
, Importent Tips. me
Apart from Kavindra Acharya, Pandit Jagatnath also
received royal patconage fromm the Shab Jehan. Pandit
Jagannath composed Ras Gangadhar and Ganga Lobirl.
In the cra of Sheb Jahan, historical works such as
Padshohnama, Turkish-1-Shah Jabanl, and Shah Jahan
Namah were crafted. . :"
42,From which place Jayata and Kumpa were associated who impressed Shershah with their valour?,Malwa,Mewar,Bundelkhand,Marwar,UPPCS (Pre),2022,d,"Exp) Optlond Isthecorcectanswer, 2,

_ Jeyata and Kempa were brave Rafput Generals in Indian
history. Iu the Battle of Sammel In 1544, they fearlessly
fought against an Afghan army of 80,000 with just $,000
soldiers, without help from thelr king, Maldeo Rathore. The
battle was known for its “Do o¢ De” spirit, fought not jest
for conquest but for the people. Impressed by thelr courage,
Sher Shah Surt praised them, saying, “I had given away the
country of Delhi for e handful of millets,” as he tricked
Maldeo into leaving hit commanders behind, This thowed
the Rajputs’ unylelding spirit ageinst overwhelming odds,"
43,"Consider the following events of the reign of Aurangzeb and arrange them in chronological order:

1. Battle of Deorai
2. Defeat of Shuja near Banaras
3. Battle of Samugarh
4. Victory at Dharmat

Select the correct answer from the code given below.","1,3,4 and 2","4,2,1 and 3","2,4,3 and 1","3,4,2 and 1",UPPCS (Pre),2022,c,"Exp) Option c isthe correct answer -

The correct chronological ordee of the events iss. -
2, Defeat of Shuja near Banaras (24 Feb 1658)
4. Victory at Dharmat (15 April 1658) © > : .
3. Battle of Semugach (29 May 1658) .
1. Battle of Deoral (12-14 Apeil 1659) :
. Important Tipe :
Defeat of Sbufa near Banaras (24th Feb 1658); The Battle
of Bsbadurpar, taking place on February 24, 1658, was &
crucial event in the Mughal War of Succession following
Shah jahdu's iliness. His sons, including Dare Shikoh,
Shah Shuja, Aurangzeb, and Murid Bakhsh, contended for
power. Shab Shaja, then governing Bengal, was defeated
at Bahaducpur near Benarcs by Diri’s son Sclaymic
Shikob, Aurangzed later captured and executed Sulayman,
solidifying his rise to power, Aurangzeb further defeated
Dicé, Murad, and Sheb Shuja, securing his owa rule.
Victory at Dharmat (15th April 1658); This was another
major victory for Aurangzeb In the Mughal succession
straggte. Aurangreb's forces defeated Dara Shikoh’s forces
at Dhasmoat, ond Dasa Sbikoh was fosced to flee. This
victory paved the way for Aurangred to become emperor.
Battle of Semugech (29th May, 1658): It marked &
pivotal moment in the Mughal war of succession. It saw
Dara Shikoh retreating towards Samugath after losing
to Aurangzeb at Dharmat. Aurangreb’s force, marching
extensively, flanked Dara's fortified position slong the
Chambal River, leading to a decisive confrontation during
India’s warm season, . .
Battle of Deoral (April 12-14, 1659): 1 sealed
Aucangzeb’s supremacy as Mughal emperor. Fought against
brother Dard Shikoh, Aurangzeb emerged victorious In
northeastern India. Dard, expecting support from Jaswant
Singh of Marwar, was abandoned and defeated after three
days, leading to his capture and eventual execution."
44,"Given below are two statements, one is labelled as Assertion and other as Reason(R):

Assertion (A): The Mughal Empire was originally a Military State.
Reason (R): The vitality of the development of the Central Government System depended on its military power.

Select the correct answer using the the codes given below:","Both (A) and (R) are true, and (R) is the correct explanation of (A).","Both (A) and (R) are true, but (R) is not a correct explanation of (A).","(A) is true, but (R) is false.","(A) is false, but (R) is true.",U.P.P.C.S. (Pre.),2021,a,"Exp) Option a is the correct answer. . .
(Assertion - A) ls teue: The Mughal Empize was indeed
inltially established as a nflitary state. Its foundation was
laid by Babu, a skilled military commander, who used his
milltary prowess to conquer territorics and establish his cule
in the Indian subcontinent, . . .

(Reason ~ R is true and correct explanation of Assertion
- A): The growth and stability of the Mughal central
government were heavily reliant on its military power. The
empire’s expansion and maintenance depended on a strong
and capable military force. This military strength not only
secured territories but also enforced imperial authority,
maintained law and order, and sustained revenue collection,
all crucial aspects of effective governance. The central
government's ability to control its vast and diverse territories
hinged upon its military capabilities."
45,"Arrange the following foreign travellers in chronological order of their arrival in India:

I. William Hawkins
II. Ralph Fitch
III. Sir Thomas Roe
IV. Nicholsa Dawnton

Select the correct answer using the codes given below.","II,I,IV and III","IV,II,I and III","I,III,II and IV","III,II,IV and I",U.P.P.C.S. (Pre.),2021,a,"Exp) Option a is the correct answer.
Ralph Fitch (11) - He arrived in India in 1583. Ralph Fitch, a
distinguished merchant hailing from London, stands among
the pioneering British explorers and traders who ventured to
Mesopotamia, the Persian Gulf, the Indian Ocean, as well
as regions of South Asia and Southeast Asia. He came to
India during the reign of Akbar.
William Hawkins (J) - He arrived in India in 1608. He was
the first ambassador of the East India Company to the
Mughal Empire. He came during the reign of Jahangir.
Nicholsa Downton (IV) - He was an English admiral who
visited India in 1612. He was sent by the East India Company
to negotiate a trade treaty with the Mughal Empire. He came
to India during the reign of Jahangir.
Sir Thomas Roe (III) - He arrived in India in 1615. He was
the second ambassador of the East India Company to the
Mughal Empire. He was instrumental in negotiating a trade
treaty with the Mughal Empire, which allowed the East India
Company to establish a permanent trading presence in India.
He came to India during the reign of Jahangir."
46,"Which of the following Mughal period canals, was constructed by restoring the Rajabwah of Firoz Shah?",Shekhnu-Ni,Shahab Nahr,Nahr-i-Bihisht,Nahr-i-Agra,UPPCS (Pre),2020,b,"Exp) Option b is the correct answer.
Shahab Nahr was constructed by restoring the Rajabwah
of Firoz Shah. The canal carried water from the Yamuna
River and extended from the river Satluj to Jhajjar. It was
part of a network of canals that served to bring water to
various regions during the Mughal period.
Important Tips |
Firoz Shah Tughlaq (1351 AD-1388 AD):
Firoz Shah Tughlaq undertook the restoration of canals |
and introduced the Haque-i-Sharb or Hasil-i-Sharb, a
_ Water tax system. ‘
He is considered the “father of the irrigation system in
India” for his efforts in channelizing rivers and providing
water through canals to various regions of the country.
His reign witnessed the segregation of Jizya as a distinct
tax, alongside other taxes like Kharaj, Zakat, and Khams, |
all based on Quranic principles. :
Firoz Shah’s contributions extended to social welfare with |
the establishment of a hospital in Delhi, earning him the
title Darul-Shifa.
Notably, he authored the Tarikh-i-Feroshahi and
' Fatwa-i-Jahangiri, reflecting his interests in historical
documentation and legal matters. |"
47,"Match list-I with list-II and select the correct answer using the codes given below the lists:
List-I(Officer)      List-II(Assign Duty)
A.Diwan i Tan         (1)Look after the office
B.Mustarfi            (2)Maintained a proper list of main events and Firmans
C.Mushrif             (3)Look after the Jagir and salaries
D.Vakianvis           (4)Examine the income expenditure of State
Code: 
A B C D",2 4 1 3,3 4 1 2,1 3 2 4,4 1 2 3,UPPCS (Pre),2020,b,"Exp) Option b is the correct answer.
The match between List I and List His as follows:
A. Diwan-i-‘Tan - 3 (Look after the Jagir and Salaries)
B. Mustavfi - 4 (Examine the income expenditure of State)
C. Mushrif - 1 (Look after the office)
D. Vakianvis - 2 (Maintained a proper list of main events
and firmans)
Important Tips |
¢ Diwan-i-Tan: The Diwan-i-Tan was responsible
for overseeing jagirs (land grants) and disbursing
salaries. Diwan-i-Tan was also the custodian of
| the wages and carers. It managed financial matters,
ensuring proper distribution of wages and benefits,
contributing to stability of Mughal administration.
° Mustavfi: The Mustavfi played a pivotal role in Mughal
| administration by scrutinizing state finances. As the
chief auditor, they meticulously assessed income
and expenditure, ensuring financial transparency
and accountability within the empire’s financial
management system.
¢ Mushrif: The Mushrif held the position of
| chief accountant in the Mughal Administration.
Responsible for managing financial records, they
oversaw the office’s functioning, ensuring accurate
bookkeeping and effective organization of financial
matters.
« Vakianvis: The Vakianvis held the role of a news
| writer in Mughal times. They maintained records
of significant events and firmans, informing the
central authority about state news, contributing to
effective communication and governance across the
empire."
48,"Which of the following statement/s is/are correct?

1. Akbar tried to fix the age of marriage for boys and girls.
2. Akbar gave freedom to girls to marry at their own will and not under parental pressure.

Select the correct answer using the codes given below.

Codes:",Only 1,Only 2,Both 1 and 2,Neither 1 nor 2,U.P.P.C.S. (Pre),2020,c,"Exp) Option c is the correct answer.
Statement 1 is correct: Akbar tried to fix the age of
marriage for boys and girls, as part of his social reforms.
He most probably raised the minimum age for marriage to 14
for girls and 16 for boys. He also prohibited child marriage
and encouraged widow remarriage
Statement 2 is correct: Akbar granted freedom to girls to
marry at their own will and not under parental pressure,
giving them more autonomy in marriage decisions. These
reforms were part of Akbar’s efforts to bring about social
harmony and improve the status of women in his empire."
49,Which of the following is not correcty matched?,Dam     Copper Coin,Desai   Revenue Collector,Diwan   Revenue Chief of a province,Jarib   Type Of Tax,UPPCS (Pre),2019,d,"Exp) Option d is the correct answer
Pair ais correct: A Dam was a small Indian copper coin. The
coin was first introduced by Sher Shah Suri.
Pair b is correct: Desai was a title given to feudal lords,
revenue collectors, and others who were given a village
or group of villages, in North Karnataka, Gujarat, and
Maharashtra.

Pair c is correct: A central finance department, chicf

administrative office, or regional governing body. They

belonged to the elite families in the history of Mughal

and post-Mughal India. They held high posts within the

government,

Pair d is incorrect: Jarib: The Jarib is a traditional unit

of land measurement in the Middle East and southwestern

Asia. It is a unit of area used to measure land holdings. In

India, Sher Shah started the application of ‘Jarib’ for land

measurement."
50,"Given below are two statements, one labelled as Assertion and the other as Reason (R):
Asserstion (A): Akbar, like Shershah, tried to regulate the currency of the state.
Reason (R): As in Shershah’s currency, the chief copper coin of Akbar’s time was the Dam.

Select the correct answer from the codes given below:","Both (A) and (R) are true, and (R) is the correct explanation of (A).","Both (A) and (R) are true, but (R) is not a correct explanation of (A).","(A) is true, but (R) is false.","(A) is false, but (R) is true.",U.P.P.C.S. (Pre),2019,c,"Exp) Option c is the correct answer.

Assertion (A) is true: During Akbar’s reign, he made

substantial efforts to regulate the currency of the Mughial

Empire, drawing inspiration from Shershah’s currency

reforms. Akbar’s currency reforms centralized and

standardized the minting process through Khwaja Abdus

Samad Shirazi’s appointment. Provincial mints were

reorganized for uniformity. Diverse gold, silver, and copper

coins were issued, noted for purity and inscriptions. Akbar’s

commitment to quality, resisting debasement, left a lasting

impact, ensuring stability and trust in Mughal currency.

Reason (R) is false: The chief copper coin of Akbar’s time

was not the Dam, but rather the fanka or Neem ‘lanka

Akbar Shahi. The Akbar dam was introduced later and was

associated with his system of weights. Akbar’s copper coins

featured his name, Hahi years, and month of issue."
51,"Arrange the following battles in chronological order and select the correct answer from the codes given below:
I. Battle of Sarnal
II. Battle of Bilgram
Ill. Battle of Dharmat
IV. Battle of Jajau
Codes:","II, I, III, IV","II, III, IV, I","III, II, I, IV","III, I, II, IV",U.P.P.C.S. (Pre),2019,a,"Exp) Option a is the correct answer

The carrect chronological order of the battles is:

Il. Battie of Bilgram (1540)

I. Battle of Sarna] (1572)

III. Battle of Dharmat (1658)

1V, Battle of Jajau (1707)

| Important Tips |
Battle of Bilgram (1540): This battle was fought between |
Humayun and Sher Shah Suri at Kannauj on 17 may 1540. |
Sher Shah Suri defeated Humayun and captured Delhi, |

| ending the first reign of the Mughal Empire. |
Battle of Sarnal (1372): Akbar’s forces defeated [brahim |
Mirza and Gujarati nobles, securing Mughal control. |
Ibrahim fied, and Akbar pursued to Surat. |
Battle of Dharmat (1658): This battle was fought between |
Aurangzeb, the third Mughal emperor, and Dara Shikoh, |

j his eldest brother. Aurangzeb won the battle and Dara

| Shikoh was captured. This battle was a major turning |
point in the Mughal succession struggle, as it paved the |

| way for Aurangzcb to become emperor,
Batile of Jajau (1707): Mughal princes Bahadur Shah |
I and Muhammad Azam Shah clashed, resulting from
Aurangzeb’s ambiguous succession will. Azam Shah’s
defeat led to Bahadur Shah I’s coronation. |"
52,The term ‘Chakla’ has been used in Medieval Indian History sources. This was-,Identical to Paragnah,Identical to Sarkar,"Territorial unit between Subah and Paragnah, but not identical to Sarkar",None of the above,U.P.P.C.S. (Pre),2018,c,"Exp) Option c is the correct answer.
In medieval India, a “Chakla” denoted a territorial sub- |
division smaller than a sarkar but larger than a parganah. |
Led by 2 chakladaar, it collected revenue from its parganahs ,
and upheld Jaw and order. A sarkar could encompass several
chaklas. This administrative unit was pivotal for revenue ,
collection and governance in the Mughal Empire."
53,"Arrange the following into chronological order and select the correct answer from the codes given below:
A. Muhammand Shah
B. Jahandar Shah
C. Alamgir Il
D. Ahmadshah
Codes:","A,C,D,B","B,A,D,C","C,A,B,D","D,B,C,A",U.P.P.C.S. (Pre),2018,b,"Exp) Option b is the correct answer.
Correct chronological order is: Jabandar Shah -
Muhammand Shah - Ahmad Shah - Alaragir II
Important Tips |
Jahandar Shah (17122-1713): Bahadur Shah was |
succeeded by his son Jahandar Shah. He was attacked and |
_ Killed by his nephew and son-in-law Farrukhsiyar. Hc had |
! three sons, one of which being Aziz-ud-Din, the Mughal |
| emperor from 1754 to 1759. He abolished jizya tax. |
| Muhammad Shah Rangile (1719-1748): After Rafi ud-
| Darajat, Muhammad Shah sat on the Mughal throne. |
‘ During his rule, Nadie Shah attacked and plundered
Delhi. He also took the Peacock Throne with himself. |
With the aid of Nizam-ui-Mulk and his father’s cousin
Muhammad Amin Khan, he was able to drive the Saiyyad
brothers from their position in around 1720. |
| Ahmad Shah (1748-54): He was the son of Kudsiya Begum |
, and Muhammad Shah Rangeela. Ahmad Shah Abdali |
lo.
frequently assaulted Delhi, and as a result, Multan and |
Punjab were given to him. Both Malwa and Bundelkhand
were taken by the Marathas. His wazir, Imad-ul-Mulk, |
| blinded him and put him in Salimgarh. :
H 1
Alamgir 3(1754-59): He was Imad-ul-Mulk’s choice to j
succeed Ahmad Shah as king and was the second son of |
Jahandar Shah. Ahmad Shah Abdali’s repeated invasions
had to be endured. During his reign, the renowned Battle
of Plassey (23 June, about 1757 Ci) was fought. The
' British East India Company was able to take control of |
| Bengal after the battle at Plassey. Imad-ul-Mulk, bis waziy, |
| killed him. ]"
54,The Maratha claim of revenue for protection is known by what name?,Sardesh Mukhi,Chauth,Abwab,Jamadani,U.P.P.C.S. (Pre),2018,b,"Exp) Option b is the correct answer,
Shivaji collected two taxes, Chauth and Sardeshmukhi, from
the adjoining territories of his empire, the Mughal provinces
and the territories of the Sultan of Bijapur. Chauth means
basically 1/4th ic 25% of gross revenuc or produce to be paid
to jagirdars of Maratha erapire from hostile ox alien state.
The Maratha claim Chaath revenue for protection of these
areas,
| fhmportant Tips |
| Sardeshmukhi means claim to i/i0th of standard land |
| revenue imposed on the entire population of the villages
or towns, Chhatrapati Shivaji’s claim of sardeshmukhi was |
linked to his claim as the ruler possessing superior rights |
over all the Deshmukhs of the area. |"
55,Which of the following systems were prevailing basis of land revenue collection in the Deccan during the reign of Akbar?,Kankut,Number of plows,Zabt,Gallabakshi,UPPCS (Pre),2017,b,"Exp) Option b is the correct answer.
During Akbar’s reign, the prevailing basis of land reven
collection in the Deccan was the Number of Plows. T!
system was a part of Akbar’s broader land revenue reforn
which standardized land measurement, ascertained produ
per Bigha of land, and fixed the state’s share in that produ:
The Akbar’s system, based on Shershah Suri’s model, aimed
ensure fairness and reduce corruption in revenue collectic
It categorized land types like Polaj, Parati, Chachar, a
Banjar, determining state shares accordingly. The syste
known as the Dahsala or Zabti System, became a standa
revenue assessment method in the Mughal Empi
including the Deccan.
| Important Tips
Akbar’s efforts to ascertain the produce per Bigha involve
categorizing land into four types:
Polaj: This was the most fertile and productive lanc¢
| consistently under cultivation and never left fallow.
| Parati or Parauti: Land in this category was temporaril
! taken out of cultivation to restore its fertility.
; Chachar: This type of land was allowed to lie fallow for
period of three to four years before being cultivated again
| Banjar: The least productive category, Banjar lan
| remained uncultivated for five years or more.
| These categorizations helped Akbar determine th
! appropriate state share of the produce, promoting effectiv
| revenue collection and land management."
56,Who among the following foreign travellers visited India during the reign of Jahangir?,Father Anthony Monserate,Francisco Pelsaert,Niccolo Manucci,Francois Bernier,U.P.P.C.S. (Pre),2017,b,"Exp) Option b is the correct answer.
Hailing from Antwerp, Francisco Pelsaert became
member of the Dutch East India Company and set sail §
India in 1618 during the rule of Jahangir. Upon his arriv
he assumed the role of a junior merchant and spent sev
years in Agra, during which he ascended to the position
a senior merchant. He wrote a detailed account of the Su
famine of 1630, which is known as The Remonstrantie.
Important Tips
Father Anthony Monserate- Visited during the reign o
Akbar from 1578-1582.
Niccolo Manucci- An Italian traveler who explored Indi:
during the reign of Aurangzeb,
| Francois Bernier- A French doctor who arrived in Indi:
| also during the reign of Aurangzeb.
| Travelers during the reign of Jahangir (Jahangir was th
fourth Mughal emperor, who ruled from 1605 to 1627):
+» Captain Hawkins (England)- 1608
° William Fisch (England)- 1611
> John Jurdan (Portugal)- 1615
« Nicholas Doughton (England)- 1616
« Nicholos Withurgton (England)- 1617

» Thomas Coryat (England)- 1616 |
¢ Sir Thomas Roe (English Ambassador)- 1615 |
‘© |.) Pietra Della Velle (Italy)- 1623
1S
s, [2 Bdward Terry (England) 1616"
57,Which city was founded by Krishnadeva Raya?,Warangal,Nagalapura,Udayagiri,Chandragiri,U.P.P.C.S. (Pre),2016,b,"c.
to Exp) Option b is the correct answer.
n. Krishnadeva Raya established the town of Nagalapura
id near Vijayanagara as a tribute to his mother, Nagla Devi.
n, Nagalapaura was a major center of trade and commerce,
‘d and it was also a center of learning and culture. The city
e, was home to many temples, palaces, and other architectural
wonders. It is a historical Site, and it is a popular tourist
destination.
| Important Tips
Some other facts related to Krishna Deva Raya:
| He constructed numerous temples, tanks, and Gopurams,
| - earning titles like Kannada Rajya Rama Ramana, Mooru |
7 Rayara Ganda, and Andhra Bhoja. :
Under his rule, literature flourished in various languages,
| leading to the golden age of Kannada literature. He
himself was skilled as a scholar, and he penned down
| works such as Madalasa Charita, Satyavadu Parinaya,
Rasamanjari, and Jambavati Kalyana."
58,Who amongst the following got Purana Quila of Delhi built in the present form?,Sher Shah Suri,Akbar,Babur,Shahjahan,"U.P.P.C.S, (Mains)",2016,a,"| Exp) Option a is the correct answer.
_ Purana Quila, one of the ancient forts in Delhi, is credited
to both the Mughal emperor Humayun and the Afghan King
Sher Shah Suri. While Humayun laid its foundation, Sher
Shah Suri continued its construction. The fort features three
a gateways and is encompassed by a broad moat connected
or to the river Yamuna. The northern gateway displays a
Ul, unique blend of Islamic pointed arch and Hindu Chattris,
mn showcasing the diverse architectural influences present in
of the fort’s design.
at"
59,Babur adopted the title of ‘Padshah’ first at-,Ferghana,Kabul,Delhi,Samarqand,U.P.P.C.S. (Mains),2015,b,"4 Exp) Option b is the correct answer.
Babur was the first Timurid ruler who assumed the title of
: Padshah after his conquest of Kabul (1507). He asserted his
superiority over the Chaghtai mughals and other ‘fimurid
| rulers. By assuming the title of Padshah, Babur claimed to be
the rightful heir to the Timurid Empire. ‘he title of Padshah
is a Persian word that means “emperor” or “king”."
60,Who of the following was not a member of Noorjahan’s Junta?,Jahangir,Ghiyas Beg,Asaf Khan,Khurram,U.P.P.C.S. (Mains),2015,a,"| Exp) Option a is the correct answer.
Nur Jahan, a powerful woman in the Mughal Empire,
| formed a group of her family members known as the “Junta”
which included Nur Jahan herself, her father Mirza Ghiyas
Beg, her brother Asaf Khan, and her stepson Khurram. The
Junta wielded significant influence over the Mughal Empire
during the reign of Jahangir, the emperor who was Nur
Jahan’s husband. They managed Jahangir and controlled all
the powers and administration of the empire."
61,Which of the following forts was not constructed in the reign of Akbar?,Red Fort of Delhi-,Agra Fort,Allahabad Fort,Lahore Fort,U.B.P.C.S. (Re. Exam) (Pre),2015,a,"Exp) Option als the correct answer,
The Red Fort of Delhi was built by Akbar’s grandson Shah
Jahan, who shified the capital from Agra to Delhi in 1638,
The Red Fort is a massive fortification that served as the
main residence of the Mughal emperors for nearly 200 years,
Tt ls also a UNESCO World Heritage Site end 9 symbol of
Indie’s heritage.

Important Tips

«© The Agra Fort wae the first fort that Akbar built
In 1565, and it was the seat of power for the Mughal
empire for about 150 years. It is also a UNESCO
World Heritage Site and one of the moat impressive
monumcets In Agra.

© The Allababed Fort was built by Akbar In 1583 at
the confluence of the Ganges and Yamuna rivers. It
was a strategic end religious site, and it also housed a
famous Akshayavate tree, where people would commit
tulcide to achieve salvation.

«© The Lahore Fort was built by Akbar in 1566, and
tt was the lacgest fort built by him. 1 was also the
residence of bis son Jahangir and his wife Nug Jaban,
who were influential rulers of the Mughel empire"
62,Which one of the following pairs is not correctly matched?,First Battle of Panipat : 1526,Battle of Khanwa : 1527,Battle of Ghaghara : 1529,Battle of Chanderi : 1530,U.P.P.C.S. (Re. Exam) (Pre),2015,d,"Exp) Option d Is the correct anawee.
The Battle of Chanderi took place In 1528 CE (not 1530).
This battle was fought between Baber and Medini Ral who
was the Rajput ruicr of Malwa. With this battle the resistance
ecross Rajputana was completely shattered. Whereas. the
Battle of Khanwa was a decisive engagement between the
Mughat forces under Bebur end the Rajput alllance wader
Rana Sanga of Mewar. The battle was fought on 16 March
127, It ended In a decisive victory for the Mughal forces
and would consolidate Babur end his descendants’ rule for
centuries to come,

Importent Tips

The Battle of Ghagbre was fought between Sultan

Mahmed Lodi (Afghan) and Babur in 1529, Mahmud

Lodhi was defeated by Babur in this battle. The Battle of

Ghaghea was the decisive battle for the Mughals in India

as It ked tu the complete control of the Mughals In North

india."
63,Who were Polygars of South India?,Ordinary Zamindars,Mahajans,Territorial Administrative and Military Governors,Newly enriched traders,U.P.P.C.S. (Re-Exam) (Pre),2015,c,"Exp) Option ¢ is the correct answer
Polygars were Influential local chieftains in South India
during the pre-colonial and early colonial era. As territoriet
adroinistrative and military governors, they goveracd
specific regions, controlling reveaue, Jaw, and armed
forces. They supported local Kings or imperial powers
and became semi-autononious after the decline of the
Vijayanagar Eeupice. They ruled regions ander Nayake
sulers of Madura end Thenjavur, governing revenue,
law, aud armed forces. The Beltish East India Company
encountered and subdued them during colouial expansion.

Importent Tips

Polygar Rebellions (1799-1805)

+ Polygars were feudal lords in parts of Southern India,
appointed as military chicfs and governors by the
Vijayanagera Empire.

« They collected taxes from cultivators, but conflicts
arose with the Eant India Company over tex collection
and control.

‘The First Polyger Wer (1799) began in Ticunelvell

district led by Kettabomme Nayak of Panchalankurich!

Palayam, who resisted British suzerainty and taxation for

7 years, Kattabomman was caught, publicly hanged, and

the eebellion was suppressed,

The Second Polygar Wae (1800-1801), slso known as the

South Indian Rebellion, involved « broader coalition of

Potygars from different regions,

«© Marodz Pandian, Dheeran Chinnamala!, Gopala
Nayak, Krishnappa Neyak, Dhoondaji, and Pazhassi
Raja Kerala Varma were part of the confederacy.

British took over direct control of Tamil Nadu through

the Carnatle Treaty of 1801, ending the authority of the

Polygars."
64,The famous diamond ‘Kohinoor’ was presented to Shah Jahan by-,Aurangzeb,Murad,Mir Jumla,Abul Hasan Qutb Shah,U.P.P.C.S. (Mains),2015,c,"Exp) Option ¢ [s the correct answer.
Mir Jame was a gencral in the Mughal army who was sent on
a campaign to the Deccan in the 17th centory. He captured
the Kohinoor diamond from the Sulten of Golconds, Abul
Hasen Qutb Shab. Mir Jumla presented the Kohinoor
diamond to Shah Jahan as @ gift. The Kohinoor diamond is
one of the largest and most famous diamonds in the world.
The Kohinoor diamond is currently In the possession of the
British Crown Jewels,"
65,The Battle of Talikota was fought between-,Akbar and Sultan of Malwa,Vijayanagara and the Bahmani Kingdom,"Vijayanagara and combined forces of Bijapur, Ahmadnagar and Golconda",Sher Shah and Humayun,U.P.P.C.S. (Mains),2014,c,"Exp) Option ¢ is the correct answer.
‘The Battle of Tatikota (23 Janvary 1565) was a significant
watershed battle fought between the Vijayanagara Empire
and an alliance of the Deccan sultenates, which included
Bijapur, Ahmednagar, Golconda, end Bidar, ted by
All Adtlshah. The defeat of Aliya Rama Raya, who led
Vijayanagera in the war, resulted In the eventual collapse
of the polity and reshaped Deccan politics. This battle, also
known as the battle of the Rakkesa Tengadi or Banalbatti,
led to the fait of Vijayanagara. The confrontations between
the forces of Vijayanagaca and the Bahinani sultans occurred
In three different areas: in the Tungabbadra doab, in the
Krlshna-Godevart Cachar, and fn the Marathweda region.
Important Tips

+ Battle of Reichur- The Battle took place In 1520 tn.
Raichur, India, between the Vijayanagara Empire and
the Bijapur Sultanate, The Vijayanagare forces won,
defeating the Bijapur ruler and forcing them back over
the Krishna River.

E Battle of Toppur- The Battle stood as one of India’s
significant historical clashes, notable for introducing
extensive cannon usage in South India. It led to the
final downfall of the fading Vijayanagara Empire,
resulting from a civil war between contenders vying
for its kingship. Jagga Raya contested the Sriranga
Authority in support of his nephew."
66,Who one of the following painters of Jahangir’s reign was conferred the title of ‘Nadir-ul-Asra?,Daulat,Bishandas,Manohar,Mansoor,U.P.P.C.S. (Mains),2014,d,"Exp) Option d is the correct answer.
Ustad Mansur/Mansoor was honored with the title “Nadir
ul-asra” (Unrivaled of the era) by Jahangir. While h
created paintings during the reign of Jahangir’s father, Akba:
his exceptional works truly flourished under Jahangir’
patronage. Although celebrated for his natural histor
depictions, he also applied his artistic talents to portrayin:
individuals in diverse manuscript illustrations."
67,Ashtapradhan was a Council of Ministers:,In the Gupta administration,In the Chola administration,In the Vijayanagara administration,In the Maratha administration,U.P.P.C.S. (Mains),2013,d,"Exp) Option d is the correct answer.

Ashtapradhan was a council of cight ministers tha

administered the Maratha empire. It was an administrativ

and advisory council set up in 1674 by the Maratha leade

Shivaji. The eight officials were called Peshva, Amatya

Wagia Navis, Samant, Sachiv, Pandit Rao, Sar-I-Nabuat, an

Nyayadhish."
68,Who translated the Ramayan into the Persian language in accordance with the wishes of Akbar?,Abul Fazl,Abul Qadir Badauni,Faizi,Abdr Rahim Khan-i-Khanan,U.P. P.C.S. (Pre),2013,b,"Exp) Option b is the correct answer.

Abdul Qadir Badauni was an [ndo-Persian historian and on

of the most important writers in the history of the Mugha

period in India. He lived in Basavar and studied at Sambha
and Agra. In 1574, he was presented to the Mughal empero

Akbar, who appointed him to a religious office at the cour

and gave him a pension. Abdul Qadir Badauni translate

the Ramayan and the Mahabharat and many Sanskrit tale
and the Hindu epics in Persian in accordance with the wishe
of Akbar."
69,"Of the following who had rebelled against the Mughal Emperor Jahangir?
1. Asif Khan
2. Khurram
3. Mahabat Khan
4. Khusrau
Code:",1 and 2 only,2 and 3 only,2 and 4 only,"2, 3 and 4 only",U.P.P.C.S. (Pre),2013,d,"Exp) Option d is the correct answer.

Option 1 is incorrect- Asif Khan was the brother of Nu

Jahan, the wife of Jahangir. The daughter of Asif Khan

Mumtaz Mahal was married to Shah Jahan. Shah Jahan go

help from his father-in-law to have his brother Shaharya

killed and become the ruler.

Option 2 is correct- Khurram was the third son of Jahangir

He wasa capable military leader, and he was seen as a potenti

successor to Jahangir. In 1623-24, Khurram challenge

Jahangir’s authority, aiming for independent sovereignty i1

Bihar and Bengal. His rebellion was suppressed by Mugha

general Mahabat Khan.

Option 3 is correct- Mahabat Khan was a general in th

Mughal army. He was a powerful and ambitious man, and h

was seen as a potential threat to Jahangir. In 1626, Mahaba

Khan rebelled against Jahangir, but he was defeated an

forced to flee. He later returned to court and was pardone

by Jahangir.

Option 4 is correct- Khusrau was the eldest son of Jahangir

and his first wife Shah Begum. He was a popular figure at

court, and he was seen as a potential successor to Jahangir.

In 1606, Khusrau rebelled against Jahangir, but he was

defeated and imprisoned. Sikh Guru Arjun Dev was killed

by Jahangir for supporting Khusrau."
70,Who among the following painters was given the title of ‘Nadir-ul-Zaman’ by Jahangir?,Abul Hassan,Farrukh Beg,Bishandas,Agha Raza,U.P.P.C.S. (Mains),2013,a,"Exp) Option a is the correct answer.

Abu’! Hasan was a Mughal painter who was active during the
| reign of Jahangir. He was one of the most talented painters
. of his time, and he was known for his realism and his use

of light and shadow. Jahangir was so impressed with Abu’l
| Hasan’s work that he gave him the title of “Nadir-ul-Zaman’,
; which means “Wonder of the Age”.

Important Tips
Some of the famous painting by Abul Hasan:
The Portrait of Jahangir: This painting is considered to
be one of the finest portraits ever created in the Mughal
: style. It shows Jahangir in full court dress, with his wife
: Nur Jahan standing behind him. The painting is notable
. for its realism and its use of light and shadow.
| The Peacock Throne: This is a miniature painting
| that depicts the famous Peacock Throne, which was
commissioned by Shah Jahan. The throne is made of
gold and precious stones, and it is encrusted with jewels.
The painting is notable for its depiction of the throne’s
intricate details.
The Roshani Mahal: This is a miniature painting that
, depicts the Roshani Mahal, which was a pleasure palace
built by Jahangir. The palace is decorated with mirrors and
stained glass, and it is filled with flowers and fountains.
| The painting is notable for its depiction of the palace’s
luxurious interior |"
71,"Who among these was famous for Telugu translation?

1. Kamban
2. Kuttan
3. Nannaya
4. Tikkana
Select the correct answer using the code given below.",only 1 and 2,only 2 and 3,only 3 and 4,only 4 and 1,U.P.P.C.S. (Pre),2012,c,"Exp) Option c is the correct answer.

Option 1 is incorrect- Kamban, also known as

Kavichakravarthy Kamban, was a renowned medieval Tamil

poet famous for his magnum opus, the Ramavataram, also
| known as Kambaramayanamn. This epic is a Tamil retelling
of the Ramayana.

Option 2 is incorrect- Kuttan was a Telugu poet who wrote

a commentary on the Sanskrit grammar work Ashtadhyayi.
Option 3 is correct- Nannayya, the pionecr of Telugu
literature, began the translation of the Sanskrit Mahabharata
| into Telugu at the behest of King Rajaraja Narendra of the
East Chalukya dynasty. This marked the inception of Telugu

literary works, and his work in the Champu style exhibited
remarkable simplicity and literary excellence.
Option 4 is correct- Tikkana along with Nannayya and
Yerrapragada froms the Kavitrayam (Trinity of poets).
Tikkana who translated the Andhra Mahabharatham. This
| Telugu version of Mahabharata stands as an independent

translation rather than a mere reproduction of the Sanskrit

text. Tikkena, the second poct of the Kavitrayam, continued
the translation by completing the final 15 chapters, leaving
out the half-finished Aranya Parvaraa,"
72,Who succeeded Aurangzeb after his death in 1707 A.D.?,Bahadur Shah-I,Jahandar Shah,Muhammad Shah,Akbar-II,U.P.P.C.S. (Mains),2012,a,"Exp) Qption ais the correct enswer.
In 1707 AD, after the death of the Mughal emperor Aurengzeb,
bis son Bahedur Sheb-I succeeded him and ruled untill his
death in 1712 AD. He assumed the title of Shah Alam and
was known as Sheh-l-Bekhabar. This name was given by
Khafi Khan because he liked to appease alll pertics by profuse
grants of titles and rewards."
73,The Mausoleum (Dargah) of which Chishti Saint was visited by Akbar?,Muinuddin Chishti,Shaikh Nasimuddin Chirag Dehalvi,Qutbuddin Bakhtiyar Kaki,Shaikh Farid Ganj-ai-Shakar,U.P.P.C.S. (Mains),2012,a,"Exp) Option a ls the correct snswer.
Akbae was 0 great admirer and devotee of Mulnuddia
Chishtt. He first visited his maosoleuns In Ajiner in 1562 CE,
after his victory over Hemu at the Second Battle of Panipat.
He attributed his success to the blessings of the saint end
vowed to visit his shrine every year. He also meade several
endowments and donations to the shrine and built e mosque
fear It.
Akbar visited the mausoleum of Muinuddtn Chishtl
foweteen times during his relgo, often walking barefoot
from Agra to Ajmer as a mark of respect and devotion. He
also sought the saint's guidance and intercession for various
personel and politica) matters, such as the birth of his sons,
the conquest of Gujarat, and the reconciliatloa with bis son
Saliva."
74,The First Battle of Panipat was fought between-,Babur and Rana Sanga,Sher Shah and Akbar,Humayun and Ibrahim Lodi,Babur and Ibrahim Lodi,UPPCS (Mains),2012,d,"Exp) Option d Is the correct answer.
The First Battle of Panipat was fought between the Invading
forces of Babur and Ibrahine Lodi. It took ptace on 21
April 1526 in North India. I marked the beginning of the
Mughal Empire. This was one of the earliest battles involving
gunpowder, firearms end artillery, Ibrahim Lodi died on the
field of battle, abandoned by his feudatories and generals
(many of whom were mercenatles).
Joiportant Tips
Second Battle of Peni pat (1556):
The Second Battle of Panipat was fought between the
forces of Hem Chondca Vikeameditys, populerly celled
Hemu, the Hindy king who was ruling North India from
Delhi, and the acmy of Akbar, on November 5, 1556,
o It wes a decisive victory for Akbar's general Bairam
Khan.
© Berou was an advisee to Sher Shah Sur's son Islam
Shah from 1545 to 15S},
© Henw commanding his forces from stop an elephent
was on a winning track and wa about to rout Akbar's
army, but an arrow struck Hemu's squinting eye and
changed the game in febor of Akbar Army.

Third Battle of Penipat (1761):
© The Third Battle of Panipat took place on 14 January
(761, at Panipat, about 60 miles (95.5 km) north of
Delhi
It was fought between force of the Maratha Empire and
the King of Afghantstan, Ahmad Shah Abdali with 1wo
Indien Muslim allies— the Rohilla Afghans of the Doab,
tnd Shuja-ud-Davla, the Nawab of Oudh.
Both the Marathas as well as Afghens tried to get the
Naweb of Awadh, Shuja-ud-Davieh, Iato their comp, By
late July, Shuja-ud-Daulah made the decision to join the
Afghan-Rohilla coalition. This was sirategically a major
loss for the Marathas, since Shujs provided much needed
finances for the long Afghan stay {a North India.
© «The Marathas failed to get support from the Rajputs,
fats or the Sikhs.
© Immediately after the battle, the Afghan army
massacred thousends of Marathe soldiers as well es
civilians In the streets of Panipat, The vanquished
women and children were taken as slaves to Afghan
camp,"
75,Whe among the following rulers issued some coins with figures of Rama and Sita and Devanagari legend ‘Rama-Siya?,Bhoja,Siddharaja Jayasimha,Zain-ul-Abidin,Akbar,U.P.P.C.S (Mains),2011,d,"Exp) Option d Je the correct answer.
During his reign, Akbar Issued coins featuring the figures
of Lord Rama and Sita along with the Devanagari legend
‘Rema-Slys', This numismatic representation of Hindv
deities and use of Devanagari script on coins demonstrated
Akbar’s policy of religious tolerance and inclusivity, aimed
at fostering harmony smong diverse communities within Als
empire."
76,Who among the following was the founder of the independent Kingdom of Hyderabad?,Qamaruddin Khan,Muhammad Amin Khan,Asad Khan,Chin Qilich Khan,U.P.P.C.S. (Mains),2011,d,"Exp) Option d is the correct snswer,
Hyderabad wos founded as an independent state by Nizens-
al-Mulk Acaf Jes or Chin-Qulich Khan (birth neme) in
1724 AD. He was one of the most powerful members of
the court of the Mughal Emperor Parcukh Styar. He was
entrusted flest with the governorship of Awadh, end later
given charge of the Deccan."
77,Which Mughal Emperor abolished the Persian Court Custom of Sijda which was begun by Balban?,Akbar,Jahangir,Shah Jahan,Aurangzeb,U.P. P.C.S. (Mains),2010,c,"Exp) Option clo the correct answer,
The Mughal emperor who abolished the Persian court
custom of ‘Sijde’ was Sheh Jahan. The custom of ‘Sijda’ was
& practice of prostration before the ruler. It was a Persian
custom that was introduced to India by Belben, the second
Sulten of Delhi. The custom was abolished in the 57th
century."
78,"During which one of the following battles, did Babur declare ‘Jihad’?",Battle of Panipat,Battle of Khanwa,Battle of Chanderi,None of the above,U.P.P.C.S. (Mains),2009,b,"Exp) Option b is the correct answer.
Ja 1527, Babur ordered  Jehad/Jihad against Rajpate at
the battle of Khanwa. He declared the forthcoming batile
a Johad as his soldiers were facing @ non-Masiim army for
the first tloie ever. He said, this was their chance to become

either a Ghazi (soldier of Islam) or a Shaheed (Martyr of
Islam). He adopted the title of Ghazi after the victory."
79,Which medieval ruler introduced the system of “patta” and “qabuliyat” to help the peasants?,Alauddin Khalji,Muhammad-Bin-Tughluq,Sher Shah,Akbar,U.P.P.C.S. (Mains),2009,c,"Exp) Option c is the correct answer.

Sher Shah Suri introduced the system of patta and
qabuliyat to help the peasants. Patta is a document that
gave the peasants ownership of the land they cultivated.
Qabuliyat is a document that was signed by the peasants,
agreeing to pay the land revenue to the government. This
system helped to protect the peasants from exploitation by
the government officials and intermediaries. It also gave
the peasants a sense of security and encouraged them to
improve their land."
80,Who among the following emperors may be called “an enlightened despot”?,Babur,Humayun,Akbar,Aurangzeb,U.P.P.C.S. (Mains),2009,c,"Exp) Option c is the correct answer.

Akbar can be called an “enlightened despot” Akbar
was the third Mughal emperor of India and ruled from
1556 to 1605. He is known for his policies of religious
tolerance, administrative reforms, and promotion of arts
and culture. Akbar sought to create a more inclusive and
centralized empire by implementing policies that aimed at
integrating various religious and cultural communities into
his administration.

He abolished the jizya tax on non-Muslims, allowed Hindus to
hold high administrative positions, and encouraged interfaith
dialogue. These measures earned him the reputation of an
“enlightened despot” who ruled with benevolence and
open-mindedness, focusing on the welfare of his subjects
regardless of their religious backgrounds."
81,With which Mughal General did Shivaji sign the Treaty of Purandar is 1665?,Diler Khan,Jai Singh,Jaswant Singh,Shaista Khan,U.P.P.C.S. (Mains),2069,b,"Exp) Option b is the correct answer

The Treaty of Purandar in 1665 was signed between Shivaji
and Mughal General Raja Jai Singh I. Due to the attacks
on Shaista Khan and Surat, Aurangzeb dispatched Raja Jai
Singh I with an army to defeat Shivaji. After facing pressure
from Jai Singh’s forces and being on the brink of losing his
forts, Shivaji agreed to the treaty. The treaty stipulated that
Shivaji would surrender 23 forts, retain 12 for himself,
pay 400,000 gold hun compensation to the Mughals, and
become a vassal of the Mughal empire. Additionally,
Shivaji’s son Sambhaji was to serve the Mughals with 5,000
horsemen in the Deccan."
82,Saint Ramdas is associated with the period of rule of:,Akbar,Jahangir,Shah Jahan,Aurangzeb,"U.P.P.C.S, (Maina)",2009,d,"Exp) Option d is the correct answer

Saint Ramdas was active in the late 17th century (1608-
1681), which coincided with Aurangzeb’s reign (1658-
1707) inthe Mughal Empire. His teachings and contributions
to spirituality and social upliftment were prominent during
the time of Aurangzeb’s rule.

Important Tips

Other facts about Ramdas:

| © Samarth Ramdas (1608 ~ 1681) was an eminent Indian
saint, poet, and philosopher devoted to Lord Rama
and Hanuman.

j « Born in Maharashtra, he left his wedding and
embarked on a spiritual journey, spending years in
meditation and asceticism.

* He championed Bhakti Yoga, praising physical |
strength and knowledge alongside devotion.

+ Ramdas advocated social engagement, supported
women’s participation in religious roles, and aimed to
revive Hindu culture amid foreign occupation.

: ¢ His literary works include Dasbodh, expressing his
Dvaita philosophy and fastering unity."
83,Who among the following was appointed as a physician in the Mughal service?,Bernier,Coreri,Manucci,Tavernier,"U.P.P.C.S, (Spl) (Mains)",2008,c,"Exp) Option c is the correct answer.

Manucci was an Italian physician who traveled to India in

the 17th century. He was appointed as a physician in the

Mughal service, and he served under the emperors Shah

Jahan and Aurangzeb. He wrote a detailed account of his

travels in India, which is known as the Storia do Mogor

(Mogul India).

Important Tips

Francois Bernier (1620-1688), a French physician

and traveler, spent 12 years in India (1658-1670). His

1684 work, “Nouvelle division de la terre,” is the earliest

published classification of human races. “Travels in the

Mughal Empire” chronicles Dara Shikoh and Aurangzeb’s

reigns through Bernier’s observations and courtiers’

insights. Bernier also abridged and translated Pierre

Gassendi’s philosophy.

| Giovanni Francesco Gemelli Careri (1651-1725), an |

; Italian adventurer, traveled the world for pleasure, |

covering 60,000 leagues in six voyages, including a visit

to India. His notable work “Giro Del Mondo” detailed his
global journey, including his observations in India during
the reign of Aurangzeb, offering valuable insights into

, various topics, from natural productions to state maxims..

Jean-Baptiste Tavernier (1605-1689), a French gem

merchant and traveler, undertook six voyages to

Persia and India between 1630 and 1668, covering

60,000 leagues. His notable discovery was the 116-carat

Tavernier Blue diamond, sold to Louis XIV in 1668. His

keen observations and anthropological insights made his

work influential, translated into multiple languages"
84,"Sayana, the famous commentator of the Vedic texts was patronized by-",Paramara rulers,Satavahana rulers,Vijayanagara rulers,Vakataka rulers,U.P.P.C.S. (Mains),2008,c,"Exp) Option c is the correct answer.

Sayana, a Sanskrit Mimamsa scholar from the Vijayanagara

Empire in South India, near modern-day Bellary, Karnataka,

was an influential person who wrote commentaries on the

Vedas, the Upanishads, and the Bhagavad Gita. He thrived

during the reign of King Bukka Raya I and his successor
Harihara II, who provided him with patronage and support
in his scholarly endeavors."
85,Who among the following was the first Nawab of Oudh?,Asaf-ud-Daula,Saadat Khan,Shuja-ud-Daula,Safdarjung,UPPCS (Spl) (Mains),2008,b,"Exp) Option b is the correct answer.
Saadat Ali Khan I was the first Nawab of Awadh who laid
the foundation of that state. He is also known as Saadat
Khan Burhan-ul-Mulk. He was appointed as Subadar
Nawab (Governor) of Awadh in 1722 by Mughal Emperor
Muhammad shah. He created the independent state of Awadh.
However, such independent states like Awadh continued
to maintain ties with the Mughals and acknowledged and
accepted the Mughal emperor's supreme authority."
86,Who among the following shifted the capital of the Empire from Agra to Delhi?,Akbar,Jahangir,Shah Jahan,Aurangzeb,U.P.P.C.S. (Spl) (Mains),2008,c,"Exp) Option c is the correct answer.
Shah Jahan shifted the capital of the Mughal Empire from
Agra to Deihi in 1638. Tle built the Red Fort in Delhi as
his new capital. The Red Vort is a UNESCO World Heritage
Site and it is one of the most iconic buildings in India. Shah
Jahan’s decision to shiti the capital from Agra to Delhi was
motivated by several factors. First, he wanted to be closer to
the center of his empire. Second, he wanted to build a new
capital that would be more impressive than Agra. Third, he
wanted to be closer to his spiritual advisor, the Sufi saint
Shaikh Salim Chisti.
Fourth, to reduce corruption among the nobles."
87,Ruins of which of the following represent the old capital of Vijayanagara?,Ahmadnagar,Bijapur,Golconda,Hampi,U.P.P.C.S. (Mains),2008,d,"Exp) Option d is the correct answer.
The ruins at Hampi represent the remains of the
Vijayanagara empire, established in 1336 by Harihara I
and his brother Bukka Raya I. The empire met its demise
in the Battle of ‘Talikota in 1565. It is a UNESCO World
Heritage Site. Hampi’s ruins came to light in 1800, thanks
to the efforts of Cetonel Colin Mackenzie, an engineer and
antiquarian employed by the English Fast India Company.
He created the first survey map of the site, drawing on
information provided by priests of the Virnpaksha temple
and the shrine of Pampadevi. Subsequently, photographers
began documenting the monuments from 1856, aiding
scholarly study. Epigraphists started collecting inscriptions
from Haimpi and other teinples as carly as 1836.
Important Tips |
Hampi in Karnataka, a UNESCO site, was once a thriving |
city by the river. It was capital of Vijayanagara Empire in
14th century, later turning into ruins due to invasions,
Still, it’s praised for its grand architecture, with over
1600 structures like temples and forts spread across 41 sq |
km. Some of the most important monuments in Hampi
include:
» Virupaksha Temple |
| e the Hampi Bazaar |
je the Lotus Mahal |
« the Royal Enclosure |
—--- ee ew eee es a eed
Dries sey El

| e Achutya Raya’s ‘Tempte
i» Mahanavami Dibbha
| o azara Rama Temple
fo Palace of Vira Warihara"
88,"Maharaja Sawai Jai Singh (Jai Singh-II) established the astronomical observatory at which of the following sites? 
1. Delhi
2. Jaipur
3. Ujjain
4. Varanasi
Code:",1 and 2,1 and 3,"2 and 3 ,","1, 2, 3, and 4","U.P.P.C.S, (Mains)",2007,d,"Exp) Option d is the correct answer.
Sawai Jai Singh I], Maharaja of Amber and Jaipur, constructed
five observatories in the second quarter of the cighteenth
century in the north Indian cities of Shahjahanabad (Delhi),
Jaipur, Ujjain, Mathura, and Varanasi.
Iinportant Tips

Jantar Mantar:

e “Jantar Mantar” means “instruments for measuring
the harmony of the heavens”.

« The primary purpose of the observatory was to
compile astronomical tables, and to predict the
times and movements of the sun, moon and planets,

| e The Ram Yantra, the Samrat Yantra, the Jai Prakash

: Yantra and the Misra Yantra, etc are the distinct
instruments of Jantar Mantar."
89,Which one of the following places was called “Shiraz of India”?,Agra,Allahabad,Jaunpur,Lucknow,U.P.P.C.S. (Mains),2005,c,"Exp) Option c is the correct answer

Jaunpur, presently located in Indian state of Uttar Pradesh

was called the “Shiraz of India” due to its cultural and

architectural parallels with the city of Shiraz in Lran.

Jaunpur was founded by Sultan Feroz Shah Tughlaq in 1358.

It became a significant center of learning and culture, home

to exquisile mosques and tombs. Positioned on inajor trade

routes, Jaunpur held cultural and economic importance, just

like Shiraz."
90,The Mughal Emperor who prohibited the use of tobacco was-,Akbar,Babur,Jahangir,Aurangzeb,U.P.P.C.S. (Mains),2005,c,"Exp) Option c is the correct answer.

‘Tobacco use became widespread in the Mughal empire by

1617. To protect the health of his people and control the

habit, Emperor Jahangir issued a decree forbidding the

smoking of tobacco. This was an attempt to regulate and

curtail the use of tobacco, which had become popular among

both the nobility and the common people."
91,Shivaji defeated the Mughals in the battle of-,Purandar,Raigarh,Salher,Shivner,U.P.P.C.S. (Mains),2005,c,"Exp) Option ¢ is the correct answer.

Shivaji defeated the Mughals in the battle of Sather in 1672

CE. The battle was fought near the fort of Salher in the

Nashik district. The result was a decisive victory for the

Marathas. This battle is considered particularly significant

as il is the first pitched battle in which the Mughal Empire

lost to the Marathas.

Important Tips

In the year 1671, Chhatrapati Shivaji decided to eradicate

the Mughal presence from the Baglan region. For this

purpose, he assembled a force of 20,000 under the
command of Moropant pingle and Prataprao Gujar. He |

later adopted the title of Chhatrapati in 1672."
92,"Arrange the following in the correct chronological order: 
1, Chhatrapati Shahuji
2. Rajaram
3. Sambhaji
4, Shivaji-II
Select the correct answer from the codes given below:",3 2 1 4,3 2 4 1,2 3 1 4,1 2 3 4,U.P.P.C.S. (Mains),2005,b,"Exp) Option b is the correct answer.
Correct order of Maratha Kings is: Sambhaji (1681-89) -
Rajaram (1689-1700) - Shivaji-IT (1700-12) ~ Shahu (1707-
49)

Important Tips

« Sambhaji (1681-89): He was the second Chhatrapati
of the Maratha Empire and the eldest son of Shivaji
Maharaj. He was captured on 1 February 1689 by |

the Mughals. ‘he subsequent rescue attempt by the :
Marathas was repelled on 11 March. He was tortured
and executed in Aurangzeb’s camp on 11 March, 1689. |
¢ Rajaram (1689-1700); He was the younger son of
the first Maratha Chhatrapati Shivaji and took over
the Maratha Empire as its third Chhatrapati after his
brother's death Sambhaji at the hands of the Mughal
emperor, Aurangzeb in 1689.

+ Shivaji-1] (1700-12): He was known as Shivaji
Bhonsle UH of the Maratha Empire. He was the son of
the Rajaram and his wife Tarabai. Later, he became
the Shivaji Bhonsle I of Kolhapur, the first king of

Kolhapur, |

'« Shahu (1707-49): He was the fifth Chhatrapati of the
Maratha Empire founded by his grandfather, Shivaji I. |
He was the son of Sambhaji. At a young age, he was
taken into custody at the siege of Raigad by Mughal
emperor Aurangzeb, and held captive by the Mughals."
93,Theruler of Mewar who was defeated in the Battle of Khanwa by Babur in 1527 was-,Rana Pratap,Man Singh,Sawai Uday Singh,Rana Sanga,U.P.P.C.S. (Mains),2004,d,"Exp) Option d is the correct answer.

Rana Sanga was the ruler of Mewar who was defeated in the

Battle of Khanwa by Babur in 1527.

| Important Tips |

‘+ Sangram Singh I, also known as Rana Sanga, was a ,
Sisodia dynasty ruler.

« He ruled over sections of Rajasthan, Gujarat, and
Madhya Pradesh.

° Chittor served as his capital.

¢ Babur, called him the “greatest Indian monarch” of the
period."
94,Name the pair which is not correctly matched:,Baz Bahadur: Malwa,Qutb Shah : Golconda,Sultan Muzaffar Shah : Gujarat,Yusuf Adil Shah : Ahmadnagar,U.PP.C.S. (Pre),2004,d,"Exp) Option d is the correct answer

In 1489, Yusuf Adil Shah declared his independence
from the Bahmani Sultanate, establishing the Adil Shahi
dynasty. This dynasty held sway over the Sultanate of
Bijapur in the Deccan region. Ahmadnagar was ruled by
the Nizam Shahi dynasty.

| Important Tips
« Bayezid Baz Bahadur Khan, the last Sultan of
i Malwa Sultanate, reigned from 1555 to 1562. He was
infatuated with the Hindu shepherdess Roopmati and
neglected his kingdom. Mughals defeated him in 1561,
capturing Roopmati. Later, he surrendered to Akbar in
1570 and joined his service.
© Muhammad Quli Qutb Shah, the fifth Sultan of
the Qutb Shahi dynasty of Golconda, founded
Muhammad Nagar (Hyderabad) and built the iconic
Charminar. A skilled administrator, he ruled for 31
years after ascending the throne at 15 in 1580.
¢ Muzaffar Shah I, founder of the Muzaffarid dynasty,
ruled Gujarat Sultanate from 1391 to 1403 and 1404 |
- to FALL. He declared independence during Delhi —
Sultanate chaos after Timur’s invasion and was briefly
deposed by his son Tatar Khan."
95,A group of eunuchs and ladies dominated in the Government under-,Muhammad Shah (1719-48),Ahmad Shah (1748-54),Alamgir (1754-59),Shah Alam II (1759-1806),U.P.P.C.S. (Mains),2004,b,"Exp) Option b is the correct answer.
Ahmad Shah (1748-54) was an illiterate and indulging in
sensual pursuits. He used to spend time with women and
eunuchs for wecks. As a result, a group of eunuchs and
ladies dominated during his reign. He entrusted the task
of running the state to the queen mother Udham Bai and
powerful eunuch Javid Khan, who dominated the affairs of
the state. Afghan chief Ahmad Shah Abdali invaded Delhi
twice in 1749 and 1752 during his reign."
96,"In Mughal era, Duty of Mir Bakshi was:",Charged Tax from farmers,Maintaining accounts of income and Expenses,Justice,Supervisions of land revenue officials,U.P.P.C.S. (Spl) (Pre),2004,d,"Exp) Option d is the correct answer.
Mir Bakhshi, head of the military department and an
imperial minister, in Mughal Empire, held a significant role in
the administration. While his primary focus was on military
matters, he also undertook administrative responsibilities
such as overseeing land revenue officials and ensuring
proper organization in various administrative units."
97,"Two of the following states, which Aurangzeb had conquered in Deccan, were:",Ahmadnagar and Bijapur,Bidar and Bijapur,Bijapur and Golconda,Golconda and Ahmednagar,U.P.P.C.S. (Pre),2004,c,"Exp) Option c is the correct answer
Aurangzeb conquered Bijapur and Golconda in 1686 and
1687 respectively. He successfully defeated Sikandar Shah of
Bijapur and annexed his kingdom. Subsequently, Aurangzeb
proceeded against Golconda and dismantled the Kutb
Shahi dynasty, annexing the territory as well. However,
these conquests turned out to be a political blunder, as
they removed the barrier between the Mughals and the
Marathas, leading to a direct confrontation between the
two powers."
98,The first matrimonial alliance with the Rajputs was established by Akbar with the house of:,Bundelas,Kachhwahas,Rathores,Sisodias,U.P.P.C.S. (Pre),2004,b,"Exp) Option b is the correct answer.
The first matrimonial alliance with the Rajputs was
established by Akbar with the house of Kachhwahas. The
Kachhwahas were a Rajput clan that ruled over Amber (later
Jaipur) and its surrounding regions in Rajasthan. Akbar
married the daughter of Raja Bharmal of Amber, Hira

Kunwari (alse known as Mariam-uz-Zamani), in 1562. This
was the first of many marriages that Akbar contracted with
various Rajput princesses, as part of his policy of diplomacy
and iniegration"
99,"Arrange the following in the chronological
order of their rule:
1. Bajirao
2. Balaji Bajirao
3. Balaji Vishwanath
4, Madhavrao
Select the correct answer using the codes given below.","4,3,1,2","1,2,3,4","3,1,2,4","2,1,4,3",U.P.P.C.S. (Spl) (Mains),2004,c,"Exp) Option c is the correct answer,

The names written in the options are the Peshwas of Maratha
Empire. Correct order of their rule is Balaji Vishwanath -
Rajirao - Balaji Bajirao - Madhavrao

Balaji Viswanath (1713-1720): He was the first of a series
of hereditary Peshwas hailing from the Bhat family who
gained effective control of the Maratha Empire and the
Mughal! vassals of the Marathas during the carly 18th century.
Hatirao 1 (1720-1740): After Balaji Viswanath, his son Baji
Rao | was appointed Peshwa in 1720 by Shahu. Bafi Rao
enhanced the power and prestige of the Maratha Empire by
defeating the Nizam of Hyderabad, the Rajput Goveraor af
Malwa and the Governor of Gujarat.

Balaji Baji Rao (1740-1761): Balaji Baji Rao succeeded as
ihe Peshwa after the death of his father Baji Rav. Known as
Wana Sahib, he proved to be a good administrator and an
experi in handling financial matters.

Madhavrao (1761-72): Peshwa Madhavrao Bhat [ was the
Sth Peshwa of the Maratha Empire, who played a crucial role
in reviving -Maratha supremacy following the disastrous
third battle of Panipat in 1761."
100,Whatis the modern name of Hoysaleshvara’s ancient capital of Dwarasamudra?,Sringeri,Belur,Halebid,Somnathpur,U.P.P.C.S. (Mains),2003,c,"Exp) Option cis the correct answer

Dwarasamudra was the ancient capital of the Hoysala
“Empire, and if was later renamed Halebid. The city is
lecated in the Hassan district of Karnataka, and it is home
Lo save of the most beautiful Hoysala temples, including the
Moysaleswara Templie and the Kedareshwara Temple.
Important Tips |
_ Sringeri is a town in the Chikmagalur district of |
| Kaxnataka, and it is famous for its Shankaracharya Mutt. |
| Belur is another town in the Hassan district of Karnataka, |
| and it is home (o the Chennakeshava Temple, one of the

i most famous Uloysala temples. The temple is dedicated

| to Lord Vishun known as Chennakesava, which means |
| fveantifu. (cheana) Vishnu (Keshava).

| Sommaihpur is a village in the Hassan district of |
; Karnataka, and it is home to the Chennakeshava Temple. |"
101,"Arrange the following events of Akbar’s regime in thetr chronological order:
1. Abolition of Jizya
2. Construction of Ibadat Khana
3. Singing of Mahzar
4. Foundation of Din-i-Hahi
Select the correct answer from the codes given below:","1,2,3,4","2,3,4,1","1,3,2,4","3,4,1,2",U.P.P.C.S. (Mains),2003,a,"Exp) Option a is the correct answer,

Abeiition of Jizya: Akbar abolished the Jizya tax in 1564,
wach was a tax imposed on non-Muslims by previous
Musiin. rulers. He did this as a gesture of goodwill and
respect for his non-Muslim subjects, especially the Hindus.
Construction of Ybadat Khana: Akbar built a hail of worship
oy Loadat Khana at his new capital Fatchpur Sikri in 1575.
lie invited scholars and leaders of various religions, such as
Rigid

Islam, Hinduism, Jainism, Zoroastrianism, Christianity, and
Sikhism, to debate and discuss their doctrines and beliefs
before him.
Singing of Mahzar: Akbar issued a decree or Mahzar in
1579, which declared him as the supreme arbiter of justice
and religious matters in his empire. He claimed that he had
the authority to interpret the Islamic law or Sharia according
to bis own judgement, and chat he could overrule the
opinions of the Muslin clerics or Ulema.
Foundation of Din-i-Iahi: Akbar founded a new religion or
Din-i-Dlahi in 1582, which was a synthesis of various faiths
and philosophies, He tried to create a universal religion that
would appeal to all his subjects and sromote harmony and
peace among thein."
102,Who among the following had ordered that a man should marry only one wife and could marry another only when the first wife was barren?,Alauddin Khalji,Sher Shah,Akbar,None of the above,U.P.P.C.S. (Mains),2006,c,"Exp) Option ¢ is the correct answer.
One of the social reforms that Akbar implemented was
related to marriage. He had ordered that a man should
marry only one wife and could marry another only when
the first wife became barren. This was a way of limiting
polygamy and ensuring the rights and dignity of women in
his realm, He also tried to promote the social harmony by
encouraging intermarriage between Muslims and Hindus,
especially Rajputs, and gave high positions to many Hindu
nobles in his court. Widow remarriage was also legalized
by Akbar. Akbar was opposed to second marriage (having
two wives at the same time) unless the first wife was barren.
Akbar raised the marriage age to 14 for girls and 16 for boys."
103,The Jain monk who stayed for a few years in the Court of Akbar and was honoured with the title of Jagadguru was-,Hemachandra,Hari Vijay Suri,Jinasena,Umaswati,U.P.P.C.S. (Mains),2002,b,"Exp) Option b is the correct auswer.
Hari Vijay Suri was a high priest of the Tapa Gaccha monastic
order, following the Jain Svetambara tradition. He is known
for propounding the fain philosophy to Mughal Emperor
Akbar and turning him towards vegetarianism. In 1582, he
was invited by Akbar to visit his court at Fatehpur Sikri,
where he stayed for about three years. He impressed Akbar
with his knowledge, eloguence, and charisma, and engaged
in religious debates with other scholars and theologians. He
also presented Akbar with a copy of the Kalpa Sutra, a sacred
Jain text, which was transiated into Persian by his disciple
Bhanuchandra.
Akbar honoured Mari Vijay Suri with the title of Jagadguru,
which means ‘world teacher. He also gave him many gifts
and privileges, such as an elephant, a palanquin, a robe of
honour, and a grant of land. He also allowed him to build
Jain temples and install idols in his empire
| Iinportant Tips |
| Hari Vijay Suri influenced Akbar’s religious views and. |
policies in several ways, He convinced Akbar to adopt a |
policy of religious tolerance and harmony, known as Sulh- |
| i-Kul, which means ‘peace witn all. |
'e We alsa persuaded Akbar to issue orders prohibiting :
| animal slaughter and hunting en certain days, such as |
aeepee weap yal

Sri reece amemerennanenacnnummnrnrms nares SoG ge soe earcwama ane ae
¢ He also encouraged Akbar to abstain from meat and |
alcohol on some occasions, and to adopt a vegetarian |
diet for six months
LT... cee enn tne en eo tn a tee fe nee ees freee tenes oo"
104,Who re-imposed Jizya?,Akbar,Aurangzeb,Jahangir,Humayun,U.P.P.C.S. (Pre),2002,b,"Exp) Option b is the correct answer
Jizya is a tax that was imposed on non-Muslim subjects
of a Muslim state. In India, it was first imposed by Qutb-
ud-din Aibak and was known as khuraj-o-jizya. It was
abolished by Akbar, the third Mughal emperor, in 1564.
However, it was re-imposed by Aurangzeb in 1679."
105,"Indian ruler, contemporary of Queen Elizabeth-I of England, was-",Akbar,Shah Tahan,Aurangzeb,Bahadur Shah,U.P.P.C.S. (Mains),2002,a,"Exp) Option a is the correct answer.
Akbar and Elizabeth I were contemporaries, but they never
met or communicated with each other directly. However,
they had some indirect contacts and influences through
trade and diplomacy. Akbar was interested in expanding his
trade with Europe, especially in spices, teatiles, and indigo.
He granted trading rights to various European companics,
such as the Portuguese, the Dutch, and the English. The
English East India Company was established in 1600 with
a royal charter frora Rlizabeth I, granting it the sole right to
trade with the East. The first English ships arrived in India
in 1608, during the last years of Akbar’s reign. They were
received by Akbar’s son and successor Jahangir, who allowed
them to establish a factory at Surat."
106,Which of the following Mughal Emperor wrote his autobiography in Persian?,Babur,Akbar,Jahangir,Aurangzeb,U.P.P.C.S.(Pre),2001,c,"Exp) Option c is the correct answer.
The “Tusuk-e-Jahangiri? or “Jahangirnama,’ is the
autobiographical account of Mughal Emperor Nur-ud-din
Muhammad Jahangir (1569-1627), written in Persian.
Like his ancestor Babur, Jahangir authored this work to
immortalize his reign, but it delves deeper, capturing his
artistic and political insights, family histary, and even details
about a hunting palace near Lahore. This autobiography
serves as a crucial historical source for understanding the
Mughal empire during Jahangir’s rule, shedding light on his
perspective and Mughal expansion into Bengal.
| Important Tips
Babar and Jahangir, both prominent Mughal Emperors,
| penned their own mernoirs. Babar titled his autobiography
| as ‘Babarnama, while Jahangir named his personal account
; Jahangirnama. Notaodly, Babar holds the distinction of
being the inaugural ruler of the Mughal Dynasty.
Be oe pee wa ey
| Mughal Histotical Author » Language -
Ruler | .. | Account/Book. -| i :
Babur Baburnama Babur Chagatai Turkic |
Humayun | Humayun-nama | [fumayun [ Persian |
| | Akbar Akbarnama Abul Fazl Persian |
Jahangir Jahangirnama Jahangir Persian 7
Shah Jahan | Shanjahanama Inayat Khan | Persian |
Aurangzeb | Ain i Akbart Abul Faz! Persian |"
107,Who had led a deputation of Banaras pandits before the Mughal emperor to seek the abolition of pilgrim tax on Benaras and Allahabad?,Haranth,Jagannath,Kavindracharya,Kavi Hariram,U.P.P.C.S. (Pre),2000,c,"Exp) Option c is the correct answer.
Kavindracharya was a 17th-cealury poci and scholar who
led a deputation of Banaras pandits before the Mughal
emperor Jahangir to seek the abolition of pilgrim tax on
Benaras and Allahabad. Yhe pilgrim tax was a tax that was
imposed on pilgrims who visited Genaras and Allahabad.
The tax was unpopular with the pilgrims and the pandits,
who argued that it was a violation of religious freedom.
Kavindracharya argued that the pilgrim tax was a burden
on the poor and that it discouraged people from visiting
Benaras and Allahabad. He also argued that the tax was not
necessary, as the Mughal Empire was already wealthy."
108,The lady poet who described the victorious expeditions of her husband in her werk ‘Madhura-Vijayai was:,Bharati,Ganga Devi,Varadambika,Vijjika,U.P.P.C.S. (Pre),2016,b,"Exp) Option b is the correct answer.
Ganga Devi was a l4th-century princess and poet of the
Vijayanagara Empire. She was the wife of Kumara Kampana,
the son of the Vijayanagara king Bukka Raya I. She wrote
the Sanskrit epic poem Madhura Vijayam, which chronicles
the victory of her husband over the Madurai Sultanate.
| Important Tips
| Some of the literary works during the pertod of Vijayanagar |
- Empire apart from “Madura Vijayam” includes: |
° Amuktamalyada (The Giver of Worn Garland)- ‘This |
epic poem tells the story of the marriage of the Hindu |
god Vishnu and the Tamil Alvar poet Andal i
| « ‘Jambavati Kalyanan’ (The Wedding of Jarabavati):
A piece that tells the story of the marriage of
| Jambavati, a queen of Lord Krishna, emphasizing love |
and devotion,
e ‘Madalasa Charita’ (The Tale of Madalasa): An epic
that presents the life and virtues of Madalasa, a noble
| and virtuous queen.
| + ‘Satyavadu Parinaya’ (The Marriage of Satyavati): |
, A play that delves into the theme of love and marital
bonds."
109,The concept of ‘Sulh-i-Kul (universal peace and fraternity) adopted by Akbar was the result of:,Political generosity,Religious tolerance,Liberal cultural attitude,All of the above,U.P.P.C.S. (Pre),1998,d,"Exp) Option d is the correct. answer,
Sulh-i-Kul means ‘universal peace’ or ‘peace with all’ and it
was a policy of religious tolerance and harmony devised by
Akbar and his court historian Abwl-Fazl % was iufluenced
by the Sufi mystic ideal of respecting all religions and sects
as paths to the same trath. Sulh-i-Ku!l was the result of
Akbar’s political generosity, religious tolerance, and liberal
cultural attitude.
| Important Tips \
je Akbar abolished the jizya (tax on non-Muslims) in
1564 and granted equal rights and privileges to people
of all faiths.
e Akbar also patronized various arts, sciences, and
| litcrature and encouraged inter-religious dialogue and
debate in his Ibadat Khana (House of Worship) at |
| Fatehpur Sikri.

» Akbar even tried to create a new syncretic religion .
called Din-i-tahi (Divine Faith) that incorporated
; elements from Islam, Hinduism, Zoroastrianism, |
Christianity, and Jainism. |"
110,At which of the following battles was artillery used for the first time by one of the two armies?,First Battle of Panipat,Battle of Khanwa,Battle of Plassey,Third Battle of Panipat,U.P.P.C.S. (Pre),1996,a,"Exp) Option ais the correct answer.

Artillery was used for the first time in North India during
the first battle of Panipat in 1526. He decisively defeated
Ibrahim Lodi of Delhi. Babur introduced new mode of
warfare and led to the popularisation of gun powder,
cavalry, and artillery in India. Although gunpowder was
used earlier too in India, it is Babur who popularised its use
iw warfare,"
111,Which Hindu State has been mentioned by Babur in his Babur Nama:,Orissa,Gujarat,Mewar,Kashmir,U.P.P.C.S. (Pre),1995,c,"Exp) Option ¢ is the correct answez,

Mewar is the Hindu State which has been mentioned by
Babar in his Babarnama. Babar defeated the Rana Sanga of
Mewar in ihe Battle of Khanwa in 1527. Baburnama is an
autobiography of Zahiruddhin Muhammad Babur written in
his mother tongue Chagatai (Turkic). During the reign of
emperor Akbar, the work was translated into Persian by a
Mughal courtier, Abdul Rahim Khan-i-Khanana."
112,Who of the following was awarded with the honour of ‘Zari qalan’ by King Akbar?,Muhammad Hussain,Muqammal Khan,Abdussamad,Mir Sayyid Ali,U.P.P.C.S. (Pre),1995,a,"Exp) Option a is the correct answer.

Akbar was a great patron of calligraphy, aad he encouraged
the development and diversity of this art form in his empire.
He established a translation bureau in his new capital at
Fatehpur Sikri, where he invited scholars from different
religions and regions to translate various Sanskrit texts into
Persian, which was the official language of his court.
Muhammad Hussain came from Kashmir and was one
af the most well-known artists of calligraphy in Akbar’s
Court. Nastaliq was Akbar’s favourite calligraphy style,
which was a uid style having long borizontal strokes.
Mubammad Hussain was honored with the title “Zarrin
Kalam” or Goldeu Pen."
113,What was the principal source of State income in Mughal India:,Booty,Escheat,Land Revenue,Tax,"U.P.P.C.S, (Pre)",1995,c,"Exp) Option cis the ceerect answer,

Yhe principal source of state income in Mughal India was
the collection of land revenue. This revenue was collected
frora agricultural iands and formed a significant portion of
the staie’s income, contributing to the financial sustenance
of the Mughal administration aid its various activities."
114,"Consider the following statements:
Assertion (A): Aurangzeb succeeded Shah Jahan to the Mughal throne.
Reason (R): The law of primogeniture was followed.
Select the correct answer from the codes given below:","Both (A) and (R) are true, and (R) is the correct explanation of (A).","Both (A) and (R) are true, but (R) is not a correct explanation of (A).","(A) is true, but (R) is false.","(A) is false, but (R) is true.",U.P.P.C.S. (Pre),1994,c,"Exp) Cption cis the corvect answer

Assertion (A) is iruc: Aurangzeb was the third son of Shah
Jahan, but he was the most powerfi and ambitious of his
siblings. Lc led a successful military campaign against
his brothers after Shah Jahan fell ili in 1657, and he was
proclaimed emperor in 1658,

Reason (R) is false: ‘Che law of primogeniture is the rule that
the eldest son inherits the throne. ‘The Mughal Fimpire lacked

a strict law of primogeniture. The emperor could choose any
$on as successor, as seen when Aurangzeb bypassed eldest
Dara Shikoh’s nomination, leading to struggles. Succession
blended factors like nobility support, military might, politics,
and even violence. Emperor's choice and heirs’ abilities
mattered. Aurangzeb’s bitler struggle with favored brother
Dara showed succession wasit solely primogeniture-based."
115,Military system in the reign of Akbar was based on:,Mansabdari,Zamindari,Feudalistic,Ain-i-Dahsala,U.P.P.C.S. (Pre),1992,a,"Exp) Option a is the correct answer.
The military system in the reign of Akbar was based on the
mansabdari system. The mansabdari system was a system of
ranking and salary for the military and civil officers of the
Mughal adininistration. Vhe mansabdars were divided into
two categories: zat and sawar. Zat was the personal rank of
the officer, which determined his status, salary, and prestige.
Sawar was the rank based on the number of horsemen or
cavalrymen that the officer had to maintain for the service of
the emperor. The higher the zat and sawar ranks, the greater
was the responsibility and authority of the officer. The ranks
ranged from 10 to 10,000 for both zat and sawar. Mansab
rank was not hereditary. All appoiniments and promotions
as well as dismissals were directly nade by the emperor.

[ Important Tips }

| Jagirdari System: |

| ¢ The Jagirdari system in the Mughal period referred to |
| revenue assignments. These were given to nobles and |
| other influential people. |

« It started in the 13th century. Instead of paying out

: cash salaries, cerlain revenue assignments were ;

| granted. The holders of the assigned regions were

| known as jagirdar, and che assigned areas as jagir.

¢ During Akbar’s reign, the entire country was roughly

| divided into two regions: Khalisa (Crown Land) and }

Jagir (Land Assigniments). |

| e ‘The proceeds from the Khalisa went to the Imperial |

Treasury, while the moncy from the Jagir was |
distributed to the Jagirdars as their rank-based salary |

| .

in cash |"
116,Which is/are correct reasons of Maratha’s Rise?,Religious Consciousness,Geographical Security,Political awakening,"High quality of leadership
(e) All of the above",U.P.P.C.S. (Pre),1992,e,"Exp) Option ¢ is the correct answer.

Some of the most important factors responsible for the

phenomenal rise of Marathas in India are as follows:

e Religious Consciousness: Many saints such as Tuka
Ram, Ram Das inspired the people to unite by preaching
faith and Bhakti in one God,

> Geographical Security: The broken ranges of the hills
provided natural forts and the people were inspired
to regard these forts as their mother the seats of their
protection,

o Political awakening: Social and religious awakening in
Maharshtra ultimately led to political awakening.

e High quality of leadership: Shivaji provided majestic
leadership for the unification of Marathas. Before his

rise, the Maratha race was scattered like atoms through
many Deccan kingdoms. He welded them into a mighty
nation.

| Important Tips

Other factors for Maratha rise:

e Love for the motherland

« Guerilla warfare

° Unstable political condition of the South
e Influence of language and literature"
117,Where was the capital of Shivaji?,Raigarh,Satara,Purandar,Tanjore,U.P.P.C.S. (Pre),1990,a,"Exp) Option a is the correct answer.

Raigarh was the capital of Shivaji. In 1674, after being

crowned the king of the Maratha kingdom, Shivaji chose

Raigad as his capital. There are many reasons that Raigad

was chosen as the capital. One is that there is no easy access

to the fort from any of the surrounding mountain ranges, as
the mountain stands on its own. Decisive feature of Raigad
fort is a mile and a half flat top which has adequate room for
buildings. It was easy to administrator the kingdom and keep
a watch on the enemy from it.
Important Tips

The significance of Raigad fort in Maratha history:

In 1656, Chhatrapati Shivaji captured it from the More’s ;
; of Javli who were under the suzerainty of the Adilshahi

Sultanate. The fort not only helped Shivaji challenge the

supremacy of the Adilshahi dynasty but also opened up

the routes towards Konkan for the extension of his power.

In 1662, Shivaji formally changed the fort’s name to

Raigad and added a number of structures to it.

Shivaji passed away in Raigad in 1680 and was cremated

at the fort.

' The British Gazette states the fort was known to early '
L Europeans as the Gibraltar of the East. j"
118,"Causes of Akbar’s popularity were- 

A. Mansabdari system
B. Religious policy
C. Land Revenue System
D. Social reforms

Select the correct answer by using codes given below:",A and B,B only,C only,"A, B, C and D",U.P.P.C.S. (Pre),1990,d,"Exp) Option d is the correct answer.
Akbar’s popularity was due to his various reforms and policies
that he implemented during his reign. He was a visionary
ruler who tried to create a harmonious and prosperous
empire that transcended the boundaries of religion, caste,
language, and region. Some of his notable reforms and
policies were:

« Mansabdari system: This was a system of ranking and
salary for the military and civil officers of the Mughal
administration. It was based on the principle of merit
and loyalty, and it ensured a regular and efficient service
from the nobles.

e Religious policy: Akbar was a tolerant and liberal ruler
who respected all faiths and tried to create a harmony
among them. He abolished the jizya tax on non-Muslims,
allowed freedom of woionip, and held regular debates and
discussions on religious matters in his Ibadat Khana. He
also founded his own religion, called Din-i Ilahi, which
was a synthesis of various religious clements.

° Land Revenue System: Akbar reformed and improved the
land revenue system that was initiated by Sher Shah Surt,
He appointed Raja Todar Mal as his finance minister,
who introduced a uniform system of land measurement
called zabti or bandobast, He also devised a system of
fixing the revenue demand based on the average yield of
land assessed on the basis of the past ten years, called
dahsala or dasala.

e Social reforms: Akbar also introduced some social
reforms that aimed at improving the condition of women
and the weaker sections of society. He prohibited sati
(the burning of a widow) unless she expressly desired it
of her own free will."
119,Which one of the following pairs of Deccan Sultanates and their respective regions is not correctly matched?,Nizam Shahis — : Bijapur,Barid Shahis : Bidar,Qutb Shahis : Golkonda,Imad Shahis : Berar,CAPF,2021,a,"Exp) Option a is the correct answer.

The Nizam Shahis were actually associated with the region

of Ahmednagar, not Bijapur. The Deccan Sultanates were

Islamic states that emerged in the Deccan region of South

India during the medieval period. They were ruled by five

different dynasties of the medieval period that ruled in

Golconda, Bijapur, Bidar, Ahmednagar, and Berar of

South-Central India.

| Important Tips |

| Different dynasties of the Deccan Sultanates: |

» Abmednagar Sultanate: Ruled by the Nizam Shahi }
dynasty, it was established by Malik Ahmed Shah |
| Bahri. |
e Bijapur Sultanate: Ruled by the Adil Shahi dynasty,
| it was founded by Ismail Adil Shah in 1490 A.D.
¢ Berar Sultanate: Founded by Fath-UlNah Imad-ul-
Mulk in 1490, it was ruled by the Imad Shahi dynasty.
¢ Golkonda Sultanate: The ruling family of the
sultanate of Golkonda was the Qutb Shahi dynasty. |
o> Bidar Sultanate: Founded by Qasim Barid after its
independence in 1528, it was the smallest of all the .
five Deccan sultanates and ruled by the Barid Shahi |"
120,"Consider the following statements:

1, Under Akbar, the system of Zabt was established over a large area from Punjab to Awadh.
2. In the seventeenth century North India, the system of Zabt lost much ground to the system of Kankut.

Which of the statements given above is/are correct?",1 only,2 only,Both 1 and 2,Neither 1 nor 2,CAPF,2021,c,"Exp) Option c is the correct answer.

Statement 1 is correct- The Zabt system was a land revenue

system introduced by Akbar in the {6th century. The

Zabt system was initially established in the Punjab cegion,

but it was later extended to other parts of Akbar’s empire,

including Awadh.

Statement 2 is correct- In the seventeenth century,

especially during the reign of Aurangzeb, the Mughal Empire

faced significant challenges, including the rise of regional
powers and the decline of central authority. During this
time, the Zabt system started losing its prominence and
effectiveness. It was gradually replaced by the system of
Kankout System. ;

| Important Tips
| « Zabt Sysiem: It involved assessing and collecting
revenue based on a fixed share of agricultural
| produce. The land revenue system adopted by Akbar |
was largely based on Sher Shah's system but with slight |
' modifications and was called Zabti or Bandobast '
: system, which was further improved by Raja Todar
| Mal. Under this system, Todar Mal introduced a |
| uniform system of land measurement, classification of |
Jand, and fixation of rates. The revenue was one third
H of the average produce and was paid mostly in cash.

| In ¢.1580 CE, Akbar introduced the Dahsala Systen |
| under which revenue was fixed on she average yield of |
| jand assessed on the basis of past ten years (dah years}.

° Kankut System: It involved fixing revenue demands |
| based on the actual measurement of land and its
| productivity. The Kankut system gained popularity as |
a more accurate and transparent method of revenue |"
121,"Which of the following statements about Akbar are correct?
1. In 1560s, Akbar had the Fort of Agra constructed.
2. In 1570s, Akbar decided to build a new capital at Fatehpur Sikri.
3. Akbar also commissioned a white marble tomb of Shaikh Salim Chishti at Sikri.
4. In 1585, Akbar decided to shift the capital back to Agra.

Select the correct answer using the codes given below.","1,2 and 4","1,2 and 3","2,3 and 4",3 and 4 only,CAPF,2021,b,"Exp) Option b is the correct answer.

Statement tis correct- Akbar haye the Agra Fort with red
sandstone constructed during the 1560s. The construction
of the fort started in 1565 and continued for several years. If
served as an important niilitary and politica! center during
Akbar’s reign.

Statement 2 is correct- In the 1570s, Akbar made the
decision to build a new canital at Fatehpur Sikri, which is
located near Agra. He wanted to create a planned city that
would reflect his vision and ideals. The construction of
Faiehpur Sikri bepan in 1571 and continued for around 15
years.

Statement 3 is correct- Akbar conunissioned theconstruction
of a white marble tomb for the Suti saint Shaikh Salim
Chishti at Fatehpur Sikri. The tomb located within the
quadrangle of the fama Masjid, is a significant architectural
masterpiece and is considered a symbol of Akbar’s religious
tolerance and reverence for Sufisns.

Statement 4 is incorrect- In 1585, Che capital was relocated
to Lahore instead of Agra in order to enhance control] over
the northwesi region, and Akbar diligently monitored the
frontier for thirteen years,"
122,"Which of the following statements about Amaranayakas of Vijayanagara are correct?

1.The Amaranayakas were military commanders who were given territories to govern by the Raya.
2.In lieu of their service and also to maintain their contingents, they were paid in cash.
3.They maintained stipulated contingents and elephants.
4.They used to send tribute, to the king annually and personally appeared in the royal court with gifts to express their loyalty.
Select the correct answer using the codes given below.","1,2 and 3 only","1,3 and 4 only",2 and 4 only,"1,2,3 and 4",CAPF,2021,b,"xp) Option b is the corzect answer,

Statement tis correct- The Amaranayakas were military
commanders who were given territories to govern by
the Raya, the emperor of Vijayanagar Empire. They were
responsible for the defense of their territories.

Siatement 2 is incorrect- They collected taxes and other
dues from peasants, craftspersons, and traders in the area.
The nayakas or palegars were granted territory (amaram)
with a fixed revenue in lieu of their salaries.

Statement 3 is correct- Ordinary soldiers were usually paid
in cash. They retained a part of the revenue for personal

use and for maintaining a stipulated contingent of horses
and elephants.

Statement 4 is correct- The Amaxanayakas sent tribute to
the kings annually and personally appeared in the royal
court with gifts lo express their loyalty."
123,Who among the following assumed the title of Nizam-ul-Mulk Asaf Jah to set himself an independent ruler with his base in Hyderabad?,Kartalab Khan,Bahadur Shah,Alivardi Khan,Chin Qulich Khan,CAPE,2021,d,"Exp) Option d is the correct answer.

Chin Qilich Khan assumed the title of Nizam-ul-Mulk Asaf
Jah to establish himself as an independent ruler with his
base in Hyderabad. He was a prominent noble and military
commander in the Mughal Empire under Aurangzeb since
1765, In 4749, Chins Qilich Khan broxe up with the Mughals
after the death of Aurangzeb and declared himself the ruler
of the Hyderabad State. He was recognized as the Nizam of
Hyderabad by the Mughal emperor Bahadur Shah Lin 1724,"
124,"Consider the following statements about sulh-i kul;
1. It means ‘absolute peace’.
2. It provided for freedom of expression to all religions and schools of thought.
3. The ideal of sulh-i kul was implemented through state policies.
Which of the statement(s) given above is/are correct?",1 and 2 only,"1,2 and 3",3 only,2 and 3 only,CAPF,2020,b,"Exp) Option b is the correct answer.

Statement L is correct- Sulh-ikal, which originated during
the reigii of Emperor Akbar in the Mughal /impire, translates
to ‘absolute peace’ or “universal peace’. It was formulated
with the help of Abul Faz, anc this policy was later followed
by Jahangir and Shah Jahan.

Statement 2 is correct~ Sulh-j kul was a policy implemented
by Emperor Akbar, which promoted religious tolerance
and freedom of expression for all religions and schoals
of thought. It aimed to create a harmonious and inclusive
society where individuals were allowed to practice their faith
without fear of persecution,

Statement 3 is correct- Sulh-i kul was a practical policy
implemented by Emperor Akbar. }t was incorporated into the
state policies of the Mughal Empire, emphasizing religious
inclusivity and promoting an atmosphere ef peace and
harmony. :"
125,Which one of the following statements about the religious policies of the Mughal kings is NOT correct?,"The tax on pilgrimage was abolished in 1563, and the Jizya tax on non-Muslim Subjects was abolished in 1564,",Akbar issued instructions to his officers to follow the policy of religious toleration,Not all Mughal emperors gave grants for the building and maintenance of places of worship,"Grants were issued for the repair of a number of temples in the reigns of Shah Jahan and Aurangzeb, after they had been destroyed during war",CAPF,2020,c,"Exp) Option c is the correct answer.

Statement a is correct- In 1863, Akbar stopped the tax
on pilgrimages, and in 1564, he also ended the jizya tax
because both of these taxes were unfair to people of different
religions. He told his officials to use the idea of suth-i kul,
which means peace for everyone, in their rule.

Statement b is correct- Akbar adopted the policy of Sulh-
I-kul which is an Arabic term that literally means “peace
with all” or “universal peace.” It was 2 policy of religious
tolerance and understanding. Furthermore, he abolished
the jizya, a tax that was imposed on non-Muslims. He
also allowed non-Muslims to hold high positions in his
government. He also built religious schools aud places of
worship for all faiths.

Statement ¢ is incorrect- The Mughal emperors Akbar,
Jahangir, and Shah Jahan were all patrons of religious
Jearning and architecture, They issued grants for the
building and maintenance of mosques, teraples, and other
religious buildings. Kven grants were issued for their repair,
when temples were destroyed during war,

Statement d is correct- Every Mughal emperor provided
funds to help construct and take care of religious places.
Even if temples were damaged in wars, there were grants
given for their restoration, as we can sce during the rule of
Shah Jahan and Aurangzeb."
126,"On which one of the following conditions, did the Marathas agree to serve the Mughal king with a cavalry contingent of 15,000 in the early 18th century?",Grant of the jagir of Malwa province,Control of the resources of Gujarat,The right te levy Chauth and Sardeshmukhi in the Deccan and South India,The right to mint coins in their own name,CAPE,2020,c,"Exp) Option c is the correct answer.

The Marathas were a Hindu warrior clan that emerged in
the 17th century in the Deccan region of India. They were
originally vassals of the Mughal Empire, but they gradually
gained power and independence. In the early 18th century,
the Marathas agreed to serve the Mughal king with a cavalry
contingent of 15,000 in exchange for the right to levy Chauth
and Sardeshmukhi in the Deccan anc South India, Chauth
was a tax that was levied on the agricultural produce of a
region. It constituted a quarter of the iand revenue, and it
was officially imposed at a rate of 25% on the revenue or
agricultural yield. Sardeshmukhi was a tax of ten per cent
that was levied on the military resources of a region."
127,Which one of the following dynasties ruled under the suzerainty of Kingdom of Vijaynagar?,"Sangamas, Saluvas, Tuluvas and Aravidus","Sangamas, Hoysalas, Aravidus and Tuluvas","Hoysalas, Saluvas. Poligars and Sangamas","Yadavas of Devagiri, Hoysalas, Saluvas and Aravidus",CAPF,2017,a,"Exp) Option a is the correct answer.

Vijayanagar Empire was ruled by four major dynasties:
Sangama Dynasty (1336-1486)

Saluva Dynasty (1486-1506)

Tuluva Dynasty (1506-1565)

Aravidu Dynasty (1570-1647)"
128,Which one of the following pairs of term and meaning is not correctly matched?,Khalisa: Villages whose income went directly to the State Treasury,Mauza: Rebellious territory,Inam: Land allotted to learned and religious man,Jagir: Territorial assignment given to Mansabdars in lieu of salary,CAPF,2017,b,"Exp) Option b is the correct answer.

Mauza is a term that means a village or a group of villages
in the Indian subcontinent. It does not refer to a rebellious
territory, as the question suggests. A mauza was the basic
unit of administration and taxation under the Mughal
Empire and later under the British Raj.

Khalisa was the land whose income went directly to the state
treasury, in contrast to jagir, which was the land assigned to
nobles and officials in lieu of salary.

Inam lands were those which were allotted to learned and
educated men. They were also given as rewards or grants for
religious and charitable purposes,

Jagir was a type of feudal Jand grant in the Indian
subcontinent, which developed during the Islamic rule era.
ft was given to nobles, officials, and members of the royal
family, including queens, in exchange for their service to the
state"
129,Which one among the following regarding the Ahadis of the Mughal period is NOT true?,They were individual troopers,They were placed under a separate Diwan and Bakhshi,They were ordinarily not placed under the Mansabdars,Their salary was at par with the Mansabdars,CAPF,2014,d,"Exp) Option d is the correct answer

Ahadis were the personal troopers of the Mughal emperor.
They were directly recruited by the emperor and were not
placed under the command of any Mansabdar. They were
highly paid and had their own paymaster. Their salary was
not at par with the Mansabdars, but it was significantly
higher than the salary of regular soldiers,

Important Tips 1
Mansabdari System |
e In this system, a military officer worked for the
government who was responsible for recruiting and |
| maintaining his quota of horsemen. |
;e His rank was based on the horsemen he provided, |
| which ranged from 10(the lowest), up to 5000. A
prince had the rank of 25000. This was called the zat |
and sowar system. |
| « An officer had to keep men and horses in a ratio
| of 1:2. The horses had to be carefully veritied and |
| branded, and Arabian horses were preferred. The ;
; officer also had to maintain his quota of horses, |
elephants and cots for transportation, as well as foot |
soldiers and artillery.
Soldiers were given the option to be paid either in |
monthly/annual payments or jagir, but many chose
jagir. The emperor also allocated jagir to mansabdars for |
| maintenance of the mansabs. |"
130,Which one among the following cannot be attributed to Shahjahan’s reign?,Moti Masjid,Qila-i-Kuhna Masjid,Jama Masjid,Rang Mahal,CAPF,2014,b,"Exp) Option b is the correct answer
Oila-i-Kuhna Masjid is a mosque located in the Purana
Qila (Old Fort) in Delhi, India. It was built by Sher Shah
Suri in 1541. The mosque is a single-aisled structure with
a courtyard, The mihrab (prayer niche) is made of red
sandstone and is decorated with intricate carvings.
| Important Tips
| Moti Masjid located in the Agra Fort, India. it was built
by Shah Jahan in 1653. The mosque is a smal), square
structure with 2 single dome. The minxab is made of white |
marble and is decorated with intricate carvings. |
Jama Masjid is a mosque located in Old Delhi, India. |
It is the largest mosgue in India and one of the largest
| mosques in the world. It was built by Shah Jahan in 1656.
| The mosque is a red sandstone structure with three large |
domes and four minarets. i
Rang Mahal is a palace located in the Red Fort in Delhi, |
| India. It was built by Shah Jahan in 1637. The palace |
is a two-story structure with a red sandstone exterior |
and a white marble interior. The palace is decorated with
intricate carvings and paintings. |"
131,"Which of the following statements is/are correct?

1. Humayun invented Taj-i-izzat.
2. Taj-i-izzat was a head gear, composed of a cap and a wrapping cloth.
Select the correct answer using the codes given below. 

Codes:",Only 1,Only 2,Both 1 and 2,Neither 1 nor 2,CAPF,2014,c,"Exp) Option c is the correct answer
Statement i is correct: Humayun invented ‘laj-i-izzat. This
is mentioned in the Ain-i-Akbari, a 16th-century Persian
text written by Abu’] Fazl ibn Mubarak.
Statement 2 is correct: Taj-i-izzat was a headgear composed
of a cap and a wrapping cloth. ‘the cap was made of velvet or
silk, and the wrapping cloth was made of muslin or silk. The
Taj-i-izzat was a symbol of power and authority, and it was
worn by Mughal emperors and nobles."
132,"The ruling dynasties Sangama, Saluva, Tuluva were associated with",Warangal,Kashmir,Bengal,Vijayanagara,CAPF,2014,d,"Exp) Option d ts the correct newer | .
‘The Sangama, Seluva, and Toluva dynasties were all
associated with the ViJayanagara Emplce. The Vijayanagare
Empire was a powerfu) Hindu empice that culed over much
of southern India from the 14th to the 16th centuries.
Important Tips
Sengama dynesty (1336-1485): It was founded by
Herihara J and Bukkas Raye 1, who were brothers from
the Hoysele klogdom. The Sangame dynasty was « thme
of greet expansion for the Vijayanagara Empire, and it sew
the empire reach Its greatest extent.
Saluva dynasty (1496-1505): It was founded by Saluve
Narasimha, who wasa general wadce the Seagama kings.
The Saluva dynasty was a time of pollitcal Instability, but
it also saw some importont milltary victories.
Tuluva dynasty (1508-1565): It was founded by
Kelshaadevarays, who Is considered to be one of the
greatest culers of the Vijayanagara Empice. The Tuluva
dynasty was s time of great cultural and economic
prosperity for the empire.
Aravidu dysesty (1565-1646): It was founded by
Aravidu Ratmaraya, who wae a gencral ender the Tulave
kings. The Aravidu dynasty was a time of decline for the
emplre, aad it eventually collapsed In 1646."
133,"In respect to Balutedars, which of the statements given below are correct?
1. They were village servants and artisans.
2. They were employed by individual peasant family.
3. They existed in the Medieval Deccan and Maharashtra. 
Select the correct answer using the code given below.",1 and 2 only,2 and 3 only,1 and 3 only,"1,2 and 3",CDS  (1),2023,c,"Exp) Option cts the correct answer.
Stotement U is corrects Balutedars were village servants and
erttsans who provided various services to the farmers and
the village communtty In exchange (or a share of grain or
agricultural produce. They existed In the Medleval Deccan.
ond Meharashtre and were past of a hereditary system of
twelve vades.
Statement 2 Je Incorrect: They were not employed by
Individual peasaut family, Sut by the village es a whole,
Statement 3 is correct: Balutedars were prevalent in the
Medieval Decesa region, which Includes sreas of present-
day Maharashtra and surrounding regions. They played
a signiNeant role in the socto-economic structure of the
villages In this region. ."
134,Francois Bernier was physician to,Prince Murad,Princess Jahanara,Emperor Shah Jahan,Prince Dara Shikon,CDS  (1),2021,d,"Exp) Option d Is the correct answee
Prengois Bernice waa @ French physician, traveler, end
bistorlan who lived In India for 12 years. He was associated
with the Mughal Court as a personal physician of Dore
Shikoh (eldest son of emperor Shah Jahan)."
135,"Which of the following statements about ‘Mughal Mansab’ system are correct?

1.‘Zat’ rank was an indicator of a Mansabdar’s position in the imperial hierarchy and the salary of the Mansabdar.
2. ‘Sawar’ rank indicated the number of horsemen the Mansabdar was required to maintain.
3. In the seventeenth century, Mansabdars holding 1000 or above ‘Sawar’ rank were designated as nobles (Umara).
Codes:",1 and 2,2 and 3,1 and 3,"1,2 and 3",CDS,2020,a,"Exp) Option ele the correct answer
Stotement 1 le correct: The ‘Zal’ rank In the Mansabdar
eystem Indicated a nobles position or status within the
imperial hierarchy. ft deteemined their soclel status, and

their salary of stipend was directly linked to thelr Zat rank.
Statement 2 Se correct: The ‘Sawar’ rank referred to the
number of cavalrymen or horsemen that a Mensabdar was
tequired to maintaln for military service. The number of
Sewar rank varied, slasting from as low as ten and going up.
to thousands, depending oa the Mansabdar’s rank.
Statement 3 1s Incorrect: Those mansabdacs whose renk was
one thousand or betow were called Amir, while those above
1,000 were called Amie-al Kabir (Great Amir). Some great
Amilce whose ranks were above 5,000 were also given the
title of Amir-al Urmare (Acuir of Amirs)."
136,Name the platform used for ritual purposes by the kings of the Vijayanagara Empire.,Mahanavami Dibba,Lotus Maha,Hazara Rama,Virupaksha,CDS  (1),2018,a,"Exp) Option a is the correct enswer

Mshanavem! Dibba was used by the kings of the
Vijeyanagera Evapire to celebrate the festival of
Mahanavami. It is located in the Royel Enclosure of Hampi,
and It i¢ a UNESCO World Heritage Site. The platform is 12
metere high and It is made of granite. It ls decorated with
carvings of elephants, horses, and warriors."
137,The term Upari refers to which one of the following?,A category of proprietary tenure under the Mughal rule,A category of tenancy tenure under the Maratha rule,A soldier in the Maratha army,A village headman in the Mughal period,CDS  (II),2016,b,"Exp) Option b Ie the correct answer.

‘The term “Upari” refers to a category of tenancy tenure
under the Maratha rule. It was e system in which the revenue
rights of a particular area were leased out to an individual
oF 8 group of individuals, who would then collect revenue
from the land end pay a fixed amount to the governinent.
‘The Upart holders were responsible for the management and
collection of reveaue from the assigned land,"
138,"Consider the following statements and choose the answer using the codes given below:
Statement I: The Zamindars were an exploitative class in Mughal India.
Statement II: The Zamindars often received the support of the peasantry in a large number of agrarian uprisings in North India in the 17th century. 
Codes","Both the statements are individually true, and statement II is the correct explanation of statement I","Both the statements are individually true, but statement II is not the correct explanation of statement I","Statement I is true, but statement II is false","Statement I is false, but statement II is true,",CDS  ID,2016,b,"Exp) Option b ls the correct answer.

Stateroeat I 1s correct- The Zamindars were an exploitative
class in Mughal India, The Zamindars were a hereditary
landowning class who collected revenue from peasants on
behalf of the Mughal admlolsteatlon. They often wielded
significant power and could exploit the peasants through
excessive taxation of other forms of coercion.

Statement II bs correct- The Zamindars often received the
support of the peasantry in a lerge aumber of egrarian
oprisings in North India in the 17th century. While {t is
true that soine agcactan uprisings involved collaboration or
support from certain sections of the peasantry, it is note
universal or consistent pattera, Agrarian uprisings cao have
coniplex dynamics, and the peasantry’s relationship with the
Zamiadars vasied accoss different regions and contexts."
139,"Which of the following statement(s) about
the Vijayanagara empire is/are true?
1. The kings claimed to rule on behalf of the God Virupaksha.
2. Rulers used the title “Hindu Suratrana to indicate their close links with Gods.
3. All royal orders were signed in Kannada,Sanskrit and Tamil.
4. Royal portrait sculpture was now displayed in temples.
Select the correct answer using the codes given below:",4 only,1 and 2 only,"1,2 and 3","1,2 and 4",CDS  (1),2016,d,"Exp) Option d fs the correct anawer.

Statement 1 Ie correct- The kings of the Vijayenagara
emplre claimed to rule on behalf of the God Viropaksbe.
This religious association was a significant aspect of thelr
cule, and they sought to legitimize their authority through
thelr connection with the deity.

Statement 2 is correct- Rulers of the Vijayanagara empire
used the title ‘Hindu Suratrana, which translates tc
“Emperor of Hindu Kings.” This title emphasized thei
close links with Hindu gods and symbolized their role a:
protectors of the Hindu dharma.
Statement 3 is incorrect- Royal oders of court in Vijaynagai
Empire were issued primarily in Sanskrit.
Statement 4 is correct- Royal portrait sculpture was indeec
displayed in temples during the Vijayanagara empire. Thi:
practice reflects the close association between the roya
family and religious institutions, as well as the importance
of royal patronage of the arts."
140,"After the death of Shivaji, there was a fight for succession between",Shambhaji and the widow of Shivaji,Shambhaji and Bajirao,Rajaram and Shambhaji,None of the above,CDS  (ID),2015,c,"Exp) Option c is the correct answer.
After the death of Shivaji, there was a fight for succession
between Rajaram and Shambhaji.

Important Tips

¢ After Shivaji’s death in 1680, his elder son Shambhaji
succeeded him as the Chhatrapati of the Maratha
Empire. However, his younger son Rajaram and his

widow Soyarabai challenged his claim and conspired
against him.

e Acivil war broke out between the two factions, which
was eventually won by Shambhaji with the help of
some loyal generals and ministers.

¢ Shambhaji ruled for nine years until he was captured
and executed by the Mughals in 1689.

¢ Rajaram then became the Chhatrapati and continued
the resistance against the Mughals until his death in
1700."
141,"Which empire did Nicolo de Conti, Abdur Razzaq, Afanasy Nikitin and Fernao Nuniz visit?",The empire of Kannauj,Vijayanagara empire,Hoysala empire,Rashtrakuta empire,CDS,2015,b,"Exp) Option b is the correct answer.

Nicolo de Conti, Abdur Razzaq, Afanasy Nikitin and Fernac
Nuniz were all foreign travellers who visited India in the 15th
and 16th centuries and wrote accounts of their observations.
They all visited the Vijayanagara empire, which was ¢
powerful Hindu kingdom that ruled over most of South
India from 1336 to 1646

! Important Tips

+ Nicolo de Conti was an [talian merchant who visited
India in 1420 and stayed for about four years. He
travelled to various parts of India, including the
Vijayanagara empire, where he met the king Deva
Raya HU and described the city of Vijayanagara as
large and prosperous.

» Abdur Razzaq was a Persian diplomat who visited |
India in 1443 and stayed for about two years. He met

| the king Deva Raya II and wrote about the splendour
and wealth of the Vijayanagara empire

r Afanasy Nikitin was a Russian merchant who visited

| India in 1469 and stayed for about three years. ;
He travelled to various parts of India, including

| the Vijayanagara empire, where he witnessed the
coronation of Virupaksha Raya II and wrote about
the customs and religion of the Hindus.

« Fernao Nuniz, was a Portuguese traveller who visited
India in 1535 and stayed for about three years. He
travelled to various parts of India, including the
Vijayanagara empire, where he met the king Achyuta
Deva Raya and wrote a detailed history of the
Vijayanagara empire from its foundation to his time."
142,"Which of the following features of the State of Arcot in 18th century South India are correct?
1. The founders of the dynasty that ruled Arcot were Daud Khan Panni and Saadatullah Khan.
2, Arcot became the site of a protracted struggle between the English and Dutch East India Companies from the 1740s.
3. Decentralisation was a key feature of the State of Arcot in the 18th century.
4. The other major State to emerge in South India at this time was Mysore.

Select the correct answer using the codes given below:",1 and 2,"1,2 and 4",3 and 4,2 and 4,CDS,2015,b,"Exp) Option b is the correct answer.

Statement 1 is correct: Daud Khan Panni and Saadatullah
Khan were the founders of the dynasty that ruled Arcot, a
princely state that was established by the Mughal emperor
Aurangzeb in 1692 and later became a protectorate of the
British East India Company

Statement 2 is correct: Arcot became the site of a protracted
struggle between the English and Dutch East India
Companies from the 1740s, as part of their rivalry for trade
and influence in India.

Statement 3 is incorrect: The State of Arcot in the 18th
century was characterized by centralization rather than
decentralization. The rulers of Arcot sought to consolidate
their power and establish a strong central authority.
Statement 4 is correct: The other major State to emerge in
South India at this time was Mysore. In the 18th century,
the Kingdom of Mysore, under the leadership of rulers like
Hyder Ali and Tipu Sultan, emerged as a significant power
in South India. ."
143,Which of the statements given below about the Mughal rule in India is false?,Peasant communities were a united and homogeneous group.,There was an abundance of food grain.,The state encouraged those crops that brought in more revenue,Most regions produced two crops in a year,CDS  (ID),2014,a,"Exp) Option a is the correct answer.

During the Mughal rule in India, peasant communities
were not a united and homogeneous group. India had a
diverse agrarian society with various social and economic
differences among peasants. There were differences in
landholding, socio-economic status, and agricultural
practices among different peasant communities.

Option b is correct: The Mughal Empire witnessed
significant agricultural prosperity, and there were periods of
surplus food production.

Option c is correct: Fhe Mughal state implemented policies
that aimed to maximize revenue, and therefore, crops that
were economically profitable received encouragement and
support.

Option d is correct: The favorable climate and agricultural
practices in many regions of the Mughal Empire allowed for
the cultivation of two crops in a year."
144,The ruins of the Vijayanagara at Hampi were brought to light in 1800 by,Colonel Colin Mackenzie,Six John Shore,Andrew Fraser,John Marshall,CDS  (ID,2014,a,"Exp) Option a is the correct answer.

Colonel Colin Mackenzie, a British army officer and surveyor,
played a crucial role in the discovery and documentation

of the caine of the ViJayanegara Empice at Hampi. He
‘wes appointed as the first Surveyor General of India by the
British East [ndla Company.
In 1800, he came across the eulns of Hampi, the capital city
of the Vijeyanagara Empire, which had beea abandoned and
lost to history."
145,"Consider the following statements about Sher Shah’s administration

1. He divided his empire into Sarkars, which were further subdivided into Parganas.
2. The Sarkars and the Parganas were directly administered by Sher Shah without the help of any other officials. 
Which of the statement(s) given above is/are correct?",Only 1,Only 2,Both 1 and 2,Neither 1 nor 2,CDS  (1),2014,a,"Exp) Option a Is the correct answer.
Statement I Is correct: Sher Shah divided his emplre into
administrative aalts caited Sackecs, which were further
divided into Parganas. This administrative division helped
In effective governance and revenue collection.
Statement 2 is incorrect: While Sher Shah implemented
@ systematic sdralnisteative structure with Sarkacs
and Parganas, he did rely on officials to assist In the
administration of these onite. The Sarkars and Parganas
were not directly administeced solely by Sher Shah himself.
The chief offictals of @ savker were the shiqder (military
officer), the amin (revenue officer), the fotedar (treasurer),
and the kackuns (accountents}

Important Tips

About Sheg Shah Suri:

© Shee Shah Suri was @ ruler In medieval India who
established the Suc dynasty and reled from 1540 to
1545,

« He implemented administrative reforms, Including
dividing his empire into Sarkere and Perganes (or
effective governance.

« He improved road connectivity by constructing the
Grand Trunk Road, and established @ postal system.
for efficlent communication.

© Sher Shob istroduced standardized coine and
achieved military victocles ogainst the Mughal
Empire."
146,Who was the first Mughal ruler who fonght against the British?,Jahangir,Aurangzeb,Shah Jahan,"Bahadur Shah Zafar
(e) None of the above/More than one of the above",67th BPSC (Pre) (Re-Fxam),2022,b,"Exp) Option b 1s the correct ecswer

The flest Mughal ruler who fought agelnst the British
was Aurangzeb. He engeged In the Anglo-Mughal War
(1686-1690), also known as Child's Wer, permed after Sir
Josieb Child, the governor of the Kast Ladia Company at
the time. The conflict arose due to tensions between the
English East India Company and the Mughal Empire over
trading privileges and taxes, The war saw bettles and
blockedes along the Indlan coast, with the Mughal forces led
by Aurangzeb ultimately achieving victory. The East indie
Company was forced lo concede, pay a fine, and renew trade
privileges ender Aurangzeb's terms. This marked the initlal
clash between the Mughal Empire end the British on the
Indian subcontinent."
147,Where is Sher Shah’s tomb located?,Sasaram,Maner,Sitamarhi,"Pavapuri
(e) None of the above/More than one of the
above",67th BPSC (Pre),2022,a,"Exp) Option a fs the correct emewer.

The tonib of Sher Shah Suri, situated In Sasaram, Bihar, india,
commemorates the founder of the Surt Empire, Constructed

between 1540 and 1545, it features Indo-Islamic architecture
and stands 122 fect high beside on artificial ake. Its unique
square stone plinth design includes domed kiosks, chhateis,
stone banks, and stepped moorlnges. Connected by » wide
stone bridge, the unain octagonal tomb has a 22-meter dome
end ornamental klosks adorned with colored glazed tile
work. Its completion In August 1$4$ marked Sher Shah's
legacy.
Importaat Tips
Qlla-+-Kalne Masjid, Delhi:- Built by Shee Shah Suri in
1541, this mosque was made for people to gather and pray.
The name “Qila-Kuhna® means “Mosque of the Old Fort”.
This beautiful bultding, along with the Shes Mandal, are
the only two structures left from Delhi's Purana Qila,
Shee Shab efso built the famous Grand Trunk Road,
Rohtas Fort in Pakistan, Shee Shah Suri Masjid In Paine,
and the Quilz-e-Quanah Mosque tn Delhi's Old Fort."
148,Who was the founder of the Vijayanagara Empire?,Deva Raya I,Krishnadeva Raya,Harihara-Bukka,"Vira Narasimha Raya
(e) None of the above/More than one of the above",67th B.P.S.C. (Pre),2022,c,"Exp) Option ¢ le the correct answer.
The Vijayenagera Empire was founded in 1336 AD by
Haribara and Bukka, who were brothers. They established
the rule of the Sangama dynasty in Vijayanagers, with the
guidance and insptration of their Guru Vidyaranys. Hampi
was chosen as the capital of the empire, and Harihara became
the first rules of this dynasty.
Importent Tips
Four dynasty of Vijoyenagara Emptre:
Sangam Dynasty (1336-1485 AD)- It was the firet
dynasty of the Vijayanagara Fropire. It wes founded by
Merthace and Bukka, two generals in the Hoysale army.
Saluva Dynasty ((148$-150$ AD)- Satuva Nereelmha
was the first king of this dynasty and Narasiuhe Raye 2
was the greatest king.
Tulova (1505-1570 AD)- The founder of the Tuluva
dynasty in the ViJayanagara Enspire was Totuva Naracs
Nayake, who happened to be Emperor Krichnedevarays’s
father. Krishnadevaraya wos the greatest king In this
dynasty.
Aravidu (1570-1649 AD)- Tirumala Deva Raya was
the founder of this dynesty and It was the fourth and last
dynasty of the Vijayanagar Empire,"
149,Who promulgated Din-i-ilahi?,Babar,Akbar,Jahangir,"Shah Jahan
(e) None of the above/More than one of the above",66th B.P.S.C. Re-Exam (Pre),2020,b,"Exp) Option b is the correct answer,
Akbar was the Mughal emperor who ruled from 1556 to 1605.
He was known for his religious tolerance and his reforms
in administration, taxation, end culture. He founded the
Dio-f Itahi (Divine Monotheism) or Divine Faith, in
1582 as a new syncreiic religion or spiritual program that
combined elements from vaclous religions, such es islem,
Hindulsm, Jainism, Sikhism, Christianity, Zoroastrianism,
and Buddhism.

| Important Tips

| The Din-i [ahi was not a popular or widespread religion,
but rather an elite eclectic movement that never
numbered more than 19 adherents.

° The members of the religion were handpicked by
Akbar according to their devotion to him.

o They included some of his closest friends and
advisers, such as Abw’l-Fazi, Birbal, Faizi, and Abul
Faizi Sirhindi.

e¢ The Din-i [ahi did not survive Akbar’s death in 1605

| and was soon forgotten,

Akbar established Ibadat Khana as a house of worship at

| Fatehpur Sikri in 1575,

He issued an Infallibility Decree in 1579, which asserted

his religious authority over his subjects. It stated that

Akbar had the power to interpret the Islamic law and issue

binding judgments on religious matters."
150,"In medieval India, why was the mansabdari system introduced?",For revenue collection,Facilitating recruitment to the army,None of the above/More than one of the above,Ensuring clean administration,65th B.P.S.C. (Pre),2019,b,"Exp) Option b is the correct answer.

The main purpose of the mansabdari system was to facilitat
the recruitment and management of the army. The Mugha
army had no regimental structure and the soldiers were no
directly recruited by the emperor. Instead, individuals, suc!
as nobles or local leaders, would recruit their own troops
referred to as a mansab, and contribute them to the arm)
he emperor would assign them a mansab rank based o
their merit and loyalty, and pay them accordingly. Th
emperor would also inspect the troops periodically to ensur
their quality and efficiency."
151,"Who among the following rulers divided his troops into units of two hundred, two hundred fifty and five hundred?",Bahlul Lodi,Sikandar Shah,Sher Shah,"Islam Shah
(e) None of the above/More than one of the above",64th BPSC (Pre),2018,e,"Exp) Option e is the correct answer.

Islam Shah implemented significant reforms to maintaii
the efficiency of the army during his rule. He restructure
the cavalry, establishing regular grades in the service an
organizing the troops into units of 50, 200, 250, and 50
soldiers. Additionally, the army was further organized int
larger divisions of 5,000, 10,000, and 20,000 soldiers. Islan
Shah also focused on strengthening the artillery to enhanc
the military capabilities of the empire. To bolster the defens
of the empire, he constructed five new fortresses: Shergarh
Islamgrah, Rashidgarh, Firozgarh, and Mankot.

Sher Shah Suri was a Pashtun general who rebelled agains
the Mughal Empire in the 16th century. He was a skille:
military strategist and administrator, and he introduced
number of reforms to the Mughal army. One of these reform
was to divide the army into units of 200, 250 and 500 men
These units were called sawars, jazawars and hazara
respectively.

Hence option both ( c) and (d) are correct. Thus option (e
“More than one of the above” is the correct answer."
152,Who stated that five thousand to twenty thousand men worked for forty years to build the palace of forty pillars at Allahabad in Akbar’s time?,Manucci,Tavernier,William Finch,"Abdul Hamid Lahori
(e) None of the above/More than one of the above",B.P.S.C. (Pre),2018,c,"Exp) Option ¢ is the correct answer.

William Finch was an English merchant in the service of Eas

India Company and he travelled along with Captain Hawkins.
He travelled during the reign of Jehangir. He stated that five
thousand to twenty thousand men worked for forty years to
| build the palace of forty pillars at Allahabad in Akbar’s time.
| [ Important Tips
* In 1612, Jehangir confirmed the privileges to Finch
and Hawkins and EIC in that year established the first
factory at Surat.
¢ William Finch is one among the traveler, cited by the
Supreme Court of India in Ayodhya Verdict Case.
| ¢ Finch visited Ayodhya between 1608 and 1611 and did
not find any building of importance of Islamic origin."
153,Who was the ruler of India when the English East India Company was formed?,Aurangzeb,Akbar,Jahangir,"Humayun
(e) None of the above/More than one of the above",63rd B.P.S.C (Pre.),2017,b,"Exp) Option b is the correct answer.
Akbar was the ruler of India when the English East India
Company was formed. ‘he English East India Company was
| formed on December 31, 1600, by a royal charter from Queen
Elizabeth I of England. The company was established to trade
with the East Indies, which included the Indian subcontinent
and Southeast Asia. Akbar died in 1605, and was succeeded
: by his son Jahangir, who received the first English ships
| that arrived in India in 1608. Jahangir allowed the company
to establish a factory at Surat, which became its first foothold
| in India."
154,The remains of Vijayanagara empire are found in-,Bijapur,Golconda,Hampi,"Baroda
(e) None of the above/More than one of the above",63rd B.P.S.C. (Pre.),2017,c,"| Exp) Option c is the correct answer.
: Hampi’s ruins are a reflection of the Vijayanagara empire,
: founded in 1336 by Harihara I and Bukka Raya I. The
empire fell in the Battle of Taliketa in 1565. The credit
for bringing Hampi’s ruins to light in 1800 goes to Colonel
Colin Mackenzie, an engineer and antiquarian working for
the English East India Company.
;"
155,Which among the following King’s reign Persian traveller ‘Abdur Razzak’ came to India?,Dev Rai I,Krishnadeva Raya I,Dev Rai II,"Krishna Rai II
(e) None of the above/More than one of the above",60th to 62nd B.P.S.C. (Pre),2016,c,"| Exp) Option c is the correct answer.
! Abdur Razzak was a Persian traveler who visited India in the
15th century. He was the ambassador of the Shah Rukh of
the Timurid dynasty to the Vijayanagara Empire. He visited
the empire during the reign of Deva Raya II of the Sangama
dynasty.
Important Tips
Razzak’s travelogue, Matla-us-Sadain wa Majma-ul- |
| Bahrain, is a valuable source of information about the |
! Vijayanagara Empire. He described the empire’s military,
economy, and culture. Razzaq reported that the empire
| of Deva Raya II stretched from Ceylon to Gulbarga and
from Orissa to Malabar. He also described the city of
Hampi, which was the capital of the Vijayanagara Empire
| at the time."
156,Who was the founder of Bahamani Kingdom?,Alauddin Hasan,Firuz Shah,Mahmud Gaonwa,"Asaf Khan
(e) None of the above/More than one of the above",60th to 62nd B.P.S.C. (Pre),2016,a,"Exp) Option a is the correct answer
Alanddin Hasan was a Turko-Afghan military general who
| served in the Delhi Sultanate. He was a capable administrator

ond 8 skilled military leader. In 1347, he rebetled against
the Delht Suitenate and foanded the Bahmant Sultanate.
Importoal Tips

« Swlten Piru Shah Tughlaq, a evler from the Tughlaq
dynesty, reigned over the Delhi Sultanate from 1351
to 1388. Ele reluctantly took power afler Muhammad
bin Tughlaq’s death. His realm was smaller due 19
rebellions, and he grented virtual independence to
Benga! and other provinces, while enforcing Sharia
law.

° Mahmud Gawaa/Gaoaowe, a prime minister be
the Bahmant Sultanate during the relgn of Sultan
Muhammad Shah (11, hailed from Persia. Well-versed
In Islamic theology, Persian, and Mathematics, he was
else a respected poct and prose writer. He served as
& trusted and competent general, administrator, and
patron of art and poetry.

© Abu’l-Hosan, known as Asaf Khan, was the Grand
Vizier of Mughal einperor Shab Jahaa. He also
served os the vakil of Jahangir. He was the father of
Momtaz Mahal, Shah Jahan’s chief consort, and the
older brother of Empress Nut Jahan, Jahangir’s chief
consort,"
157,Who was the commander of Rana Pratap’s army in the Battle of Haldighati?,Amar Singh,Man Singh,Hakim Khan,Shakti Singh,56th to 59th B.P.S.C. (Pre),2015,c,"Exp) Option c is the correct answer.

The con:mandee of Rane Pratap’s army was Hakim Khan,
who fought valorously with him In the Battle of Haldighatt
(between the ersoles of Moharane Pratap, and the Mughal
emperor Akbar's forces, led by Man Singh I of Amber)
and died in 1576. Hakim Khen was a Pathan chief from
Afghanistan, who had settled in Mewar and became a loyal
supporter of Rane Pratap. He led the vanguard of the Mewar
army, which consisted of about 800 cavalrymen and 400 Bhil
archers, He cherged at the Mughal army with great courage
and skill, but was eventually killed by @ musket shot from the
Mughal ranks,"
158,Who of the following Muslim rulers abolished the pilgrimage tax?,Bahlul Lodi,Sher Shah,Humayun,Akbar,53rd to 55th B.P.S.C. (Pre),2011,d,"Exp) Option d is the correct answer,

Akbar was the third Mughal emperor who ruled from 1556
to 1605. He was known for his religious tolerance and
his reforns in administration, texation, and culture. He
abolished the pligelmage tax on Hindus ta 1563, as he
found it morally wrong and arbitrary

The pilgrimage tax was a tex Imposed on Hindus by the
Muslim rulers for endertaking © Journey to « religlous
or sacred place. It was considered a discelminatory and
oppressive measure that violated the freedom of conscience
and worship of the non-Muslim subjects. Akbar's abolition
of the pilgrimage tax was one of his steps to create a
harmonious and Inclusive empire that respected all faithe
ond communities."
159,Who among the following has constructed mausoleum for his emperor husband?,Shah Begum,Haji Begum,Mumtaz Mahal Begum,Nurnissa Begum,48th to 52nd B.P.S.C. (Pre),2008,b,"Exp) Optton b la the correct answer.

Hajl Begum, the wife of the Mughal Emperor Humayun,
constructed the mausoleum knaown as “Humayun's Tomb”
tn Delhi, India, The tomb was built In memory of her
husband after bis death In 1556. It is an iconte architectural
masterplece, ls @ UNESCO World Heritage Site, and it was
the first gecden-tomb on the Indian subcontinent that was
considered a precursor to the Taj Mahal, which wae built
later by Emperor Shah Jahan for his wife, Mumtaz Mahal."
160,Itmad-ud-Daula’s tomb at Agra was built by-,Akbar,Jahangir,Nur Jahan,Shah Jahan,48th to 52nd B.P.S.C. (Pre),2008,c,"Exp) Optton ¢ is the correct answer.
‘The tomb of Ithmad-ud-Daulad cests by the Yamuna River
In Agra ond was built by Mughal queen Noor Johan, Emperor
Jahangis’s wife. 11's often called a prototype of the Ta] Mahal
and is known for introducing the pietra dura technique with
semipreclous stones, The tomb was built in the early 17th
century, and It is considered to be 6 transitional structure
between the red sandstone architecture of Akbac’s reign and
the white marble architecture of Shah Jahan's relga.
Important Tips

Jahangie’s conteibutton to the Mughal’s Architecture:

+ Akbar's Mausoleum at Sikendara was completed:
The mausoleum ts a square structure with four
minarets at each comer. The central chamber contains
Akbar's tomb, which Is made of white marble. The
mausoleum is surrounded by a garden, which is also
designed in the Mughal style.

« Moth Majid (Labore) - Jahangir Mott Masjid, also
known as the Pearl Mosque, 1s a i71h-century mosque
located fnslde the Lahore Fort in Lahore, Pakistan.
It was built by Mughal emperor Jahangir between
1630 and 1635. The mosque is a small, white marble
ateucture with & slngle dome and four minarets. The
interior is decorated with Iutricate carvings and
mosaics. The mosque was later modified by Shah
Jahan,

o Shalimar Begh (Srinagar) Jahangir Shalimar Bagh
is o Mughal Garden located In Srinagar, Jammu and
Kashmir, indle, ft was built by Mughal emperor
Jahangir in 1619 for his wife Noor Jahon, , The gerden
ts divided into three terraces, cach of which is linked
by a secies of water channels."
161,The meaning of word 'Batai' during Medieval period was?,Religious Tax,System of calculating revenue,Wealth tax,Property tax,48th to 52nd B.PS.C. (Pre),2008,b,"Exp) Option b ts the correct enswer.

The word “Batel” during the Medieval period referred
to the “Systens of calculating revenue” This system, also
known es Galle-bekhshi, was a method of crop-sherlog
preveleat during the Mughal peciod. {a this system, the
harvested produce was divided into three shares, with one
share being collected by the state as revenue. Peasants had
the flexibility 10 pay tice ducs In either cash or kind.

Important Tips
| During the rule of Akbar and his successors, three distinct
! systems of revenue assessment were in practice: Batai
| or Galla-bakhshi System, Kankut System, and Nasaq
System,
« Kankut System: The Kankut system, another
. traditional method, estimated the yield (kut) based on
on-the-spot inspections, instead of physically dividing
the grain (kan). A fixed portion - one-third of the
estimated produce - was established as the state’s
share. This method relied on practical inspections and
historical data to arrive at an approximate estimate of
the harvest.
eo Nasaq System: Prevalent mainly in the Mughal
Empire’s Bengal region, the Nasaq System operated
based on rough calculations derived from peasants’
| past revenue records. Unlike the previous systems, it
! didn’t require direct measurements but used existing
: records to ascertain the area under cultivation."
162,In the Mughal administration ‘Muhtasib’ was-,Military Officer,Head of Foreign Affairs,an Officer-in-Charge of public morals,Officer of Correspondence Department,47th B.PS.C. (Pre),2005,c,"Exp) Option c is the correct answer.
‘The Muhtasib was an officer in the Mughal administration
who was responsible for enforcing Islamic law and
maintaining public morals. He was also responsible for
inspecting markets and ensuring that weights and measures
were accurate. ‘The Muhtasib was a powerful figure in the
Mughal administration, and he was often feared by the
people."
163,Who introduced ‘Do-aspa and Sih-aspa’ system?,Akbar,Jahangir,Shah Jahan,Aurangzeb,46th B.P.S.C. (Pre),2004,b,"Exp) Option b is the correct answer.
The Do-aspa and Sih-aspa system was a system of military
ranks introduced by the Mughal emperor Jahangir in the
{0th year of his reign (1611 CE). lt was a system whereby the
selected nobles could be allowed to maintain a larger quota
of troopers, without raising their Zat rank. The system was
popular as ‘du-aspa’ (a trooper with two horses) or ‘sih-
aspa’ (a trooper with three horses) system. A nobleman
with a mansabdar position holding a zat rank of 3000, along
with 3000 cavalrymen assigned with the two-horse and
three-horse system, would be responsible for overseeing a
contingent of 6000 soldiers."
164,‘Madad-i-Mash’ indicates in Mughal administration—,‘Toll Tax,Revenue free land granted to learned person,Pension provided to military officials,Cultivation Tax,46th B.P.S.C. (Pre),2003,b,"Exp) Option b is the correct answer.
‘Madad-i-Mash’ refers to the practice in Mughal
administration where revenue-free land grants were given
to learned individuals, scholars, and religious divines.
These grants provided them with a source of livelihood and
encouraged their contributions to suciety, helping maintain
social harmony and integration within the empire."
165,Which of the following rulers at first assumed the title of 'Hazrat-e-Ala' and afterwards ‘Sultan’?,Bahlul Lodi,Sikandar Lodi,Sher Shah Suri,Islam Shah Suri,"44th B.P.S.C, (Pre)",2000,c,"Exp) Option c is the correct answer.
Sher Shah, the founder of the Sur Empire in the northern
part of the Indian subcontinent, achieved significant

victories. Ile defeated Nusrat Shah, the Sultan of Bengal,
when the latter attacked south Bihar. Sher Shah then became
the de facto ruler of south Bihar and took on the title of
Hazrat-i-Ala. Additionally, he triumphed over Humayun in
the Battle of Chausa in 1539 A.D., after which he assumed
the title of Sher Shah Sultan-i-Adil."
166,The meaning of ‘Jihad’ carried on by Aurangzeb is-,Darul-Harb,Dar-ul-Islam,Holy War,Jizya,43rd B.P.S.C. (Pre),1999,b,"Exp) Option b is the correct answer
Aurangzeb’s interpretation of ‘Jihad’ refers to the concept
of ‘Dar-ul-Islam, which means the “House of Islam” or
the territory where Islamic law and governance prevail.
Aurangzeb sought to establish and expand the Islamic rule
within his empire, enforcing Islamic laws and practices in
alignment with his understanding of ‘Dar-ul-Islam’
Important Tips |
Major religious divisions
|e Dar al-Islam: Refers to territories under Muslim
sovereignty, where both Muslims and non-Muslims
reside. Non-Muslims, known as dhimmis (Zimmis),
have partial civil rights and pay the jizya tax. Muslims
and non-Muslims enjoy security and are protected
from attack. Constitutional charters regulate relations,
and non-Muslims have access to Islamic courts if
| desired.
¢ Daral-’Ahd: Territories with a treaty of non-aggression
or peace with Muslims. Hanafi scholars argue that
such territories, protected by dar al-Islam, effectively
become part of it. Muslims must respect peace treaties
and protect these territories and their people.
¢ Dar al-harb: Lands without a treaty of non-aggression
or peace with Muslims. It refers to a territory that is not
ruled by Muslims and where Islamic law is not applied.
No clear mention in the Quran or Hadith. The concept
emerged historically, driven by events like the Battle
of ‘Tours. Under the classical doctrine, Muslim rulers
i aimed to bring dar al-harb under Islamic sovereignty."
167,"With whom the king of Vijayanagara,Krishnadeva Raya fought the battle of Golconda?",Quli Qutb Shah,Qutbuddin Aybak,Ismail-Adil Khan,Gajapati,43rd B.P.S.C. (Pre),1999,a,"Exp) Option a is the correct answer.
Krishnadevaraya fought the Battle of Golconda through
his Prime Minister Timmarusu in 1531 against Quli Qutb
Shah, the founder of the Qutb Shahi dynasty of Golconda.
The battle was a victory for Krishnadevaraya, and it helped
to consolidate the power of the Vijayanagara Empire in the
Deccan,"
168,"Arrange properly as per dates of four important battles fought by Humayun, the names of battlefields are given below-","Chausa, Devara, Kanauj, Sirhind","Devara, Kanauj, Chausa, Sirhind","Sirhind, Devara, Chausa, Kanauj","Devara, Chausa, Kanauj, Sirhind",41st B.B.S.C. (Pre),1996,d,"Exp) Option d is the correct answer.
Battle of Devara (1532 AD)- It was fought between Humayun
and his brother Kamran. Humayun was victorious, and he
was able to consolidate his power in India.
Battle of Chausa (1539 AD)- It was fought between
Humayun and Sher Shah Suri. Humayun was defeated, and
he was forced to flee India.

Battle of Kanauj (1540 AD)- it was fought between
Humayun and Sher Shah Suri again. Humayun was defeated
again, and he was forced to flee India for the second time.
Battle of Sirhind (1555 AD)- It was fought between
Humayun and Sher Shah Suri’s son, Islam Shah Suri.
Humayun was victorious, and he was able to regain the
Mughal throne.
Important Tips
Other Battle of Humayun: |
Battle of Hisar Firzoa (1526)- It took place in Hisar, |
Haryana, India, where Babur and his son Humayun |
faced off against the Afghan forces led by Hamid Khan. |
Humayun, who was only cighteen years old at the time,
achieved a significant victory in this battle.
First Battle of Panipat (12 April 1526)- Uumayun, with
support from his father’s trusted generals, played a crucial
roie in the Gurkani victory, despite being outnumbered
by the Afghans. Babur’s effective use of fircarms was a
key factor in the decisive outcome.
Siege of Agra (4 May 1526)- Humayun followed his father
Babui’s orders aind advanced towards the region of Agra, |
which was the second capital of the Afghans. He then |
laid siege to the fort, awaiting his father’s arrival. |
| Battle of Kanpur (1526)- To ease his father’s burdens,
' Humayun volunteers to crush Afghan opposition in
Kanpur. The terrified Afghans flee, and Humayun |
captures Janpura. He initiates conciliatory negotiations
_with Afghan nobles, achieving partial success.
Battle of Khanwah (17 March 1527)- Recalled by Babur |
to join the main army, Humayun forms Babur’s right wing |
in the battle against the brave Rajput king, Rana Sunga.
The Battle of Khanwah is remembered for Babur’s vow |
to abstain from alcohol, followed by a fortunate victory. |
Although Rana Sunga initially defeats the Gurkeni |
vanguard, the Gurkanis ultimately prevail in the hard- |
fought encounter, breaking the myth of invincibility |
surrounding the Rajputs’ martial prowess. |"
169,Who was the last Mughal Emperor to sit on Mayur Singhasan?,Shah Alam I,Muhammad Shah,Bahadur Shah,Jahandar Shah,40th B.P.S.C. (Pre),1995,b,"Exp) Option b is the correct answer,
The Peacock Throne was a famous jeweled throne that was
the seat of the Mughal emperors of India. Muhammad
Shah (1719-48) was the last Mughai Emperor to sit on
the throne. Jn 1739, Nadir Shah completed his conquest
of Mughal empire by capturing Delhi and took the peacock
throne, along with other treasures, to Persia.
Important Tips i
Peacock Throne: |
o It was a famous jeweled throne that was the scat of the |
Mughal emperors of India.
© The Peacock Throne of Shah Jahan, being covered by |
a large number of rare stones and pearls and made of }
gold, was immensely expensive. Therefore, it was a |
signifier of the wealth and prosperity of the Mughal
; Empire.
eS

It was commissioned in the carly J 7th century by Emperor i
Shah Jahan and was located in the Diwan-i Khas in the |
Red Fort of Dejhi. |"
170,Identify the first ruler of Vijayanagar who captured Goa from Bahamani’s?,Harihara I,Harihara-II,Bukka-II,Devaraya-lI,"40th B.P.S.C, (Pre)",1995,b,"Exp) Option b is the correct answer.

Harihara l1 was the second ruler from the Sangama dynasty

of the Vijayanagara Empire. He ruled from 1377 to 1404.

In 1380, Harihara JI captured Goa from the Babmani

Sultanate. This was a major victory for the Vijayanagara

Empire, as Goa was an important trading port."
171,The main reason for Babur’s victory in the battle of Panipat was-,His horse-riding force,His skilled warfare,Tulghuma system,Internal disputes among Afghans,39th B.P.S.C. (Pre),1994,b,"Exp) Option b is the covrect answer,

The main reason for Babur’s victory in the battle of Panipat

was his skilled warfare ability. Babur also used tactics of

war fighting such as Lulughma and Araba that led him to

victory. In Tulughma system, the whole army was divided

into various units, viz, the Left, the Right and the Centre.

The Left and Right divisions were further subdivided into

Forward and Rear divisions. Through this a small army

could be used to surround the enemy from all sides. Whereas

in Araba system, carts (araba) with animals are placed in

rows facing the enemy and tied to each other. Behind the

carts, cannons were placed which could be fired without any

fear of being hit as they were shielded by the bullock carts.

His war fighting skills made his around 15,000 men more

dominant than force of Ibrahim Ledi which was around

30,000 to 46,000 men in total, along with at least L000 war

elephants."
172,Zabti system was introduced by-,Ghiyasuddin Tughlug,Sikandar Lodi,Sher Shah,Akbar,39th B.B.S.C. (Pre),1994,d,"Exp) Option d is the correct answer,

Akbar introduced the Zabti system in 1580-82 to case the

problems resulting from the setting of prices every year and

the settlement of revenues of previous years.

lmnportant Tips |
The Zabti system was a system of land revenue collection

; that was based on the measurement of land and the
average yield of crops.
It was devised by Raja ‘lodar Mal, who was Akbar’s finance |

; minister and a brilliant administrator, He conducted a i

| detailed survey of crop yields and prices over a ten-year |
period using the systers known as Dashala System, |

| The average produce of various crops was calculated :
and the state received one-third of it as its share. The |
revenue was collected in cash or kind according to the |
convenience of the peasants.
The Zabti system helped Akbar to increase his revenue

| resources and ensure a fair and efficient collection from

; the peasants. It also encouraged agricultural production |

and trade in his empire"
173,What was the root of the dispute between the Shah of Iran and Mughal rulers?,Kabul,Qandahar,Kunduz,Ghazni,39th B.P.S.C. (Pre),1994,b,"Exp) Option b is the correct answer.

Qandahar is a city in southern Afghanistan that has been

contested by various powers throughout history. In the 16th

Traeasreau FAY. 1.3... 13.

and 17th centuries, it was a bone of contention between
the Mughal Empire and the Safavid Empire of Iran, The
Mughals controlled Qandahar for most of the 16th century,
but it was captured by the Safavids in 1558. The Mughals
tried to retake Qandahar several times, but they were
unsuccessful. In 1622, the Mughal Emperor Jahangir finally
captured Qandahar, but it was recaptured by the Safavids in
1638.
Important Tips |
| Importance of Qandahar for Mughals and Shah of Iran:
* Strategic defense for Kabul, with a strong fort and
water supply.
e Key crossroads between Kabul and Herat, dominating
southern Afghanistan.
}® Crucial in Kabul-Ghazni-Qandahar defensive line. !
| e Facilitated control over Afghan and Baluch tribes.
; «© Vital trade hub after Akbar’s expansion into Sindh and.
| Baluchistan.
+ Trade route to Multan, bypassing disruptions in Iran,
| boosted commerce. |
(
;« Akbar’s alternative pilgrimage and trade route |
highlighted its significance. |"
174,Saranzami system was related to-,Land revenue system of Maratha,Taluqdari system,Qutb Shahi administration,None of the above,39th B.B.S.C. (Pre),1994,a,"Exp) Option a is the correct answer.
Saranjam refers to a land revenue system that was prevalent
in the Maratha Empire. It was a method of land assignment
used to compensate big officials and military commanders in
lieu of their salaries.
Important Tips
Talugdari system: The Taluqdars were wealthy fandowners
| who formed part of the ruling class during the Mughal
; empire and British times. ‘These were developed partly as
a zamindari management technique and in the claim asa
fiscal policy mechanism to raise zamindari revenues for |
specified uses. :
i a 0 ed"
175,What was the chief characteristic of the financial system of Vijayanagara Empire?,Surplus rent,Land Revenue,Income from seaports,Monetary system,39th B.P.S.C. (Pre),1994,b,"- Exp) Option b is the correct answer.
The chief characteristic of the financial system of Vijayanagara
Empire was land revenue, which was administered by a
department called Athavane. For assessment purposes, land
was divided into sections: wet land, dry land, orchards, and
woods. The amount of land revenue collected ranged from
one-sixth to one-fourth of the total agricultural output."
176,"Consider the following statements related to the mughal emperor Akbar and choose the correct answer:
Statement I: “Tansen’ was the title given to Rambali Pandey by the Mughal emperor Akbar.
Statement II: Akbar was married with the sister of Raja Man Singh.
Statement III: Abul Fazl was the author of ‘Ain-i- Akbari’.
Statement IV: Raja Todarmal was the commander- in-chief of Akbar’s army.

Code:",Only Statement I and II are correct,Only Statement III and IV are correct,Only Statement III is correct,Only Statement IV is correct,Chhattisgarh P.C.S. (Pre),2029,c,"Exp) Option c is the correct answer.
Statement I is incorrect: Tansew was not the title given to
Rambali Pandey by Akbar, but by Raja Ramchandra Singh
of Rewa, who was his patron before he joined Alkbar’s court.
Akbar gave him the title of Mian, meaning learned man.
Statement II is incorrect: Akbar was not married with
the sister of Raja Man Singh, but with the daughter of Raja

Bharmal of Amber, who was Man Singh’s grandfather. Her
name was Mariam-uz-Zamani, and she was also known as
Jodha Bai.

Statement II] is correct: Abul Fazl was the author of Ain-
i-Akbari, which was the third volume of his magnum opus,
the Akbarnama. The Ain-i-Akbari was a detailed account
of Akbar’s administration, policies, culture, religion, army,
geography, and biography. It also contained a comprehensive
description of the Mughal Empire and its provinces,
Statement IV is incorrect: Raja Todarmal was finance
minister Akbar and one of the Navaratnas (nine jewels)
of his court. He introduced a new system of land revenue
collection and assessment known as zabt or dahsala,"
177,Who of the following rulers constructed a road from East Bengal to Peshawar called Sadak-e-Azam?,Akbar,Jahangir,Islamshah,Sher Shah,Chhattisgarh P.C.S. (Pre),2018,d,"Exp) Option d is the correct answer.
The Grand Trunk Road, also known as Sarak-e-Azam,
Uttarapath, Sarak-e-Sher Shah, and Badshahi Sarak, holds
a prominent place as one of the oldest and longest major
roads in Asia, With a history dating back at least 2500 years,
it has served as a crucial link between Central Asia and the
Indian subcontinent, The road stretches approximately
2400 kin, connecting Teknaf, Bangladesh, at the Myanmar
border, to Kabul, Afghanistan. Along its route, it passes
through significant cities such as Chittagong and Dhaka in
Bangladesh, Kolkata, Allahabad, Delhi, and Amritsar in
India, and Lahore, Rawalpindi, and Peshawar in Pakistan."
178,Among the following which is a composition of Darasikoh?,Tabakat-e-Nasiri,Kitab-ul-Hind,Tahakik-e-hind,Mazzmaul Bahainna,Chhattisgarh PCS (Pre),2018,d,"Exp) Option d is the correct answer.
Mazzmaul Bahainna is a Persian treatise written by Dara
Shikoh, the eldest son of the Mughal emperor Akbar.
The title of the treatise, Majmaul Bahainna, means “The
Confluence of Two Oceans”. This is a reference to the
confluence of Hinduism and Islam, which Dara Shikoh
believed were two complementary paths to the same truth.
Majmaul Bahainna is divided into two parts. The first part
is a discussion of Hindu philosophy, and the second part is
a discussion of Islamic philosophy. Dara Shikoh compares
and contrasts the two philosophies, and he argues that they
are fundamentally the same.

Important Tips
Other treatise of Dara Sukoh:
¢ Risala-i-llahi - A Persian treatise on Sufism, which
discusses the concept of divine unity.

¢ Risala-i-Sulh-i-kul - A Persian treatise on religious
| tolerance, which argues for the need for peace and
understanding between different religions."
179,"The following were the Officers in the ‘Ashtapradhan’ of Shivaji: 
1. Mazumdar
2. Dabir
3. Waknis
4. Surnis
Select the correct answer:","1,2,3","2,3,4","1,2,4","1,3,4
(e) 1,2,3,4",Chhattisgarh P.C.S. (Pre),2017,e,"Exp) Option e is the correct answer.
There is a group of eight ministers in the Maratha Empire
called Ashtapradhan. It was an administrative and advisory
council set up in 1674 by the Maratha leader Chhatrapati
Shivaji. Mazumdar, Dabir, Waknis and Surnis were
members of Ashtapradhan.

Important Tips i
| The Ashta Pradhans were as follows: |
¢ Mukhya Pradhan or Pesliwa - The Prime Minister
» Amatya or Mazumdar - The finance minister
0 Shuru Nawis/Sachiv - Home secretary
e Walkia-Nawis - Intelligence, posts and household
affairs.
¢ Sar-i-Naubat or Senapati - Commander-in-Chief of |
| armed forces |
'« Sumant/Dabir - The Foreign Minister
« Nyayadhish ~ The Chief Justice |"
180,Which of the following was the first capital of the Bahamani Kingdom?,Bidar,Gulbarga,Daulatabad,Hussainabad,Chhattisgarh P.C.S (Pre),2014,b,"Exp) Option b is the correct answer
Gulbarga, in Karnataka, India, was the first capital of the
Bahmani Sultanate founded in 1347 by Alauddin Hasan
Bahman Shah. With historical and cultural significance, it
houses mosques, tombs, and architectural marvels, reflecting
its past as a prominent Muslim sultanate’s capital."
181,"Match list-I (Mughal Ruler) with list-II (Place of Tomb) on the basis of codes: 
List-I              List-II
A. Babur            1. Delhi
B. Humayun          2. Kabul
C. Akbar            3. Lahore
D. Jahangir         4. Sikandara
Code:
A B C D",1 2 3 4,2 1 4 3,3 4 1 2,4 3 2 1,Chhattisgarh P.C.S. (Pre),2008,b,"Exp) Option b is the correct answer
Babur was the founder of the Mughal dynasty, who ruled
India from 1526 to 1530. He was born in Fergana, a region in
Central Asia, and he conquered Kabul and Ghazni in 1504.
He invaded India in 1526 and defeated [brahim Lodi at the
First Battle of Panipat. He died in 1530 and was initially
buried in Agra, but his body was later moved to Kabul, as
per his wish. His tomb is located in the Gardens of Babur,
which he had developed as a pleasure resort during his
lifetime.
Humayun was the son and successor of Babur, who ruled
India from 1530 to 1540 and again from 1555 to 1556. He
faced many challenges from his brothers and rivals, and he
was defeated by Sher Shah Suri at the Battle of Kannauj in
1540. He fled to Iran and sought refuge from the Safavid
dynasty. He returned to India in 1555 with the help of the
Safavids and regained his throne. He died in 1556 after
falling from the stairs of his library. His temb was built by
his widow Bega Begum in Delhi, and it is considered to be
the first example of Mughal architecture.
Akbar was the son and successor of Humayun, who ruled
India from 1556 to 1605. He is widely regarded as one of
the greatest rulers in indian history, and he expanded his
empire to cover most of northern India. He was known for
his religious tolerance, administrative reforms, cultural
diversity, and patronage of arts and sciences. He died in 1605
and was buried in Sikandara, near Agra. His tomb was built
by his son Jahangir, who completed the construction in 1613.
The tomb is a four-tiered pyramid with a marble cenotaph
on top.
Jahangir was the son and successor of Akbar, who ruled
India from 1605 to 1627. He was a lover of nature, art, and
ara

architecture, and he continued the policies of his father. He
married Nur Jahan, who became a powerful and influential
empress. He died in 1627 on his way back from Kashmir.
Wis tomb was built by Nur Jahan in Lahore, Pakistan. The
tomb is a square structure with four minarets at the corners
and a large dome in the center."
182,"Arrange the following battles of the Mughal period in chronological order-
1. Battle of Ghaghra
2. Battle of Khanwa
3. Battle of Chausa
4, Battle of Samugarh
Select the answer from the codes given below:","2,1, 3 and 4","1,3, 2 and 4","3,2, 1 and 4","2,3, 1 and 4",Chhattisgarh P.C.S. (Pre),2008,a,"Exp) Option a is the correct answer
The Correct Answer is 2, 1, 3, 4
The Battle of Khanwa was a decisive engagement between
the Mughal forces under Babur and the Rajput alliance under
Rana Sanga of Mewar. The battle was fought on 16 March
1527.
The Battle of Ghaghra, fought in 1529, was a major battle
for the conquest of India by the Mughal Empire. It followed
the first Battle of Panipat in 1526 and the Battle of Khanwa
in 1527. It was fought between Mughal forces under Babur
against the Sultanate of Bengal under Sultan Nusrat Shah.
The Battle of Chausa was fought between Mughal Emperor
Humayun and Sher Shah Suri (Sher Khan). The battle took
place on June 26, 1539.
Battle of Samugarh (May 29, 1658), decisive struggle in
a contest for the throne between the sons of the Mughal
empcror Shah Jahan after the emperor's serious illness in
September 1657. The battle was fought between the princes
Aurangzeb and Murad Bakhsh, third and fourth sons of
the emperor, on the one side, and the eldest son and heir
apparent, Dara Shikoh, on the other"
183,Which ruler of Vijayanagara had sent his ambassador to the emperor of China?,Hariharaa-I,Bukka-I,Krishnadcva Raya,Saluva Narasimha,Chhattisgarh P.C.S. (Pre),2008,b,"Exp) Option b is the correct answer.
Bukka I, the ruler of the Vijayanagara kingdom, sent his
ambassador, Gangaram, to the emperor of China of Ming
dynasty. The purpose of the embassy was to establish
diplomatic relations between the two empires and to
promote trade. The embassy was successful in achieving its
objectives. ‘he Chinese emperor was impressed by the envoy
and granted him a number of gifts. The lwo empires also
agreed to establish regular trade relations. The embassy of
Gangaram is significant because it was the first time that
a Hindu ruler of India had sent an ambassador to China.
It marked the beginning of a new era of cooperation and
understanding between the two countries. He was known for
defeating the rulers of Arcot and the Reddis of Kondavidu.
Bukka J also focused on developing the capital by constructing
a fort and temples and promoting agricultural activities."
184,Who was Nicolo Conti?,A famous painter,An Italian traveller who visited Vijayanagara empire,A Portuguese traveller,A Persian traveller,M.P.P.C.S. (Pre),2016,b,"Exp) Option b is the correct answer.
Nicolo Conti was an italian traveller who visited Vijayanagara
Empire during the reign of Devaraya I of the Sangama
Dynasty.

wearer e FAY... ..31.7. . 1.

| Important Tips
| Soine of the Foreign Travellers who visited Vijayanagar
| Empire.
| ¢ Nicolo Conti- An Italian merchant, scholar, and
traveler, he journeyed to the Vijayanagara Kingdom in
the era of Dev Raya II. His experiences are documented
in the Travels of Nicolo Conti.
« Abdur Razzaq- A Persian scholar and Timurid
, chronicler, he acted as an envoy from Shah Rukh, |
the Persian ruler of the Timurid dynasty, during the |
reign of Dev Raya II in the Vijayanagara Kingdom. His
observations on the rule of Devaraya II are recorded ,
in his work “Matla as-Sadain Wa Majma ul-Bahrain.” ,
¢ Nikitin- The initial Russian merchant and traveler to
explore India, he depicted the state of the Bahamani
kingdom during Muhammad III’s rule in his “Voyage
to India.”
« Duarte Barbosa- A Portuguese author, scribe, and
adventurer, he provided a detailed portrayal of
| Vijayanagara’s administration during Krishna Deva
Raya’s rule in his book titled “An Account of Countries
Bordering the Indian Ocean and their Inhabitants”
+ Domingo Paes- A Portuguese trader, author, and
explorer, he journeyed to India and provided the most
comprehensive records among all historical depictions
| of the ancient city of Hampi, which was ruled by the
Vijayanagara Empire under Krishna Deva Raya."
185,What was the name of Shivaji’s Guru?,Ramdas,Tukaram,Vaman Pandit,Gaga Bhatt,M.P.P.C.S. (Pre),2016,a,"Exp) Option a is the correct answer.
Ramdas was the religious guru of Shivaji. He was an Indian
Hindu saint, philosopher, poet, writer and spiritual master.
However, some factions consider his mother Rajmata Jijabai
the guru of Chatrapati Shivaji. As the name of Jijabai is
not given in any option. So, the most appropriate answer is
Ramdas."
186,Which Mughal emperor is known by the name of ‘Rangila’?,Farrukh Siyar,Rafi-ud-Darazat,Muhammad Shah,Rafi-ud-Daula,M.P.P.C.S. (Pre),2014,c,"Exp) Option c is the correct answer.
Muhammad Shah was a Mughal emperor who ruled from
1719 to 1748. He was the fourth son of Bahadur Shah-I. At
the age of 17, he gained the kingdom with the support of the
Sayyid brothers. He was sometimes known as Rangila or
Shah Rangila. He was a pleasure-seeking Mughal emperor
of India. Due to his pleasure-loving attitude, he was called
Rangila. He was a huge supporter of the arts, particularly
musical, artistic, and administrative advancements. He
composed poctry using the pen name ‘Sada Rangila’. [le is
credited with founding Islamic educational institutions like
Maktabs. The Quran was first translated into simple Persian
and Urdu during his rule.

Important Tips

Rafi-ud-Darazat (1719): He was installed as the monarch
by the Saiyyad brothers. In actuality, the Saiyyad brothers
installed three young princes on the throne within a short
eight-month period. He died within four months as a
result of alcohol drinking. Nikusiyar, the grandson of
aurangzeb, rebelled during his rule and took the throne at
agra with the help of mitrasen (a nagar brahmin).
Rafi-ud-Daula (1719): Nikusiyar was imprisoned by
Hussain Ali Khan (the Saiyyad brother), who invaded
Agra. Shah Jahan I] was the title given to Rafi-us-Daula.
Despite this, he was never allowed to venture out of the
Red Fort. He reigned for a little time before passing away
from Tuberculosis."
187,Which of the following Mughal Emperors introduced educational reforms?,Jahangir,Shah Jahan,Humayun,Akbar,M.P.P.C.S. (Pre),2014,d,"Exp) Option d is the correct answer.

Mughal Emperor Akbar introduced educational reforms.

He revised the educational syllabus, laying more emphasis

on moral education and mathematics and on secular

subjects such as agriculture, geometry, astronomy, logic, and

history. He also introduced a system of free and compulsory

education for all children, regardless of their religion or

caste. He established a large number of schools and colleges

throughout his empire, and appointed qualified teachers and

scholars to run them. He also encouraged the translation of

various works from Sanskrit, Arabic, Greek, and Persian into

Persian, which was the official language of his court."
188,The famous Hazara temple of Vijayanagara was built during the reign of-,Krishnadeva Raya,Deva Raya-I,Deva Raya-II,Hariharaa-I,M.P.P.C.S. (Pre),2014,c,"Exp) Option c is the correct answer.

The Hazara Rama Temple was built in the early 15th century

by Devaraya II, It was initially a simple structure comprising

a sanctum, a pillared hall, and an ardha (half) Mandapa.

However, it was later remodeled to include an open veranda

and elegant pillars, enhancing its grandeur.

important Tips

The Hazara Rama temple is literally translated as “a
thousand Rama temple,” indicating the abundance
of heirlooms depicting the dominant deity, Rama. Its
walls are adorned with carvings of the Ramayana, while
the outer walls feature relics of Rama and Krishna,
including parades of royal horses, elephants, servants,
combatants, and dancing women celebrating the Dasara
festival. These relics are among the most extensive found
in India."
189,"Durgavati, who fought against Akbar, was the queen of-",Mandla,Mandu,Asirgarh,Ramgarh,M.P.P.C.S. (Pre),2016,a,"Exp) Option a is the correct answer.

Rani Durgavati was the queen of Mandla, a kingdom in

central India. She was a brave and valiant ruler, who fought

against the Mughal emperor Akbar and his general Asaf

Khan in 1564, She defended her fort of Chauragarh with

great courage, but when she realized that she could not win,

sae chose to end her life rather than surrender to the enemy.
She is remembered as a symbol] of resistance and sacrifice by
the people of Madhya Pradesh.
| Tinportant Tips |
te Rani Durgavati was also a descendant of the Charde.a
aiput dynasty, which ruled over the region of
Bundelkband. ‘
e She was married to Daloat Shah, the sor of Sangram |
Shah, the founder of the Gond dynasty. She gave birth |
: toa son named Vir Narayan, who later became a fierce
: warrior and continued to Eght against he Mughels. |
Rant Dargavati was wellvetsed dig sword figating, ;
archery, horse riding, and other martial aris. She i
also promoled trade, culture, and education in her!
, kingdony. |"
190,"++++++
Q190.Match the following events with their respective years:
List-I                                                                        List-II
A.Massacres in Delhi by Nadir Shah                                             1.1556
B.First battle of Panipat was fought between Babur and Ibrahim Lodhi           2.1526
C.Second battle of Panipat was fought between Hemu and Akbar                   3.1761
D.Third battle of Panipat was fought beiween Ahmad Shah Abdali and Marathas    4.1739

Code: 
A B C D",1 4 3 2,3 1 4 2,4 2 1 3,1 3 2 4,"M.P. P.C.S, (Pre)",1994,c,"uxp) Option c is the correct answer
Yhe correct answer is A-4, B-2, C- 1, D-3.
Opuep A matches with Option 4: In 1739, the Iranian ruler
Nadir Shah spearheaded a rapid invasion of the Mughal
realm, which culminated with his occupation of the Mughal
capital af Shahjahanavad (Delhi) and the extraction ef a
vast tribute from the Mughal king Muhammad Shab and his
wobles. While Nadir Shah's brief tine in Delhi js remembered
for his sanguinary massacre of the city’s inhabitants,
“yption B matches with Option 2: She First Battle of Panipat
was fought between ihe invading forces of Babur and the
Lodi Empire, which took place an 21 Apri] 1526 in North
india. I marked the beyvinning of the Mughal Ea:pire. This
was one of the earliest batiles involving gun powder firearms
and Held artilery.
Upotion C matches with Gptionu t: The Sccond Battle of
Pauinat was fought berween the forces of Samrat Hem
Chandra Vileramaditya, popularty called Hemu, the Hindu
wing whe was teling North India frem Delhi, and the army
of Akbar, an Noventber 3, 1556. Uwes a decisive victory for
Akbas’s generals Khan Zaman J and Bairam Khan.
“Gptian Ws cantcheys with Option 3: The Third Battle of
Panipat took place on 34 January 1761, at Panipat, akcut
G0 sites (95.5 kno) north cf Delbi between a varthern
expealiionsry force of the Maratha Empire and a coalition
uf the King of Afghanisian, Alimad Shah Durrani with two
tadian: Muslin allies--ihe Rohilla Afghans of ihe Doab, and
sbhuja-ud-Daula, the Nawab of Oudh"
191,Jahangir Mahal is located at-,Delhi,Aurangabad,Agra,Lahore,M.P.P.C.S. (Pre),1990,c,"Axp) Ssption © is the correct answer,
janangie vMadal ie a part of the Agra Fort, which is a
GONKSCO Werld Serjtape Site and one of the most pepular
ourist attractions i Apra. Jonaugiy Mahal was built by
Akbar, the third Mughal emperor, for his sou Jahangir,
who succeeded him as the fourth emperoy. it was the main
resicence of Jabangiy and his wife Nur fahan. who was a
asowerful and influential empress.

Jahangir Mahal is also known as the Jewel House, because
of its exquisite decoration and oruamentation. {1 has a high
double dome, a recessed archwey, ard a large gateway that
are typical features of Persian architecture. Tt also has carved
pillars, balconies, windows, and ceilings thar reflect Indian
craftsmanship."
192,What is Golconda called at present?,Hyderabad,Karnataka,Bijapur,Banglore,M.P.P.C.S. (Pre),1990,a,"Exp) Option a is the correci answer

Golconda, the capital of the Guth Shahi dynasty in the
Deccan, known for its diamonds and thriving trade, was
congnered by the Mughal Emipice in 1687, Renamed
Hyderabad, it became the Mughal provincial capital.
Present-day Hyderabad is the capital of Telangana and a
bustling hub of commerce, industry, and education,"
193,Which one of the following buildings is known as ‘Shah-i-Fatehpur’?,Buland Darwazah,Turky Sultana ka Mahal,Jama Masjid,Shahjadi Amber ka Mahal,Uttarakhand P.C.S. (Pre),2016,c,"Exp) Option cis the correct answer.

Jama Masjid of Fatehpur Sikri is a’so known as ‘Shah-i-
Fatehpur’ or ‘Shah-i-Sikri) I is one of the largest and most
magnificent mosques in India, built by Akbar in 1571 to
commemorate his victory over Gujarat. The Jana Masjid
of Fatehpur Sikri is a UNESCO World Heritage Site and a
popular tourist attraction, If is also a place of pilgrimage for
many Mus:in:s and Hindus, who visit the tomb of Sheikh
Salim Chishti and tie threads on the latlice screens to seck
his blessings.

i The Jama Masjid of Fatehpur Sikvi is a splendid example
of Mughal architecture, combining elements from Persian, ;
| Turkish, and Indian styles. The masque has a rectangular |
, courtyard surrounded by colonnaded cloisters and three j
| domed entrances. |
fe The otain entrence is the Buland Darwaza, which is
| the highest gateway in ihe world, measuring 54 metres |
| (177 feet) th height. Tt was waded hy Akbar in 1575 to

| celebrate his conquest of Khandesh,

/« The mosgue also contains the tomb of Sheikh Satiim

| Chishti, a Sufi saint who blessed Akbar with a son and |
heir, Jahangir. |
| e ‘The tomb is a white marbie structure with intricate ;
l lattice screens and a carved canapy. |"
194,Which monument is not at Fatehpur Sikri?,Golden Palace,Panch Mahal,Jodha Bai Palace,Akbari Mahal,Uttarakhand P.C.S. (Pre),2012,a,"Exp) Option dis Ghe correcié answer,

Akbari Mahal is not at Patehpur Sikri among the four
options given. Akbar) Mahal is a palace comp'ex located
in Agra Vort, another UNSSCO Warld Feritage Site in
Agra, about 40 kim away from Fatehpur Sikri2. lt was built
by Emperor Akbar as his residence and later used by his
successors.

Important Tips .
i Some of the most notable monuments of Fatehpur Sikri
are;
| © Buland Darwaza: A massive gateway that stands 54
metres high and commemorates Akbar’s victory over
Gujarat. It is also known as the “Door of Victory” and 4
| is one of the largest and highest gateways in the world.
;° Jama Masjid: A 16th-century congregational mosque |
| that is one of the largest mosques in India. It has a |
| spacious courtyard, a large prayer hall, and a white |
marble tomb of Sheikh Salim Chishti, a Sufi saint who
blessed Akbar with a son. |
;o Diwan-i-Khas: A hall of private audience where Akbar |
| held discussions with scholars, nobles, and religious
leaders. It is also known as the “Jewel House” because ,
of its exquisite decoration and a central pillar with 36
serpentine brackets that support a circular platform.
/¢ Panch Mahal: A five-storeyed structure with 176
| cohunns that served as a pleasure palace for the royal |
ladies. it is also known as the “Wind-Catcher Tower” |
| because of its open design that allows air circulation. |
| e Jodha Bai’s Palace: ‘The largest and most ornate |
, buiiding of the residential complex, which was the
| palace of Akbat’s Hindu queen, It has richly carved |
‘ interior pillars, balconies, perforated stone windows,
and an azure-blue ribbed roof on the north and south |
sides.
e Golden Palace: Mariam Palace is also known as
Golden Palace because of its yellow sandstone walls
and golden roof. The palace has a rectangular plan"
195,"After the downfall of the Delhi Sultanate, who was the first ruler to issue the gold coins?",Akbar,Humayun,Shah Jahan,Sher Shah,Uttarakhand P.C.S. (Pre),2012,b,"Exp) Option b is the correct answer.
After the downfall of the Delhi Sultanate, Humayun became
the first ruler to issue a gold coin. Sher Shah, on the other
hand, introduced the silver coin called Rupiya. During
the Mughal period, gold coins named Mohur and copper
coing named Dam were also introduced. Mohammad bin
Tughlagq, during his reign, introduced a significant number
of gold coins."
196,What was ‘district? known as during the Mughal administration?,"Ahar
(0) Vishyas",,Suba,Sarkar,Uttarakhand P.C.S. (Pre),2004,d,"Exp) Option d is the correct answer.
The Mughal Empire was organized into “Subas,” larger
administrative divisions that were then subdivided into
“Sarkars,” representing districts. Each Sarkar comprised
“Parganas” or sub-districts, and even smaller units called
“Grams.” Within a Sarkar, the key officials were the Faujdar,
responsible for law enforcement, and the Amalguzar,
oversceing land revenue collection.

Suba (Province) — > Subedar (Governor? .
| Sarkar (district) ~~ Faujda Jaw anc order} and Amalguzar :
: {| (assessement and Collection of revenue) \
i |

i
| Parganas (su-district) —— Shiqdar (ixecutive Officer) |
| Wy |
| Villaege ——B Mugaddam (viliage head men) |"
197,"Match List-I with List-II and select the correct answer by using the codes given below:
List-I               List-II
A.Adil Shahi         1.Ahmednagar
B.Qutb Shahi         2.Bijapur
C.Nizam Shahi        3.Golconda
D.Sharqi Shahi       4.Jaunpur

Code: 
A B C D",1 2 3 4,2 3 4 1,3 4 1 2,2 3 1 4,Uttarakhand P.C.S. (Pre),2003,d,"Exp) Option d is the correct answer

Adil Shahi dynasty (1490-1686): The Adil Shahis were a
Muslim dynasty that raled the Sultanate of Bijapur in the
Deccan region of India. They were founded by Yusuf Adil
Shah, who was a former general in the Bahmani Sultanate.
Qutb Shahi dynasty (1518-1687): The Qutb Shahis were a
Muslim dynasty that ruled the Sultanate of Golconda i. ihe
Deccan region of India. They were founded by Sultan-Quli
Qutb-ul-Mulk, who was a former general in the Bahmani
Sultanate.

Nizam Shahi dynasty (1490-1636): The Nizam Shahis were
a Muslim dynasty that ruled the Sultanate of Ahmednagar
in the Deccan region of India. They were founded by Malik
Ahmad Nizam Shah, who was a former genera! in the
Bahmani Sultanate.

Sharqi Shahi dynasty (1394-1479): The Sharqi Shahis were
a Muslim dynasty that ruled the Jaunpur Sultanate in the
Deccan region of India. They were founded vy Malik Sarwar
Khan, who was a former gencral in the Delhi Sultanate."
198,"The empire of Babur included-

1. The area of Kabul
2. The area of Punjab
3. The area of modern Uttar Pradesh
4. The area of modern Rajasthan

Which of these statements are correct?",1 and 2,2 and 3,"1,2and 3","2,3 and 4",Uttarakhand B.C.S. (Pre),2003,c,"Exp) Option c is the correct answer.

The empire of Babur included Kabul, Punjab, and area of
modern Uttar Pradesh. But the area of modern Rajasthan
was not the part of empire of Babur."
199,"Which improvements among these done by Sher Shah Suri? 
1. Revenue reforms
2. Administrative reforms
3. Military reforms
4. Currency system reforms
Select the right answer by using the code given below.",1 and 2,"1,2 and 3","2,3 and 4",All of the above,Uttarakhand P.C.S. (Pre),2003,d,".

Exp) Option d is the correct answer.

Statement 1 is correct- Sher Shah Suri’s land revenue sysiera
aimed for welfare, justice, and efficiency, dividing land inio
three categories with cultivators paying 1/3 of the produce;
he safeguarded peasants with measures like installment
payments and famine loans. Revenue officers were Amsils,
and Qanungo managed revenue records. He introduced
crop rates and Zabti-i-har-sal, assessing land yearly, and
measured land using Sikandari gaz.

Statement 2 is correct- Sher Shah Suri adrainistritive
reforms had vast resemblance to that of Alauddin Khilji,
He implemented four central departments- Diwan-j-arz
(Department of Military), Diwan-i-Rasalat (Department
for foreign and religious affairs), Diwan-i-Insha (Royal
Secretariat), Diwan-i-wijarat (Department of Finaice),
Statement 3 is correct- Sher Shah efficiently restructured the
military administration, revitalizing Alauddin’s Chehra and
Dagh system. He took personal charge of enlisting soldiers
and managing their direct payment. He categorized the army

into sawars (essential units), elephants, and frontmen.

Additionally, he upheld his own special royal force known

as Khasa Kail.

Statement 4 is correct- Sher Shah also introduced new

copper coins called Dam and it is interesting to note that

they were in circulation till c.1835 CBR. He was also the first
ruler to introduce silver Rupayia (1 Rupayia = 64 dams) and
gold coin (Ashrafi/Mohur)"
200,"Arrange the following four foreign invasions in chronological order and find the correct answer from the code given below:
1. Ahmad Shah Abdali
2. Genghis Khan
3. Nadir Shah
4. Timur
Code:","1,2,3,4","4,3,2,1","2,4,3,1","2,4,1,3",Uttarakhand PCS (Pre),2002,c,"Exp} Option c is the correct answer

The Correct Answer is 2, 4, 3, 1

Genghis khan was born in 1162 A.D into a small nomadic

tribe on the steppes of Central Asia. He became famous as the

Mongolian warrior-ruler who built the largest land empire

in the world. Genghis Khan made several incursions into

the Indian subcontinent. In 1221 he chased the Jalalaldin,
the last ruler of the Khwarezmian Empire, all the way to the
indus river.

Timur (9 April 1336 ~ 17 or 18 February 1405) was a Turco-

Mongol conquer 1 1398, Timur invaded northern India,

attacking the Delhi Sultanate ruled by Sultan Mahmud Shah

Tughlua of the Tughlaq dynasty.

« Nadir Shah Afshar founded the Afsharid dynasty of Iran.
He reign as shah of Jran (Persia) from 1736 until 1747,
when he was killed after a rebellion. He invaded India in
1738 -39, conquering Lahore and defeating the Mughal
army at Karnal on February 13, 1739

« Ahmad Shah Abdali, also known as Ahmad Shah
Durrani was the founder of the Durrani Empire and the
contemporary state of Afghanistan. Ahmad Snah Abdali
repeatedly attacked India between 1748 and 1767."
201,Which Mughal emperor followed Ottoman system of war in India,Akbar,Shah Jahan,Babar,None of the above,Jharkhand PCS (Mains),2016,c,"Exp) Option cis the correct answer.

Babur successfully applied the Rumi method of warfare

in the First Battle of Panipat in 1526. This method was

traditionally used by Ottoman. In Rumi method, carts f

canons were tied together to make an obstacle or barricade

for enemy's army. The trenches and barricades provided
adequate defence against the march of the enemy, His forces
encircled Lorahim’s army from two sides."
202,The pure silver ‘rupiya’ was issued by-,Akbar,Sher Shah,Jahangir,Aurangzeb,Jharkhand P.C.S. (Pre),2016,b,"Exp) Option b is the correct answer.

Shershak implemented significant coinage reforms during

his ruic, minting a substantial number of coins. He introduced

the 11 gm silver rapee to replace the 10 gm billion (mixed
metat) tanka, ‘These pure silver coins were known as Rupiya.

Important Tips |

The word ‘Rupee’ finds its origins in the Sanskrit word °
| “Rupiya,”? which means ‘wrought silver’. :
| ‘Vhe Guptas referred to their silver coins as Rupaka and

| their gold coins as Dinar.

Presently, the rupiya or rupee serves as the commonly
used currency name in countries such as India, Pakistan,
1 ~ + .
| Indonesia, Maldives, Nepal, Bhutan, Seychelles, and Sri
Lanka."
203,Which monument built by Akbar architected alike Buddhist Monastery?,Panch Mahal,Diwan-i-Khas,Jodha Bai Mahal,Buland Darwaza,Jharkhand P.C.S. (Pre),2003,a,"Exp) Option a is the correct answer.
Panch Mahal isa five-storied structure with 176 columns that
served as a pleasure palace for the royal ladies at Fatehpur
Sikri. It is also known as the “Wind-Catcher ‘lower” because
of its open design that allows air circulation.
Panch Mahal was built by Akbar in the 16th century as part
of his new capital city at Fatehpur Sikri. ll is said that Akbar
was inspired by the multistoried buildings of Nalanda, a
tamous Buddhist university in ancient India. The Panch
Mahal resembles a Buddhist monastery in its layout and
structure, with each storey decreasing in size as il ascends.
The topmost storey has a single domed pavilion, which offers
a panoramic view of the city."
204,First Englishman visited Akbar’s court was-,Ralph Fitch,Sir Thomas Roe,John Hawkins,Peter Mundi,Jharkhand P.C.S. (Pre),2003,a,"Exp) Option a is the correct answer.
Ralph Fitch was an English merchant and traveler who
visited India in the late 16th century. He was one of the
first Englishinen to make an overland journey to India, and
he reached Akbar’s court in 1585. Raiph Fitch was the only
one of the four merchants who reached India. He arrived at
Lahore in 1585, where he met Akbar, the Mughal emperor.
Akbar was a great patron of arts and culture, and he welcomed
Fitch with curiosity and hospitality. He allowed him to
visit his court at Fatehpur Sikri, where he witnessed many
ceremonies and festivities. He also gave hin permission to
travel to other parts of India, such as Agra, Delhi, Jaunpur,
Varanasi, Patna, Bengal, and Goa"
205,Which Mughal Emperor was known as ‘Zinda Peer’?,Akbar,Aurangzeb,Shah Jahan,Jahangir,Jharkhand P.C.S. (Pre),2003,b,"Exp) Option b is the correct answer
The Mughal Emperer known as ‘Zinda Pecr’ was
Aurangzeb, This title reflects his reputation as a “living
saint” due to his austere and pious lifestyle. Despite his
military and political actions, he maintained strong religious
convictions and focused on religious practices, which led to
him being referred to as “Zinda Peer’ or ‘Living Saint?"
206,"Consider the following statements and choose the correct answer using the code given below.

Statement 1: Krishnadevaraya, ruler of Vijay nagar wrote the treatise Amuktamalyada.
Statement 2: Krishnadevaraya is also known by the name of Andhra Bhoj.
Statement 3: Allasani Peddana, the poet laureate well versed in Sanskrit and Tamil, adorned his court.


Code:",Statement 1 is true,Statement 2 is true,Both the statements 1 & 2 are true,All the three statements are true,R.A.S./R.T.S. (Pre.),2021,c,"Exp) Option c is the correct answer.
Statement 1 is true- Krishnadevaraya wrote a Telugu
treatise Amuktamalyada. Amuktamalyada, meaning “One
who offered the garland after wearing it himself,” is a
renowned masterpiece. It narrates the legendary wedding of
Ranganayaka, an avatar of Vishnu, and Andal, one of the
poet-saints known as the Alvars, at Srirangam.
Statement 2 is true - Krishnadeva Raya was known by other
names like ‘Kannada Rajya Rama Ramana; ‘Andhra Bhoja’,
and ‘Mooru Rayara Ganda’.
Statement 3 is not true - Allasani Peddana, one of the
Ashtadiggajas, was well versed in Telugu and Sanskrit, not
Tamil."
207,"The Persian translation of Mahabharata, which was done in the 16th century is called-",Alamgirnama,Razmanama,Hamzanama,Badshahnama,R.A.S./R.T.S. (Pre),2016,b,"Exp) Option b is the correct answer,

Razmnama means “book of war” and it is a Persian

translation of the Sanskrit epic Mahabharata,

commissioned by the Mughal Emperor Akbar. Akbar was a

great patron of arts and culture, and he wanted to learn about

the ancient Indian history and philosophy. He established a

translation bureau in his new capital at Fatehpur Sikri, where

he invited scholars from different religions and regions to
translate various Sanskrit texts into Persian, which was the
official language of his court.

Alamgirnama was a court history of Emperor Aurangzeb

written by Mirza Muhammad Kazim. It covered the first ten

years of Aurangzeb’s reign, from 1658 to 1668.

Hamzanama an enormous illustrated manuscript, now

fragmentary, of the Persian epic Hamzanama commissioned

by the Mughal emperor Akbar around 1562. It is considered

a masterpiece of Mughal art.

Badshahnama was a court history of Emperor Shah Jahan

written by Abdul Hamid Lahori and Muhammad Waris. It

covered the first twenty years of Shah Jahan’s reign, from

1628 to 1648"
208,"Read the statement and below and choose the correct answer from the codes given below:

1. Not all the Mansabdars were military officers.
2. Those who held high civil posts under the Mughals were also mansabdars and were graded accordingly.
Code:",both 1 and 2 are false.,both 1 and 2 are true.,"1 is true, while 2 is false.","1 is false, while 2 is true.",R.A.S./R.T.S.(Pre),2013,b,"Exp) Option b is the correct answer.

+ Statement (A) is true: Not all mansabdars were military
officers. For example, the diwan was the chief financial
officer of the Mughal Empire. He was responsible for
collecting revenue, maintaining accounts, and disbursing
funds. The diwan was a mansabdar of the highest rank,
but he did not have any military responsibilities.

+ Statement (B) is true: The mansab of a civil officer was
determined by the importance of his position and the
amount of revenue he was responsible for collecting. Mir
bakhshi, highest ranking, managed army operations.
Faujdar, middle-ranking, governed provinces and
ensured defense and order.

| Important Tips

Features of Mansabdari System:

| Meaning: Introduced by Akbar in the Mughal Empire, it

, determined the rank and status of officials and military

cammanders. The term “mansab” originated from Arabic,

i signifying rank or position.

Rank-Based System: Every civil and military officer
received a mansab, outlining their salary, allowances, and
responsibilities.

Mansabdar Role: Mansabdars were military commanders,
high officers, and provincial governors.

Rank Titles: Mansabdars were titled “Amir” for ranks up |
to 1,000, “Amir-al Kabir” (Great Amir) for higher ranks,
and “Amir-al Umara” (Amir of Amirs) for the greatest.
Jagir Grant: Nobles received revenue assignments (jagirs)
for services, with the king retaining direct control.

Grades and Numbers: Asad Yar Jung noted 66 mansab |
grades, but around 33 were practically used. Ranks ranged
from ten to 5,000 (later raised to 7,000 and 10,000).
Special Cases: Higher ranks granted to princes and Rajput
rulers acknowledging imperial suzerainty."
209,Which Rajput ruler continued his struggle for independence against Mughals and did not surrender?,Raja Rai Singh of Bikaner,Rao Chandrasena of Marwar,Raja Bharmal of Amber,Maharana Amar Singh of Mewar,R.A.S./R.T.S.(Pre),2012,b,"Exp) Option b is the correct answer.
Rao Chandrasen of Marwar was the Rajput ruler who
continued his struggle for independence against Mughals
and did not surrender. Rao Chandrasen was a descendant of
Rao Maldeo, the founder of the Rathore dynasty of Marwar.
He was a courageous and patriotic leader, who refused to
accept Mughal supremacy.
He resisted Mughal domination during the reign of
Emperor Akbar. He played an active role in protecting the
independence and autonomy of his kingdom and refused to
submit to Mughal authority."
210,"During Akbar period, land revenue system “Ain-i-Dahsala” was developed by:",Shahnawaz Khan,Abdur Rahim Khan-i-Khanan,Todarmal,Mulla Do Pyaza,R.A.S./R.T.S. (Pre),2010,c,"Exp) Option c is the correct answer.
Todarmal was the finance mimister of Akbar and one of
the Navaratnas (nine jewels) of his court. He introduced
the Ain-i-Dahsala system in 1580-82 to ease the problems
resulting from the setting of prices every year and the
settlement of revenues of previous years."
211,The ‘Ashtadiggajas’ were associated with which of the following rulers?,Shivaji,Krishnadeva Raya,Rajendra-1,Yashovarman,R.A.S./R.T.S. (Pre),2010,b,"Exp) Option b is the correct answer.
The Ashtadiggajas were eight Telugu poets who were
patronized by Krishnadeva Raya, the greatest ruler of the
Vijayanagara Empire. The poets were ANasani Peddana,
Nandi Thimmana, Pingali Surana, Dhurjati, Ramaraja
Bhushanudu, Tenali Rama Krishna, and Madayyagari
Mallana. The Ashtadiggajas were known for their literary
skills, and they produced some of the finest works of Telugu
literature."
212,The book Jiz Muhammad Shah? related to knowledge of Astrology produced in 1773 is written by:,Darbar Jaswant Singh of Jodhpur,Raja Bharmal of Amber,Swai Jai Singh of Jaipur,Maharana Amar Singh of Udaipur,R.A.S./R.T.S.(Pre),2007,c,"Exp) Option c is the correct answer.
The book ‘Jiz Muhammad Shahi’ related to knowledge of
Astrology was written by Sawai Jai Singh of Jaipur. Jiz is
the generic name applied to Islamic astronomical books that
tabulate parameters used for astronomical calculations of the
positions of the Sun, moon, stars, and planets."
213,Which historical monument in Delhi is a synthesis of Persian and Indian styles of Architectures?,Qutb Minar,Lodi’s Tomb,Humayun’s Tomb,Red Fort,R.A.S./R.T.S.(Pre),2003,c,"Exp) Option c is the correct answer.
Humayun’s Tomb is a 16th-century mausoleum that was built
by the Mughal emperor Akbar for his father Humayun. It is
considered to be the first example of Mughal architecture,
which was influenced by both Persian and Indian styles.
Persian influence: Humayun’s Tomb has a symmetrical
plan with a central octagonal chamber surrounded by four
smaller chambers. The tomb is built of red sandstone and
white marble, and is decorated with intricate carvings and
inlay work. The tomb is set in a large garden divided into

fous parts by water channels, which is a typical feature of
Persian gardens.
Indian influence: The tomb reflects some Indian features,
such as the gmali kiosks or chhatris on the roof, which are
common in Bindu temples. The red sandstone and white
raarble were also materials that were used in the 14th century
architecture of the Delhi Sultanate."
214,Whe built famous Jama Masjid of Delhi?,"Humayun
(o) Shah Jahan",,Akbar,Ibrahim Lodi,R.A.S./R.E.S. (Pre),1997,b,"Exp} Ontion b is the correct answer.
The Jama Masjid of Delhi, known as Masjid-i-Jehan-Numa
in Persian, stands as one of India’s largest mosques. I was
buil: hy Shab fahan. Residing within the Mughal capilal
of Shahjahanabad, present-day Old Delhi, this mosque
held the statis of the imperial sanctuary for the Mughal
rulers until the empive’s decline in 1857. With its presence
extending beyond the colonial period, the Jama Masjid
symbolized Isiamic influence across India and retained its
politica) significance during pivotal periods of British rule.
Imporiant Tips |
Some other monuments commissioned by various ,
|
Mighals: |
! i. woe oa aaa Se cn nn ning f
., déaehal Ruler | Monuments (Location). |
| Awa | Agra Fort (Agra), Panch Mahal |
ut (Fatehpur Sikri), Jama Masjid with |
i i . i
I | gateway Buland Darwaza (Fatehpur
| i Sikri), Humayun ‘Lomb (Delhi), |
— fahaneir | Shalimar Bagh (Srinagar), Akbar Tomb |
| | (Agra). |
.' Shah fahan ‘Taj Mahal (Agra), Red Fort (Delhi), fi
ii - Jama Masjid of Red Sandstone (Delhi), |
; Moti Masjid (Agra).
li Aurangzeb | Pinjore Garden (Lahore), Moti Masjid
: | of White Marble (Delhi)."
215,Which of one of the following factors is not conducive in establishing Akbar as a nationalist-,Akbar had forsaken Islam,Administrative unity and unity in Law,Akbar’s effort at cultural unity,Akbar’s religious policy,R.A.S./R.T.S. (Pre),1994,a,"Pap? fotion 4 ts the correct answer.
Akbos ned forsaken Islam, This factor is not conducive in
siislliching Akbay xs a nationalist, because it is not true.
Ahoy did no? abandon Islam, but he adopted a more tolerant
and inclusive approach to religion. He respected all faiths
and tried te create a harmony among them. Ue also founded
his own religion, called Din-i Mahi, which was a synthesis
vt various religious elements. However, this did not mean
that he renounced Islam or converted to another religion.
ite ramained a Muslin till his death, and his tomb bears the
imscviption of the Islamic creed.
important Tips |
' + Akbar codified the laws and regulations of his empire |
in a document called the Ain-i-Akbari. |
j° Ne promoted the Persian ianguage and culture as the |
official language and culture of his court.
Peres rer

e He commissioned many works of art and literature,
\ such as the Akbarnama (the biography of Akbag), .
| the Hamzanaima (the epic of Hamza), the Razmnaima |
(the Persian translation of the Mahabharata), and the |
Tarikh-i-Alfi (the history of tne millennium),
e He abolished the jizya tax on non-Muslims, allowed |
freedom of worship, and held regular debates and |
; discussions on religious matters in his loadat Khana. |
e He also sought to learn from other religions, |
such as Hinduism, Jainism, Sikhism, Cheistianity, |
Zoroastrianism, and Buddhism |"
216,Ruler of Kashmir who was also known as ‘Akbar of Kashmix’ was-,Shamshuddin Shah,Sikandar Butshikan,Haidar Shah,Zain-ul-Abidin,R.A.S. (Pre),1993,d,"Exp) Option d is the correct answer
Zain-ul-Abidin was the eighth Sultan of Kashmir, who
ruled from 1420 to 1470 and known as the “Akbar of
Kashmir” because of his similarities to the Mughal emperor
Akbar. Both rulers were tolerant of other religions, they
patronized the arts and sciences, and they promoted trade
and commerce. They were also both skilled administrators,
and they brought peace and prosperity to their respective
kingdoms.

Important Tips ,
| Zain-ul- Abidin: |
i Ghiyas-ud-Din Zain-ul-Abidin, also known a5 Bud |

Shah, was the eighth sultan of the Shah Mir dynasty |
in Kashmir (1. 1418-1419, 1420-1470). His reign saw ,
| remarkable achievements and policies: |
| Rise to Power: Zain-ul- Abidin gained the throne after his !
brother Ali Shah’s failed attempt. He wisely sought support. |
| from Sialkot’s chief, Jasrat Knokhar, and reclaimed his
| rule after defeating Ali Shah. |
‘Territorial Stabilization: He restored control over Ladakh,
: Baltistan, and Ohind, arcas of strategic importance that
| had become independent. He recognized the significance |
; of economic and strategic unity. ;
| Administrative Reforms: Zain-ul-Abidin established |
village community responsibility for local crimes, |
| stabilized currency, regulated commodity prices,
initiated public works, and alleviated taxes on peasants.
| Religious ‘Tolerance: Despiie being a Mnslim ruler, he |
| abolished Jaziya on Hindus, prohibiiecd cow slaughter,
and supported Sanskrit literature. He promoted religious
_ harmony, allowing Hindus to build temples and practice
| their laws.
j Cultural Coutributions: He facilitated translation |
| of Mahabharata and Rajatarangini inte Persian, |
showcasing his multilingual knowiedge. He commissioned ;
many beautiful buildings, including the Shak-i-Hamdan |
| wtosque in Srinagar, and the Zaina Kadal bridge in:
| Srinagar. He encouraged the development of several
crafts such as gold-heaiing, polishing and stone-cutting
‘ete. He also fostered the arf of shaw)l-making, musket
making and the art of manufacturing fire works."
217,The main aim of Akbar in fighting the Battle of Haldighati was-,‘To subdue Rana Pratap,‘To polarise Rajputs,To satisfy sentiments of Man Singh,Imperial policy,"R.A.S./ R.TS, (Pre)",1992,a,"Exp) Option a is the correct answer.
The Battle of Haldighati was a battle fought on 18 June
1576 between the armies of the Raua of Mewar, Maharana
Pratap, and the Mughal emperor Akbar’s forces, led by Man
Singh L of Amber. The main aim of Akbaz in fighting this
battle was to subdue Rana Pratap and bring him under his
suzerainty, as he had done with many other Rajput rulers in
the region. Akbar wanted to secure a siable route to Gujarat
through Mewar, which was a rich ang prosperous province
of the Mughal Empire. He also wanted to end the Mughal-
Rajput wars, which had been going on for decades.
Important Tips
e Akbar expanded the Mughal Empire to cover most of
the Indian subcontinent, from the Himalayas in the |
| north to the Godavari in the south, and from Bengal
| in the east to Kabul in the west.
je He fought and won many battles against various :
| enemies, such as the Afghan usurper ilemy, the Sultan |
| of Gujarat, the Gond queer Durgavati, and the Rajput |
rulers of Mewar. |
¢ He also annexed several regions, such as Malwa,
Bengal, Orissa, Kashmir, and parts of Decean. }
° He adopted a policy of religious tolerance and cultural |
integration with his subjects, especially the Rajputs, |
| whom he befriended and married. |"
218,The famous painter of Mughal Emperor Akbar was~,Abul Hasan,Daswant,Kisan Das,Ustad Mansoor,R.A.S./R.E.S (Pre),1992,b,"Exp) Option b is the correct answer,
Daswant was one of the most talented and celobrated
painters of Akbar’s court, who worked on many important
projects and created many masterpicces of Mughal art. He
joined Akbar’s court and soon rose to prominence as one
of his favorite artists. He was involved in the ilustration
of the Hamzanama, a Persian epic about the adveniures of
Amir Hamza, Akbar’s ancestor; the Razmuvaima, a Persian
iranslation of the Mahabharata, an ciciont Indian epic; and
the Akbarnaina, a history of AkbLar’s reign written by his
court historian Abul Pazl.
Tmpeyrtlant Tips |
Other famous painters af Akbar’s court were:
“« Basawan; He was another prominent painter of |
Akbar’s court, who was praised by Abal Fazt, the
court historian, as “a master of dine and colour’ He !
worked on many projects, such as the Hamzanama, the |
Razmnama, the Akbarnaima, and the Baburnama,
| o Mitr Sayyid Aji: He was a Persian painter and
| calligrapher who worked in Alcbar’s court, He was one
: of the main illustrators of tac Hamzanama, a Persian |
| epic about the adventures of Amir Hamza. He also
| wrote many verses in Persian using Nastaliq script
‘« Govardhan: He wasa well-known painter who worked |
for three Mughal emperors: Akbar, Jahangir, and Shah |
Jahan. He was skilled ia various styles and techniaues, |
such as shading, perspective, and foreshortening. |
wes ence ee ne See Senne ee eee nn ee cenneaeeinenrnnne seen rower nee ntammnad"
219,Who among the following defeated Babur in the Battle of Sar-e-Pul?,Abdullah Khan Uzbeg,Shaybani Khan,Ubaydullah Khan,Jani Begh,U.P. Lowex Sub. (Pre),2015,b,"Exp) Option b is the correct answer.
After the Uzbeks weve driven out of Samarkand in carly 150]
CE, Muhammad Shaybani, a Uzbek ‘eader, began to prepare
for another attempt to take Samarkand in April -May 1501
Ck. Babur, the Timurid leader, decided to meet this threat
before it arrived at the city. The two armies met at Sar-e-
Pul, where a decisive battle was fought which decided the
fate of the Timurids and of the region. This battle was wou
by Uzbeks and Babur had te face the defeat.
' {Important Tips .
| Babur:
Mughals belonged to a branch of the ‘Turks called
| Chagatai. The Foundation of the Mughal Eimpire in India ;
| was laid by Babu, who was a Chagatai ‘Turk.
| « He was a descendant of Timur (on his father’s side) :
| and Genghis Khan (on his mother’s side). :
| « His original name was Zahivuddin Mahammad. ,
In 1494 at the age of i1, Babur became the ruler of !
| Farghana (at present in Chinese Turkistan} saccceding
| his father Umar Shaikh Mitza aftec Lis death,
| He also lost Farghana to the Uzbegs. In 1504, Babue ;
| occupied Kabul. And in 1524, Babur occupied Lahore but
| had to retreat to Kabul after Daulat Khan Lodi turned |
| against him. ;"
220,In whose reign was the ‘Treaty of Chittor’ signed between Mughal and the Rana of Mewar?,Akbar,Jahangir,Shah Jahan,Aurangzeb,U.P Lower Sub. (Pre),2008,b,"Exp) Option b is the correct answer.
The Treaty of Chittor was sigued in 1432 A¢s between the
Mughal emperor fahangix and Rana Agar Sich of Mewar.
The treaty was signed alter a long auc bloody conflict
between the Mughals and the Mewar Raypuis. The weaty
stipulated that the Rang would accepi the suserainty of
the Mughal emperor, bul would be allowed to retant his
independent rule over Mewar. ‘Che leety marked the <nd
of the Mughal-Mewar conflics and it heqped io secure the
Mughal Empire’s borders in Rijssiau. Che treaty adse
helped to improve relations between the Mughals ara the
Rajputs, and it paved the way fer a period of cooperation
between the two powers."
221,Which of the following Rajputana state did not accept the supremacy of Akbar willingly?,Amber,Mewar,Marwar,Bikaner,U.P. Lower Sub. (Pre),2004,b,"Exp) Option > is the correct answer,
Mewar (now Udaipur) was ihe oaly Rajputana staic thet
did not accept Akbar’s supremacy willlaghy. 1 was ruled
by Rana Pratap, who considered Akbar as an invader and a
usurper of his ancestral lands. Uc refused io acknowledge
Akbar as his overlord and fougit agains: him in several
battles, most notably the Battie of Haldighati in 1576.
Although he was defeated by Akbar’s forces, he continued to
resist until his death in 1597. His son and successor, Amar
Singh, finally made peace with Akbar in 1614.

we) core... +. Important Tips oo,

cele “Akbar, who ruled froni'1556-1605, was the first Mughal
emperor to recognize the importance of alliance with
the Rajputs.

o He initiated policies to conciliate the Rajput chieftains
and integrate them into the Mughal state through
the mansabdari system, matrimonial ties, religious
tolerance, and military cooperation

e Akbar’s Rajput policy was combined with a broad
religious toleration. He abolished the pilgrim tax and
later the jiziya.

eo The Rajputana states were a group of Hindu kingdoms
that ruled over the region of Rajasthan and its
neighbouring areas in northwestern India. They were
known for their valour, loyalty, and pride

° Most of the Rajputana states accepted Akbar’s
supremacy willingly or after a brief resistance. Amber
(now Jaipur) was the first to ally with Akbar in 1562,
when Raja Bharmal offered his daughter marriage
to Akbar. Marwar (now Jodhpur) and Bikaner also

| submitted to Akbar after some initial conflicts."
222,"Consider the following statements: 
Assertion(A): Akbar constructed Buland Darwaza at Fatehpur Sikari.
Reason(R): Akbar built this monument to commemorate the birth of his son Jahangir.
Which one of the following is correct in reference of above?","Both (A) and (R) are true, and (R) is the correct explanation of (A).","Both (A) and (R) are true, but (R) is not a correct explanation of (A).","(A) is true, but (R) is false.","(A) is false, but (R) is true.",U.P Lower Sub. (Pre),1998,c,"a _

Exp) Option cis the correct answer,
Assertion (A) is true: Akbar constructed the Buland
Darwaza in 1575 to commemorate his victory over Gujarat.
The Buland Darwaza is the main entrance to the Jama Masjid
at Fatehpur Sikri, and is one of the highest gateways in the
world, It is an example of Mughal architecture, and displays
sophistication and heights of technology in Akbar’s empire.
Reason (R) is false: Akbar did not bnild the Buland
Darwaza to celebrate the birth of his son Jahangir. Jahangir
was born in 1569, six years before the construction of the
Buland Darwaza. Akbar built another monument, called
the Hiran Minar, at Fatehpur Sikri to mark the birth of
Jahangir. The Hiran Minar is a tower with a height of 21.34
metres and has a stone elephant on its top.

Akbar built this magnificent gate to commemorate his
victory over Gujarat in 1573. Buland means victorious. So
when Akbar won over Gujarat, he thought to build something
remarkable as a memorial. That’s how the idea of building
this gate was worked out at Fatehpur Sikri."
