q_no,q_statement,a,b,c,d,exam,year,correct_option,explanation
15,"The following persons came to India at one time or another:
1. Va-Hien
2. I-Tsing
3. Megasthanes
4, Hieun:Tsang
The correct chronological sequence of their visits is:","3,1,2,4","3,1,4,2","1,3,2,4","1,3,4,2",UPSC CSE Pre.,1999,b,"Exp) Option b is the correct answer.

Chronological sequence of visitors

o Megasthanes: Megasthenes, an ancient Greek historian
and diplomat, arrived in India during the reign of
Chandragupta Maurya, around 300 BCE approximately.
He visited Pataliputra, capital of the Mauryan Empire, and
compiled his observations in the lost work “Indica.” He
described Indian geography and mentioned interactions
with King Sandracottus (Chandragupta Maurya) and
even possibly with King Porus during Alexander the
Great’s invasion.

e Fa-Hien: Faxian (337 CE - c. 422 CE), also known as
Fa-Hien, was a Chinese Buddhist monk and traveler who
journeyed from China to India between 399 and 412 CE to
obtain Buddhist texts. He spent a decade in India during
the reign of Chandragupta II. His travelogue, “A Record
of Buddhist Kingdoms,” provides valuable insights into
early Indian Buddhism. Faxian visited sacred Buddhist
sites and monasteries, including Kapilvastu, Bodh Gaya,
Varanasi, and Kushinagar. He described the prosperity of
Indian cities and their inhabitants’ devotion to Buddhism.

¢ Hieun-Tsang: Hieun-Tsang, born in AL) 602, embarked
on a journey to India in 629 during the Tang Dynasty.
He traveled through perilous terrains and visited
various Indian cities. He admired King Harsha Vardhan’s
patronage of Buddhism in Kannauj. After {6 years, he
returned to China in AD 645, translating Buddhist texts
until his death in AD 664. ,

¢ I-Tsing: Chinese Buddhist traveler I-Tsing journeyed to
India from 671 to 695 A.D. His travelogue ‘Record of the
Inner Law sent home from the Southern Sea’ documents
customs, daily life, and Buddhism’s schools. ‘his valuable
book translates his entire travelogue, offering insights
into Buddhism and I-Tsing’s experiences, along with a
general introduction to the religion."
16,"The given map relates to: 
*MAP",Kaniska at the time of his death.,Samudragupta after the close of his South Indian campaign.,Ashoka towards the close of his reign.,"Empire of Thaneswar on the eve of
Harsha’s accession.",UPSC CSE Pre.,1998,c,"Exp) Option c is the correct answer.
The given map shows the Mauryan Empire under Ashoka
towards the close of his reign (232 BCE). The empire
stretched from the Himalayas in the north to the Deccan
plateau in the south, and from the Hindu Kush mountains in
the west to the Bay of Kengal in the east. The capital of the
empire was Pataliputra {modern Patna)."
17,"What is the correct chronological order in which the following appeared in India?
1. Gold coins
2. Punch-marked silver coins
3. Iron plough
4. Urban culture
Select the correct answer using the codes given below:","3,4,1,2","3,4,2,1","4,3,1,2","4,3,2,1",U.P.S.C. (Pre),1998,d,"Exp) Option d is the correct answer

The correct order is 4-3-2-1

¢ In India, the Indus Valley Civilization was an urbanized
Civilization which came in between 2500 and 1500 BCE.

¢ The Iron Age in North India coincides with the painted
Grey Ware culture. The painted grey ware is dated to
from. 1100 to 800 BCE

e The first documented coinage is deemed to start with
“Punch Marked’ coins issued between the 6th-4th century
BC.

» It was the Indo Greeks who ruled a large part of North-
Western India around 200 BC that first introduced coins
made of Pure Gold in India."
18,The river mentioned most in early Vedic literature is:,Sindhu,Shutudri,Sarasvati,Ganga,UPSC CSE Pre.,1996,a,"Exp) Option a is the correct answer

The Aryans lived in the land known as Sapta Sindhu or

the Land of Seven River. These seven rivers were: Sindhu

(Indus), Vipash (Beas), Vitasta (Jhelum), Parushni (Ravi),

Asikni (Chenab), Shutudri (Satluj) and Saraswati. Sindhu is

the most mentioned river in vedic literature."
19,In the context of ancient Indian society which one of the following terms does not belong to the category of the other three?,Kula,Vansha,Kosa,Gotra,UPSC CSE Pre.,1996,c,"Exp) Option c is the correct answer

Social interdependence is the central theme of Indian

society. Right from the birth, people belong to certain social

groups like jati, gotra, kula or vansha, varna and feel a sense
of belongingness to these. The term Kosa means treasury of

Kingdom.

[ Important Tips

i

i Kula

¢ Kula is a Sanskrit word that can be translated as
“community,” “clan” or “tribe”

¢ In Hinduism, the term kula is used in Dharmashastra
to refer either to part of a village or a member of a
tamily.

Vansha:

« Vansh means generation.

e¢ Its name is based on name of forefathers like |
Suryavanshis, Chandravanshi, etc."
20,Who among the following was a Brahmavadini who composed some hymns of the Vedas?,Lopamudra,Gargi,Leelavati,Savitri,UPSC CSE Pre.,1995,a,"Exp) Option a is the correct answer

Brahmavadini or “an expounder of the Veda” are those

women who composed any hymns of the Vedas. The

prominent among them were Lopamudra, Vishwawara,

Ghosha and Maitreyi. Lopamudra was the wife of the sage

Agastya. A hymn in the Rigveda is attributed to her.

Maitreyi, the wife of Yajnavalkya, is accredited with about

ten hymns in Rig Veda.

Two suktas of the tenth Mandala of Rigveda each containing

14 verses have been attributed to Ghosha.

Important Tips i
- Savitri is a legendary woman known for her devotion |
and determination. ‘Ihe most famous story about |
Savitri is that of Savitri and Satyavan, which is narrated
in the Mahabharata. Savitri’s husband, Satyavan,
was destined to die within a year, and through her
unwavering devotion and intelligence, she managed to
outwit Yama, the god of death, and save her husband’s
life.

e “Leelavati” is the title of a famous medieval °
Indian mathematical treatise written by the Indian :
mathematician Bhaskaracharya in the 12th century.
The Leelavati covers various mathematical topics,
including arithmetic, algebra, and geometry, and is
notable for its innovative and comprehensive approach
to mathematics during that time. It’s not related to
Vedic hymns or Brahmavadinis

e Gargi is Brahmavadini from ancient India. Gargi
is mentioned in the Brihadaranyaka Upanishad,
one of the principal Upanishads. She is known for
her intellectual prowess and her participation in
philosophical discussions and debates. Gargi engaged
in a famous philosophical dialogue with the sage
Yajnavalkya, where she posed challenging questions
about the nature of reality and the self."
21,The name by which Ashoka is referred to his inscriptions is:,Chakravarti,Dharmadeva,Dharmakirti,Priyadarshi,UPSC CSE Pre.,1995,d,"Exp) Option d is the correct answer.

The name by which Ashoka is referred to in his inscriptions
is “Priyadarshi.” Priyadarshi means “One who is liked by
all’. It is generally used in conjunction with Devanampriya
which means “beloved of the Gods”. It reflects Ashoka’s
humility and his dedication to spreading ethical and moral
teachings through his inscriptions. The term “Priyadarshi”
is used in various inscriptions and rock edicts to signify
Ashoka’s commitment to promoting righteous conduct
and his benevolent rule. The various other names of
Ashoka include Buddhashakya and Ashoka (in the Maski
Edict). Dharmasoka (Sarnath inscription), Devanampiya
(meaning beloved of the gods), and Piyadassi (meaning of
pleasing appearance), given in the Sri Lankan Buddhist
chronicles Dipavamsa and Mahavamsa)."
22,The earliest evidence of silver in India is found in the-,Harappan culture,Chalcolithic cultures of western India,Vedic texts,Silver Punch-marked coins,UPSC CSE Pre.,1994,a,"Exp) Option a is the correct answer

The earliest evidence of silver in India is found in the
Harappan culture. One of the two silver seals that contain a
unicorn motif has been found in Harappa."
23,Who built “Gommateshwara” statue at Sravanabelagola?,Chamundraya,Krishan-I,Kumarpala,Tejpala,UPSC CSE Pre.,1994,a,"Exp) Option a is the correct answer.

The Gomateshwara statue is a monolithic statue of Bahubali,
the son of first Tirthankar Rishabhanatha. It is a 60 feet
(18 m) tall statue carved out of a single block of granite. It
is located on Vindhyagiri Hill in Sravanabelegola, in the
Hassan district of Karnataka, India. The statue was built
in the 10th century CE by Chamundraya, a minister of the
Western Ganga dynasty. Chamundraya was a Jain, and he
built the statue as a gesture of his devotion to Bahubali."
24,Another name of Chanakya was:,Bhattswami,Vishnugupta,Rajshekhar,Vishakhdatta,UPSC CSE Pre.,1993,b,"Exp) Option b is the correct answer.

Chanakya was also known as Vishnugupta. The name
Vishnugupta is associated with Chanakya, and it appears
at the end of one of his texts. While some scholars believe
Vishnugupta to be his actual name and Chanakya a gotra

(clan) name, others suggest that it could be a pen name or
the name of an editor."
25,"The Inscription which proves
Chandragupta’s sway over western India is:",Kalinga Rock Inscription,Girnar Rock Inscription of Ashoka,Junagarh Rock Inscription of Rudradaman,Sopara Rock Inscription of Ashoka,UPSC CSE Pre.,1993,c,"Exp) Option c is the correct answer.
The Junagarh Rock Inscription of Rudradaman is the
inscription that provides evidence of Chandragupta’s sway
over western India. It lauds Rudradaman’s achievements
but indirectly reveals Chandragupta’s extensive Mauryan
Empire, encompassing Anarta, Surashtra, Maru, Kachchha,
and Sindhu-Sauvira. The inscription acknowledges
Chandragupta’s administrative legacy through water
management and welfare practices. It implies Rudradaman’s
reliance on Chandraguptas foundation. The mention
of Chandragupta’s reign in Rudradaman’s context
highlights Mauryan lineage’s influence. The inscription
also underscores these territories’ geopolitical importance,
validating historical accounts of Chandragupta’s rule and its
enduring impact on later rulers.

Important Tips

Kalinga Rock Inscription:

e The Kalinga Rock Edict, Ashoka’s major inscription,
recounts his remorse after the Kalinga war (262-261
BC), voicing sorrow for lives lost.

|e He advocates Dhamma’s influence among Greeks and

, forest tribes. Notably, he identifies victories over Greek

: rulers such as Antiochus 11, Ptolemy III, and others, ;
plus triumphs in South India and Ceylon. Written in |
Greek as well, it emphasizes ethical principles.

Girnar Rock Inscription of Ashoka:

e« The Girnar Rock Inscription, spanning 20 lines,
details Sudarshana Lake’s restoration under
Chandragupta Maurya’s rule, managed by successive
rulers including Rudradaman I,

e It highlights ancient water management practices
and mentions territories of Rudradaman J, including
Malwa, Gujarat, and Sindh.

» The Sanskrit inscription also notes Junagadh’s
historical names and references a Yavana ruler’s
conduit work during Ashoka’s reign.

° Skandagupta’s contribution to Gupta Empire
restoration and temple construction is also

mentioned, underscoring historical record-keeping
practices, _ ee _"
26,"Which of the following pairs are correctly matched?

1. Lothal: Ancient dockyard
2. Sarnath : First Sermon of Buddha
3. Rajgir : Lion capital of Ashoka
4. Nalanda: Great seat of Buddhist learning

Select the correct answer using the code given below:","1,2,3 and 4",3 and 4,"1,2and 4",1 and 2,UPSC CSE Pre.,1991,c,"Exp) Option c is the correct answer.

Pair J is correctly matched- Lothal is an ancient city located
in Gujarat, India. It was a major port city during the Indus
Valley Civilization. The ruins of othal include an ancient
dockyard, which is one of the earliest known dockyards in
the world.

Pair 2 is correctly matched- Sarnath is a town in Uttar
Pradesh, India. It is a major Buddhist pilgrimage site.
The Buddha gave his first sermon in Sarnath, after his

enlightenment. The ruins of a Buddhist stupa and monastery
can be found in Sarnath.

Pair 3 is incorrectly matched- The lion capital of Ashoka is
located in Sarnath.
Pair 4 is correctly matched- Nalanda is a town in Bihar,
India. It was a major center of learning during the Gupta
Empire. Nalanda University was a famous center of
Buddhist learning. The ruins of Nalanda University can be
found in Nalanda."
27,"In which of the following inscriptions of Ashoka, mention has been made of South Indian kingdoms?",Third Major Rock Edict,Second Major Rock Edict,Ninth Major Rock Edict,First Pillar Inscription,UPSC CSE Pre.,1991,b,"Exp) Option b is the correct answer.

In the Second Major Rock Edict, Ashoka references the
South Indian kingdoms of Pandyas, Satyapuras, and
Keralaputras. ‘he edict also discusses topics like medical
treatment for humans and animals, cultivation of fruits and
medicinal herbs, and the construction of wells for public
welfare.

Important Tips

Major Rock Edicts of Ashoka:

¢ Major Rock Edict I: Prohibits animal sacrifice and
promotes festive gatherings.

+ Major Rock Edict H: Discusses social welfare
measures under Dhamma, including medical care for
humans and animals, road construction, well digging,
and tree planting.

* Major Rock Edict III: Extols virtues like generosity
towards Brahmanas and Sramanas, respect for
parents, and other good qualities.

|e Major Rock Edict IV: Highlights Dhamma’ role in
curbing immorality, disrespect towards Brahmanas
; and Sramanas, violence, and animal killing.

« Major Rock Edict V: Introduces Dhamma-
mahamattas, special officers tasked with promoting
Dhamma across all sects and regions.

« Major Rock Edict VI; Instructs Dhamma-mahamattas
to report to the king without hindrance and
emphasizes efficient administration.

* Major Rock Edict VII: Appeals for tolerance among
sects to maintain unity, addressing tensions and open
antagonism.

« Major Rock Edict VIII: Announces the emperor’s
Dhammayatras (tours) to connect with various
sections of the population, replacing hunting

, expeditions.

« Major Rock Edict IX: Criticizes ceremonies related to
birth, illness, marriage, and travel, favoring Dhamma
practice over rituals,

« Major Rock Edict X: Critiques the pursuit of fame,
reiterates the value of Dhamma policy.

* Major Rock Edict XI: Emphasizes respecting elders,
refraining from animal killing, and generosity
towards friends.

j« Major Rock Edict XII: Advocates tolerance among
sects, reflecting the king’s plea for harmony amid
conflicts.

+ Major Rock Fdict XIII: Puts forth the paramount
principle of Dhamma-based conquest instead of
war, focusing on the adoption of Dhamma policy by
countries.

| Questions."
28,"From which archacological site of Indus Valley Civilization, the figures or models of boat are found?",Harappa and Kotdiji,Kalibangan and Ropar,Dhaulabira and Bhagatray,Mohenjodaro and Lothal,UPPCS (Pre),2022,d,"Exp) Option d is the correct answer
Clay model boats have been found from Lothal’s excavations.
Lathal is located between the Bhogavo and Sabarmati rivers
near the Gulf of Khambhat in Gujarat. A model of the boat
can also be seen on the seals discovered in the Mohenjodaro."
29,"Match list-I with list-II and select the correct answer using the codes given below the lists:
List-I         		List-II
A.Talar        	1. Guard of Octroi
B.Pattakola    	2. Officer of cases of Dacoity
C.Sahsadhipati 	3. Officer of Night Guards
D.Baladhip     	4. Village Tax Collector
Code: ABCD",2 1 4 3,3 4 2 1,1 2 3 4,4 3 1 2,UPPCS (Pre),2022,b,"Exp) Option b is the correct answer.
« Talar refers to Officer of Night Guards.
« Pattakola refers to Village Tax Collector.
+ Sahsadhipati refers to Officer of cases of Dacoity.
« Baladhip refers to Guard of Octroi."
30,In which state of India is the Harappan Civilization site Mandi situated?,Gujarat,Haryana,Rajasthan,Uttar Pradesh,U.P.P.C.S. (Pre.),2021,d,"Exp) Option d is the correct answer
The Harappan Civilization site Mandi, is in Uttar Pradesh,
India. It is notable for discovery and looting of treasure trove
by villagers in June, 2000. The treasure is believed to have
been from the Indus Valley Civilization period."
31,The official ‘Agronomai’ during Mauryan age was related to which of the following field?,Weight and measurement,Administrative management,Construction of roads,Revenue management,U.P.P.C.S. (Pre.),2020,c,"Exp) Option c is the correct answer.
During the Mauryan age, the official known as ‘Agronomai’
was related to the field of construction of roads.
Agronomai were responsible for the planning, construction,
and maintenance of roads and highways within the Mauryan
empire. These officials played a significant role in ensuring
efficient transportation and communication across the
empire by building and maintaining well-structured
road networks that facilitated trade, administration, and
connectivity between different regions."
32,"Match list-I with list-II and select the correct answer using the codes given below the lists:
A. Balu   1.Uttar Pradesh _
B. Manda  2. Jammu and Kashmir
C. Padri  3.Haryana
D. Hulas  4.Gujrat
Code: 
A B C D",3 2 1 4,2 3 4 1,2 4 3 1,3 2 4 1,UPPCS (Pre),2020,d,"Exp) Option d is the correct answer

Balu is 4 small archeological site attributed to the Indus

Valley civilisation, located some 22 kilometres (14 mi) south

of the city of Kaithal in the Indian state of Haryana.

Manda is a village and an archaeological site of Indus Valley

civilization in the Jammu district of the Union Territory of

Jammu and Kashmir, India

Padri is situated in Bhavnagar District, Gujarat. It is an

archaeological site of Indus Valley civilization.

Hulas, located in the Saharanpur district of Uttar Pradesh,

India, is a late Indus Valley civilization archeological site,"
33,"Match list-I with list-II and select the correct answer using the codes given below the lists:
(Harappa Site) (UT/State of India)
A. Indus Valley Civilisation 1. Pastoral
B. Later Vedic Society       2. Land Lordism
C. Rigvedic Society          3. Agrarism
D. Midieval Period           4. Urban   
Code: 

A B C D",4 2 3 1,2 1 4 3,3 4 1 2,4 3 1 2,UPPCS (Pre),2020,d,"Exp) Option d is the correct answer
The correct matches are A-4, B-3, C-1, D-2,
The Indus civilisation that appeared in the northwestern
part of India and Pakistan in third millennium BCE is
collectively called the Indus Civilisation. Since Harappa was
the first site to be identified in this civilisation, it is also
known as Harappan Civilisation. he Indus Civilisation
represents the first phase of urbanisation in India.
The Later Vedic culture is dated to the period between 1000
BCE and 700-600 BCE. Agricultural activities increased
during the Late Vedic period. The Satapatha Brahmana
mentions rituals related to ploughing undertaken by the
kings. This suggests the importance given to cultivation
by the rulers, and the shift to agriculture to support the
increasing population.
Rig Vedic Samhita is the earliest text that relates to the Early
Vedic period. ‘The Early Vedic culture is placed between
1500 BCE and 1000 BCE. The Rig Vedic people mainly
practiced Pastoralism. Cattle rearing was an tmpoctant
economic activity for the Aryans. Cattle were considered
wealth by the Aryans.
Medieval phase of Indian history can be related to the time
period between the 6th century and 16th century A.D. It was
marked by increase land lordism and Monarchial system."
34,Which of the following Indian Archaeologists first visited ‘Bhimbetka Caves’ and discovered prehistoric significance of its rock paintings?,Madho Swaroop Vatsa,H.D. Sankalia,VS. Wakankar,V.N. Mishra,U.P.P.C.S. (Pre),2020,c,"Exp) Option c is the correct answer,
V.S. Wakankar was an Indian archaeologist who first visited
the Bhimbetka caves in 1957 and recognized their prehistoric
significance. He nuticed the rock paintings and realized that
they were similar to those found in France and Spain. He
conducted extensive excavations and surveys at the site and
published his findings in various journals and books. He is
regarded as the discoverer of the Bhimbetka caves and one of
the pioneers of Indian rock art studies.
| Lnportant Tips ’
[* Madho Swaroop Vatsa was an Indian archaeologist and |
Sanskrit scholar who served as the Director-General of
the Archacological Survey of India from 1950 to 1954.
He is especially well known for his parlicipation in the
excavations at Mohenjodaro, which he supervised from
1924.
e H.D. Sankalia was an Indian Sanskrit scholar and
| archaeologist specialising in proto- and ancient
Indian history. He is considered to have pioneered
archaeological excavation techniques in India, with
several significant discoveries from the prehistoric ;
period to his credit. He received the Ranjitram Suvarna |
Chandrak award in 1966 and the Padma Bhushan in
3974.

e V.N. Mishra was an Indian archaeologist who graduated |
from University of Pune. He is noted for his research
into the Indus Valley civilization. He also excavated
important archaeological sites such as Balathal, among

' others."
35,Which among the following sites provides evidence of domestication of animals in the Mesolithic period?,Odai,Bori,Bagor,Lakhnia,U.P.P.C.S. (Pre),2018,c,"Exp) Option c is the correct answer.

Bagor is a site of late Mesolithic settlement in north-west

India, where the earliest evidence of domestication of animals

and fire was found. Bagor has three cultural phases, and

the first phase, dated between 5000-2000 BCE, shows that
the nomadic pastoralists of Bagor were engaged in animal
husbandry. The site also yielded the remains of a domestic
dog that shared the habitat with the stone age communities.
pon
Important Tips
o A fossilized human baby skull in 2001, recovered from
Odai in Bommayarpalayam in Tamil Nadu. It has been !
found to be 1.66 lakh years old, making it the second
oldest human fossil in India. Baby skull from Odai
belonged ta Homo Sapiens of the middle Pleistocene
period.
e Bori is a town located in Pune district, Maharashtra,
india. It is known for the discovery of some ancient
| human artefacts. The reported artefacts from Bori
suggest the appearance of human beings in India
| around 1.4 million years ago (middle Pleistocene)."
36,Which of the following is a Samhita of Shukla Yajurveda?,Vajasanami,Maitrayani,Taittiriya,Kathak,U.P.P.C.S (Pre),2018,a,"Exp) Option a is the correct answer

¢ Vajasanami/Vajasaneyi is a Samhita of Shukla
Yajurveda.. Vajasanami is a continuous text of the
vajasaneyins. It is divided into 40 adhyaya’s with 303
anuvaka’s. It gives a vivid description of many important
sacrifices such as Darsha-purnamasa, Agnihotra,
Vajapeya, Ashvamedha, and so on.

° ‘The Maitrayani Upanishad belongs to Maitrayani
Samhita of the Krishna Yajurveda. It is divided into
seven Prapathankas, Like many of the Upanishads, the
Maitrayani Upanishad describes the teachings in the
form of a dialogue between the Guru (imaster) and the
Sishya (disciple).

» ‘he Taittiriya Upanishad is a Vedic era Sanskrit text,
embedded in three chapters of the Krishna Yajurveda.
The Taittiriya Upanishad has three chapters: the Siksha
Valli, the Ananda Valli and the Bhrigu Valli.

e ‘he Katha Upanishad is the legendary story of a little
boy, Nachiketa ~ the son of Sage Vajasravasa, who meets
Yama (the deity of death)

[a ts ty

Unportant Tips

There are two main branches of the Yajurveda- Shukla

Yajurveda and Krishna Yajurveda. The Krishna Yajurveda

is characterized by its mixed format of prose and verse,

while the Shukla Yajurveda emphasizes the separation |
| of the two, with prose sections dedicated to rituals and |
mantras.

Krishna Yajurveda(Black Yajurveda)

'e Jt is called “Krishna” or “Black” because it contains |

both the ritualistic instructions (Yajus) and prose |
portions mixed together.

e It is further divided into two inajor branches: the
Taittiriya Samhita and the Maitrayani Samhita.

« The Taittiriya Samhita includes various rituals and

, prayers used during the Yajnas (sacrificial ceremonies)

and is often used by priests for recitations during
rituals.

» The Maitrayani Samhita is less common and is
associated with a different tradition of Yajurveda.

Shukla Yajurveda (White Yajurveda):

¢ It is called “Shukla” or “White” because it primarily
consists of the prose portions, and the ritualistic |
instructions are separated and found in the Shatapatha

| Brahmana, which is a commentary on the Yajurveda.

* The Shukla Yajurveda is also divided into several
branches or Shakhas, including the Vajasaneyi
Madhyandina and the Kanva Shakha."
37,"Match list-I with list-II and select the correct answer using the codes given below the lists:
list-I(Tirthankara) list-II
A.Adinatha         1.Bull
B.Mallinatha       2.Horse
C.Parshavanatha    3. Snake
D.Sambhavnatha     4. WaterJar

Code: A B C D",1 4 3 2,1 3 2 4,3 1 4 2,3 1 2 4,UPPCS (Pre),2017,a,"Exp) Option a is the correct answer.
Adinatha/Rishabhanatha/ 1. Bull
Adishwara/Yugadeva
Nabheya -

Mallinatha - 4, Water Jar
Parshavanatha - 3. Snake
Sambhavnatha - 2. Horse"
38,"Match List-I with List-II and select the correct answer from the codes given below:Codes: 
List-I            List-II
A.Harappa        1.Cemetry R-37
B.Lothal         2.Dockyard
C.Kalibangan     3.Dancing Girl
D.Mohenjo-Daro   4.Furrowed land

A B C D",1 2 3 4,2 1 4 3,3 4 1 2,1 2 4 3,U.P.P.C.S. (Mains),2017,d,"Exp) Option d is the correct answer

Two important discoveries at Harappa were made to the

south of the citadel. Two cemeteries were found—“R. 37,”

belonging to the Harappan Period, and “H,’ dating from

the Late or even Post-Harappan Period. These contained
different styles of burial.

The excavated site of Lothal is the port-town of the Indus

Valley Civilization. It has been identified as a tidal dockyard.

Kalibangan excavations in present western Rajasthan shows

a ploughed field, the first site of this nature in the world. It

shows a grid pattern of furrows, placed about 30 cm apart

running east-west and other spaced about 190 cm apart
running north-south, a pattern remarkably similar to the
one practiced even now.

The Dancing Girl is a bronze statue created over 4,500 years

ago and is a rare and unique masterpiece. It was found in the

ancient Mohenjo-Daro site in 1926,"
39,"Study the following statements about the Vedic God Indra and select the correct answer from the codes given below: 
1. Was the God of thunder.
2. Punished the sinners.
3. Was the guardian of the moral order.
4. Was the God of rain.
Codes:",1 and 2 are correct,1 and 3 are correct,2 and 4 are correct,1 and 4 are correct,U.P.P.C.S. (Mains),2017,d,"Exp) Option d is the correct answer

Indra is considered as king of the gods. He is one of the main

gods of the Rigveda. In carly religious texts, Indra plays a

variety of roles. As king, he leads cattle raids against the

dasas, or dasyus, native inhabitants of the lands over which
his people range. He brings rain as god of the thunderbolt.

‘Yhus he is considered as Gad of Thunder and Rain.

Varuna is the Vedic god.. He is the ruler of the sky realm and

the upholder of cosmic and moral law (rita).

Yama is responsible for the dispensation of law and
punishment of sinners in his abode, Yamapuri. He is also
known as Kala, and Dharmaraja. He is the Hindu god of
death and justice."
40,The name ‘Aghanya’ mentioned in many passages of the Rig Veda refers to:,Priest,Women,Cows,Brahmanas,U.P.P.C.S. (Pre),2017,c,"Exp) Option c is the correct answer
The various passages of Rig Veda refers cow as Aghanya or
‘the one who does not deserve to be killed. The Rig Veda
further addresses the cow as Mother of Rudras, the Daughter
of Vasus, the sister of the Adityas and the Centre of Nectar.
"" mportant Tips
Rig vedic terms:
« Agnyadheya - ceremony which preceded the public
rituals in Vedic Era.

+ Gavishti - a fight for cows.

¢ Gotra- A kinship unit

« Hiranyakara - Goldsmith

¢ Rathakara - Chariot maker

e Sira - Plough

+ Sita-Furrows ee __"
41,"Match list-I with list-II and select the correct answer using the codes given below the lists:
list-I          list-II
A.Lakulisa     1.Ajivaka
B.Nagarjuna    2.Sunyavada
C.Kalibanga Bhadrabahu 3.Pasupat
D.Gosala        4.Jain

Code: 
A B C D",2 3 4 1,3 2 4 1,1 2 3 4,3 1 4 2,UP RO/ARO (Pre),2017,b,"Exp) Option b is the correct answer.
A. Lakulisa - 3. Pasupat
Lakulisha, in the 2nd century A.D., organized the philosophy
of the Pashupata sect, which is recognized as the oldest
among the major schools of Shaivism.
B. Nagarjuna - 2. Sunyavada
Nagarjuna tived around the same time as King Gautmiputra
from the Satavahana kingdom. He started the Madhyamika
school of Mahayana Buddhism. He also talked about
something called Shunyawad or Emptiness.
C. Bhadrabahu - 4. Jain
Bhadrabahu was an important leader of the Jain community
when a big famine happened in Magadha. He went to
the south with his followers, while Sthulbahu stayed in
Bhagalpur with his followers. Some people who came back
from the south believed that being completely naked was
really important according to Mahavira’s teachings. But the
monks in Magadha started wearing white clothes instead.
The Svetambaras were those who wore white robes, and the
Digambaras were the ones who stayed naked.
D. Gosala - 1. Ajivaka
Makkhali Gosala believed in something called the Ajivika
philosophy. Ue was the very first student of Vardhaman
Mahavira."
42,Three human skeletons in a single grave were recovered at—,Sarai Nahar Rai,Damdama,Mahadaha,Langhnaj,U.P.P.C.S. (Pre),2016,b,"Exp) Option b is the correct answer.
Damdama is a Mesolithic site in the Pratapgarh district of
Uttar Pradesh, where 41 human graves were found, including
one triple burial grave. The grave was found in the uppermost

layer of the site, and it contained the remains of two adults and
one child. ‘he cause of death and the relationship between
the individuals are unknown. Damdama is also notable for
having a large number of animal bones, especially those of
cattle, sheep, goat, deer, pig, and fish. These bones indicate
that the Mesolithic people were engaged in hunting, fishing,
and domestication of animals."
43,"From which rock shelter of Vindhyas,a maximum number of human skeletons have been found?",Morahana Pahar,Ghagharia,Baghahi Khor,Lekhahia,U.P.P.C.S. (Pre),2016,d,"Exp) Option d is the correct answer.
Lekhahia is a rock shelter in the Vindhyas region of India
where a significant number of human skeletons have been
found. In a shelter at Lekhahia, as many as seventeen
skeletons, belonging to eight phases, were found. These
skeletons are of archaeological and anthropological
importance as they provide insights into the ancient history
and human habitation of the region."
44,Ashokaram monastery was situated at-,Vaishali,Pataliputra,Kaushambi,Shravasti,U.P.P.C.S. (Mains),2015,b,"Exp) Option b is the correct answer,

Ashokarain monastery was situated in Pataliputra, the

capital of the Mauryan Empire. It was founded by Emperor

Ashoka in the 3rd century BCE. The monastery was 4

center of learning and culture, and it attracted scholars and

monks from all over the Buddhist world. Pataliputra was

a major center of Buddhism during the Mauryan period.

It was home to many monasteries and stupas, and it was

a pilgrimage destination for Buddhists from all over the

world."
45,Who one of the following had not come to India with Alexander?,Nearchus,Onesicritus,Deimachus,Aristobulus,U.P.P.C.S. (Re. Exam) (Pre),2015,c,"Exp) Option c is the correct answer

¢ Alexander the Great, was a king of the ancient Greek
kingdom of Macedona. He reigned from 336 to 323 BC.

o Nearchus was one of the officers, a navarch, in the army
of Alexander.

0 Onesi critus was a Greek historical writer and Cynic
philosopher accompanied Alexander on his campaigns
towards India.

e Aristobulus was probably one of the friends of Alexander’s
father Philip and accompanied Alexander on his journey
towards India.

¢ Deimachus was a Greek of the Seleucid Empire. Therefore,
Deimachus did not came to India with Alexander.

| Important Tips

e Deimachus was sent by the Syrina ruler Antiochus I
to India.

« Deimachus became an ambassador to the court of the .
Mauryan ruler Bindusara “Amitragatha” in Pataliputra.

_« Asan ambassador, Demarches was the successor to the

| famous ambassedor and historian Megasthenes"
46,"In the early Rigvedic period, what was considered to be the most valuable property?",Land,Cow,Women,Water,U.P.P.C.S. (Pre) (Re. Exam),2015,b,"Exp) Option b is the correct answer

Cattle rearing was an important economic activity for the

Aryans, although they practiced agriculture. Cattle were

considered wealth and the most valuable property in Rigvedic
period. The term for war in the Rig Veda was gavishthi which
means search for cows. The donations to the priests were
mainly cows and women slaves but not land, which reveals
the importance of cows in their life."
47,Dadheri is a late Harappan site of-,Jammu,Punjab,Haryana,Uttar Pradesh,U.P.P.C.S. (Mains),2014,b,"Exp) Option b is the correct answer
Dadheri is located in the region of Punjab. Itis alate harappan
site. Antiquities found at this site included copper objects,
terracotta beads, wheels, round cakes, faience bangles and
terracota painted bull. A huge storage jar with Late Harappan
painted and incised wavy lines of pre-Harappan tradition
was noticed in situ."
48,Rig-vedic religion was-,Polytheistic,Monotheistic,Monistic,Libertarian,U.P.P.C.S. (Mains),2014,a,"Exp) Option a is the correct answer
In the Rig Veda, the natural forces sun, moon, rivers,
mountainsand rains were defined as divinities. The religion
was naturalistic and polytheistic. Indra was the most
important god and he was called Purandara. Agni was seen as
intermediary between god and people. Surya was a god who
removed darkness. Ushas was the goddess of dawn. Aditi,
Prithvi and Sinivali are other goddesses."
49,Sir Edwin Arnold book ‘The Light of the Asia’ is based on-,Divavadana,Lalitvistar,Suttapitak,Abhidhammapitak,"U.P.P.C.S, (Mains)",2014,b,"Exp) Option b is the correct answer.
The Light of Asia is a poem by Sir Edwin Arnold, published
in 1879. It is a free adaptation of the Lalitavistara, a
Mahayana Buddhist text thai ‘ells the story of the Buddha’s
life. The Lalitavistara is a Sanskrit text that was composed in
India in the 2nd or 3rd century CE. It is a vast and complex
text that tells the story of the Buddha's life from his birth
to his enlightenment. The Light of Asia is a more concise
and accessible version of the Lalitavistara. It tells the story
of the Buddha’s life in a way that is appealing to.a Western
audience. The poem is divided into 27 cantos, or chapters.
Each canto tells a different story about the Buddhia’s life. The
poem is written in blank verse, which means that it does not
rhyme.
Important Tips
¢ Divavadana: The Divavadana is a collection of
Buddhist legends.

e Suttapitaka: The Suttapitaka is the collection of
discourses of the Buddha. ;
0 Abhidhammapitak: The Abhidhammapitak is the
collection of philosophical treatises of Buddhism."
50,The social status assigned to the foreigners in Indian society by Manu was of the-,Kshatriyas,Fallen Kshatriyas,Vaishyas,Sudras,U.P.P.S.C. (R.L),2014,b,"Exp) Option b is the correct answer.

According to Manusmriti, foreigners were considered
to be fallen Kshatriyas. This means that they were once
Kshatriyas, but they had lost their status due to their evil
deeds. Manusmriti states that forcigners should be treated
with respect, but they should not be allowed to hold positions
of power or authority."
51,Who among the following Vedic deity believed to be their priest?,Agni,Brihaspati,Dyaus,Indra,U.P.P.C.S (Main),2013,b,"Exp) Option b is the correct answer

+ Brihaspati is mentioned in the Vedas as the Brahman
priest and a Vedic deity. Subsequently he became one of
the nine planetary deities representing the planet Jupiter.
In the epics and Puranas, he is mentioned as one of the
sages, the first son of Angirasas and teacher of gods. He
is revered as a sacred teacher, the teacher of gods and
teacher of teachers.

Important Tips

« Dyaus is the Hindu god of the sky.

e Agni is the fire-god of Hinduism. He is second
important god after Indra in the Vedic period.

e Indra is one of the most important gods of the ancient
Indian vedic tradition. He is the king of Devas, |
and rules the svarga. He is the god of thunder and
lightning. |"
52,The Mantra famous with the name of ‘Gayatri Mantra’ found in which of the following scriptures—,Bhagwat Gita,Atharvaveda,Rig Veda,Manusmiriti,"U.P.P.C.S, (Pre)",2013,c,"Exp) Option c is the correct answer
The Gayatri Mantra is a Sanskrit mantra that has been
chanted for thousands of years. It was written down during
the Rig Vedic period in 1500-1000 BCE. It comes from the
third Mandala of the Rigveda and is considered to be one
of the oldest known and most powerful mantras. It is said to
contain all the knowledge of the universe."
53,Who was the last person to get enlightenment from Gautam Buddha?,Anand,Sariputta,Mogglan,Subhadda,U.P.P.C.S. (Pre),2013,d,"Exp) Option d is the correct answer.
Subhadda was a wandering ascetic who met the Buddha
shortly before his death. He was impressed by the Buddha's
teachings and asked to be admitted to the order of monks.
The Buddha agreed, and Subhadda became the last person
to be enlightened by the Buddha.

Important Tips

Who was Subhadda?

Once, there was a wandering monk named Subhadda near

Kusinagar. He heard that Buddha was going to pass away |

soon, and he wanted to meet him, Subhadda had a question .

he couldn’t answer himself, so he thought Buddha could |

help clear his doubts.

Subhadda decided to visit the sala tree grove where

' Buddha was. He asked Venerable Ananda if he could see
, Buddha. Ananda, however, was concerned about Buddha's
tiredness and told Subhadda not to disturb him.

Subhadda asked the same question two more times, and

each time, Ananda gave the same reply. However, Buddha

overheard part of their conversation and called Ananda
over. He told Ananda to let Subhadda come, saying that

Subhadda’s questions were genuine and that he would —

understand the answers.

So, Subhadda got permission to approach Buddha. After
greeting him, Subhadda mentioned that there were many
other teachers with different teachings. Buddha replied
that Subhadda shouldn’t worry about those teachings and
explained that only where the Noble Eightfold Path exists
can one find those who have reached different levels of
spiritual understanding.
Buddha said that his teaching contains the Noble Eightfold
Path and that only there can one find people at different
levels of understanding. He explained that his teaching
leads to genuine spiritual attainment.
Subhadda then requested to become a monk, and Buddha
agreed, This made Subhadda the last disciple of Buddha,
similar to how Kondanna was the first disciple 45 years
earlier in the deer park at Benares."
54,"The women of which Indian republic or kingdom had taken up arms against Alexander after a large number of its
soldiers had been killed or wounded in the battlefield?",Abhisara,Glausai,Katha,Massaga,U.P.P.C.S. (Mains),2013,d,"Exp) Option d is the correct answer
Massanga was the capital of the Aswaks Republic. After the
death of large number of Massanga’s soldiers in the batlle
with Alexanders forces , the women of Massanga raised
weapons to fight against the Alexanders invasion."
55,‘Sita’ in Mauryan peried means:,A goddess,A religious sect,Revenue from Crown land,Barren land,U.P.P.C.S. (Pre),2013,c,"Exp) Option c is the correct answer.
In the Mauryan period, “Sita” referred to revenues collected
from crown land. These were revenues obtained from
the land directly controlled by the monarch, forming a
significant part of the revenue system in the ancient Mauryan
administration."
56,The Arthashastra of Kautilya is a-,Play about Chandragupta Maurya,Biography,History of Chandragupta Maurya,Book on Principles of Government,U.P.P.C.S. (Mains),2012,d,"Exp) Option d is the correct answer.
The Arthashastra of Kautilya is a book on Principles
of Government, It is an ancient Indian Sanskrit treatise
encompassing statecraft, political science, economics, and
military strategy. Traditionally attributed to Kautilya, it
offers insights into governance, law, ethics, economics,
diplomacy, and more. With a wide scope, it addresses various
aspects of state administration and societal welfare. It is
believed to have been composed between the 2nd century
BCE and 3rd century CE and has resurged in contemporary
global discourse on power and governance."
57,The Harappan city represented by the archacological site of Lothal was situated on the river,Narmada,Mahi,Bhogva,Bhima,U.P.P.C.S(Mains),2012,c,"Exp) Option c is the correct answer
Lothal was one of the southernmost sites of the ancient
Indus Valley civilisation, located in the Bhal region of the
Indian state of Gujarat. Lothal was Excavated by SR Rao in
1954. It is Situated on the bank of river Bhogava."
58,"Match list-I with list-II and select the correct answer using the codes given below the lists:
list-I(Vedic Rivers)            list-II(Modern Name)
A.Kubha     1.Gandak
B.Purushni  2.Kabul
C.Sadaneera 3.Ravi
D.Shutodri  4.Sutlej
Code; 
ABCD",1243,2314,3421,4132,UPPCS (Pre),2012,b,"Exp) Option b is the correct answer
The correct pairs are A-4, B-3, C-1, D-2.
The Vedic rivers and their Modern names are given as
follows.

| Asikni- OO | Chenab ___|
as be ean ~ - Tpeas - = ; — :"
59,"Turamaya, a contemporary of Ashoka was the ruler of-",Egypt,Corinth,Macedonia,Syria,U.P.P.C.S. (Pre),2012,a,"Exp) Option a is the correct answer.
Turamaya, a contemporary of Ashoka was the ruler of
Egypt. In his thirteenth inscription, Ashoka mentions five
Greck contemporary kings. Turamaya has been identified
with the contemporary ruler of Egypt (246 to 222 BC).
— _—_ onan Tips oe
| Within 13° Major Rock edict, Ashoka refers to five Greek |
‘rulers in relation to the reach and influence of his teachings |
,* Amtiyoga or Amtiyaka: Identified with Antiochus II
| Theos, ruler of the Seleucid Empire from 261 to 246 |
ae
e Tulamaya: Identified with Ptolemy III Euergetes, ruler |
of Egypt from 246 to 222 BC. |
¢ Antekina: Identified with Antigonus Gonatus of!
Macedonia, ruler from 277 to 239 BC,
|. Maka: Identified with Magas of Cyrene, ruler from 276 |
. to 250 BC.
| ¢ Alikyashudala: Possibly identified with Alexander IJ |
| of Epirus, ruler from 272 to 255 BC. |
These references highlight Ashoka’s awareness of his |
contemporaries across various regions and his efforts |
to promote “Dhamma” beyond the boundaries of his own ;"
60,Which of the following Mauryan officers was in charge of weights and measures?,Pautavadhyaksha,Panyadhyaksha,Sitadhyaksha,Sunadhyaksha,U.P.P.C.S. (Mains),2012,a,"Exp) Option a is the correct answer.
In the Mauryan administration, the officer in charge of
weights and measures was referred to as “Pautavadhyaksha.”
This official was responsible for regulating and maintaining
standard weights and measures across the empire. Their roje
involved ensuring fair trade practices, preventing fraud, and
maintaining uniformity in the measurement of goods and
commodities.
| The Arthashastca Usis 27 Adhyakshas responsible for |
| various economic sectors, seme of them are. |
- Akaradhyaksha: Mining Officer |
e¢ Lauhadhyaksha: Metallurgy Officer |

+ Lavanadhyaksha: Officer of salt department |

» Swarnadhyaksha: Officer of gold department |

e Ayadhadhyaksha: Weapon manufacturing & defence |

— department. ,

e Kunyadhyaksha: Officer of forest.

e Panyadhyaksha: Office of commerce department

e Manadhyaksha: Office of time & place determining |

s Sunadhyaksha: Slaughter-house officer |

° Mudradhyaksha: Royal symbol, coin etc. |

e Dyutadhyaksha: Gambling departinent |

e Naukadhyaksha: Shipping department officer. |

2 Pattanadhyaksha: Officer of Port

o Sitadhyaksha: officer in charge of agriculture.

¢ Shulkadhyaksha: Officer-in-charge of royal income |

e Koshadhyaksha: ‘lreasury officer |

- Koshthagaradhyaksha: Royal veasury manager. —_|"
61,Who among the following is regarded as War-God in the Rig Veda?,Agni,Indra,Surya,Varuna,U.P.P.C.S. (Mains),2011,b,"Exp) Option b is the correct answer

In the Rig Veda, the natural forces sun, moon, rivers,
mountains and rains were defined as divinities. The religion
was naturalistic and polytheistic. Indra was the most
important god and he was called Purandara. It means that he
is the Indra who destroyed the puras of asuras. Thus, he is
known as the god of storms and wars."
62,The evidence of pit dwelling has been obtained from-,Burzahom,Koldihwa,Brahmagiri,Sanganakallu,U.P.P.C.S. (Mains),2011,a,"Exp) Option a is the correct answer.

Burzahom is known for its pit dwellings, which were
subterranean structures cut into the natural soil. The pits
were circular or oval in plan, narrow at the top and wide at
the base, and had post holes on the ground level to support
a wooden cover. The pits were used as dwellings, storage,
or ritual purposes. The pit dwellings are evidence of the
adaptation of the Neolithic people to the cold climate of
Kashunir.

e Koldihwa: This is a prehistoric site in Uttar Pradesh, |
where evidence of rice cultivation dating back to 7th |
millennium BCE has been found. Koldihwa also has
remains of mud structures, pottery, and animal bones |
from the Chalcolithic period. |

e Sanganakallu: This is a site in Karnataka where |
evidence of Neolithic and Megalithic cultures has
been found. Senganakallu has remains of stone circles, |
cairns, dolmens, and rock paintings. The site also"
63,The inscription of which one of the following kings gives the information that Sakyamuni Buddha was born in Lumbini?  .,Ashoka,Kanishka,Harsha,Dharmapala,U.P.P.C.S. (Mains),2011,a,"Exp) Option a is the correct answer.

The inscription of King Ashoka that gives the information
that Sakyamuni Buddha was born in Lumbini is the Lumbini
Pillar Inscription. It is also famously known as Rummindei

Pillar Inscription or Paderia Inscription. The inscription

was found in Lumbini, Nepal, in 1896. It is written in the

Brahmi script and dates back to the 3rd century BCE. The

inscription reads:

“King Devanampriya Priyadarsin, Beloved of the Gods, when

twenty years had passed after his coronation, came himself

and worshipped (this spot) because the Buddha Shakyamuni
was born here.”"
64,"The three-age system, divided into stone,bronze and iron from the collection of Copenhagen Museum was coined by-",Thomson,Lubbock,Taylor,Childe,U.P.P.C.S. (Pre),2010,a,"Exp) Option a is the correct answer.

The three-age system, divided into stone, bronze and iron

from the collection of Copenhagen Museum, was coined by

Christian Jiirgensen Thomson, a Danish archaeologist who

published an essay on the topic in 1837. He based his system

on the typological and chronological studies of the artifacts
in the museum, and noticed that stone tools preceded bronze
tools, which were later replaced by iron tools. The three-
age system is still used today as a relative dating system for

European and Middle Eastern prehistory."
65,The earliest evidence of agriculture in the Indian Subcontinent has been obtained from-,Brahmagiri,Burzahom,Koldihwa,Mehrgarh,U.P.P.C.S. (Mains),2010,d,"Exp) Option d is the correct answer.

Mehrgarh, located in Baluchistan state of Pakistan, is the

earliest agricultural settlement in the Indian subcontinent.

‘The site dates back to around 7000 BCE and shows evidence

of cultivation of plants and domestication of animals such

as barley, wheat, cotton, goats, sheep and cattle. Mehrgarh
is also considered as one of the earliest siles of the Neolithic
revolution in South Asia."
66,‘Trayi’ is a name for-,Three Vedas,"Dharma, Sangha and Buddha",Three Gods in Hindu Pantheon,Three seasons,U.P.P.S.C. (GIC),2010,a,"Exp) Option a is the correct answer

Rig Veda, Yajur Veda and Sama Veda are collectively referred

to as trayi Veda in Satapatha Brahmana. Rig Veda has hymns

glorifying the Vedic gods for the prosperity of the people,

Yajur Veda supplies the details relating to the sacrifices and

Sama Veda contains hymns mostly culled from Rig Veda to

be sung in order to praise the gods and manes. Atharva Veda

is the youngest of all the four Vedas and was not present
when ‘I'rayi Veda was introduced. Hence, Atharva Veda is not

a part of Trayi Veda.

Important Tips

Satapatha Brahmana:

e The Satapatha Brahmana is an explanation of the
Shukla Yajurveda.

« Itis attributed to the Vedic sage Yajnavalkya, |

¢ Predominantly in its explanation of sacrificial |
ceremonies, the Satapatha Brahmana delivers technical |
information of geometry and experimental astrophysics
from the Vedic era.

'« Shatapatha Brahmana gives details about expansion
of the Aryans to the eastern part of the Indian
subcontinent and refers to the eastern rivers, such as
the Ganga and the Yamuna, and that it mentions the
presence of Aryan settlements in these areas as well."
67,Vedic River Askini is identified with which one of the following rivers?,Beas,Ravi,Chenab,Jhelum,U.P.P.S.C. (GIC),2010,c,"Exp) Option cis the correct answer
Chenab was known as ‘Askin? in the Rig Vedic Period. This
river is traditionally known as Chandrabhaga River.
po
Important Tips
|| Ancient River. |ModernName
Sindhu [in
| Sutudri Satluj
'Vitasta Jhelum
| Vipasa Beas
Askini Chenab |
Parushni Ravi"
68,Which of the following rivers mentioned in the Rig Veda indicates the relations of Aryans with Afghanistan?,Askini,Parushni,"Kubha, Kramu","Vipasha, Shutudri",U.P.P.C.S. (Pre),2010,c,"Exp) Option c is the correct answer
The Kabul or kubha River emerges in the Sanglakh Range
of the Hindu Kush Mountains in Afghanistan. More
specifically, this river is the main river in the eastern part of
Afghanistan. It is also known as the Kabal River. This river
is also mentioned in the Rig Veda, the earliest scripture of
Hinduism, under the name of Kubha."
69,The first Buddhist Council was held during the reign of-,Aniruddha,Ajatshatru,Bimbisara,Udayabhadra,U.P.P.C.S. (Mains),2016,b,"Exp) Option b is the correct answer.
The first Buddhist council was held during the reign of
Ajatshatru, the king of Magadha of Haryanka Dynasty, in
483 BCE. It was presided over by Mahakashyapa, onc of the
Buddha's closest disciples. The purpose of the council was
to preserve the Buddha’s teachings and monastic discipline."
70,"In which state, the Navdatoli is located?",Guijatat,Maharashtra,Chhattisgarh,Madhya Pradesh,U.P.P.C.S. (Mains),2009,d,"Exp) Option d is the correct answer.
Navdatoli is the name of a modern-day village, but can also
refer to a chalcolithic era settlement located on the Narmada
River in Madhya Pradesh in central India. The ancient village
was inhabited through four temporal stages, each defined
by distinct types of pottery. The site was excavated between
1957 and 1959 over two seasons.
Important Tips
Chalcolithic sites in India:
¢ Ahar culture: This culture was in the Banas valley
of southeastern Rajasthan and was also known as the
Banas culture. It is among the earliest Chalcolithic
cultures of India.
¢ Daimabad culture: This culture was in the Ahmednagar
district of Maharashtra, near the Pravara river. It dates
from around 2200 BC to 700 BC and is associated with
the Late Harappan phase. i
+ Kathya Culture: This Chalcolithic culture was named
after the type of site Kayatha, in Ujjain dist., Madhya
Pradesh. (Ca. 2450-2000 BC.)

nn eC
1° Malwa culture: It is the most predominant chalcolithic
culture of central India, with a wide distribution of sites
almost all over Malwa region. It was first identified in
the excavations at Maheshwar, on river Narmada. On
the basis of calibrated dates the Malwa culture is placed
in the bracket of 1900-1400 BC.
2 Jorwe culture: It is the most important and
characteristic chalcolithic culture of Maharashtra,
| extending almost al] over the present state, excepting
| the coastal strip on the west and Vidarbha in the north"
71,Ash mound is associated with the Neolithic site at-,Budihal,Sangana Kallu,Koldihwa,Brahmagiri,U.P.P.C.S. (Mains),2009,b,"Exp) Option b is the correct answer.
The ‘Ash mounds’ have been found from a Neolithic site
Sangana Kallu located in Vellari district near Mysore in
Karnataka. They have also been found in Piklihal and Utnur,
Yhese ash mounds are the burnt relics of seasonal camps of
Neolithic herdsmen community."
72,"Indus Valley Civilization was placed on the banks of the river, they were?
1. Sindhu
2. Chenab
3. Jhelum
4. Ganga
Choose the correct answer from the code given below.",l and 2,"1,2 and 3","2,3 and4",All of the above,U.P.P.C.S. (Pre),2009,b,"Exp) Option b is the correct answer
River Ganga is not associated with the Indus valley
Civilization, The Gang valley is known to people of Vedic
civilization and not the Indus valley civilization. The indus
Valey Civilization Flourished around the major river banks
of Sindhu, Chenab, Jhelum, Ghaggar, Sabarmati, Saraswati,
etc.
[ Important Tips |
| Various Indus Valley Civilization Sites:
| e Mohenjodaro (Sind)- It is located on the right bank
of the Indus.
e Kalibangan (Rajasthan)- it was on the banks of the |
river Ghaggar river.
¢« Chanhudaro - It lies on the left bank of the Indus in
| the south of Mohenjodaro.
e Lothal(Gujarat) - It is located at the head of the Gulf
of Cambay.
o Surkotada (Gujarat) - It is at the head of the Rann of
Kutch.
« Banawali (Haryana) - It was situated on the banks of |
the now-extinct Sarasvati.
e Dholavira (Gujarat) - It excavated is in the Kutch
district."
73,Which one of the following animals is not depicted on the Harappan seal?,Bull,Elephant,Horse,Sheep,U.P.P.C.S. (Spl) (Mains),2009,c,"Exp) Option c is the correct answer
Most of the Harappan seals have inscriptions in a pictographic
sciipt which is yet to be deciphered. The script was written
mostly from right to left, but, bidirectional writing style
i.e. right to left on one line and left to right on another line
has also been found. Animal impressions were also there
which were carved intaglio on the surfaces. The common
animal motifs were unicorn, humped bull, rhinoceros,

tiger, elephant, buffalo, bison, goat, sheep, markour, ibex,
crocodile, etc. Horse is not depicted on Harappan Seals."
74,Give the name of the tribe which is not related to the ‘Panchjana’ of the Rig Veda Aryans:,Yadu,Puru,Turvasa,Kikat,U.P.P.C.S. (Mains),2009,d,"Exp) Option d is the correct answer

According to traditions the Aryans were divided into five
tribes called the panchajana. They are as follows

e =Anu

e« Yadu

¢ Puru

e Druhyu

« Turvasa

Kikat tribe does not belong to the Panchajana Tribe of
Rigvedic period."
75,"In which of the Vedas, Sabha and Samiti are called as two daughters of Prajapati?",Rig Veda,Samveda,Yajurveda,Atharvaveda,U.P.P.C.S. (Mains),2009,d,"Exp) Option d is the correct answer

The Atharva Veda identified sabha and samiti as two
daughters of the Vedic god Prajapati. Whenever the terms
appeared together, sabha preceded samiti, leading some
scholars to infer that sabhas might have existed before
samitis,"
76,Which of the following sources gives a detailed account of the city administration of the Mauryas?,Kautilya’s Arthashastra,Megasthenes’ Indica,Mudrarakashasa of Vishakha Datta,Inscription of Ashoka,U.P.P.C.S. (Mains),2009,b,"Exp) Option b is the correct answer.

Megasthenes’ “Indica”, provides a detailed account of the
city administration of the Mauryan Empire. He mentions
that there was a nunicipal council consisting of 30 members.
This council was further divided into six boards, each
consisting of five members. Each board was responsible
for overseeing a specific aspect of city administration.
Megasthenes’ “Indica” offers insights into the structure and
functioning of the administrative system in Mauryan cities.

Important Tips |

City Administration in Mauryan Empire:

0 The administration of cities is elaborated in the
Arthashastra, with the Edicts of Ashoka mentioning
cities like Patalipuira, Taxila,

e Ujjain, and more. Megasthenes detailed Pataliputra’s
administration, where a city council of 30 members ;
oversaw the city. These members were divided into six
boards, each with specific duties:

“ One board managed industrial and artistic production,
setting wages and curbing adulteration.
® The second board handled foreign visitors’ affairs,
focusing on their needs.
* Birth and death registrations were overseen by the
third board.
© The fourth board regulated trade, monitored goods,
and sales.
* ‘the fifth board supervised manufacturing.
«The sixth board collected taxes, typically one-tenth of
sales value.

e Officers appointed by the City Council ensured public
welfare in areas like roads, markets, hospitals,
temples, and sanitation.

¢ The Nagaraka oversaw the city, while various
departments regulated state activities, as noted by
‘ Kautilya, encompassing accounts, revenue, mines,
|___ chariots, customs, and taxation."
77,Bulandibagh was ancient site of:,Kapilavastu,Pataliputra,Vaishali,Varanasi,U.P.P.C.S. (Spl) (Mains),2008,b,"Exp) Option b is the correct answer,
Bulandi Bagh is located within the archaeological site
of Pataliputra. This area gained significance due to the
discovery of the monumental Pataliputra capital in 1895. It
is believed that Bulandi Bagh was once part of the royal
palace complex of the Maurya dynasty. Excavations have
revealed wooden palisades, punch-marked coins, terracotta
figures, and other artifacts that provide insights into the
historical importance of the region during the Mauryan
period."
78,"In Mesolithic context, evidence of animals domestication has been found at:",Langhnaj,Birbhanpur,Adamgarh,Chopani Mando,U.P.P.C.S. (pl) (Pre),2008,c,"Exp) Option c is the correct answer.
Adamgarh is a Mesolithic site in Madhya Pradesh, where
evidence of animal domestication has been found. Adamgarh
is one of the earliest sites in India that shows signs of
domestication of animals such as sheep, goats, pigs, and
dogs. The site also has rock paintings depicting hunting
scenes and animal motifs. Adamgarh is located on the banks
of the Narmada River, and was occupied by hunter-gatherers
from about 10,000 to 3,000 years ago. The site has yielded
microliths, bone tools, pottery, and animal bones.
Important Tips |
» Langhnaj is a Mesolithic site in Gujarat, where
microliths, animal bones, and human burials have been
found, The site dates back to about 10,000 to 5,000
years ago, and shows evidence of hunting, fishing, and j
gathering activities. Langhnaj is also known for its rock
paintings depicting animals and humans.
® Birbhanpur is a Mesolithic site in West Bengal, where
microliths and pottery have been discovered. The site
i is located on the bank of the Damodar River, and dates
back to about 6,000 to 4,000 years ago. Birbhanpur is
one of the few sites in eastern India that shows signs of
Mesolithic culture,
« Chopani Mando is an important archaeological
site, which indicates the transition of humans from
food gathering society to food production society. It
| is situated in Belan River valley in modern Prayagraj
_ district of Uttar Pradesh state, India. AA three phase
sequence of palaeolithic, Mesolithic, and Neolithic
is attributed by archaeologists. Circular and oval
settlement with hearths, hand-made cord-impressed
pottery, and microliths, chalcedony are found here |
during excavation, ;
a ce tial"
79,Name the site which has revealed the earliest evidence of settled life?,Dholavira,Kile Gul Mohammad,Kalibangan,Mehrgarh,U.P.BC.S. (Spi) (Mains),2008,d,"Exp) Option d is the correct answer.
Mehrgarh has revealed the earliest evidence of settled life
in the Indian subcontinent . Mehrgarh is known for its

Neolithic and pre-Indus Valley Civilization settlements.
One of the key discoveries at Mehrgarh is evidence of early
agricultural practices. Archaeological excavations have
uncovered evidence of domesticated plants and animals,

including wheat, barley, cattle, and sheep. This shift from a

nomadic, hunter-gatherer lifestyle to settled agriculture was

a crucial step in the development of human civilization."
80,The cultural remains from Stone Age to Harappan Civilization have been obtained from which one of the following ancient sites?,Amri,Mehrgarh,Kotdiji,Kalibangan,U.P.P.C.S. (Pre),2008,b,"Exp) Option b is the correct answer.

Mehrgarh is an ancient site located in the foothills of the

Bolan Pass in Balochistan, Pakistan. It is one of the earliest

sites with evidence of farming and herding in South Asia.

It dates back to 7000 BCE and spans the period from the

Stone Age to the Harappan Civilization. Archaeologists have

found remains of domesticated animals, cultivated plants,

pottery, copper tools, and burial practices at Mehrgarh. It
is considered as one of the key sites for understanding the
origins and development of the Indus Valley Civilization."
81,"Match List-I with List-II and select the correct answer by using the codes given below the lists:
List-I(Vedic Rivers)List-II(Modern Name)

A. Harappa         1. Godavari
B. Hastinapur      2. Ravi
C. Nagarjuna Konda 3. Ganga
D. Paithan         4. Krishna
Code: 
ABCD",1234,2341,4321,3412,U.P.P.C.S (Spl) (Mains),2008,b,"Exp) Option b is the correct answer

Harappa is situated in modern day Pakistan on River Ravi.

Hastinapur is located on the bank of the Ganga, 30 km from

the district headquarters Meerut.

Nagarjunakonda or Nagarjuna’s hill on the right bank of

river Krishna forms part of Nallamlai ranges

Paithan or Pratishthan is located on the banks of river

Godavari."
82,"Which of the following river among the following referred as ‘Matetama’, ‘Devitama'and ‘Naditama’ in the Rig Veda?",Sindhu,Saraswati,Vitasta,Yamuna,U.P.P.C.S. (Spl) (Mains),2608,b,"Exp) Option b is the correct answer

The river Sarswati is referred to as Matetama, Devitama and

Naditama in Rigveda. It is identified with Ghaggar-Hakra

channel in Haryana and Rajasthan.

, Important Tips

Saraswati River:

e Saraswati River is a holy river first mentioned in the
Rigveda.

« Itis part of the Sapta Sindhu rivers mentioned in the
Rig Veda. The other rivers are Sindhu (Indus), Sutudri
(Satluj), Vitasta (Jhelum), Vipasa (Beas), Askini

| (Chenab) and Parushni (Ravi).

,e The Rig Veda says the Saraswati flows between the |
Satluj in the west and the Yamuna in the east, and as !
flowing into the samudra."
83,What was “Sarthwah”?,Brokers,Convoy of Merchants,Moneylender,Pilgrims,U.P.P.C.S. (Spl) (Mains),2008,b,"Exp) Option b is the correct answer.

“Sarthwah” refers to a convoy or group of merchants who

would travel together for mutual protection and assistance

during their journeys. These merchants would collectively
undertake trade expeditions, often in caravans, to ensure
safety from bandits, harsh conditions, and other risks that
came with long-distance travel. The Sarthwah played an

important role in the economic development of ancient
India. They helped to promote trade and commerce and to
spread culture and information throughout the country."
84,Gautam Buddha’s Mother was from which clan?,Shakya clan,Maya clan,Licchavis clan,Koliyan clan,"U.P.P.C.S, (Pre)",2008,a,"Maya was the Buddha’s mother and caine from a group called
the Koliyan clan. She was born in a place called Devadaha.
She got married to her cousin, King Suddhodana, who was
the ruler of Kapilavastu.
Important Tips
Most experts believe that in many Buddhist writings, it’s
said that Maya passed away seven days after Buddha was
born. After her death, she was born again in a special place °
called ‘Vavatimsa Heaven. This is where Buddha taught
‘ her the Abhidharma later on. Maya's sister, Mahapajapati
| Gotami, became the child’s foster mother."
85,Svetambara Agama was finally edited at the Jain Council of-,Vaishali,Balabhi,Pawa,Pataliputra,U.P.P.C.S. (Mains),2008,d,"Exp) Option d is the correct answer.
The Svetambara Agamas are the sacred texts of the
Svetambara sect of Jainism. They were compiled over a
period of time, and the final editing was done at the Jain
Council of Pataliputra in the 5th century CE. The council
was presided over by Devarddhi-gani Kshamashramana,
who was a renowned Jain monk,"
86,Prabhasgiri is a pilgrim spot of:,Buddhists,Jains,Saivites,Vaishnavites,U.P.P.C.S. (Spl) (Pre),2008,b,"Exp) Option b is the correct answer
Prabhas Giri is a town in Uttar Pradesh’s Kaushambi
district, about sixty kilometers away from Allahabad. It’s a
significant spot for fain pilgrims and people visit it all year
round. One of the main places of interest is the Bhagwan
Padma Prabhu Yerple, which is special to the Jain
community as its named after Bhagwan Padma Prabhu,
the sixth Jain Virthankar. Prabhas Giri is also important for
Hindus, It’s believed that Lord Krishna spent his last days
here on Earth in this town,"
87,In the post-Vedic period which was considered as the axis of Aryan Culture-,"Anga, Magadha","Kosal, Videha","Kuru, Panchala","Matsya, Shurasena",U.P.B.C.S. (Mains),2007,c,"Exp) Option c is the correct answer
During the Later Vedic period the upper Ganga Doab was the
centre of the Aryan culture. The clans of Bharatas and Purus
combined to form the Kurus, and along with the Panchalas
they occupied the central part of the Ganga- Yamuna doab.
Panchala territory was in north-western Uttar Pradesh.
The Kuru Panchalas became one major ethnic group and
Hastinapur became their capital."
88,"According to the excavated evidence, the domestication of animal began in-",Lower Palaeolithic period,Middle Palaeolithic period,Upper Palaeolithic period,Mesolithic period,U.P.P.C.S. (Mains),2006,d,"Exp) Option d is the correct answer,
According to the excavated evidence, the domestication of
animals began in the Old World during the Mesolithic Period,
which lasted from about 20,000 to 8,000 years ago. Dogs
were the first animals to be domesticated in Central Asia by
at least 15,000 years ago by people who hunted and foraged
for wild edible plants. Other animals, such as sheep, goats,

cattle, pigs, and horses, were domesticated later, between

10,000 and 5,000 years ago. Domestication of animals was a

major achievement in human history, as it provided a reliable

source of food, clothing, transportation, and companionship.
Important Tips j
je The earliest evidence of domestication of animals in
India comes from Adaimgarh (M.P.) and Bagor in
Rajasthan dated 5500 B.C. and 4500 B.C. respectively.

e The domestication of animals during the Indus Valley
Civilisation was a common practice. These animals
included cats, dogs, birds, cows, goats, and buffaloes

used in teade and agriculture."
89,Which one of the following is not correctly matched?,Harappa - Daya Ram Sahni,Lothal - S.R. Rao,Surkotada - J.P. Joshi,Dholavira - B.K. Thapar,U.P.P.C.S. (Mains),2006,d,"Exp) Option d is the correct answer

« Rai Bahadur Daya Ram Sahni was an Indian
archaeologist who supervised the excavation of the Indus
valley site at Warappa in 1921-22, Sahni was a trainee of
John Marshall. He became the first Indian to be appointed
Director-General of the Archacological Survey of India, a
position in which he served till 1935.

e §.R. Rao was a scientist and a former Director of the
Archaeological Survey of India. He excavated the site of
Lethal in present-day Gujarat which is considered a port
from the Harappan civilization.

o Jagat Pati Joshi (J.P. Joshi) is an Indian archaeologist
who discovered the Indus Valley site of Dholavira and
Surkotada.

« Bal Krishen Thapar was an Indian archaeologist who

‘served as the Director-general of the Archaeological
Survey of India from 1978 to 1981. Thapar participated
in the archaeological excavations in Kalibangan, Purana
Qila and Maski. Hence, Option d is incorrect."
90,"The first archaeologist who excavated Harappa, but could not recognize its significance, was:",A. Cunningham,Sir John Marshall,Mortimer Wheeler,George F. Dales,U.P.P.C.S. (Mains),2006,a,"Exp) Option a is the correct answer

The Harappa site was first briefly excavated by Sir Alexander

Cunninghain in 1872-73, two decades after brick robbers

carried off the visible remains of the city. Alexander

Cunningham was the first surveyor of the Archaeological

Survey of India (ASI). Alexander Cunningham visited the

site in 1853, 1856 and 1875, But the importance of the site

and the associated civilisation were not realized by him

Important Tips

| Harappan Civilization:

e Sir John Marshal took over as the Director General of
ASI and initiated research at the site. He realized the
importance of this site.

| » Sir John Marshal played ai important rojie in the

development of archacology in India.

/e Later in the 1940s, Mortimer Whecler excavated the

Harappan sites.

o After the partition of the Indian subcontinent, many of

the Harappan sites went to Pakistan."
91,"From where the evidence of rock-cut architecture was found, with reference to Harappa civilization? .",Kalibangan,Dholavira,Kot Diji,Amri,U.P.P.C.S. (Pre),2006,b,"Exp) Option b is the correct answer
Evidence of rock-cut architecture in the context of the
Harappa civilization was found in Dholavira. The rock-cut
structures at Dholavira are located in the western part of the
site. This suggests that they were used for religious or ritual
purposes. The rock-cut structures at Dholavira are made of
sandstone and are carved into the side ofa hill. This shows the
sophistication of the Indus Valley civilization’s engineering
skills. They were able to carve these structures into the rock
without the use of modern tools and machinery. The rock-
cut structures are of various shapes and sizes, and some
of them have pillars and other architectural features. This
suggests that the Indus Valley civilization had a sophisticated
understanding of architecture. They were able to design and
construct a variety of structures, each with its own unique
features.
Important Tips
Kot Diji
+ Itis located in present day Pakistan.
« There is evidence of statues of Bull.
«+ The statue of mother goddess have been excavated
from here
Amri
« It is located close to the west bank of the Indus river.
¢ Itis in the Dadu district of Sindh, and lies to the south
of Mohenjo Daro.
* It was discovered by N.G.Majumdar in 1929,"
92,"For clothing, cotton cusivation was first introduced in-",Egypt,Mesopotamia,Central America,India,U.P.P.C.S (Pre),2006,d,"Exp) Option d is the correct answer
Cotton is one of the oldest fibres. Archaeological record of
cotton cultivation dates back to 3000 B.C. as per excavations
made in Indus Valley civilization. Farmers in the Indus
valley were the first to spin and weave cotton. Thus, cotton
was cultivated in India First."
93,In which one of the following languages was the earliest Jain literature compiled?,Ardh-Magadhi,Paali,Prakrit,Sanskrit,U.P.P.C.S. (Mains),2006,a,"Exp) Option a is the correct answer.
The very old writings are in the Jain Agamas, which are
written in a language called Ardhamagadhi. Jain monks later
wrote explanations about these texts. They also wrote new
things in other languages like Sanskrit and Maharashtri
Prakrit."
94,The cultivation of cereals first started in-,Neolithic Age,Mesolithic Age,Palaeolithic Age,Proto-Historic Age,U.P.P.C.S. (Mains),2005,a,"Exp) Option a is the correct answer.
The cultivation of cereals first started in the Neolithic Age,
which is also known as the New Stone Age. The Neolithic
Age is the period of human history when people began to
practice agriculture and domestication of animals. The
Neolithic Age lasted from about 10,000 BCE to 3,000 BCE.
Important Tips
« The origin of cereal cultivation can be traced back to
the Fertile Crescent, a region in the Middle East that
includes parts of modern-day Iraq, Syria, Turkey, and
Tran.

¢ The Fertile Crescent is often referred to as the
birthplace of agriculture, as it is where the earliest
evidence of crop cultivation has been found.

¢ Some of the first cereal grains that were domesticated
by early primitive humans were emmer wheat, einkorn
wheat, and barley"
95,Megaliths have been identified as-,Caves for hermits,Burial sites,Temple sites,None of the above,U.P.P.C.S. (Mains),2005,b,"Exp) Option b is the correct answer.

Megaliths are large stones that have been used to construct

prehistoric structures or monuments, often for funerary

purposes. Some types of megalithic structures are dolmens,

cists, menhirs, and stone circles, which are usually associated
- with burials or tombs Megaliths have been found in many

parts of the world, including India, where they date back to

the Neolithic and Early Iron Age periods.

Important Tips

Megaliths are found across the whole of India, but they

are more common in central, southern and eastern India.

Some of the most important megalithic sites in India are:

e Adichanallur in Tamil Nadu, where more than 160 urns
containing human skeletons and artefacts have been
excavated.

e Thrissur in Kerala, where a large number of dolmens ,
and menhirs have been discovered.

« Nagarjunakonda in Andhra Pradesh, where a complex
of megalithic tombs and cairns dating back to the Ist
millennium BCE have been found.

« Jaunapani in Maharashtra, where a group of 400
megaliths arranged in circles and rows have been
identified.

e Maski in Karnataka, where a megalithic site with rock
paintings and inscriptions has been located.

e« Brahmagiri in Karnataka, where several megalithic
burials and stone alignments have been excavated.

¢ Piklihal in Karnataka, where a megalithic site with
pottery, iron tools and beads has been explored.

¢ Hallur in Karnataka, where a megalithic site with
multiple types of burials and artefacts has been studied."
96,The word Gotra occurs for the first time in-,Atharvaveda,Rig Veda,Samaveda,Yajurveda,U.P.P.C.S. (Mains),2005,b,"Exp) Option b is the correct answer.

Gotra is generally a Kinship unit or a Clan. The word first
occurs in 10 Mandala of Rigveda. The hymn is addressed
to the god Indra, and it describes the different gotras and
their origins. The word “gotra” is derived from the Sanskrit
word “go” meaning “cow” and “tra” meaning “protection”. It
literally means “cow protection” or “cowherd” In the Vedic
context, it refers to a clan or lineage of people who trace their
ancestry back to a common ancestor."
97,The Indus Valley culture was different from the Vedic Civilization because,It had the amenities of developed city life,It has a pictographic script,It lacked knowledge of iron and defensive arrow,All of the above,U.P.P.C.S. (Spl) (Mains),2004,d,"Exp) Option d is the correct answer.

Indus Valley Civilization was urban having amenities of
developed city life, whereas the Vedic Civilization was rural.
Peepal tree was worshipped in Indus Valley Civilization
whereas banyan tree was worshipped in Vedic Civilization.
Indus civilization lacked knowledge of iron and defensive
arrow whereas vedic civilization was acquainted with iron
and arrows. Indus civilization had pictographic script
whereas vedic civilization had Sanskrit language.
Important Tips
Criteria | Indus Valley... || Vedic period” |
Sa | Civilization . ae 7 : |
Location Northwestern : North-western
Indian and central India
subcontinent
Urbanization Highly urbanized | Less urbanized,
more rural
, Economy Based on Based on
agriculture, agriculture,
trade, and crafts | pastoralism, and
warfare
Religion Polytheistic, Polytheistic, with
; with a focus a fucus on Indra, .
on fertility and Agni, and other |
} nature gods
Social structure | Classless society | Class-based
| with some society with a
| evidence of hierarchy of '
| social hierarchy | priests, warriors, (|
| merchants, and
farmers |
Art and Ilighly stylized More naturalistic
architecture | and geometric; ; and figurative;
emphasized often depicted :
symmetry and animals and |
| balance plants
Technology | Advanced Developed the |
| metalworking, chariot, the plow, |
pottery, and and the wheel;
seal-making; introduced
developed the ironworking to |
| world’s first India |
| urban drainage
system |
Contact with ‘Traded with : Contacted with |
other cultures Mesopotamia _—_! the cultures of
| and other Central Asia and
| cultures in the Tran |
| Middle East |
| Writing system Indus scxipt, i Vedic script,
| which has which is the |
i not yet been ancestor of
deciphered the modern
| Devanagari
| script 7"
98,The largest site of Harappa in India is-,Alamgirpur,Kalibangan,Lothal,Rakhigarhi,U.P.P.C.S. (Spl) (Mains),2004,d,"Exp) Option d is the correct answer ;
Rakhigarhi is the largest Harappan site in India. At
Rakhigarhi, the excavations are being done to trace its
beginnings and to study its gradual evolution from 6000 BCE
(Pre-Harappan phase) to 2500 BCE. The site was excavated
by Amarendra Nath of ASI."
99,Which of the following civilizations flourished on the bank of River Nile?,Roman Civilization,Indus Valley Civilization,Greek Civilization,Egyptian Civilization,U.P.P.C.S. (Mains),2004,d,"Exp) Option d is the correct answer
All great civilisations formed on the banks of rivers. The
Egyptian Civilisation formed on the banks of the River Nile,
and the Mesopotamian Civilisation formed on the banks of
the rivers Tigris and Euphrates. The Indus Valley Civilisation
formed on the banks of the Indus river.

[ Important Tips

¢ Roman civilization was centred on the city of Rome
which was established in 27 BCE following the demise
of the Roman Republic.

i}

ie Greek Civilization was a mysterious and prosperous

Mycenaean civilization that started on the island of

| Crete. - _"
100,Upanishads are books on-,Religion,Yoga,Law,Philosophy,U.P.P.C.S. (Mains),2004,d,"Exp) Option d is the correct answer
The Upanishads are late Vedic Sanskrit texts of Hindu
philosophy which form the foundations of Hinduism. The

Upanishads are philosophical texts dealing with topics
like the soul, the absolute, the origin of the world and the
mysteries of nature.

Important Tips
Upanishads
e Itcriticizes the rituals and lay stress on the value of right
belief and knowledge. The language of the Upanishads
was Classical Sanskrit and not the Vedic Sanskrit.

¢« ‘The Upanishads are often called ‘Vedanta’

fe Literally, Vedanta means the end of Veda, Vedasya
antah, the conclusion (Anta) as well as the goal (Anta)
of the Vedas.

e Chronologically they came at the end of the Vedic
i period. ee ee"
101,Fundamental or basic script of the ‘RigVeda was-,Devnagri,Kharoshthi,Pali,Brahmi,U.P.P.C.S. (Spl) (Pre),2004,d,"Exp) Option d is the correct answer

Brahmi is the oldest writing systems used in the Indian

subcontinent and in Central Asia. ‘The oldest manuscript of

the Rig Veda is in Brahmi script which was the popularly

used dialect when the language was preserved as text.
Important Tips |

Brahmi Script
| e It is usually written from left to right.

'e Brahmi is an abugida, meaning that each unit is based
on consonant and the vowel notation is secondary, |
except when the vowels commence a word. |

¢ The best-known Brahmi inscriptions are the rock-cut
edicts of Ashoka in North-Central India, dated 250-
232 BC. The script was deciphered in 1837 by James
Prinsep"
102,"Consider the following statements:
Assertion (A): The Mauryan kings did not bestow land-grants on religious basis.
Reason (R): The peasants revolted against land grants.
Select the correct answer using the codes given below:","Both (A) and (R) are true, and (R) is the correct explanation of (A).","Both (A) and (R) are true, but (R) is not the correct explanation of (A).","(A) is true, but (R) is false.","(A) is false, but (R) is true.",U.P.P.C.S. (Spl) (Mains),2004,c,"Exp) Option ¢ is the correct answer.
Assertion (A) is true: Mauryan land grants were more often
given for administrative and economic purposes rather than
solely on religious grounds. They were often granted to
officials or individuals in recognition of their service to the
state or for the development of economic activities.
Reason (R) is false: There is no significant historical record
or evidence suggesting that peasants revolted specifically
against land grants. Peasant uprisings in ancient India were
driven by various factors, including oppressive taxation,
forced labor, and economic hardships, but not primarily
against land grants."
103,Which among of the following prohibits remarriage?,Jataka,Manusmiriti,Yagyavalkya,Arthshastra,U.P.P.C.S. (Pre),2003,b,"Exp) Option b is the correct answer.

Manusmmriti contains verses that are often cited to prohibit

or discourage remarriage, particularly for widows. It

emphasizes the concept of pativratya, where a wife’s
devotion to her husband is considered a supreme virtue.

Some interpretations of Manusmriti suggest that a widow

should remain devoted to her deceased husband and not

remarry."
104,"Match list-I with list-II and select the correct answer using the codes given below the lists:
list-I         list-II
A. Rig Veda    1. Musical hymns
B. Yajurveda   2. Hymns and rituals
C. Samaveda    3. Charms and spells
D. Atharvaveda 4. Hymns and prayers 
Code: 
ABCD",4213,3241,4123,2314,CPPCS (Pre),2003,a,"Exp) Option a is the correct answer

The correct matches are A-4, B-2, C-1, D-3.

The Rig Veda was the first one written and it contained

hymns and prayers.

Yajur Veda was the text which contained the rules of hyms

and rituals.

The Sama Veda, which came second contained all the

musical hymns in regards of the rituals that were followed,

The Atharva Veda consists of charm and spells that were

used against the enemies or to cure diseases."
105,"Alexander’s success in India was due to the following:
1. There was no ceniral power in India at that time.
2. He had a superior army.
3. He was helped by the traitorous Indian rulers.
4, He was a good administrator.
Select the correct answer from the following code:",l and 2,"1,2 and3","2,3 and 4",All of the above,U.P.P.C.S. (Pre),2003,b,"Exp) Option b is the correct answer

Alexander the Great was a Greek king and military leader

who is best known for his conquests of the Persian Empire

and his campaigns in Asia and Africa. The Various reason for

Alexander success in India are as follows:

» Alexander often faced armies that were divided and
disorganized, which made it easier for him to defeat
them. India was divided into small kingdom, there was
no central power in India at that time.

¢ The Macedonian army was well-equipped with advanced
weapons and armor, which gave them an advantage in
battle. Whereas Indian army was having traditional
weaponry at that time.

« Alexander was supported by many traitorous Indian
Rulers. King Ambhi was the ruler of taxila during

Alexanders Invasion. Ambhi had bitter relations with
his neighbor king Porus (called as Parvateshwar or
Purushottaim). It is said that he helped Alexander to rage
a battle against the mighty Porus.
As_ historian Robin Waterfield notes, “Alexander seems to
have concerned himself little with administration, beyond
the bare minimum necessary for an ongoing conqueror to
secure his rear.” Alexander the Great ignored the difficult
process of consolidating his conquered territories. Thus,it
seems that he was not a good administrator, but was a good
conqueror. Hence statement 4 is incorrect."
106,The largest number of Rigvedic hymns are devoted to-,Agni,Indra,Rudra,Vishnu,U.P.P.C.S. (Mains),2002,b,"Exp) Option b is the correct answer
Indra is the most important deity in ancient Vedic period
and the supreme god of the Rigveda scripture. There are
more than 250 hymns devoted specifically to him, more than
any other deity. Thus, largest number of hyms is devoted to
Indra.
Important Tips
The various Rig Vedic gods are as follows
¢ Indra was the chief god during the Rig Vedic age. He
was also known as the king of gods & lord of heaven.
e Agni was the god of fire & sacrifice.
« Soma was the god of the soma plant, which was used in
religious ceremonies.
* Rudra was the god of wind & storm.
e Vishnu was the preserver of the universe.
« Varuna was the god of water & rain.
e Mitra was the god of friendship & alliance."
107,Kautilya was prime minister of-,Chandragupta Vikramaditya,Ashoka,Chandragupta Maurya,King Janak,"U.P.P.C.S, (Pre)",2002,c,"Exp) Option c is the correct answer.
Kautilya, also known as Chanakya, was the prime
minister of Chandragupta Maurya. Ile played a crucial
role in assisting Chandragupta Maurya in his rise to power
and was instrumental in the establishment of the Maurya
Empire. Chanakya’s teachings and guidance as a strategist,
philosopher, economist, and royal advisor were influential in
shaping the early Mauryan state.
Important Tips
Chandragupta I:
« Ruled Gupta Empire, 380-412 CE, known as
Vikramaditya.
¢ Carried forward father’s expansionist strategy,
expanding empire through military conquest.
¢ Conquered Western Kshatrapas, enlarging Gupta
domain: from Indus River to Bengal, Himalayan
foothills to Narmada River.
« Daughter Prabhavatigupta possibly held sway over
Vakataka kingdom during her regency.
« Gupta Empire flourished, evidenced by Chinese
pilgrim Faxian’s account of peaceful, prosperous rule.

e Vikramaditya legend linked to Chandragupta Th |
Sanskrit poet Kalidasa likely served as his court poet. |
Janaka King:
e Ruled Videha in Mithila, 8th or 7th century BC,
e Videha rulers called Janakas; Janaka in Ramayana, ,
Sita’s father.
e Exemplified non-attachment, spiritual inclination,
engaged with sages.
° His bond with adopted daughter Sita led to her being
Janaki.
« Janakpur in Nepal named after him; ruled Videha
| between Gandaki and Mahananda Rivers, north of
Ganga, south of Himalayas."
108,First Buddhist Conference after the death of Buddha was presided over by:,Mahakashyapa,Dharmasen,Ajatashatru,Nagasen,U.P.P.C.S. (Pre),2000,a,"Exp) Option a is the correct answer.
Mahakasyapa led the first Buddhist council convened
in Rajagriha around 483 BC, approximately 90 days after
Buddha’s final Nirvana. This council was sponsored by King
Ajatasatru and saw the compilation of the Vinay Pitaka and
Sutta Pitaka."
109,Karmapa Lama belongs to which of the following sects of Tibetan Buddhism?,Gelugpa,Kagyupa,Sakyapa,Lingamapa,U.P.P.C.S. (Pre),2000,b,"Exp) Option b is the correct answer.
The Karmapa Lama is the head of the Kagyupa school of
Tibetan Buddhism. The Kagyupa school is one of the four
major schools of Tibetan Buddhism and is known for its
emphasis on meditation and the practice of Mahamudra.
Important Tips a
Gelugpa: The Gelugpa school is the largest school of |
Tibetan Buddhism and is known for its emphasis on
monasticism and scholarship.
Sakyapa: The Sakyapa school is one of the four major
schools of Tibetan Buddhism and is known for its
emphasis on tantric Buddhism.
Nyingmapa: The Nyingmapa school is the oldest school
of Tibetan Buddhism and is known for its emphasis on the
preservation of ancient texts and practices.
Lingamapa: The Lingampa school is a smali school of
Tibetan Buddhism and is known for its emphasis on the
practice of Vajrayana Buddhism."
110,King Asvapati of the Upanishadic period was the ruler of:,Kashi,Kekaya,Panchala,Videha,U.P.P.C.S. (Pre),1999,b,"Exp) Option b is the correct answer
King Asvapati of the Upanishadic Period was the ruler of
Kekaya. He was a well-known teacher of the age. The Kekaya
kingdom was situated on the bank of river Beas. King
Asvapati is a significant figure in the Upanishadic tradition
and he is mentioned in several Upanishads, including the
Brihadaranyaka Upanishad and the Chandogya Upanishad.
He is a reminder of the importance of knowledge and wisdom
in the Upanishadic worldview."
111,"Who among the following wanted to become the leader of the Sangha even during the
life time of Buddha?",Devadatta,Mahakassapa .,Upali,Ananda,U.P.P.C.S. (Pre),1999,a,"Exp) Option a is the correct answer.

Devadatta was the Buddha’s cousin and a close disciple in
the early days of the Buddha’s teaching. However, he later
became jealous of the Buddha and wanted to become the
leader of the Sangha. He tried to split the Sangha by forming
his own group of followers. He also tried to harm Buddha
on several occasions. After the Buddha’s death, Devadatta
continued to try to become the leader of the Sangha.
However, he was unsuccessful and eventually died."
112,"Consider the folowing statements:
Assertion (A): After campaigning for nearly two years, Alexander, the Great, left India in
325 B.C.
Reason (R): He was defeated by Chandra Gupta Maurya.
Select the correct answer from the codes given below:","Both (A) and (R) are true, and (R) is the correct explanation of (A).","Both (A) and (R) are true, but (R) is not the correct explanation of (A).","(A) is true, but (R) is false.","(A) is false, but (R) is truc.",U.P.P.C.S. (Pre),1998,c,"Exp) Option c is the correct answer
Alexander the Great, also known as Alexander II or
Alexander of Macedonia, was the king of Macedonia from
336 to 323 BC. Alexander came to India in 327 B.C and
stayed in India for 2 years. In 325 B.C he left India. During
his return, Alexander died of typhoid in Babylon. Hence
Assertion is correct.
The most famous of Alexander’s encounters in India was
with Porus, ruler of the region between Jhelum and Beas.
The two armies met in the battle of Hydaspes in which
Porus was imprisoned. Alexander restored his throne on
the condition of accepting his suzeraiaty. Alexander did not
face Chandra Gupta Maurya during his Indian conquest.
Therefore, Reason is incorrect."
113,The earliest evidence of the use of iron in India has been discovered from:,Taxila,Atranjikhera,Kaushambi,Hastinapur,U.P.P.C.S. (Pre),1998,b,"Exp) Option b is the correct answer
The early occurrence of iron in India is reported from a
number of sites in association with different chronological
and cultural phases. The earliest evidence of the use of iron
in India has been discovered from Atranjikhera in district
Etah.
Important Tips
Mayiladumparai is the oldest Iron Age _ site.
Mayiladumparai site is located in the Krishnagiri |
district of Tamil Nadu. It is habitation-cum-burial site. |
After excavations at the Mayiladumparai site, it is now |
confirmed that iron was used in ‘Tamil Nadu state as early
as 2172 BCE or 4,200 ycars ago."
114,The first cereal used by man was:,Wheat,Rice,Barley,Sorghum,U.P.P.C.S. (Pre),1997,c,"Exp) Option c is the correct answer.
Barley is one of the oldest cereal grains known to be cultivated
by man. It is believed to have been first domesticated in the
Fertile Crescent region of the Middle East around 10,000
years ago. Barley is widely accepted as the first cereal to have
been cultivated by humans around 8000 B.C. Rice and wheat
are considered to have been cultivated later."
115,In the Chalcolithic period people of Maharashtra buried their dead under the floor of their houses in the following orientation:,North to South position,East to West position,South to North position,West to East position,U.P.P0.C.S. (Pre),1997,a,"Exp) Option a is the correct answer.
As per the archaeological evidence from sites such as Nevasa,
Daimabad, and Inamgaon in Maharashtra, the Chalcolithic
people buried their dead in urns beneath the floor of their
house in the north-to-south position. They did not use
separate cemeteries for this purpose, as was the case with the
Harappans. The burial orientation may reflect some religious

or cultural beliefs of these people, but the exact meaning is
not clear."
116,The compilation of which among the following is based upon the Rig Veda?,Yajurveda,Samaveda,Atharvaveda,None of the above,U.P.P.C.S. (Pre),1997,b,"Exp) Option b is the correct answer
The Samaveda is shortest of all the four Vedas. It is closely
connected with the Rigveda. Samaveda is an independent
collection (Samhita), yet it has taken large number of verses
from Rigveda. These verses are chiefly derived from the
eighth and the ninth Mandalas of the Rigveda. The Samaveda
is compiled exclusively for ritual application, for its verses
are all meant to be chanted at the ceremonies of the Soma-
sacrifice and procedures derived from it."
117,Indus Civilization existed in-,Prehistoric age,Proto-historic age,Historic age,Post-Historic age,U.P.P.C.S. (Pre),1996,b,"Exp) Option b is the correct answer

Proto history period was between prehistory and history

period. This period witnessed the developments of writing.

In India Proto-History spans the period around from 3000

B.C. to 600 B.C. covering the Bronze Age and Chalcolithic

culture from the beginning of Harappan civilization up to

the beginning of the historical period in 6th century B.C.

which is the period of Buddha and Mahavira. ~

Important Tips

« Prehistory, also called pre-literary history, is the period
of human history between the first known use of
stone taols 3.3 million years ago and the beginning of |
recorded history with the invention of writing systems. j

° The main difference between protohistory and
prehistory is that protohistory is the period of time .
when a culture or civilization has developed writing
but the written records that exist are not sufficient
to provide a complete understanding of that culture
or civilization. Prehistory, on the other hand, is the:
period of time before writing was invented. i"
118,The source of knowledge about Harappan culture is:,Rock edicts,Writing in terracotta seals,Archaeological excavations,All of the above,U.P.P.C.S. (Pre),1996,c,"Exp) Option c is the correct answer

The important source of knowledge about Harappan culture

is archaeological excavations.

Writing in terracotta seals of Harapan period is not yet

deciphered.

There is no evidence of rock edicts as source of knowledge

about Harappan culture,

| Important Tips

i} Archaeological Description/Discovery/° _ ,

‘| Sites of . Findings ; ,
Indus Valley a i
Civilization cE ne nn
Harappa Excavated by Daya Ram Sahni in

1921-1923,

Situated on the bank of river
Raviin Montgomery district of
Punjab (Pakistan).

Mohenjo-Daro Excavated by RD Bannerji in
1922.
Situated on the Bank of river |
Yndus in Larkana district of
Punjab (Pakistan).
Chanhudaro Excavated by NG Majumdar in
(Sindh, Pakistan) | 1931.
Situated on the Bank of river
_ Indus in Sindh, Pakistan.
Lothal (Gujarat) | Excavated by SR Rao in 1954, al
Situated on the bank of river
Bhogava.
| | Kalibanga Excavated by BB Lal in 1961. |
| | (Black Bangles), | situated on the bank of river
Rajasthan Ghaggar oe
Dholavira Excavated by JP Joshi in 1967-68.
| Situated on the bank of river
: Luni of Kachchh district in
Surkotada Excavated by JP Joshi in 1972.
(Gujarat) Situated between the rivers
. Sabarmati and the Bhogavo.
' Banawali | Excavated by RS Bisht in 1973.
(Haryana) Situated on the bank of river
Saraswati."
119,Which of the following is not correctly matched-,Alamgirpur - Uttar Pradesh,Lothal - Gujarat,Kalibangan - Haryana,Ropar - Punjab,U.P.P.C.S. (Pre),1996,c,"Exp) Option c is the correct answer
Pair a is correct. Alamgirpur is located in the Meerut
district of Uttar Pradesh. It is the easternmost site of the
Indus Valley civilization.
Pair b is correct. Lothal was one of the southernmost sites
of the ancient Indus Valley civilisation, located in the Bhal
region of the Indian state of Gujarat.
Pair cis incorrect. Kalibangan is an ancient site of the Indus
Valley Civilization in northern Rajasthan state. It has given
the substantiation of both pre-Harappan culture in the lower
layer and Harappan Civilization in the upper layer.
Pair d is correct. Ropar is an Indus Valley settlement
located on the banks of the Sutlej River. Ropar is located in
the Punjab.
Important Tips
State TVG Sites )
Andhra Pradesh Amaravati, Kotla Sangameswar,
Peddabankur
Gujarat Dholavira, Lothal, Rangpur,
Rakhigarhi, Rojdi, Pindari,
Surkotada
Haryana Kalibangan, Mitathal, Banawali,
Balu,

Himachal Pradesh | Kunal
Jammu and Kashmir | Burzahom, Gufkral, Mandu
1' Karnataka Brahinagiri, Hallur, Maski,
ii Sanganakallu
| Madhya Pradesh Kran, Navdatoli, Maheshwar,
Kayatha
Maharashtra Daimabad, Jorwe, Prakash, Ter |
Punjab Harappa, Ganeriwala, Rupar |
Rajasthan Kalibangan, Desalpur,
Ganeshwar, Lothal
Uttar Pradesh Hastinapur, Hulas, Mandi
West Bengal | Chandraketugarh, Mangalkot"
120,Boghaz-Koi is important because:,It was an important trading centre between Central Asia and Tibet,Inscriptions were found which mentioned the names of Vedic Gods and Goddesses,Original Texts of the Vedas were composed here,None of the above,U.P.P.C.S. (Pre),1996,b,"Exp) Option b is the correct answer
The discovery of the Boghazkoi inscription of 14th century
B.C has mentioned about the Rig Vedic Gods and Goddesses.
It was discovered by Hugo Winkler in Asia Minor or Turkey.
It mentions Vedic gods like Indra, Varuna, and Mitra. The
Boghaz-Koi inscription records a treaty between the Hittite
and the Mitanni Kings and the gods were cited as witnesses
to this treaty."
121,Who among the following wrote on the original homeland of the Aryans?,Sankaracharya,Annie Besant,Vivekanand,Bal Gangadhar Tilak,U.P.P.C.S. (Pre),1996,d,"Exp) Option d is the correct answer
The Aryan migration theory says that the groups of nomadic
tribal people from regions outside Indian sub-continent
started migrating towards India around 1700 BC. These
people are called Rig-Vedic Aryans because they brought
with them the earliest portion of collection of hymns as Rig-
Veda. LLokmanya Tilak in his book Arctic home of Vedas
suggested Arctic region to be home of Aryans.
Various others scholars and their suggested original homes
are as follows:
e Max Muller ~ Central Asia
« Swami Dayanand Saraswati - Tibet
e Hurz Feld - Turkistan
° JC Rod - Bactria
e Lokmanya Tilak -- Arctic region"
122,Rajjuka’s were:,Traders in the Chola Kingdom,Officers in the Mauryan administration,Feudal Lords in the Gupta empire,Soldiers in the Saka army,U.P.P.C.S. (Pre),1996,b,"Exp) Option b is the correct answer.
The Rajukas were officials in the Mauryan administration.
The term “Rajuka” is derived from “rajju,” possibly
referring to land measurement using ropes. Rajukas were
vital Mauryan administrators overseeing districts. They
managed taxation, records, and governance, ensuring
efficient local administration. Their role contributed to
organized governance and revenue collection.
Important Tips
Administrative structure of the Mauryan Empire:
The administrative structure of the Mauryan Empire
featured a hierarchical system that facilitated efficient
governance.

o Provinces and Divisions:

® Provinces were divided into divisions, each
overseen by a Pradeshika. These officials lacked
advisory councils.

¢ Districts and Rajukas:

* Divisions were further divided into districts, led
by Rajukas.

s Rajukas managed local governance, taxation, and
records.

® They were assisted by Yuktas (clerks) for
accounting and secretarial tasks.

> Sub-district Administration:

2 Districts were divided into smaller groups of 5 or
10 villages.

2 Each group was supervised by a Sthanika
responsible for tax collection,

® Gopas supported Sthanikas by maintaining |

accurate records and accounts.
e Village Governance:

: ® The village was the smallest administrative unit, '

led by a Gramini/Gramika.

| * Village decisions were made in consultation with !
Grama-vriddhas, or village elders.
e Overall Structure:

* The Mauryan administrative structure resembled
a pyramid, with the king at the apex and Gramini
at the base.

* Variations in administrative control existed across
different regions, with the central province,
Magadha, under stricter royal supervision."
123,‘Bhaga’ and ‘Bali’ were:,Military Departments,Sources of Revenue,Religious Ceremonies,Administrative Divisions,U.P.P.C.S. (Pre),1996,b,"Exp) Option b is the correct answer.

In the context of ancient Indian history, ‘Bhaga and ‘Bali’

referred to sources of revenue.

e Bhaga: In ancient Indian society, “Bhapa” was a term
used to denote a share or portion of the agricultural
produce or wealth that was contributed as revenue or tax,
It was a form of taxation where a certain portion of the
produce or income was collected by the state as revenue.
Normal peasants had to pay one-sixth of the produce
as Bhaga and Sharecroppers, who were given crown
lands and agricultural aid by the state, were required to
contribute fifty percent of their produce as payment to
the government.

¢ Bali: “Bali” referred to offerings or tribute made to the
ruling authority. These offerings could include goods,
produce, or even monetary contributions. Bali was a way
for subjects to acknowledge the authority of the ruler and
provide resources to the administration."
124,‘Ajivaka’ sect was founded by:,Anand,Rahulabhadra,Makkhali Gosala,Upali,U.P.P.C.S. (Pre),1996,c,"Exp) Option c is the correct answer,

The person who started the Ajivika group was Makkali
Gosala. From what we know, Makkali Gosala is the name
linked to this group. He lived around the same time as
Mahavira and Gautam Buddha. The jain texts say that
Makkali Gosala was Mahavira’s student for six years, but
then they went their separate ways, and Gosala started his
own group. During the early days of Jainism and Buddhism,
the Ajivika beliefs were a major competitor. People followed
the Ajivika ideas when the Mauryan Emperor Bindusara
was in charge. He was the father of Emperor Asoka. After
Asoka became a Buddhist, the Ajivika beliefs became less
popular, but they managed to survive for another 1600 years
in places like Tamil Nadu and Karnataka in the southern
parts of India. However, this group finally ended in the 14th
century AD."
125,Which site of Indus Valley is now in Pakistan?,Kalibangan,Harappa,Lothal,Alamgirpur,U.P.P.C.S. (Spl.) (Pre),1994,b,"; a
Exp) Option b is the correct answer
Option b is correct. Harappa is an archaeological site in
Punjab, Pakistan, about 24 km (15 mi) west of Sahiwal.
Option a is incorrect. Kalibangan, the ancient site of the
Indus Valley civilization is located in northern Rajasthan
state, northwestern India.
Option c is incorrect. Lothal was one of the southernmost
sites of the ancient Indus Valley civilisation, located in the
Bhal region of the Indian state of Gujarat.
Option d is incorrect. Alamgirpur from the Harappan
period, located in Meerut district, Uttar Pradesh, India. It
is the easternmost known site of the civilization."
126,‘Ayurveda’ that is ‘Science of Life’ appeared first in:,Aranyaka,Samveda,Yajurveda,Atharvaveda,U.P.P.C.S. (Pre),1994,d,"Exp) Option d is the correct answer
The word Ayurveda comes from the word ayur meaning
life and the word veda meaning to know. Ayurveda means
the science of life, and is a medical system practiced in
India, Sri Lanka and Nepal. Ayurveda first appeared in the
Atharvaveda. Most treatments relating to good health and
diseases are available in this vedic book.

Important Tips

Upa-Veda

In Hinduism the term upaveda_ or Upved refers to

traditional sciences/technical literature which have no

connection whatever with the Sruti or revealed Veda. The
four upavedas are as follows

- Ayurveda is the science of health and life and is
associated with Atharvaveda.

+ Dhanurveda refers to the science of warfare and is
associated with Yajur Veda.

e Gandharvaveda deals with various aspects of aesthetics
including art-forms like music, dance, poetry,
sculpture, erotica etc. It is associated with Samaveda.

« Arthasastra deals with public administration,
governance, economy and polity. It is associated with
Atharvaveda."
127,"Who established ‘Rajdharma’ on triplex bases of longanimity, liberty and compassion?",Ashoka,Akbar,Ranjit Singh,Shivaji,U.P.P.C.S. (Pre),1993,a,"Exp) Option a is the correct answer.

Rajdharma is a Sanskrit term that means “the duty ofa king. It
includes subjects’ welfare, security, justice, and maintaining
the social order. The one who established ‘Rajdharma’ based
on the principles of forbearance, freedom, and compassion
was Ashoka. After a period of conquest and warfare, Ashoka,
the Mauryan emperor, embraced Buddhism and adopted a
policy of non-violence and benevolence. His policy aimed
at ruling with a sense of moral responsibility towards his
subjects, promoting religious tolerance, and ensuring the
welfare of his people through compassion and equitable
governance."
128,"In the Rigvedic period, people believed mainly in-",Idol worship,One God belief,Goddess worship,Sacrifice and rituals,U.P.P.C.S. (Pre),1993,d,"Exp) Option d is the correct answer

The Early Vedic people followed a simple mode of worship.
They worshipped the forces of nature such as the “Sun, the
Fire, the Wind, the Dawn, the Water, the Rain God Indra,
and Earth”. Their religion primarily consisted of some form
of obligations and prayers. The Vedic people chanted hymns
to praise their Gods. They also performed certain ritual
sacrifices known as yajnas to please their Gods."
129,In the ancient period chief-livelihood source of the Aryans was-,Agriculture,Hunting,Artcraft,Business,U.P.P.C.S. (Pre),1993,a,"Exp) Option a is the correct answer

The Aryans pursued pastoralism and agriculture as the
main source of their livelihood. They cleared new land for
cultivation where they produced wheat, barley, and rice.
They also produced other products like cotton and oil seeds.
Irrigation facilities were developed with wells and canals."
130,The beginning of idol worship is to be considered in-,Pre-Aryan,Vedic period,Mauryan Period,Kushan Period,U.P.P.C.S. (Pre),1992,a,"Exp) Option a is the correct answer

Idol workship in India can be traced to the period of Pre -
Aryans. The Indus Valley people seemed to have a tradition
of honoring their deities in image form with ritual worship.
‘They also probably worshipped animals , mythical creatures ,
plants , kings and gods who resembled humans. In pre Aryan
period most people practised the worshipping idols (pooja)
of mother goddesses, Pahupati seal or animist spirits like
that of wild boar, elephant, and cobra."
131,The Great Bath was found from the Indus Valley civilization at-,Mohenjodaro,Harappa,Lothal,Kalibangan,U.P.P.C.S. (Pre),1992,a,"Exp) Option a is the correct answer

Great Bath, ancient structure at Mohenjo-daro, Pakistan, an
archaeological site featuring ruins of the Indus civilization.
The Great Bath dates to the 3rd millennium BCE and is
believed to have been used for ritual bathing. The Great Bath
was a large rectangular tank in a courtyard surrounded by
a corridor on all four sides. There were two flights of steps
on the north and south leading into the tank, which was
made watertight by setting burnt bricks on edge and using a
mortar of gypsum. There were rooms on three sides, in one
of which was a large well, Water from the tank flowed into a
huge drain. Across a lane to the north lay a smaller building
with eight bathrooms, four on each side of a corridor, with

drains from cach bathroom connecting fo a drain that ran

along the corridor. The uniqueness of the structure is that it

is located at the Citadel, this has led scholars to suggest that

it was meant for some kind of a special ritual bath."
132,The standing statue of Gautam Buddha was built in which period?,Gupta period,Kushana Period,Maurya Period,Guptotar Period,U.P.P.C.S. (Pre),1992,b,"Exp) Option b is the correct answer.

The standing statue of Gautama Buddha was built in the

Kushana period, which lasted from the Ist to the 3rd

centuries CE. It is located in Sarnath, Varanasi, Uttar

Pradesh. The standing statue of Gautama Buddha is one of

the most famous examples of Kushana Buddhist art. It is

a large sculpture that is made of sandstone. The statue is

depicted as the Buddha standing with his right hand raised

in the Abhaya Mudra, which is a gesture of fearlessness. The

statue is thought to have been originally located in a stupa,

or Buddhist shrine."
133,The important reason to keep Indus- Valley civilization before Aryan civilization is-,Script,Town Planning,Copper,Potteries,U.P.P.C.S. (Pre),1990,d,"Exp) Option d is the correct answer

One of the key reasons why archacologists believe that the

Indus Valley Civilization{JVC) should be placed before the

Aryan Civilization is the evidence of pottery. ‘The earliest

pottery found in the IVC is dated to around 3300 BCE, while

the earliest pottery found in association with the Aryans is

dated to around 1500 BCE. This suggests that the IVC was

already well established by the time the Aryans arrived in the

Indian subcontinent."
134,Deimachus came to India during the reign of-,Chandragupta Maurya,Bindusara,Ashoka,Kanishka,U.P. Lower Sub. (Pre),2015,b,"Exp) Option b is the correct answer.

Deimachus, a Greek from Plataeae, who lived during the

third-century BCE, came to India during the reign of

Bindusara, the Mauryan ruler. He served as an ambassador

to the Mauryan court in Pataliputra. Deimachus was sent

by Antiochus I Soter, and he succeeded the renowned

ambassador Megasthenes. Both Deimachus and Megasthenes

wrote extensively about India, although their works are now

lost. They provided various accounts of India’s geography

and culture, some of which were considered fanciful or

exaggerated."
135,The excavation at Chanhudaro was directed by-,J. H. Mackay,Sir John Marshall,R. E. M. Wheeler,Sir Aurel Stein,U.P. Lower Sub. (Pre),2015,a,"Exp) Option a is the correct answer

° Chanhudaro was first excavated by N. G. Majumdar in
March, 1931, and again during 1935-36 by the American
School of Indic and Iranian Studies and the Museum of
Fine Arts, Boston team led by Ernest John Henry Mackay.

© John Marshall was the Director-General of the
Archaeological Survey of India from the year 1902 till
1928 and oversaw excavations of Indus Valley civilisation
sites Harappa and Mohenjodaro.

¢ R.E.M. Wheeler was the Director General of Indian
Archaeology from 1944-48. He did a lot in the Harappa
excavations.

» Ganweriwal more commonly known as Ganweriwala, is
an archaeological site in the Cholistan Desert of southern
Punjab, Pakistan. It was originally rediscovered in the
Cholistan desert by Sir Aurel Stein.

Important Tips -
Site: | First Personto. “| Year. E oe
wood ye Beawates oS Pb
Harappa ; Daya Ram Sahni | 1921
Mohenjo-daro R.D. Banerjee 1922

| Dholavira ].P. Joshi 1968

|} Rakhigarhi R.S. Bisht 1998

|| Kalibangan B.B. Lal | 1960

Lothal S.R. Rao 1954"
136,The priest associated with King Videgha Madhava referred in Shatapatha Brahmana was-,Rishi Bharadwaj,Rishi Vashishta,Rishi Vishwamitra,Rishi Gautama Rahugana,U.P. Lower Sub. (Pre),2015,d,"Exp) Option d is the correct answer

The Shatapatha Brahmana of the Yajur Veda descrihes how

the ancient king Videha Madhava founded the kingdom of

Videha. The Rishi Gautama Rahugana was his family priest.

Videgha Madhava started a journey from Saraswati and with

help of God Agni reached till Sada Nira (river Gandak).

Important Tips

° Rishi Bharadwaja is one of the greatest Hindu sages,
descendant of rishi Angirasa, whose accomplishments
are detailed in the Puranas. He is one of the Saptarshis
in the present Manvantara; with others being Atri,

Vashishtha, Vishvamitra, Gautama, Jamadagni,

i Kashyapa.

° Rishi Vasishtha was a famous sage of the Vedic period.
Vashishta is a Saptarishi. His wife is Arundhati. He is
the guru of Rama in the Yoga-vasistha. Rishi Vasishtha
was also the royal guru of King Dasharatha.

e Rishi Vishvamitra was not a Brahmana by birth but
a valiant warrior. He was a Kshatriya King named
Kaushika, as he was a descendant of the Sage Kusha and
son of King Gaadhi. Vishvamitra competently ruled
the kingdom for many years before he finally gave up
everything and went on to become a saint"
137,Mahaparinirvana Temple is located at-,Kushinagar,Sarnath,Bodh Gaya,Shravasti,U.P. Lower Sub. (Mains),2015,a,"Exp) Option a is the correct answer.

The Mahaparinirvana Temple is located in Kushinagar,

Uttar Pradesh, India. It is said to be the place where the

Buddha attained Mahaparinirvana, or the final passing

away. The temple was built in the 5th century AD by Swami

Haribala, a disciple of the Buddha. It is a large complex with

a number of shrines and stupas. The main shrine houses a

reclining staiue of the Buddha."
138,India’s first hospital and herbal gardens were built by?,Ashoka,Chandragupta Maurya,Lord Mahavir,Dhanvantari,U.P. Lower Sub. (Mains),2015,a,"Exp) Option a is the correct answer.

India’s first hospital and herbal gardens were established

by Ashoka, the Mauryan emperor. Ashoka’s interest

in healthcare and well-being is evident from his edicts,
particularly the Rock Edict No. 2. In this edict, Ashoka
emphasizes the importance of providing medical care to
both humans and animals. He directed the establishment
of hospitals, medical dispensaries, and medical treatment
centers across his empire. These institutions were meant
to provide medical aid, treatment, and care to the sick and
injured,"
139,Which of the following sites has yielded skeleton of the dog along with human skeleton in burial?,Brahmagiri,Burzahom,Chirand,Maski,U.P. Lower Sub. (Pre),2008,b,"Exp) Option b is the correct answer.
Burzahom is the site that has yielded skeleton of the dog
along with human skeleton in burial. Burzahom is a Neolithic
site located in the Kashmir Valley, where people practiced
agriculture, animal domestication, and pottery making.
Some of the burials at Burzahom show that dogs were buried
with humans, possibly as companions or guardians in the
afterlife. One of the burials even shows a dog skeleton placed
between two human skeletons, as if to protect them]. This
indicates that dogs and humans had a close relationship in
this culture.

Important Tips a

« Brahmagiri: This is a site in Karnataka where
megalithic monuments have been found, dating from
the 2nd millennium BCE to the early historical period.
Some of the burials at Brahmagiri were made in urns, ;
cists, or dolmens. One skeleton was buried with 33 gold
beads, 2 stone beads, 4 copper bangles and one conch
shell

e Chirand: This is an archaeological site in Bihar,
situated on the northern bank of the Ganga River. It
has a large pre-historic mound which is known for its

continuous archacological record from the Neolithic
age (about 2500-1345 BCE) to the reign of the Pal
dynasty who ruled during the pre-medieval period.
The excavations in Chirand have revealed stratified
Neolithic, Chalcolithic, and Iron Age settlements, and
transitions in human habitation patterns.

« Maski: This is a town and an archaeological site
in Karnataka, where an Ashokan rock edict was
discovered in 1915. It dates back to the 3rd century
BCE and contains the name Ashoka in it instead of the !
earlier edicts that referred him as Devanampriya or
Beloved -of-the-Gods 4}"
140,A horned deity engraved on a terracotta cake has been recovered from-,Banawali,Kalibangan,Lothal,Surkotada,U.P. Lower Spl. (Pre),2008,b,"Exp) Option b is the correct answer

Kalibangan is an ancient Indus Valley civilization site in
Rajasthan. The site has both pre-Harappan and Harappan
remains. A horned deity engraved on a terracotta cake has
been recovered from the site of Kalibangan. The meaning of
the horned deity on a terracotta cake is not fully understood.
Some scholars believe that it represents a fertility god, while
others believe that it represents a proto-Shiva.

Important Tips

Terracota

« ‘Terracotta refers to the use of fire baked clay for
making sculptures.

« Compared to the bronze figures, the terracotta
sculptures found are less in number and crude in shape
and form.

« They were made using pinchingm ethod and have been
found mostly in the sites of Gujarat and

‘e Kalibangan."
141,Kalsi is famous for-,Buddhist Chaityas,Persian Coins,Rock edicts of Ashoka,Temples of Gupta period,U.P. Lower Sub. (Spl) (Pre),2008,c,"}
Exp) Option c is the correct answer.
Kalsi, a town is located in Dehradun District of
Uttarakhand is famous for the Rock edicts of Ashoka. The
Kalsi rock contains a series of major inscriptions known as
the Rock edicts of Kalsi. Among them, Rock Edict No. 13
of Ashoka is particularly notable as it mentions the names
of Greek kings such as Antiochus, Ptolemy, Antigonus,
Magas, and Alexander, who received Ashoka’s teachings."
142,Who of the following was associated with the collection of revenue in Mauryan Mantriparishad?,Samaharta,Vyabharika,Antapala,Pradeshtha,U.P. Lower Sub. (Spl) (Pre),2008,a,".
Exp) Option a is the correct answer.
In the Mauryan administration, the role of revenue
collection was associated with the position of the collector-
general, known as “Samaharta.” The Samaharta held a
crucial role in revenue management and acted as the head of
the exchequer. This position was akin to that of a minister of
finance. The Samaharta oversaw various aspects, including
revenue collection from provinces, fortified towns, mines,
forests, trade routes, and other sources that contributed to
the treasury.

Important Tips

Various officials and their functions inthead ministration

during the Mauryan period:

¢ Mantria: Chief Minister

¢ Purohita: Chief Priest

¢ Senapati: Commander-in-chief

« Yuvaraj: Crown Prince

¢ Samaharta: Revenue collector

¢ Yukta: Subordinate revenue officer

« Prashasti: Prison head

¢ Sannidata: Treasury head

« Nayaka: City Security chief

[+ Vyabharika: Chief Judge
« Karmantika: Head of Industries & Factories
_« Wandapala: Head of Police

¢ Durgapala: Head of Royal Fort

» Atnapala: Head of Food grains Department

e Rajjukas: Land measurer |

« Pradeshika: District administrator

« Antapala: Governors of frontiers"
143,"Recently, from excavations of Harappan site Sonauli what was found?",Human burials,Animal burials,Residential building,Protecting wall,U.P. Lower Sub. (Pre),2004,a,"Exp) Option a is the correct answer

Sonauli is an archaeological] site of Indus valley civilization,

It has been discovered in Baghpat district of Uttar Pradesh.

lt is situated at the doab of Ganga and Yamuna rivers. The

excavations first began in 2005 and within a year 116 burial

sites were discovered. The coffins are 4 legged and the

tombs had underground chambers. In the tombs are found

systematically arranged vases, bowls and pots near the body.

One thing that is extraordinary is that the burials were

similar to vedic culture and not Indus Valley culture"
144,"There is a similarity in Avesta and the Rig Veda, from which region the Avesta is related to-",India,Iran,Israel,Egypt,U.P Lower Sub. (Spl) (Pre),2004,b,"Exp) Option b is the correct answer

The Avesta is the scripture of Zoroastrianism which

developed from an oral tradition founded by the prophet

Zoroaster between c, 1500-1000 BCE The Avestan people

belong to region of Iran.

| Important Tips

is ‘Lhere are linguistic similarities between Rig Veda and

| Avesta. The terin Aryas was also used by the ancient

| Persians. |

|» The Bogaz Koi (in North-East Syria) Inscription dating

back to 1380 BCE records a treaty between a Hittite |

and a Mitanni King. It mentions the names of a few Rig |

\ Vedic gods such as Indara, Uruvna (Varuna), Mittra |

| and Nasatiya (Ashvins). |
+ The languages of the two scriptures, the Zoroastrian |

| Avesta and Hindu Rig Veda, are similar but not identical, ;

indicating that at the time of their composition, the

| people of the Avesta and the Rig Veda were related."
145,Which of the following inscription mentioned Chandragupta and Ashoka both?,Nasik inscription of Gautami putra Shatkarni,Junagarh inscription of Mahakshatrapa Rudradaman,Girnar inscription of Ashoka,Junagarh inscription of Skandgupta,U.P. Lower Sub. (Pre).,2004,b,"Exp) Option b is the correct answer.

Located near Girnar hill in Junagadh, Gujarat, the Junagarh

inscription by Mahakshatrapa Rudradaman is the earliest

extensive chaste Sanskrit inscription. This historical source

mentions Chandragupta, Ashoka, and Skandagupta,

providing insights into their contributions, along with

regional political, administrative, and cultural aspects

across different periods."
146,"Four Buddhist Councils were held in the following places. Arrange them in chronological order by using the code given below:
1. Vaishali
2. Rajgriha
3. Kundalavana
4, Pataliputra
Code:","1,2,3,4","4,3,2,1","2,1,3,4","2,1,4,3",U.P. Lower Sub. (Pre),2002,d,"Exp) Option d is the correct answer.

2. First Council- 483 BCE

The First Buddhist Council took place in 483 BC, right

after Buddha passed away. It was held in the Sattapani caves

(also called Sattaparnaguha) in Rajageiha. King Ajatshatru

of Haryanaka Dynasty gave the patronage. The monk in

charge of this council was Mahakassapa, and its main goai

was to safeguard Buddha’s teachings.

1. Second Council- 383 BCE

The Second Buddhist Council happened with the support of

King Kalasoka from the Sisunaga dynasty. It took place in

383 BC, which is a hundred years after Buddha passed away.

The location was Vaishali, and Sabakami was in charge of
leading the council.
4. Third Council- 250 BCE
The Third Buddhist Council occurred in 250 BC in
Pataliputra. It was led oy Mogaliputta Yissa. The main aim
was to make Buddhism cleaner by removing selfish groups
and problems in the Sangha. Also, the Abhidhamma Pitaka,
an important Buddhist scripture, was put together here,
which nearly finished the modern Pali Tipitaka.
3. Fourth Council- 1s¢ century CE
The Fourth Buddhist Council was organized with the help
of King Kanishka from the Kushan dynasty. It took place in
the ist century AD, specifically in 72 AD, at Kundalvana
in Kashmir. During the council, all discussions happened
in Sanskrit. They also translated Abhidhamma texts from
Prakrit to Sanskrit."
147,"Consider the following statements:
Assertion (A): Ashoka annexed Kalinga to the Mauryan Empire.
Reason (R): Kalinga controlled the land and sea routes to South India.

Select the correct answer using the codes given below:","Both (A) and (R) are true, and (R) is the correct explanation of (A).","Both (A) and (R) are true, but (R) is not the correct explanation of (A).","(A) is true, but (R) is false.","(A) is false, but (R) is true.",U.P. Lower Sub. (Pre),2002,a,"Exp) Option a is the correct answer,
Assertion (A) is true: ‘the Kalinga War was fought between
the Mauryan Empire under Ashoka and the state of Kalinga
in 261 BCE. The war was a decisive Mauryan victory, but it
also resulted in a great deal of death and destruction. After
the war, Ashoka renounced violence and became a promoter
of non-violence and religious tolerance.
Reason (R) is true: Kalinga was located on the eastern coast
of India and controlled the important trade routes between
India and Southeast Asia.
(R) is the correct explanation of (A): The annexation of
Kalinga gave the Mauryan Empire control of important trade
routes and helped to facilitate the expansion of Mauryan
influence into Southeast Asia."
148,Meaning of the term ‘Arya’ in classical Sanskrit is-,Believer of the God,A hereditary cast,A believer in particular religion,A Noble man,U.P. Lower Sub. (Pre),1998,d,"Exp) Option d is the correct answer
Arya is a Sanskrit word meaning “a noble one” or “one who
does noble deeds”. Thus, Arya means a Noble Person.
Important Tips
Aryans: |
e Aryans migrated to India in several waves through the |
passes in the northwestern mountains. |
(« Their earliest life seeins to have been mainly pastoral,
agriculture being a secondary occupation. They led a |
nomadic life and were mainly in search of pastures,

° The history of Aryans is known from the Rig Veda. |
|° There is description of Aryans in Kassite inscriptions of |
| about 1600 BCE from Iraq and in Mitanni inscriptions
of the 14th century BC from Syria. |
| e They initially settled in the valleys of the north-west |
j and the plains of the Punjab. Later, they moved into the !

Inda-Gangetic plains. |

e By 6th century BCE, they occupied the whole of North !

India, which was referred to as Aryavarta."
149,Who attained enlightenment in Bodh Gaya?,Mahavira Swami,Gautama Buddha,Simandhar Swami,Parshvanath Swami,BPSC (Pre),2022,b,"_

Exp) Option b is the correct answer.

Gautama Buddha attained Nirvana (enlightenment) under
a Bodhi tree in Bodh Gaya, India. This event is known as
Bodhi Day."
150,The first Empire was established by which ruler in India?,Chandragupta Maurya,Ashoka,Kanishka,Chandragupta II Vikramaditya,B.P.S.C. Re-Exam (Pre),2020,a,"Exp) Option a is the correct answer.

The first Empire in India was established by Chandragupta
Maurya in 322 BCE. He founded the Maurya Empire, which
was a significant historical power in South Asia based in
Magadha. With the guidance of Chanakya, he overthrew
the Nanda Empire and expanded his rule across central
and western India. The Maurya Empire thrived in trade,
agriculture, and administration, and was known for its
cultural and architectural achievements.

| Important Tips -

Chandragupta Maurya (322-298 B.C):

« Founder of Mauryan Empire: Chandragupta Maurya
established the Mauryan Empire.

« Conquest of Northwest: Soon after Alexander’s
departure in 325 B.C., Chandragupta conquered
Greek-ruled regions in the northwest with strategist
Chanakya’s help.

+ Eastern Expansion: Chandragupta moved east,
defeating Magadha’s king Dhana Nanda in 321 B.C. to
lay the foundation of the Mauryan Dynasty.

» Treaty with Seleucus Nicator: Following the Seleucid-

Mauryan war (305-303 B.C.), Chandragupta acquired
territories including Balochistan and Afghanistan. He
married Seleucus Nicator’s daughter and exchanged
war assets,

« Greek Influence: Greek historians like Megasthenes
resided in his court.

« Expansionary Goal: Chandragupta aimed to extend
Mauryan rule throughout India, having acquired most
of the Indian territory except Kalinga and southern
regions,

« Reign and Legacy: Chandragupta’s rule lasted from
321 B.C. to 297 B.C. He abdicated in favor of his son
Bindusara and adopted Jain Sallekhana practice, fasting
until death, _"
151,"According to the report of IIT Kharagpur study group, continuous low rainfall for how many years was the cause of fall of the Indus valley civilization?",600 years,700 years,800 years,900 years,B.P.S.C. (Pre),2018,d,"Exp) Option d is the correct answer

An EIT Kharagpur study claims that a drought-like phase that

lasted for over 900 years ended the Indus Valley Civilisation.

The study showed that around 4,350 years ago, monsoon

weakened under the influence of strong El Nifio and
southward migration of the inter-tropical convergence zone.

This decreased moisture transport and snow deposition in

northwest Himalaya, which was a major source of water of
the Indus and its tributaries.

: Important Tips

Different Theories about end of Indus valley Civilization:

° According to British archaeologist Mortimer Wheeler,
a nomadic Indo-European tribe called the Aryans
invaded and conquered the Indus River Valley.

« Some experts believe the drying of the Saraswati River,
which began around 1900 BCE, was the main cause for
climate change,

¢ Some scholars believe that a great flood struck the area
and caused the end of civilization."
152,What is the most significant feature of the Indus Valley Civilization?,Burnt brick buildings,First true arches,Buildings of worship,Art and architecture,63rd B.P.S.C (Pre.),2017,a,"Exp) Option a is the correct answer
The most important feature of Indus valley civilization is
the use of burnt bricks. Harappans used baked and unbaked
bricks, and stones for construction. The towns had a grid
pattern and drainages were systematically built. The houses
were built of mud bricks while the drainages were built with
burnt bricks. ‘he Indus Valley people were the first to use
burnt bricks on a large scale. They built some of the most
impressive brick structures in the ancient world, such as the
Great Bath at Mohenjo-daro and the Citadel at Harappa"
153,"The salvation place of Mahavirji, the originator of Jain religion, is located at:",Maner,Rajgir,Pavapuri,Jalan Port,63rd B.P.S.C (Pre.),2017,c,"Exp) Option c is the correct answer.
The special place where Mahavir Ji, who started Jainism,
found salvation is Pavapuri. Pavapuri is in the Nalanda
district of Bihar. It’s a very important place for Jains because
it’s where Mahavir Ji was cremated. In Pavapuri, there’s a
temple called Jal Mandir, which means Water Temple. It’s
also called Apapuri, meaning a town without sins. This
temple is really respected by people because it’s dedicated to
Lord Mahavira, the 24th special leader of Jainism."
154,The division of Mauryan society into seven classes is particularly mentioned in:,Kautilya’s Arthashastra,Ashokan edicts,the Puranas,the Indica of Megasthenes,63rd B.P.S.C (Pre.),2017,d,"Exp) Option d is the correct answer.
The division of Mauryan society into seven classes is
particularly mentioned in “the Indica” of Megasthenes.
Megasthenes, a Greek ambassador to the Mauryan court
during the reign of Chandragupta Maurya, wrote about
various aspects of Indian society, including its social
structure, customs, and traditions. In his work “Indica,”
he described the Indian caste system, which he divided
into seven classes or groups. This work provides valuable
insights into the society and culture of ancient India during
the Mauryan period.

Important Tips

Megasthenes, in his work “Indica,” described the Indian

caste system and divided it into seven classes:

¢ Philosophers: These were scholars and religious
teachers who pursued intellectual and spiritual

pursuits. |

» Farmers: The agricultural class responsible for
cultivating the land and producing crops.

1° Herdsmen: People engaged in animal husbandry and

managing livestock. |

« Artisans: Skilled craftsmen and artisans who produced }
various goods and crafts. |

© Soldiers: The military class responsible for defending |
the kingdom and maintaining order. i

¢ Overseers: Administrative officials who supervised |
various aspects of governance. |

i+ Councillors: Advisors and counselors to the king,
involved in decision-making and gavernance. |"
155,Which among the following Harappan site terracotta of ‘plough’ was found?,Dholavira,Banawali,Kalibangan,Lothal,B.P.S.C. (Pre),2916,b,"Exp) Option b is the correct answer

Terracotta models of the plough have been found at sites

in. Cholistan and at Banawali (Haryana). Archacologists

have also found evidence of a ploughed field at Kalibangan

(Rajasthan)."
156,Who was the founder of Nalanda University?,Chandragupta Vikramaditya,Kumargupta,Dharmapal,Pushyagupta,56th to 59th B.B.S.C. (Pre),2015,b,"Exp) Option b is the correct answer.

Nalanda University was founded by Kumargupta I of the

Gupta Empire in the 5th century CE, Nalanda was a well-

known school in olden times in Bihar, India. It started in

AD 427, near the border of Nepal, and continued until AD

1197. People learned about Buddhism there, and they also

studied things like art, medicine, math, stars, politics, and

fighting.
Important Tips |
Nalanda University: |
e Nalanda University was built when Kumargupta of the

| Gupta dynasty was in charge.

-» During Harsha’s rule, the Chinese traveler Hiuen Tsang

| visited and gave a detailed description of Nalanda |
University. |

° Nalanda was a large place where monks studied and |
lived. |

« The main focus was teaching Mahayana Buddhism, |
but they also taught other things like gramimar, logic, }
and sciences.

fe Dharmapala revived Nalanda University.

_@ Dharmapala created the Vikramasila monastery in |
Bhagalpur, Bihar, and another one in Odantapuri, |
Bihar."
157,Who recognized Sandrokottos as Chandra Gupta Maurya?,William Jones,V. Smith,R. K. Mukherjee,D. R. Bhandarkar,48th to 52nd B.P.S.C. (Pre),2008,a,"Exp) Option a is the correct answer,

Sir William Jones recognized Sandrokottos as

Chandragupta Maurya. In 1793 CE, Sir William Jones, the

President of the Asiatic Society, made a significant discovery

that connected the identification of the Indian king named

Sandrokottos by classical Greek writers with Chandragupta

Maurya, the founder of the Mauryan Dynasty. This discovery

marked a pivotal moment in connecting Greek and Sanskvit

literature and providing a chronological landmark for carly

Indian history."
158,Where is the highest in the world Vishwa Shanti Stupa located in Bihar-,Vaishali,Nalanda,Rajgir,Patna,48th to 52nd B.B.S.C. (Pre),2008,c,"kxp) Option c is the correct answer.
The Vishwa Shanti Stupa is on a tall Ratnagiri hill in Rajgir,
Bihar. it’s also called the Peace Pagoda. This Stupa is made
of marble and has 4 Buddha statues at its corners, showing
different times in his life: birth, enlightenment, teaching,
and passing away.
Important Tips |
e There are 7 Peace Pagoda or Shanti Stupas in India
: at Delhi, Rajgir, Wardha, Darjeeling, Bhubaneswar, |
| Ladakh and Vaishali. |
« Many peace pagodas, including the Vishwa Shanti
Stupa, were constructed after World War I] with
guidance from Nichidatsu. Fujii (1885-1985), a
| Japanese Buddhist monk and the founder of the
| Nipponzan Myohdji Buddhisi Order.
e Fujii was deeply moved by meeting Mahatma Gandhi
in 1931 and chose to dedicate his life to spreading the
| message ef non-violence. |"
159,"“Nav Nalanda Mahavihar"" is famous for-",Hsuan-Tsang memorial,Birthplace of Mahavir,Pali Research Centre,Museum,48th to 52nd B.B.S.C. (Pre),2008,c,"Exp) Option c is the correct answer.
Nav Nalanda Mahavihar is an institute of national
importance located in Nalanda, Bihar, India. It was
established in 1951 by the Government of India to revive
the ancient seat of learning in Nalanda. The institute offers
courses in Pali, Buddhist studics, and other relaicd subjects."
160,Chandragupta Maurya figures prominently in the book of-,Bhasa,Sudraka,Vishakhadatta,Ashvaghosha,"46th B.PS.C, (Pre)",2004,c,"Exp) Option c is the correct answer.
Chandragupta Maurya’s prominent portrayal can be found
in Vishakhadatta’s works Mudrarakshasa. in the play
“Mudrarakshasa,’ Vishakhadatta skillfully illuminates the
historical tapestry of the Maurya Dynasty, offering a vivid
portrayal of Chandragupta’s ascent to power and his astute
political maneuvers. This work sheds light on the socio-
political intricacies of the period.
i Important ‘Lips |
I, Bhasa, an eminent Sanskrit playwright predating |
| Kalidasa, created plays during the late-Mauryan |
period. His fame persisted since the 1st century BCE, |
with rediscovery of nanuscripts in 1913, Earlier known |
through mentions like Kavyamimaimsa, his plays,
| such as “Swapnavasavadattam,’ showcase his literary
prowess.
2 Shudraka, an Indian playwright, authored three
Sanskrit plays: “Mrichchhakatika” (The Little Clay
| Cart), “Vinavasavadatta,” and “Padmaprabhritaka.” |
| He's believed to be a king as per Mrichchhakauika’s |
| prologue, possibly an Abhira ruler from the 3rd
i century. His existence and play authorship are subjects
| of debate, encompassing both historical and legendary
perspectives.

« ASsvaghosa (c.80 - c¢.150 CE), an eminent
Sarvastivada Buddhist philosopher, playwright, and
poet, hailed from India. He’s attributed as the first
Sanskrit dramatist, renowned prior to Kalidasa. He's

| attributed as the first Sanskrit dramatist, renowned
, prior to Kalidasa. He was the contemporary and
spiritual adviser of Kanishka, a prominent ruler of
the Kushan Empire during the early first century CE.
: His works, including “Buddhacharita,” an epic life of
Buddha, and “Saundarananda,” a poem on Nanda’s
conversion, showcase his literary brilliance."
161,Gautama Buddha was elevated to the position of God during the period of-,Asoka,Kanishka,Chandragupta Vikramaditya,Harsha,BPSC (Pre),2001,b,"Exp) Option b is the correct answer.
Gautama Buddha was elevated to the position of God during
the period of Kanishka, the Kushan emperor who ruled from
127 to 151 CE. Kanishka was a great patron of Buddhism,
and he convened the Fourth Buddhist Council in Kashmir.
The council divided Buddhism into 2 sects- Mahayana and
Hinyana. Mahayana Sect declared the Buddha a god due to
his compassion and willingness to help all living beings.
The elevation of the Buddha to the position of God was a
gradual process that began in the early centuries of Buddhism.
It was influenced by the Hindu tradition of deifying great
teachers and by the spread of Buddhism to China and other
parts of Asia, where there was a more pronounced tendency
to worship gods and goddesses."
162,Which one of the following periods is also known as the Chalcolithic Age?,Old Stone Age,New Stone Age,Copper Age,Iron Age,44th B.P.S.C. (Pre),2000,c,"Exp) Option c is the correct answer.
The Chalcolithic Age is also called the Copper Age or the
Eneolithic Age, as it is characterized by the increasing use
of smelted copper along with stone tools. It follows the
Neolithic Age and precedes the Bronze Age.
Important Tips

« he Chalcolithic Age in India was a period of transition
between the Neolithic and the Bronze Age, marked
by the use of both stone and copper tools. The dates
assigned to this age are diverse, ranging from 2800 BC
to 900 BC, and was mainly scen in the pre-Harappan
phase, but also extended to the post-Harappan phase
in some places

« The Chaicolithic cultures in India are identified on the
basis of their geographical location, such as the Ahar
culture in Rajasthan, the Jorwe culture in Maharashtra,
the Kayatha culture in Madhya Pradesh, and the Malwa
culture in Gujarat.

e These cultures had different ceramic traditions, burial
styles, art forms, and religious beliefs. They also
interacted with each other and with other contemporary
cultures such as the Harappan civilization"
163,Famous Battle of ‘Ten Kings’ was fought on the bank of the river-,The Ganges,Brahmaputra,Kaveri,Parushni,42nd B.P.S.C. (Pre),1997,d,"Exp) Option d is the correct answer

The famous Battle of Ten Kings or the Dasrajan Yudha was
fought between the tribe Bharatas, led by king Sudas and the

Confederacy of the other ten tribes - Puru, Yadu, Turvasa,
Anu, Druhyu, Alina, Paktha, Bhalanas, Shiva and Vishanin.
The former five are said to be Aryan tribes while the latter
five are said to be Non-Aryan tribes. The Bharatas emerged
victorious in the battle which was fought on the banks of
river Parushni identified with the river Ravi."
164,Why was Nalanda University famous in the world?,Medical Science,Philosophy,Buddhist Religious Philosophy,Chemical Science,B.P.S.C. (Pre),1997,c,"Exp) Option c is the correct answer.

Nalanda University was famous in the world for Buddhist
religious philosophy. It was a major center of learning in
the Indian subcontinent from the 5th to the 12th centuries.
The university attracted students from all over Asia, and its
faculty included some of the most prominent scholars of
the time. Nalanda was known for its teaching of Buddhist
philosophy, but it also offered instruction in other subjects,
such as mathematics, astronomy, and medicine."
165,Which one territory of the following was not a part of Ashoka’s empire?,Atghanistan,Bihar,Sri Lanka,Kalinga,B.P.S.C. (Pre),1997,c,"Exp) Option c is the correct answer.

Sri Lanka was not a part of Ashoka’s empire. The Mauryan
Empire at its peak stretched from Afghanistan in the west to
Bangladesh in the east, and from the Himalayas in the north
to the Deccan plateau in the south. During his reign, Ashoka
conquered Afghanistan by defeating Seleucus I Nicator,
acquired Bihar by overcoming the Vajji Confederacy,
and subjugated Kalinga through the brutal Battle of
Kalinga, significantly expanding the Mauryan Empire across
present-day India, Pakistan, Bangladesh, Nepal, and parts of
Afghanistan,"
166,Chandragupta’s palace situated at Patliputra is mainly made up of-,Bricks,Stones,Woods,Clays,B.P.S.C (Pre),1996,c,"Exp) Option c is the correct answer.

Chandragupta’s palace situated at Patliputra is mainly made

up of woods. The Mauryan palaces were known for their
grandeur, and wood was the principal building material used

during the Mauryan Empire. Greek historian Megasthenes

and Chinese traveler Fa Hien praised the architecture of
Mauryan palaces, which drew inspiration from Persian

influences and were considered remarkable creations."
167,"Out of two statements below first is
Assertion (A) and second is Reason (R), carefully read both statements

Assertion (A): Till the end of twelfth century Nalanda Mahavihara lost its glory.

Reason (R): State protection ceased to be available to Mahavihara.

With respect to the above-mentioned two statements, which of the following is true?","(A) and (R) both are true, and (R) is the correct explanation of (A).","(A) and (R) both are true, and (R) is not the correct explanation of (A).","(A) is true, but (R) is false.","(A) is false, but (R) is true.",B.P.S.C. (Pre),1996,a,"Exp) Option a is the correct answer.

Assertion (A) is correct- The university was sacked and

destroyed by the invading army of Bakhtiyar Khilji in 1197

CE. ‘the destruction of Nalanda Mahavihara marked the end

of its golden age.

Reason (R) is correct and (R) is the correct explanation

of (A)- This is also true because the Pala dynasty, which had

patronized Nalanda Mahavihara for centuries, came to an

end in the 12th century. Without the support of the state,

Nalanda Mahavihara was unable to maintain its status as a

major center of learning."
168,The ninth mandala of the Rig Veda is devoted wholly to:,Indra and his elephant,Urvashi and the Heaven,Gods related to plants and drugs,"Soma, the god who is named after the drink",40th B.P.S.C. (Pre),1995,d,"Exp) Option d is the correct answer

The ninth Mandala of Rigveda is devoted to Soma, therefore

it is called soma Mandala. All hymns of the Mandala are

dedicated to Soma Pavamana, ‘self purifying Soma’.

i Important Tips ]
e The tenth Mandal of Rigveda related to Purusha Sukta
from where Varna system was mentioned.
« Gayatri Mantra explains in the 3rd Mandal of the
Rigveda.
'e ‘Lhe Ninth Mandala is the only major grouping in the
Rigveda devoted to a single ritual procedure"
169,Who used the caves of Barabar as their shelter-house?,Ajivakas,Tharus,Jains,Tantrikas,40th B.B.S.C. (Pre),1995,a,"Exp) Option a is the correct answer.
The Barabar caves are a group of rock-cut caves located in
the Jehanabad district of Bihar, India. They were built
by the Mauryan emperor Ashoka in the 3rd century BCE.
‘The caves are dedicated to the Ajivikas, a sect of Indian
ascetics who flourished in the 6th and 5th centuries BCE.
‘he caves are carved out of sandstone hills and are simple
in design, They consist of a single chamber with a square or
rectangular plan. The caves are decorated with pillars and
pilasters, and some of them have inscriptions."
170,"In which phase, the concept of untouchability was put clearly?",Rigvedic phase,Later Vedic phase,Later Gupta phase,Dharmashastra phase,B.P.S.C. (Pre),1994,d,"Exp) Option d is the correct answer
The Rigvedic (1500-1000) and later vedic(1000-600) period
neither mention the concept of untouchable people nor any
practice of untouchability. The concept of Untouchability
was clearly put in the Dharmashastra phase or Post Vedic
Phase(600 BC-200 B.C)."
171,The shape of which tree is found in the seals from the Indus Civilization?,Mango,Peepal,Parijat,Sal,M.P.P.C.S (Pre),2021,b,"Exp) Option b is the correct answer
The worship of trees was widespread during the Indus
Valley Civilization. One of the seals shows a God standing
between the branches of a Peepal tree and the God was being
worshipped by a devotee on his knees. The discovery of a
large number of seals with Peepal trees engraved on them
also suggests that this tree was considered sacred to the
people of Indus Valley Civilization."
172,Ashoka won the Avanti Mahajapad and merged it in the Mauryan empire during Bindusara rule. What text does it refer to?,Samant Pasadika of Buddha Ghosh,Arthashastra of Kautilya,Ashtadhyayi of Panini,Mahabhashya of Patanjali,M.P.P.C.S. (Pre.),2026,a,"Exp) Option a is the correct answer.
The reference to Ashoka winning the Avanti Mahajapad
and merging it into the Mauryan empire during
Bindusara’s rule is found in the text Samantapaaddika
of Buddha Ghosh. Samantapdsadika is a collection of Pali
commentaries on the Theravada Tipitaka Vinaya, translated
from Sinhala to Pali by Buddhaghosa in the 5th century,
This text provides historical and narrative details related to
ancient India, Including events related to Ashaka’s reign,
Important Tips
[> Samant Pasadika of Buddha Ghosh:
* Samantapasadika is a Pali commentary on
Theravada Vinaya, translated by Buddhaghosa in
the 5th century,
, © Derived from Sinhala texts, it features verses |
from the older Dipavamsa. “Samanta” conveys
__ “all” while “pasadika” means “lovely” ox “pleasing.” |

o Ashtadhyayi of Panini:

® Attributed to Panini around 500 BCE, the
Astadhyayi characterizes the language of his
era, incorporating both Vedic and contemporary
dialectal elements.

2 This work employs a derivational system, using
affixes on bases to generate real speech from
theoretical utterances.

® Complemented by Aksharasamamnaya,
dhatupatha, and ganapatha, it offers insights into
linguistic structure.

e Mahabhashya of Patanjali:

* Mahabhashya, attributed to Patafjali, is a

; commentary on Panini’s Astadhydyi and
Katyayana’s Varttika-sitra, refining Indian
linguistic scholarship.

* Dated to 2nd century BCE, it systematizes shiksha,
vyakarana, and etymology, while analyzing
Katyayana.

* Mahabhashya covers 1228 of 3981 Astadhyayi
sttras, divided into 85 sections for daily study. It’s
a blend of grammar aad philosophical discourse."
173,Who is called the ‘Father of Indian Archaeology’?,Alexander Cunningham,John Marshall,Mortimer Wheeler,James Prinsep,M.P.P.C.S. (Pre),2017,a,"Exp) Option a is the correct answer.
Alexander Cunningham is widely regarded as the father
of Indian archaeology because of his pioneering work in
exploring and documenting the rich cultural heritage of
India. He was the first person to map the entire Indian
subcontinent and publish the Archaeological Survey of India,
which provided a detailed description of the monuments
and archaeological remains left behind by past civilizations.
He also collected and studied a large number of Indian coins,
which helped him to reconstruct the history and chronology
of various dynasties.

Important Tips

o John Marshall: He was a British archaeologist and

director-general of the Archaeological Survey of India
| from 1902 to 1928. He is best known for his excavations
at Harappa and Mohenjo-daro, the two main sites of
the Indus Valley Civilization. He also excavated other
important sites such as Taxila, Sanchi, and Ajanta.

» Mortimer Wheeler: He was a British archaeologist and
director-general of the Archacological Survey of India
from 1944 to 1948, He is famous for his excavations
at Arikamedu, a Roman trading port In south India,
and Charsada, a site related to Alexander the Great's
invasion of India, He also introduced new methods and
techniques of fleld archaeology, such as grid system,
siratigraphy, and scientific dating,

o James Prinsep: He was a British scholar and antiquary

| who worked in India as an assay master at the mint
and a secretary of the Asiatic Society of Bengal. He
| is renowned for his decipherment of the Brahmi and

Kharosthi scripts, which enabled the reading of the

edicts of Ashoka and other ancient inscriptions. He

also contributed to the fields of numismatics, geology,
meteorology, and history."
174,"Which of the following Buddhist literature contains the Buddha’s sermons on matters
of ethics and doctrine?",Vinaya Pitaka,Jataka Stories,Abhidhamma Pitaka,Sutta Pitaka,M.P.P.C.S. (Pre),2014,d,"Exp) Option d is the correct answer. ;
The Sutta Pitaka holds the core teachings or Dhamma of
Buddha. It contains Buddha's sermons on matters of ethics
and doctrine. It’s split into five groups called Nikayas: Digha
Nikaya, Majjhima Nikaya, Samyutta Nikaya, Anguttara
Nikaya, Khuddaka Nikaya."
175,Which of the following is not an Indus Valley Civilization site?,Kalibangan,Ropar,Patliputra,Lothal,M.P.P.C.S. (Pre),2013,c,"Exp) Option c is the correct answer
Patliputra is not an Indus Valley site. Pataliputra adjacent
to modern-day Patna was a city in ancient India, originally
built by Magadha ruler Ajatashatru in 490 BCE, as a small
fort near the Ganges river. Udayin laid the foundation of the
city of Pataliputra at the confluence of two rivers, the Son
and the Ganges.

The other sites Kalibangan, Ropar and Lothal belongs to

Indus Valley civilization."
176,"Which Indian king defeated Seleucus, the administrator of Sindh and Afghanistan appointed by Alexander-",Samudragupta,Ashok,Bindusar,Chandragupta,M.P.P.C.S. (Pre),2008,d,"Exp) Option d is the correct answer.

The Indian king who defeated Seleucus, the administrator

of Sindh and Afghanistan appointed by Alexander, was

Chandragupta. The Seleucid-Mauryan War took place

between 305 and 303 BC, during which Chandragupta

Maurya defeated Seleucus I Nicator, the ruler of the

Seleucid Empire, and established his dominance over

the regions of Sindh and Afghanistan. This war resulted

in the Treaty of the Indus, in which Chandragupta secured
control over the Indus Valley region and part of Afghanistan,
marking a significant victory for the Mauryan Empire. As

a part of the treaty, Seleucus gave his daughter's hand in

marriage to Chandragupta, cementing a dynastic alliance

between the two powers.
Important Tips
* Kautilya’s father, Acharya Chanak, was a renowned
scholar in the court of King Dhananand of Magadh.
This association led to Kautilya being referred to as
Chanakya, as a way to acknowledge his lineage from
his distinguished father.

‘e Rajashekhara, a I¢th-century poet in Maharashtri
Prakrit and Sanskrit, served the Gurjara Pratiharas as
court poet. His notable works encompass the practical
guide “Kavyamimansa,” play “Karpiramafjari,”” and
the Maharashtri Prakrit play “KiepGramaajari” an
ode to his accomplished wife Avantisundari.

¢ Vishakhadatta, an Indian Sanskrit poet and
playwright, authored the notable political drama
“Mudriraikshasa,” delving into the Maurya Dynasty
era, His surviving play vividly portrays historical
events. His style, while adhering to Sanskrit

| conventions, reveals a untque approach with a focus
on substance. Another work, “Devichandraguptam,” |
reconstructs through fraginents how Chandragupta

|._avenges his brother's treaty humiliation,"
177,"Consider the following statements and select the correct answer from the given code:

1. Mohenjodaro, Harappa, Ropar and Kalibangan are the main sites of Indus valley civilization.
2. People of Harappa developed the road, proper housing and drainage system.
3. People of Harappa were unknown about the use of metals.
Code:",1 and 2 are correct,1 and 3 are correct,2 and 3 are correct,"1, 2 and 3 are correct",M.P.P.C.S. (Pre),2008,a,"Exp) Option a is the correct answer

Statements 1 and 2 are correct: A marked feature Indus
Valley Civilisation (IVC) is the vivid imagination and artistic
sensibilities exuded by is correct the numerous sculptures,
seals, potteries, jewelleries, etc. found at the excavation
sites. Harappa and Mohenjo-daro the two major sites of
this civilisation are among the earliest and finest examples
of urban civic planning. The planned network of roads,
houses and drainage systems indicate the planning and
engineering skills that developed during those times.
Mohenjodaro, Harappa, Ropar and Kalibangan, Lothal,
Rakhigarhi are the main sites of Indus valley civilization.
Statement 3 is incorrect: People of Harappa were known
about the use of metals. They saw a wide scale practise of
bronze casting. The bronze statues were made using “lost
wax technique” or “Cire Perdue."
178,Buddhist centre of learning is-,Vikramshila,Varanasi,Girnar,Ujjain,M.P.P.C.S (Pre),2004,a,"Exp) Option a is the correct answer.

Vikramshila was a Buddhist university located in Bihar. It
was founded in the late 8 or carly 9th century CE, and it
was one of the most important centers of Buddhist learning
in the world. The university attracted students from all over
Asia and it was known for its rigorous academic standards."
179,"Match list-I with list-II and select the correct answer using the codes given below
the lists
List-I              List-II
A.Atharvaveda     1.God Grace
B.Rig Veda        2.Sacrifice Process
C.Yajurveda       3.Medicine
D.Samaveda        4.Music
Code: 
ABCD",3 1 2 4,1 2 3 4,2 3 4 1,3 4 1 2,M.P.P.C.S (Pre),1999,a,"Exp) Option a is the correct answer

The correct matches are A-3, B-1, C-2, D-4.

The “Atharva Veda” is called the “Veda of Magical Formulas.
It is a collection of 20 books containing hymns, chants, spells
and prayers. It involves with medicinal practices such as
healing of illnesses, prolonging life, black magic and rituals
for removing maladies and anxieties. Unlike the other three
Vedas, the “Atharva Veda” is not as concerned with sacred
rituals but addresses the daily problems of Vedic people.

The Rig Veda is the earliest of the four Vedas and one of
the most important texts of the Hindu tradition, It 1s a large
collection of hymns in praise of the gods, which are chanted
in various rituals.

The Yajur Veda is an ancient collection of Sanskrit mantras
and verses, used in Hindu worship and rituals. The name is
derived from the Sanskrit roots, yajus, meaning “worship”
or “sacrifice” and veda, meaning “knowledge.” Yajur Veda is
sometimes translated as “Knowledge of the Sacrifice.” The
text describes the way in which religious rituals and sacred
ceremonies should be performed,

Samaveda also known as the “Book of Song,” “Veda of
Chants,” or even “Yoga of Song.” It is a compilation of tunes
and chants, It’s essentially the “Rig Veda"" words set to music."
180,"Consider the following  staternents pertaining to the Ahar Civilization- 

A. The natives of Ahar knew copper smelting
B. Rice was unknown to them
C. Metal work was one of the means of economy of the Ahar
D. Black - Red coloured pottery have been found here, on which generally white coloured        geometrical designs have been carved.

Choose the correct option:","A, C and D are correct",A and B are correct,"A, B and C are correct",C and D are correct,R.A.S./R.T.S. (Pre.),2021,a,"Exp) Option a Js the correct answer.

The Ahar-Banas culture was a Chalcolithic culture that
flourished in the Mewar region of Rajasthan, India, from
about 3000 BC to 1500 BC. It {s named after the sites of Ahar

and Banas, where the first excavations of this culture were
conducted by A. Ghosh in 1953.

Statement A is correct: The Ahar civilization was known for
its knowledge of metallurgy, including copper smelting.
Statement B is incorrect: Rice was known to the Ahar
civilization, and archaeological evidence suggests that they
cultivated and consumed rice.

Statement C is correct: Metalwork, including copper and
other metal objects, played a significant role in the economy
of the Ahar civilization. They knew copper smelting and
metal work, producing tools, weapons, and ornaments from
copper and its alloys such as bronze.

Statement D is correct: Ahar civilization used black and red
pottery with white geometrical designs, which is distinctive
of this culture. They also made terracotta figurines of
animals and humans."
181,"Match List-I with List-II and select the correct answer using the codes given below the lists:
List-I         List-II 
A.Vrihi       1.Sugarcane
B.Mudga       2.Rice
C.Yava        3.Mung bean
D.Ikshu       4.Millet
Code: 
A B C D",1 2 3 4,4 3 2 1,3 4 1 2,2 3 4 1,RAS/RTS (Pre),2021,d,"Exp) Option d is the correct answer

The correct matches are A-2, B-3, C-4, D-I.

The term Vrihi was used for Rice in Vedic Fra. It is a generic
term applied to all varieties of rice.

Mudga is a Sanskrit word referring to mung bean or green
gram. It is a type of legume according to Caraka in his book
Carakasamhita.

Yava was a term which denotes Barley or millet in Ancient
India. It was staple foodef the people at that time.

Ikshu in the Sanskrit language is the name of a plant
identified with Sacchacum officinarum L. from the Poaceae
(Grass) family. It is known as the “sugarcane” or the “noble
cane” Jkshu is a high-yielding mid-late maturing variety of
sugarcane,"
182,"Match list-I with list-IJ and select the
correct answer using the codes given below
the lists:

List-I   List-II
A.Rig Veda    1.Gopatha
B.Samaveda    2.Shatpatha
C.Atharvaveda 3.Aitareya
D.Yajurveda   4.Panchvisha
Code: 
A B C D",4 2 3 J,2 4 3 1,3 4 1 2,1 2 4 3,RAS/RTS (Pre),2013,c,"Exp) Option c is the correct answer

The correct matches are A-3, B-4, C-1, D-2.

Aitareya Brahmana belongs to Shakala Shakha of the
Rigveda. ‘This work is ascribed to Mahidasa Aitareya and
dated variously from 1000 BCE to 500 BCE.The first six
panchikas of Aitareya Brahmana dealing with Soma Sacrifice
and in the last two panchikas describe about Rajyabhishcka
Panchavimsha Brahmana is a Brahmana of the Samaveda,
belonging to both of its Kauthuma and Ranayaniya shakhas.
It deals with the duties of the priest generally, and especially
of the various kinds of chants.

The Gopatha Brahmana is associated with the
Atharvaveda and divided into two khandas ie. Purvabhaga
and Uttarabhaga. It is considered that this Brahmana is
associated with both Shaunaka and Paippalada Shakha of the
Atharvaveda.

Shatapatha Brahmana belongs to Shukla Yajurveda. It is
attributed to the Vedic sage Yajnavalkya."
183,Which one of the following officials was not a part of the Mauryan administration?,Agraharika,Yukta,Pradeshika,Rajiuka,R.A.S./R.T.S. (Re. Exam) (Pre),2013,a,"|

Exp) Option a is the correct answer.

The term “Agraharika” and its associated practices
were not part of the Mauryan administrative structure.
“Agraharika” refers to Brahmins who received villages as
state land grants in the 5th-6th centuries. ‘These villages,
known as Agrahaara, were exempt from revenue and held
certain privileges. The Mauryan administration had officials
like Yukia, Pradeshika, and Rajjuka."
184,"‘Pankodakasannirodhe’ was the Penalty in Mauryan administration, charged for-",Filthy drinking water,Stushing the road,Throwing garbage,Stenching temples,R.A.S./R.I.S. (Re. Exam) (Pre),2013,b,"Exp) Option b is the correct answer.
In the Mauryan administration, the penalty of
“‘Pankodakasannirodhe’ was charged for the act of slushing
or dirtying the road. This penalty was imposed to discourage
people from littering or making the roads dirty, ensuring
that public spaces and thoroughfares remained clean and
well-maintained. It reflects the emphasis on cleanliness and
hygiene in Mauryan society, as well as the administration's
efforts to maintain the infrastructure and aesthetics of roads
for the benefit of the public.
| Important Tips |
; Punishments in Mauryan Justice Administration:
| o Punishments:
: a Puuishments outlined in the Arthashastra ranged
from mild to severe.

« Theft, false evidence, and harming artisans were met
with penalties like mutilation or death.

* Law enforcers were also accountable; breaking the

| law incurred punishment.
| e Varied Penalties:
| » Penalties were graded according to varna hierarchies,
® Shudras faced more severe punishments than
| Brahinins for similar offenses.

e Megasthenes’ Account:

» While Megasthenessuggested theft wasrare,evidence
pointstocommoncrimes. Punishments weredesignced
to maintain order and integrity in the kingdom."
185,The first metal used by man was:,Gold,Silver,Copper,Iron,R.A.S./B.T.S. (Pre),2012,c,"Exp) Option c is the correct answer

Copper was the first metal to be used by men. Copper was first
used by man over 10,000 years ago. Probably copper can be
found as a naturally occurring native metal that is sometimes
found in large lumps on the ground. People learned to make
this-into copper tools and other things, although, for a metal,
it is quite soft. When it was melted over the fire, people
learned how to make an alloy called bronze, which is much
harder and stronger than copper. During chalcolithic period
copper was used onlarge scale. In Indus Valley Civilization
the metals like bronze, silver and gold were used and in later
Vedic period iron came into existence."
186,Which one among the following sites is located in the valley of Ghaggar and its associated rivers?,Alamgirpur,Lethal,Mohenjodaro,Banawali,R.A.S./R.T.S.(Pre),2010,d,"Exp) Option d is the correct answer

Banawali, Kalibangan and Rakhigarhi are the Indus Valley
Civilisation sites in the region of Ghaggar-Hakra rivers and
their tributaries."
187,One of the following sites from where the famous bull-seal of Indus Valley Civilization was found-,Harappa,Chanhudaro,Lothal,Mohenjodaro,R.A.S./R.T.S. (Pre),2008,d,"Exp) Option d is the correct answer

The majestic zebu bull, with its heavy dewlap and wide
curving harns is perhaps the most impressive motif found
on the Indus seals. Generally carved on large seals with
relatively short inscriptions, the zebu or bull seal is found
almost exclusively at the largest cities of Mohenjodaro and
Harappa."
188,"Rangpur, where the contemporary of Harappan civilization was found, is in-",Punjab,Eastern Uttar Pradesh,Saurashtra,Rajasthan,R.A.S./R.T.S. (Pre),1999,c,"Exp) Option c is the correct answer

Rangpur is a small village in District Surendranagar of
Saurashtra region in Gujarat, situated on the bank of the
river Bhadar and has been known to archaeologists for a long
time as a southern outpost of the Harappa culture."
189,Rites and Rituals related to Yajnas are mentioned in-,Rig Veda,Samaveda,Brahmin Granthas,Yajurveda,R.A.S./R.T.S. (Pre),1999,d,"Exp) Option d is the correct answer

Yajur Veda consists of hymns and rituals. Various details of
rules to be observed at the time of sacrifice are mentioned
in this Veda. The rituals reflect the social and political life
of vedic people. There are two main texts of the Yajurveda:
Shukla Yajurveda and Krishna Yajurveda ."
190,Who was the director of the archaeological excavation that led to the discovery of Harappa and Mohenjodaro?,Lord Macaulay,Sir John Marshall,Clive,Colonel Tad,R.A.S./R.T.S (Pre),1997,b,"Exp) Option b is the correct answer

John Marshall was the Director-General of the Archaeological
Survey of India from the year 1902 till 1928 and oversaw
excavations of Indus Valley civilisation sites Harappa and
Mohenjodaro."
191,Famous Greek ambassador Megasthenes came to the court of which emperor?,Ashoka,Harsha Vardhana,Chandragupta Maurya,None of the above,R.A.S./R.T.S. (Pre),1997,c,"Exp) Option c is the correct answer.

Megasthenes (350 BCE- c. 290 BCE), the famous Greek
ambassador, came to the court of Chandragupta Maurya.
He was an ancient Greek historian, diplomat, ethnographer,
and explorer. He described India in his book “Indica,” which
is now lost but has been partially reconstructed from later
authors’ quotations. Megasthenes’s visit to the Mauryan
court took place during the reign of Chandragupta Maurya
in Pataliputra (modern Patna). He is known for being one of
the first Westerners to provide a written account of India."
192,Second Buddhist- Council was organized by-,Ajatashatru,Kalasoka,Ananda,Ashoka,R.A.S./R.T.S. (Pre),1994,b,"Exp) Option b is the correct answer.

The Second Buddhist Council was organized by King
Kalasoka of the Sisunaga dynasty in 383 BCE. The council
was held in Vaishali and was presided over by Sabakami.
The purpose of the council was to address a dispute over the
interpretation of the Vinaya, the monastic code."
193,‘Sabha’ of Vedic-era-,Was an institution of mercantile people of the villages,Was a royal court,Was council of ministers,National Assembly of all the people of the state,R.A.S./R.T.S. (Pre),1994,c,"Exp) Option c is the correct answer

In ancient Sanskrit texts, popular institutions like Sabha,
Samiti, Vidatha, and gana have been mentioned The Sabha in
Vedic era was also called the council. It was the assembly of
elders or the elites, This assembly performed administrative
and judicial functions.

Important Tips

¢ The assemblies called sabha, samiti, vidhata and gana
are mentioned in the Rig Veda.

* samiti was an assembly of people. It was a folk assembly
in which people of the tribe gathered for transacting
tribal business. It discussed philosophical issues and
was concerned with religious ceremonies and prayers.

* Vidatha was the earliest folk assembly of the Aryans,
performing all kinds of functions economic, military
religious, and social.

« Women attended the sabhas and vidhatas.

¢« The king sought the support of the samiti and sabha
for his activities."
194,The System of Governance prevalent in the Vedic era was-,Autocratic,Democratic,Republic,Descended monarchy,R.A.S./R.T.S. (Pre),1993,d,"Exp) Option d is the correct answer.

Monarchy is a type of governance in which entire authority
is vested in one person, a monarch, who holds the position
until death or abdication. The !escended monarchical
system was adopted in the Vedic period. The head of the
government was the king/Queen. Upon the death of king,
the members among the family would rule the kingdom, this
is descended monarchy."
195,Which function of the present municipal administration has been continuous from the time of Mauryan period?,Inspection of weights and measures,Fixing of the prices of goods,Registration of births and deaths,Patronage to artisans,R.A.S./R.T.S. (Pre),1992,c,"Exp) Option c is the correct answer.

The function of registering births and deaths has been
continuous from the time of the Mauryan period to
the present municipal administration. This practice of
recording vital events like births and deaths was important
for administrative purposes even in ancient times. It helped
in maintaining demographic records, taxation, and various
social and legal matters. This function has endured through
centuries and is still a key responsibility of modern municipal
administrations to keep track of population data, issue birth
and death certificates, and manage related documentation."
196,The first ancient civilization to develop the art of writing in a proper system was?,Indus,Egypt,Sumerian,China,R.A.S. / R.T.S. (Pre),1992,c,"Exp) Option c is the correct answer

The carliest known writing was invented there around 3400
B.C. in an area called Sumer near the Persian Gulf. The
Sumerians were the contemporaries of the people of Indus
and Egyptian civilisations. These civilisations had trade
connections with each other."
197,Which one of the following rulers did not contribute towards the expansion of Buddhism?,Harshavardhan,Kanishka,Ashoka,Pushyamitra Shunga,Chhattisgarh P.C.S. (Pre),2018,d,"Exp) Option d is the correct answer.

According to Buddhist texts, Pushyamitra Shunga, the
founder of the Shunga Empire in East India and the first
tuler of the Shunga dynasty, persecuted Buddhists. He
was a follower of Hinduism and was originally a senapati
(general) in the Maurya Empire.

Important Tips |
Shunga became an emperor in 185 BCE by killing the final
Mauryan ruler, Brihadratha Maurya, during a military
event. To establish his authority, Shunga carried out many
: Ashvamedha campaigns."
198,"In the period of Mahabharata, the name of Mahanadi was-",Kaveri,Tapti,Mahananda,None of these,Chhattisgarh P.C.S. (Pre),2016,e,"Exp) Option e is the correct answer
During the different periods of lime, Mahanadi was referred
to by different names such as Kanak Nandini, Chitropala,
Nilotpala, and Mahanadi, or Mahashweta. In Vayu Puran
it is referred as Nilotpala. In Matsya Puran it is referred as
Chitropala."
199,In context on Indian culture ‘Rit? means-,Natural law,Artificial law,Human law,Social law,Chhattisgarh P.C.S. (Pre),2016,a,"Exp) Option a is the correct answer :
« Rit constituted the ethical standard that had a direct
impact on the lives of the Vedic people. It is described
as that which is ultimately responsible for the proper
functioning of the natural, moral and sacrificial orders.

As enshrined in Rigveda, Rit is a universal ordei, both

cosmic and Moral.

a In the cosmic aspect, it is due to Rit that the sky and
the Earth are firm, sunrises, water flows, and cows
yield milk. In other words, everything is what it is and
how it is due to the working of Rit, It is the Law that
regulates the universe.

s In the Moral aspect, Rit is the order because of which
gods and imen lived in harmony."
200,The Statement “Tamsoma Jyotirgamaya” was originally mentioned in-,Upanishadas,Mahakavyas,Puranas,Shaddarshanas,Chhattisgarh P.C.S. (Pre),2016,a,"Exp) Option a is the correct answer
Tamsoma Jyotirgamaya is a Sanskrit verse taken from the
“Pavana Mantra” from the great Brihadaranyaka Upanishad.
The mantra Tamsoma Jyotirgamaya got its existence as a
mantra or a prayer that was recited as the introductory praise
of the Soma Sacrifice. In Sanskrit, “tamas” means “darkness”
and “jyotir” means “light”, which makes the literal meaning
of this phrase as, “From darkness, lead me to light?
Important Tips |
1
| The Pavana Mantra, also known as Pavamiana Abhyarohia -
is a mantra that originated in ancient India from the key
| seripture of various schools of Hinduism. |
Brihadaranyaka Upanishads
eo The Brihadaranyaka Upanishads are the earltest and |
the principal Upanishads of Hinduism.
«6 ‘This Upanishad ts the basic structure for most of the
schools for Hinduism.
| » Tt de basteally an exposition to Atiman or inner self |
spirit or soul,
[e The Upanishad includes various passages on ethics, |
metaphysics, philosophy, psychology, and the history |
of medieval scholars. |"
201,Where the word ‘Stupa’ has been used for the first time?,Rigveda,Jatak Katha,Artha Shastra,Astadhyayee,Chhattisgarh P.C.S. (Pre),2015,a,"- :

Exp) Option a is the correct answer.

Stupas were constructed on level graund using bricks and

stones. The term ‘Stupa’ is first mentioned in the Rigveda,

where the growing flames of fire are referred to as Stupa. In
the Shukla Yajurveda, there’s a mention of building a tall

mound of mud around a tomb. ."
202,The ‘Purush Sukta’ related to Varna System is originally found in-,Atharvaveda,Samaveda,Rig Veda,Manusmriti,"Chhattisgarh P.C.S, (Pre)",2014,c,"Exp) Option c is the correct answer

‘Purusha Sukta is a hymn from the 10th Mandala of the

Rigveda. It describes the sacrifice of Purusha, the primaeval

man. All the elements of the universe, including the four

social categories, were supposed to have emanated from his
body:

Important Tips |

« The Purusa Sukta explains that all the parts of the |

Universe were created out of the parts of a single |

| cosmic man. |

| o All four parts of society:- Brahmana, Kshatriya, Shudra,

; and Vaishya originated from different paris of the body |

| of Purusha (Cosmic Man). (|

| e Four-fold division of society as under Purusa Sukta |
| "" Brahmins: priests, scholars, and teachers - they:
i
i came from the mouth of the Purusa.
= Kshatriyas: rulers, warriors, and administrators -
they came from the hands of the Purusa.

| ® Vaishyas: agriculturalists and merchants they |

came from the tighs of the Purusa. |

| * Shudras: laborers and service providers - they
| came from the foot of the Purusa |
i ee ti oe ae ne eee et ee ed"
203,"According to the ‘Arthashastra’ of Kautilya the following courts existed in the judicial
system of Mauryan Age-
1. Dharmamahamatra
2. Dharmasthiya
3. Rajjuka
4, Kantakshodhana
Code:",land 2,2 and 3,land 3,2 and 4,Chhattisgarh P.C.S. (Pre),2014,d,"Exp) Option d is the correct answer

According to the ‘Arthashastra’ of Kautilya the courts that

existed in the judicial system of Mauryan Age are:

¢ Dharmasthiya: Dharmasthiya refers to the civil court
in the Mauryan administration. Jt was responsible for
handling civil matters and disputes among the people.
This court would have dealt with issues related to
property, contracts, family matters, and other civil
disputes, applying legal principles and local customs to
make judgments.

« Kantakshodhana: Kantakshodhana represents — the
criminal court in the Mauryan system. This court was
focused on addressing criminal offeases and maintaining
law and order. tt would have dealt with cases involving
theft, assault, murder, and other criminal activities,
‘The court aimed to ensure that justice was served and
appropriate putitshnients were meted out to offenders,

Whereas,

¢ Dharmamehamatra wae responsible for the overall
administration of justice and ensuring that legal matters
were handled according to dharma (law and ethical
principles).

e Rajukas, derived from “rajju” possibly meaning
land measurement, were crucial Mauryan officials
managing districts. They oversaw taxation, records, and
governance, aiding efficient local administration and
revenue collection. —

: ~ Important Tips .. .

Judicial Administration in Mauryan empire:

« Supreme Authority of the King: The king was the
highest authority in the judicial system and personally
heard cases to ensure fairness and accessibility.

+ Prompt Adjudication: The king adhered to Kautilya’s
advice and didn't keep petitioners waiting, preventing

confusion and public dissatisfaction. |

¢ Judges and Pradeshtris: Judges known as Dharmasthas |
and Pradeshtris responsible for criminal suppression
played crucial roles in delivering justice.

¢ Local Courts: Various civil and criminal courts
operated at local levels, from villages to provinces,
resolving disputes efficiently.

« Foreigner Cases: Fairness extended to cases involving
foreigners, ensuring equitable treatment. i

¢ Punishment Severity: Punishments like decapitation,
amputation, fines, and forfeitures were imposed based
on varna, gravity of offense, and circumstances.

+ Death Penalty: Even during Ashoka’s reign, death

' penalty was present, but provisions for three-day

respite were introduced to appeal decisions.

« Kautilya’s Influence: Kautilya’s © Arthashastra |
emphasized proper justice administration, balancing
severity with fairness.

« Sources of Law: The four sources of Jaw in Mauryan
justice were dharma (accepted principles), vyavahara

| (legal codes), charitra (customs), and rajasasaru (royal

decrees). ;"
204,"The following Mauryan rulers were the followers of Buddhism:
1. Chandragupta
2. Ashoka
3. Bindusara
4. Dasaratha
Select the correct answer:",land 2,2 and 3,3and4,2 and 4,Chhattisgarh P.C.S (Pre),2013,d,"oo

Exp) Option d is the correct answer, ~

» Chandragupta: According to Jain texts, Chandragupta
Maurya adopted Jainism and went to the hills of
Shravanabelagola (near Mysore) and committed
Sallekhana (death by slow starvation), -

¢ Bindusara: Mauryan emperor Bindusara was the
follower of Ajivika religlon, Bindusara was the son of
Chandragupta maurya. He ruled from 297 BC to 273 BC,

+ Ashoka: Ashoka was a devoted follower of Buddhism
and adopted policies promoting non-violence, religious
tolerance, and the spread of Buddhist teachings across
his empire. oo.

» Dasharatha: Dasharatha, influenced by his grandfather
Ashoka, upheld Buddhism, embracing its principles of
non-violence, compassion, and moral conduct, fostering
religious tolerance."
205,Which metal has so far not been discovered in Harappan sites?,Copper,Gold,Silver,Iron,Chhattisgarh P.C.S. (Pre),2011,d,"pe

Exp) Option d is the correct answer.

The Harappan civilisation belongs to the Bronze Age
civilisation and Harappans knew how to make copper and
bronze tools. Iron was not known to the Harappan people.
[ron came into existance in later vedic period.
Important Tips

Harappan civilisation

« The Indus Civilisation represents the first phase of
' urbanisation in India

« There are three phases of Harappan zCivilization
® Early Harappan 3000-2600 BCE
8 Mature Harappan 2600-1900 BCE
e Late Harappan 1900-1700 BCE

« Fortification, wellplanned streets and lanes and
drainages are noticed in the Harappan towns.

je The Harappans used baked and unbaked bricks, and
stones for construction.

* The towns had a grid pattern and drainages were
systematically built. |

Artefacts:

« Statues whether in stone, bronze or terracotta found in
Harappan sites are refined.

* The stone statuaries found at Harappa and Mohenjodaro
are excellent examples of handling three-dimensional
volumes

« The art of bronze-casting was practised on a wide scale
by the Harappans. Their bronze statues were made

"" using the ‘lost wax’ technique in which the wax figures
were first covered with a coating of clay and allowed
to dry.

* terracotta representations of human form are crude in
the Indus Valley"
206,"Two Indians who were associated with discovery of Indus Valley Civilization, are:",Rakhal Das Banerjee and Dayaram Sahni,John Marshall and Ishwari Prasad,Ashirwadi Lal Srivastava and Rangnath Rao,Madhosarup Vats and V.B. Rao,Chhattisgarh P.C.S. (Pre),2003,a,"Exp) Option a is the correct answer

The 2 Indians associated with discovery of Indus Valley
Civillzation are-

° “Dayaram Sahni first discovered Harappa in 1921.

« -Rakhaldas Banerjee discovered Mohenjo-Daro in 1922,"
207,"Ashokan inscriptions in north-western part of the Mauryan Empire near Peshawar were
in:",Brahmi Script,Aramaic Script,Devanagari Script,Kharoshthi Script,Jharkhand P.C.S. (Pre.),2021,d,"Exp) Option d is the correct answer.

The Ashokan inscriptions in the northwestern part of
the Mauryan Empire, near Peshawar, were written in the
Kharosthi script. The Kharosthi script was an ancient script
used {n the northwestern regions of the [ndian subcontinent,
including present-day Pakistun and Afghanistan. It was
introduced around the 3rd century BCE and remained in
use until sround the 3rd century CE. The inscriptions in this
seript provide valuable historical and linguistic Insights into
the region's cultural and political context during that time."
208,The Rigvedic tribal assembly associated with judicial function was-,Sabha,Samiti,Vidhata,All of these,Jharkhand P.C.S (Pre),2016,a,"Exp) Option a is the correct answer

The term ‘Sabha’ referred to an assembly in the Rig Vedic
period. The elder members of the ‘Jana’ took part in the
‘Sabha’ This asseinbly performed administrative and judicial
functions, exercised its judicial authority, and also discussed
pastoral affairs."
209,Which form of Buddhism was prominent during the Sultanate period?,Theravada,Hinayana,Vajrayana,Tantrayana,Jharkhand B.C.S. (Pre),2013,c,"Exp) Option c is the correct answer.
Vajrayana Buddhism was prominent during the sultanate
period. It’s a kind of Tantric Buddhism that grew in India.
The name means ‘Diamond Vehicle’, ‘Thunderbolt Vehicle’,
or the ‘Indestructible Vehicle’. According to old Vajrayana
stories, Buddha Shakyamuni and others like Vajrapani
and Padmasambhava taught about tantra and Vajrayana.
The Vajrayana writings say there are three ways to reach
enlightenment: Hiaayana, Mahayana, and Vajrayana.
Important Tips |

Different Types of Buddhism:

Theravada Buddhism:

« The older kind of Buddhism is called Theravada.

« Yhezavada is thought to be more traditional than
Mahayana and Vajrayana in what they believe and how |
their monks behave.

> The teachings of Gautama Buddha are carefully kept
by Theravada followers in their special book, the Pali
Canon. The Pali Canon is like the standard collection
of scriptures for Theravada Buddhists. They kept it !
preserved in the Pali language. This set of books has |
the oldest and fullest teachings of Buddhism that we
still have today. It mostly comes from the Tamrashatiya
school.

o Itis the path to renunciation.

Hinayana Buddhism:

« The word “Hinayana” means the ‘smaller vehicle’ and

came about in the first or second century.

e People who follow the non-Mahayana Buddhism are
called Hinayana.

e It can be divided into two groups - Shravakayana and
Pratyekabuddhayana. ;

Tantrayana Buddhism:

« ‘his kind of Buddhism helps people change themselves
(change their body, words, and thoughts).

e Like Vajrayana, it’s connected with things called
‘tantra’ and ‘secret mantra."
210,"In the Mauryan period, tax evasion was punished with-",Death,Confiscation of goods,Imprisonment,None of the above,Jharkhand P.C.S. (Pre),2013,a,"Fxp) Option a is the correct answer

In the Mauryan period, tax evasion was punished with
death. The Mauryan administration had a strict tax
collection system, and tax evasion was considered a scrious
offense. Those who evaded paying taxes could face severe
consequences, including execution. This was part of the
Mauryan state’s efforts to maintain revenue collection and
ensure the stability of the empire's finances."
211,In which of the following places was the first Jain Council held?,Patliputra,Vaishali,Mathura,Ujjain,Uttarakhand PCS (Pre),2021,a,"Exp) Option a is the correct answer.
Vhe First Jain Council was held in Pataliputra (modern
Patna, Bihar, India) in the 300 BCE. It was convened by
Sthulabhadra, a Jain monk, and was attended by over 500
monks. The council was held to compile the Jain scriptures,
which had been passed down orally for generations. The
council] also standardized the Jain monastic code of conduct.
Important Tips |
First Jain Council - Pataliputra |
e Around 300 BC, a huge famine happened in the |
southern part of Bihar after Chandragupia Maurya’s
time.
° The first Jain council occurred about 160 years after
Mahavira’s passing in Pataliputra, which is Bihar today. |

° Jt was guided by Sthulabhadra.

e This council divided Jainism into two groups: |
| Svetambara and Digambara. |
| e Bhadrabahu, the last leader of united Jains and the ;

Digambara group, along with his followers, moved to |
Shravanabelagola in Karnataka to escape hunger. |
e Sthulabhadra, the founder of the Svetambara group,
and his followers stayed in Magadha. |
2 At this council, Mahavira's teachings were categorized
into twelve Angas.
° However, one of them, Drstivada, was lost due to the |
famine. |
¢ Jainism then divided into Svetambara and Digambara |
groups.
.e@ Sthulabhadra led Svetambara, while Bhadrabahu Iced
Digambara.

» Vallabhi and Mathura

Second Jain Council - Vallabhi and Mathura

« The second council took place in two places at once: |

Vallabhi, Gujarat, and Mathura, Uttar Pradesh.

¢ Devaradhi Kshama Ramana presided over the council

in Vallabhi, with the goal of collecting sacred texts. |

« This second council happened in 512 AD, focusing on |

compiling the twelve Angas and Upangas. |

e Vallabhi |

Third Jain Council - Vallabhi

e Also known as the Vallabhi council IT, this is the third

Jain council. Svetambara monks gathered in Vallabhi,
now in Gujarat.

e« Devarddhigani Kshamashramana led this council.

e The main aim was to reduce the content in religious
' texts (Agamas). |

e Held in 453 or 456 CE, over 500 Jain leaders atiended

this council."
212,In Mauryan period Pranayam was:,Binergency Tax,Lave Marriage,Land Grant,Land Tax,Uttarakhand PCS (Pre),2021,a,"Exp) Option a is the correct answer.

Pranayam was an emergency tax levied by the Mauryan
kings during times of war or famine. These additional
levies were intended to replenish the state treasury and
provide funds for specific purposes such as defense or other
critical requirements. It was a one-time tax that was imposed
on all citizens, regardless of their social status or wealth. The
amount of pranayam was determined by the severity of the
emergenicy. ,"
213,"Who was called as ‘Sandrocottos’ by Justin,the Greek Writer?",Chandragupta Maurya,Chandragupta I,Chandragupta II,Samudragupta,Uttarakhand P.C.S. (Pre),2016,a,"Exp) Option a is the correct answer.
The Greek writer Justin referred to Chandragupta Maurya
as ‘Sandrocottos. Various historical accounts refer to
Chandragupta Maurya with different names: Strabo called
him Sandrokottos, Pliny used Sandrakottos, Plutarch
referred to him as Androkottos, and Justin used the name
Sandrocottus."
214,Which one of the following is oldest Veda?,Yajurveda,Rig Veda,Samaveda,Atharvaveda,Uttarakhand P.C.S. (Pre),2010,b,"Exp) Option b is the correct answer
Rig Veda (1500-1000 B.C) is the earliest of the four Vedas.
The Rig Veda is a set of ancient Indian texts comprising 1028
Sanskrit Hymns from the Vedic period and 10,600 verses
devoted to the Rigvedic deities. It is arranged in 10 volumes,
known as mandalas. The “Rig Veda’ outlines one of the
oldest types of yoga and provides knowledge about yoga and
other spiritual disciplines. The hymns were sung in praise
of Agni, Indra, Mitra, Varuna and other Gods. It contains
the famous Purushasukta that explains that the four varnas,
i. c., Brahmana, Kshatriya, Vaishya and Shudra were born
respectively from the mouth, arms, thighs and the feet of the
Creator. The universally famous Gayatri mantra (Savitri) is
also in Rig- Veda

Important Tips

Vedas: .

e The Vedas are a large body of religious texts originating
in ancient India.

« Composed in Vedic Sanskrit, the texts constitute
the oldest layer of Sanskrit literature and the oldest
scriptures of Hinduism.

o There are four Vedas: the Rigveda, the Yajurveda, the
Samaveda and the Atharvaveda.

e Each Veda has four subdivisions —

e Samhitas

« Aranyakas

+ Brahmanas

* Upanishads"
215,The most famous centre of learning during Mauryan period was-,Vaishali,Nalanda,Taxila,Ujjain,Uttarakhand P.C.S. (Pre),2019,c,"Exp) Option c is the correct answer.

During the Mauryan period, the most renowned center of
learning was Taxila. This ancient university, situated near
the Indus River in present-day Pakistan, offered education
in religious and secular subjects. Initially focused on
Brahmanical teachings, it later became a hub for Buddhist

scholarship. Taxila’s influence extended across diverse fields
like Vedic studies, astronomy, medicine, and more. Despite
lacking formal colleges, it attracted eminent teachers like
Panini and Chanakya. Its prominence declined around the
5th century CE due to factors like Toramana’s destruction,
leaving behind a significant legacy in ancient education.
Important Tips
¢ Vaishali: Vaishali, an ancient city in Bihar, India, is
renowned for being a significant center during the
6th century BCE Vajjika League. Gautama Buddha
delivered his last sermon here in 483 BCE, and the
Second Buddhist Council was held in 383 BCE. The
city is known for its association with both Jainism and
Buddhism, featuring well-preserved relics, stupas, and
monuments. |
« Nalanda: Nalanda Mahavihara, located in ancient
Magadha (modern Bihar), was a renowned Buddhist
monastic university, considered the world’s first
residential university. Active from 427 to 1197 CE, it
flourished during the Gupta Empire, teaching various
Buddhist schools, Vedas, grammar, medicine, logic,
and more. The site influenced East Asian Buddhism
and remains a UNESCO World Heritage Site.
¢« Ujjain: Ancient Ujjain, an important center during
Mauryan and Gupta periods, was a commercial hub
on trade routes, fostering intellectual learning among
Jain, Buddhist, and Hindu traditions. Kalidasa
and Bharthari, renowned poets, wrote here, ‘he
Mahakaleshwar Jyotirlinga temple and Ujjain’s rich
history are notable, even visited by Xuanzang."
216,The earliest evidence of man in India is found in-,Nilgiri Hills,Shiwalik Hills,Nallamala Hills,Narmada Valley,Uttarakhand P.C.S. (Pre),2006,d,"Exp) Option d is the correct answer.
The earliest fossil evidence of human presence in India was
provided by the discovery of the fossilized skull of Narmada
Human, initially named Narmada Man. The skull fragment
was found on the banks of the river Narmada at Hathnora
village in Madhya Pradesh in December 1982 by geologist
Arun Sonakia. The skull belongs to the category of Homo
erectus, a species that preceded Homo sapiens, the modern
human species. The skull is estimated to be around 500,000
years old and is the first and only of its kind in India."
217,The Indus valley people worshipped-,Shiva,Indra and Varun,Brahma,Vishnu,Uttarakhand P.C.S. (Mains),2006,a,"Exp) Option a is the correct answer
The Indus people worshipped nature. They worshipped the
pipal tree. Some of the terracotta figures appear to be mother
goddess and Pasupati Shiva. Thus from the given Option,
the Indus valley people Worshipped Shiva."
218,Which Indian Buddhist monk had been sent to China in the first century A.D.?,Tsang,Ashvaghosha,Vasumitra,Nagarjuna,Uttarakhand P.C.S. (Pre),2005,d,"Exp) Option d is the correct answer.
Nagarjuna was an important person in Kanishka’s court.
Hiuen Tsang thought of him as one of the four great guides
in the world. In his book “Madyamik Karika,” Nagarjuna
talked about relative ideas. People also call him the Indian

Einstein. In Chinese stories, Nagarjuna went to China and
taught about Buddhism."
219,"From among the following Mahajanapadas, identify the gana/sangha (oligarchy):",Magadha,Vajji,Avanti,Kosala,CDS (1),2022,b,"Exp) Option b is the correct answer.
Vajji was a Mahajanapada in ancient India that was known
for its unique political system based on a republican form
of government called “gana” or “sangha.” The Vajji sangha
was an oligarchic system where power was shared among a
group of ruling clans or families. It had an assembly known
as the Vajji Mahasabha, which consisted of representatives
from various clans and made decisions through a democratic
process. The Vajji sangha is mentioned in Buddhist and Jain
texts as an example of a well-governed republic in ancient
India.

Important Tips

Few facts about Mahajanpadas:

+ Magadha: Located in present-day Bikar, it was one
of the most powerful Mahajanapadas, known for its
strategic location and strong political influence.

« Kosala: Located in present-day Uttar Pradesh, it was
an important Mahajanapada ruled by King Prasenajit
and later by King Pasenadi.

e Vajji: Located in present-day Bihar and Nepal, it
was a confederation of several tribes known for their
republican form of government.

e Avanti: Located in present-day Madhya Pradesh, it
was ruled by King Nandivardhana and later by his son
King Pradyota.

e Gandhara: Located in present-day Afghanistan and
Pakistan, it was a region known for its rich culture

and strategic position along trade routes.

e Kashi: Located in present-day Varanasi, it was a
prosperous Mahajanapada known for its vibrant trade
; and religious significance.

° Kamboja: Located in present-day Afghanistan, it was
a region inhabited by the Kambojas, who were known
for their martial skills.

; ¢ Kuru: Located in present-day Haryana and Delhi,
it was an ancient Vedic kingdom associated with the
| Kuru dynasty and the famous Kurukshetra war in the
| Mahabharata. |

« Panchala: Located in present-day Uttar Pradesh, |
it was a prominent Mahajanapada ruled by King -
Drupada and later by King Dhrishtaketu.

° Matsya: Located in present-day Rajasthan, it was '
a kingdom associated with the Matsya Avatar (Fish
Incarnation) of Lord Vishnu in Hindu mythology.

eo Shurasena: Located in preseni-day Uttar Pradesh,
it was a region ruled by the Yadava dynasty and
associated with the legends of Lord Krishna.

° Assaka: Located in present-day Maharashtra, it was a
Mahajanapada inhabited by the Assakas, mentioned in
Buddhist and Jain texts.

e Avanti: Located in present-day Madhya Pradesh, it
was ruled by King Nandivardhana and later by his son
King Pradyota.

e Chedi: Located in present-day Madhya Pradesh, it
was a Mahajanapada ruled by King Shishupala, known
for his enmity with Lord Krishna.

° Malla: Located in present-day Uttar Pradesh and
Bihar, it was a confederation of republics known for
their skilled warriors and fierce independence."
220,From which one of the following factory sites were limestone and chert blades mass produced and sent to various Harappan settlements in Sindh?,Sukkur and Rohri Tills,Khetriin Rajasthan,Chagai Hills,Hills of Baluchistan,CDS  (1),2020,a,"Exp) Option a is the correct answer

The Sukkur and Rohri Hills are located in Sindh, Pakistan.
They are a major source of limestone and chert, which
were used to make blades and other tools in the Harappan
civilization. The blades were mass produced at these sites
and then sent to various Harappan settlements in Sindh."
221,"Consider the following statements about Stone Age in India:

1. Different periods are identified on the basis of the type and technology of stone tools.
2. There are no regional variations in the type and technology of tools in different periods.
3. Stone Age cultures of different periods evolved uniformly in a neat unilinear fashion all over the subcontinent.

Which of the statements given above is/are correct?",Only 1,l and 2,Only 3,"1,2 and 3",CDS  (1),2020,a,"Exp) Option a is the correct answer

Statement 1 is correct: The different periods of the Stone
Age in India are identified on the basis of the type and
technology of stone tools. For example, the Paleolithic period
is characterized by the use of simple stone tools, such as hand
axes and cleavers. The Mesolithic period is characterized by
the use of more sophisticated stone tools, such as microliths,
The Neolithic period is characterized by the use of polished
stone tools, such as axes‘and chisels.

Statement 2 is incorrect: There are regional variations in
the type and technology of stone tools in different periods.
For example, the stone tools found in the Indus Valley are
different from the stone tools found in the Deccan plateau.
Statement 3 is incorrect: Stone Age cultures of different
periods did not evolve uniformly in a neat unilinear
fashion all over the subcontinent. There were different
cultural traditions that developed in different parts of the
subcontinent, and these traditions interacted with each other
in complex ways."
222,"The following item consist of two statements, Statement I and Statement II. Examine these two statements carefully and select the correct answer using the code given below:

Statement I: The Greek travelers were most impressed by the fertility of India’s soil and the energy and ability of her cultivators.
Statement II: Ancient India knew the use of manure.","Both the statements are individually true, and Statement II is the correct explanation of Statement I.","Both the statements are individually true, but Statement II is not the correct explanation of Statement I.","Statement I is true, but Statement II is false.","Statement I is false, but Statement II is true.",CDS,2019,b,"Exp) Option b is the correct answer

Statement I is true: Greek travelers, such as Megasthenes
and Strabo, were impressed by the fertility of India’s soil and
the energy and ability of her cultivators. They noted that the
Indians used a variety of agricultural techniques, including
the use of manure, to improve the fertility of their soil.
Statement II is true: Ancient India did know the use of
manure. Manure was used to improve the fertility of the soil,
and it was also used as a fertilizer.

However, Statement Tis not the correct explanation of
Statement I. The fertility of India’s soil was due to a variety
of factors, including the use of manure, but it was also due
to the climate, the topography, and the use of irrigation."
223,"The Harappan site at Kot Diji is close to which one of the following major sites of
that civilisation?",Harappa,Mohenjo-daro,Lothal,Kalibangan,CDS  (II),2018,b,"Exp) Option b is the correct answer

Kot Diji is located in Sindh, Pakistan, about 86 kilometers
(53 mi) east of Mohenjo-daro. The two sites are both part
of the Indus Valley Civilization, which flourished from about
3300 to 1300 BCE. Lothal is in Gujarat, Kalibangan is in
Rajasthan and aproximate driving distance between Harappa
and Kot Diji is 610 kms. So! ,"
224,The story Gandatindu Jataka was written in which language?,Sanskrit,Telugu,Tamil,Pali,CDS  (II),2018,d,".
Exp) Option d is the correct answer _
The Gandatindu Jataka is one of the Jataka tales, which
are stories about the previous lives of the Buddha. The
Jataka tales were written in Pali, which is an ancient Indian
language."
225,"The dialogue on Varna between King Avantiputta and Kachchana, a disciple of Buddha, appears in which one of the following Buddhist texts?",Majjhima Nikaya,Samyutta Nikaya,Anguttara Nikaya,Ambattha Sutta,CDS  (I),2018,a,"Exp) Option a is the correct answer
The dialogue on Varna between King Avantiputta and
Kachchana, a disciple of Buddha, appears in the Majjhima
Nikaya. The Majjhima Nikaya is a collection of 152 suttas, or
discourses, that are attributed to the Buddha.

Important Tips

« The dialogue on Varna is a significant text in the history
of Buddhism because it challenges the traditional view
of the caste system.

» In the dialogue, King Avantiputta asks Kachchana to
explain the origins of the caste system. Kachchana
argues that the caste system is not natural or divinely
ordained, but is a social construct that has been
created by humans.

¢ The dialogue on Varna is a reminder that Buddhism
does not endorse the caste system. In fact, the Buddha
taught that all people are equal, regardless of their caste
or social status."
226,"In the 10th Mandala of the Rigveda, which one of the following hymns reflects upon the marriage ceremonies?",Surya Sukta,Purusha Sukta,Dana Stutis,Urna Sutra,CDS  (I),2018,a,"Exp) Option a is the correct answer.
The Rigveda is recognized as the oldest religious text in
the world, consisting of ten mandalas. The tenth mandala
contains 191 hymns, and among them is the Surya Sukta, a
hymn that reflects upon marriage ceremonies.

Important Tips

« Rig Veda, often referred to as the ‘first testament of
mankind,’ is believed to have been composed between
1500-1200 B.C. It is a comprehensive collection of
ancient scriptures consisting of 10,600 verses and
1,028 hymns.

¢ The text is divided into 10 sections called books
or mandalas. Fach mandala is further divided into
smaller hymns known as suktas, which collectively
contribute to the rich content of the Rig Veda.

« The Varna system, mentioned in Rig Veda, classifies
individuals into different social groups or varnas
based on their occupation and social standing.

e The Rig Veda contains profound insights into various
aspects such as the origins of the universe, the deities
Lord Shiva and Lord Varuna, and other significant
secrets that provide a deeper understanding of Hindu
cosmology and theology."
227,"The following item consist of two statements, Statement I and Statement II. Examine these two statements carefully and select the correct answer using the code given below:

Statement I: The early Aryans, who were essentially pastoral, did not develop any political structure which could measure up to a state in either ancient or modern sense.

Statement II: Kingship was the same as tribal chief ship; the term Rajan being used for tribal chief who was primarily a military leader and who ruled over his people and not over any specified area.",Both the statements are individually true and statement II is the correct explanation of statement,"Both the statements are individually true, but statement II is not the correct explanation of statement","Statement I is true, but statement II is false","Statement I is false, but statement II is true",CDS,2017,a,"Exp) Option a is the correct answer.
Statement I is correct- The early Aryans, during the
Vedic period in ancient India, were primarily pastoral and
nomadic in nature. They did not establish complex political
structures resembling a state, as seen in ancient or modern
contexts, Instead, their social and political organization
revolved around kinship ties, tribal groups, and a
decentralized system.
Statement II is correct- In the early Aryan society, kingship
was often synonynious with tribal chieftainship. The term
“Rajan” was used to refer to the tribal chief who held
authority over his people. The chief’s power primarily
stemmed from being a military leader rather than from
governing over a specific territorial area. ‘he king’s role was
to protect and lead his tribe, maintain order, and resolve
disputes within the tribal community."
228,Which one of the following statements about the Harappan Culture is not correct?,It witnessed the first cities in the subcontinent,"It marks the first use of script, written from right to left",It marks the earliest known use of iron as a medium for the art of sculpting,It marks the earliest known use of stone as a medium for the art of sculpting,CDS  (II),2017,c,"Exp) Option c is the correct answer.
The earliest known use of iron for sculpting was in the Vedic
period, which began around 1500 BCE, The Harappan Age
was a Bronze Age Culture. Iron was not widely utilized
during this period for artistic purposes. Instead, the
Harappan civilization is known for its impressive urban
planning, advanced drainage systems, standardized
weights and measures, and the use of a script that remains
undeciphered. The art of sculpting in the Harappan
Civilization predominantly utilized materials such as stone,
terracotta, and bronze, with stone being a prominent
medium for sculpture.
Important Tips
The Harappans were skilled sculptors who created two
particularly impressive types of figures: male torsos and
bearded priests. The male torsos are typically carved
from red sandstone, and they often depict the figure in
| a frontal pose with the arms at the sides. The bearded
| priests are also impressive sculptures, and they are often
| depicted wearing elaborate clothing and jewelry."
229,"Consider the following statement(s) about Harappan cities:

1. Roads were not always absolutely straight and did not always cross one another at right angles.

2. A striking feature is the uniformity in the average size of the bricks for houses and
for city walls.

Which of the statement(s) given above is/are

correct?",1 only,2 only,Both 1 and 2,Neither 1 nor 2,CDS,2019,c,"Exp) Option c is the correct answer.
Statement 1 is correct- The Harappan cities were well-
planned, with a grid system of streets that intersected at
right angles. However, the roads were not always absolutely
Straight, and there were some deviations from the grid
system. For example, the roads in Mohenjo-daro sometimes
curved around public buildings or other important features.
Statement 2 is correct- One of the remarkable features of
Harappan cities is the uniformity in the size of bricks used

for construction. ‘The standard size of bricks, known as
“Harappan bricks,” was around 7 inches by 14 inches by 2
inches, ‘This uniformity in brick size suggests a standardized
system of construction and a high level of craftsmanship in
Harappan architecture."
230,"The following item consist of two statements, Statement I and Statement II.
Examine these two statements carefully and select the correct answer using the code given below:

Statement I: King Ashoka abolished capital punishment and disbanded his army.
Statement II: After Kalinga War, Ashoka was remorseful and became a Buddhist.
Codes:","Both the statements are individually true, and statement I is the correct explanation
of statement I","Both the statements are individually true, but statement II is not the correct explanation of statement I","Statement I is true, but statement II is
false","Statement I is false, but statement II is true.",CDS,2016,d,"Exp) Option d is the correct answer.
Statement I is incorrect- While Ashoka did embrace
Buddhism and promote non-violence, there is no historical
evidence to suggest that he abolished capital punishment or
disbanded his army. Ashoka maintained a well-organized
army throughout his reign.
Statement IT is correct ‘The Kalinga War, fought around 261
BCE, was a significant event in Ashoka’s life. The war resulted
in a tremendous loss of life and deeply affected Ashoka.
He was remorseful about the devastation caused by the war
and the suffering it inflicted on the people. It was after this
war that Ashoka embraced Buddhism and dedicated himself
to principles of non-violence, compassion, and moral
governanice."
231,Which one of the following statements about ancient Indian Mahajanapadas is correct?,All Mahajanapadas were  oligarchies where power was exercised by a group of people,All Mahajanapadas were located in Eastern India,No army was maintained by the Mahajanapadas,Buddhist and Jaina texts list sixteen Mahajanapadas,CDS,2014,d,"Exp) Option d is the correct answer.
Mahajanapadas were ancient kingdoms or republics that
emerged in the Indian subcontinent around the 6th century
BCE. The exact number and composition of Mahajanapadas
can vary based on different historical sources, but Buddhist
and Jaina texts generally list sixteen Mahajanapadas.
Option a is incorrect: While some Mahajanapadas may have
been oligarchies, others had different forms of governance,
including monarchies and republics.
Option b is incorrect: Mahajanapadas were spread across
different regions of ancient India, including both eastern and
western parts of the Judian subcontinent,
Option ¢ is incorrect: Mahajanapadas had their own armies
to protect their territories and engage in warfare if necessary,"
232,The Fourth Buddhist Council was held in Kashmir under the leadership of,Bindusara,Ashoka,Kunal,Kanishka,CDS,2014,d,"Exp) Option d is the correct answer.
The Fourth Buddhist Council is believed to have taken
place in the first century CE during the reign of the Kushan
emperor Kanishka. Kanishka was a patron of Buddhism and
played a significant role in its promotion and development.
He convened the council in Kashmir to preserve and clarify
the Buddhist scriptures and teachings.
Important Tips
ie The First Buddhist Council took place shortly after
the passing of Gautama Buddha, around 483 BCE, in ‘
Rajgir, the capital of the Magadha kingdom
0 The Second Buddhist Council was held approximately |
a century after the First Council, around 383 BCE, in
| Vaishali.
1s The Third Buddhist Council took place in the 3rd
| century BCE, around 250 BCE, in Pataliputra (present-
day Patna)."
233,"Which of the following is/are the most distinctive artefacts of the Harappan Civilisation?

1. Steatite seal
2. Bricks of a standardised ratio
3. Gold bangles
4. Silver spittoon

Select the correct answer using the codes given below:",1 only,1 and 2 only,"2,3 and 4","1,2 and 3",CAPF,2020,b,"Exp) Option b is the correct answer.
Option 1 is correct - Archaeologists have discovered
thousands of seals, usually made of steatite, and occasionally
of other materials like agate, chert, copper, faience, and
terracotta. These seals were engraved with beautiful figures
of animals and were used for commercial purposes, possibly
as trade and identification markers.
Option 2 is correct - The bricks, whether sun-dried or
baked, followed a standardized ratio where the length and
breadth were four times and twice the height, respectively.
This uniformity in brick size demonstrates a high level of
planning and organization in the construction of structures
within the Harappan cities.
Option 3 is incorrect - Gold bangles were found in many
ancient civilizations like Harappan Civilization, Egyptian
Civilization, Chinese Civilization, ctc so it is not a
distinctive feature of the Harappan Civilization.
Option 4 is incorrect - Silver spittoons are small, cup-
shaped vessels that were used to spit into. Only a handful of
silver spittoons were found in Harappan Civilization and
they are all relatively small and simple in design. ‘They were
more likely to be found in other cultures, such as the ancient
Greeks or Romans."
234,Which one of the following is NOT listed as one of the sixteen mahajanapadas in the pre-Mauryan period?,Kuru,Vatsa,Gandhara,Kalinga,CAPF,2020,d,"Exp) Option d is the correct answer.
Kalinga was not listed as one of the sixteen mahajanapadas.
Situated on the eastern coast of India, Kalinga was a self-
governing feudal kingdom that existed during ancient
times. It encompassed the present-day state of Odisha and
the northern regions of Andhra Pradesh.
Important Tips

Mahajanapadas were ancient territorial and political units

in ancient India during the 6th to 4th centuries BCE. ‘he |

sixteen mahajanapadas were: |

1. Kasi

2. Kosala

3, Anga

4. Magadha
""5, Vajji (Vriji/Vajjian Confederacy)
. 6. Malla

7. Chedi

8. Vatsa (Vamsa)

9. Kuru

10. Panchala

1}. Matsya |

12, Surasena

13. Avanti

14. Gandhara

15. Kamboja

16, Assaka (Ashmaka)"
235,"Which of the following are prescribed as the duties of Vaishyas according to the Dharmashastras?
1. Studying the Vedas
2. Engaging in trade
Select the correct answer using the code given below:",1 only,2 only,Both 1 and 2,Neither 1 nor 2,CAPF,2020,c,"Exp).Option c is'the correct answer, 9,00 ye,
Statement l.is correct- The Vedas are the oldest sacred texts
in Hinduism and contain hymns, rituals, and philosophical
teachings. The Dharmashastras are a collection of ancient
Indian texts that deal with law, morality, and social customs.
They. prescribe different duties for the four varnas, or social
classes, of Hindu society. The Vaishyas are the third varna
and are ‘traditionally associated with agriculture, trade,
and commerce. The Dharmashastras prescribe that the .
Vaishyas should study the Vedas. , 7

Statement 2 is'correct- According to the Dharmashastras, °
engaging in trade is one of the prescribed duties of Vaishyas. .
Vaishyas are traditionally associated with commerce,
business, and agricultural activities."
236,"Which of the following statements is/are correct?
1.The Satavahanas ruled over parts of western India and the Deccan.
2. The Satavahanas repaired and rebuilt Sudarshana Lake.

Select the correct answer using the codes given below:",1 only,2 only,Both 1 and 2,Neither 1 nor 2,CAPF,2020,a,"Exp) Option a is the correct answer. '
Statement 1 is correct- The Satavahanas were a dynasty
that ruled over a significant portion of western India and

.the Deccan region. Théy emerged in the ist.century BCE
and their empire extended from ‘présent-day: Mahafashtra
and ‘Andhra Pradesh -to paris of” Madhya Pradesh,
Karnataka, and Gujarat. Their capital was initially located
at Pratishthana (modern-day Paithan) and later shifted to
Amaravati.

Statement 2 is incorrect- During the year 150 AD, the
Shaka ruler Rudradaman I undertook the.task of repairing
the lake, Additionally, under the rule of Skandagupta of
the Gupta dynasty, who reigned from 415 AD to 455 AD, |
the lake was once again réstored by his appointed governor
named Parramatta, © I oe

- Important Tips

The initial eight lines of the Rudradaman Inscription at
Junagarh provide a historical account of the renovation
undertaken on the. “Sudarshana Lake,’ originally
constructed by the renowned Mauryan Emperor
Chandragupta Maurya in the 4th century BC."
