q_no,q_statement,a,b,c,d,exam,year,correct_option,explanation
28,"Consider the following statements
The striking feature of the Jama Masjid in Kashmir completed by Zain-ul-Abidin include(s):
l. Turret
2. Similarity with Buddhist pagodas
3. Persian style
Which of the above statements is/are correct?",1 alone,"1,2 and 3",2 and 3,1 and 3,UPSC CSE Pre.,1999.0,b,"Exp) Option b is the correct answer. |
Statement 1 is correct: he turret is ove of the most |
distinctive features of the Jama Masiid. ‘She Masjid occupies :
a total area of 384 x 381 feet and is quadrangular in shape
with four turrets. These are in the middle of cach side
and covered with pyramidal roofs. All of the turrets are
interconnected by spacious halls, with bright yellow poppies
lining the mossy brick paths.
Statement 2 is correct: The turrets of the Jama Masjid are
similar to the turrets found on Buddhist pagodas, which are
tall, slender structures with a pyramidel roof,
Statement 3 is correct: The influence of Persian architectural
style is observed in various aspects of the imasaue’s design,
such as the arches, decorations, and overal! layout, which
bear similaritics to Persian architectural traditions."
29,The paintings of Abanindranath Tagore have classified as:,Realistic,Socialistic,Revivalistic,Impressionistic,UPSC CSE Pre.,1999.0,c,"Exp) Option c is the correct answer. }
Abanindranath Tagore’s paintings have been classified
as revivalistic, which means that they aimed to revive the

anclent and traditional art forms of india and creates distinct

mattonel identity aad pride. He painted various themes such

ts historical, mythological, religious, and literary subjects,

as well os landscapes, portraits, and animals, Some of his

famous paintings ave “Bharat Mata’, “The Passing of Shah

Jahao’, “Krishna Lila’, “Ganesh Janani® and “Journey's End®
Important Tips

Famous Modern Painters of Iadia:

«© Raja Ravi Varma: He was one of the first Indian
palmters to use oil paints and realistic style. He paiated
scenes from Hiadu mythology, history, and literature,
65 well as portreus of Indian soyalty and nobility. He is
segarded as the father of modern Indien art and the
pioneer of Indian printing press. Some of his fomous
Pauntings are “Shakuniale’, “Damaysnti Taking
to a Swan’, “Lady with tbe Lamp’ ead “Galaxy of
Muslclons”.

+ Jamiol Roy: Iie was one of the most original and
popular painters of India. He wes Inspired by the folk
art of Bengal, especially the Kalighat paintings. He used
bold coloura, simple forms, end geometric paticrne
to create his distinctive style, Some of Bus famous
paintings ere “Krishna oad Balerame”, “Mother end
Child"", “Sauthal Dance’, and “Cat™.

+ M.R Husain: He was one of the most prolific and
<onteoverstal palaters of India. He was a founding
member of the Progressive Artiste’ Group, which
almed to break eway (rom the traditional and ecademi¢
style of painting. Ie painted various thesscs such as
mythology, history, culture, religion, end cinema.
Some of his famous paintings are “Zameen, “Horses,
“Mother Teresa” and “Gandhi”.

© S.it. Resa: He was one of the most renowned abstract
painters of Indie. He was influenced by the Indiao
philosophy and cosmology, especially the concept of
Bindu o¢ the dot. He used vibrant colours, geometric
shapes, and symbols to create his abstract compositions.
Some of his famous paintings are “Ssorashica®,
“Bindu®, *Prakritl-Purashe®, end “Rajecthan’,"
30,The Besanagar inscription of Heliodorus is associated with-,Sankarshan and Vasudeva,Sankarshan and Pradyumna,"Sankarshan, Pradyumna and Vasudeva",Only Vasudeva,UPSC CSE Pre.,1998.0,d,"Rsp) Option d ls the correct answer,

The Bessnagar insceiption of Heltodorus is associated
with only Vasudeva. The Indo Greek ruler Anticidas seat
his ambassador Heliodorus to the court of Shungs reler
Bhagabhadra. Heligdorus constructed a pillar at Vidishe ia
honour of Vasudeva (Krishna). The Pillar is also known as
Garuda dhwajs or Besanagar Pillar inscription."
31,The Asokan major rock edicts which tell us about the Sangam Kingdom include rock edicts:,I and X,I and XI,II and XIII,II and XIV,UPSC CSE Pre.,1998.0,c,"£xp) Option c ts the correct answer.

Rock Edict 11 and X21 of Ashoka’s mejor rock edicts
provide insights into the Sangam Kingdom. Edict 1
discusses dhammia's catadlishment and mentions the Chola,
Pandya, and Setiyaputa regions, referred to os “Sangam”
highlighting thete cultural significance. Edict XUI records

Ashoka’s remorse for Kalinga war and dhamma’s spread in

the south, reaching Cholas, Pandyas, and Ceylon. These

edicts offer valuable information about Ashoka’s rule and his
efforts to promote dhamma in diverse regions of his empire."
32,"Consider the following: 
1. Tughluqabad
2. Lodi Garden
3. Qutb Minar
4 Fatehpur Sikri
The correct chronological order in which they were built is:","3, 1, 4, 2","3, 1, 2, 4","1, 3, 2, 4","1, 3, 4, 2",UPSC CSE Pre.,1998.0,b,"Exp) Option b is the correct answer.

The correct chronological order is Qutub Minar,

Tughlaqabad Fort, Lodhi Garden and Fatehpur Sikri.

* Qutub Minar in red and buff standstone is the highest
tower in India. Qutbu'd-Din Aibak laid the foundation of
Minar in AD 1199.

+ Tughlagabad Fort is a ruined fort in Delhi, which was
built by Ghiyasud- din Tughlaq, the founder of Tughlaq

. dynasty, of the Delhi Sultanate in 1321.

¢ Lodhi Garden was set up in between the 15th and 16th
centuries by the Sayyid and Lodhi rulers.

« The city of Fatehpur Sikri was founded in 1569 by the
Mughal Emperor Akbar, and served as the capital of
the Mughal Empire from 1571 to 1585, It is a UNESCO
World Heritage Site."
33,Which one of the following ancient Indian records is the earliest royal order to preserve food-grains to be utilised during the crisis in the country?,Sohgaura Copper-plate,Rummindei Pillar-edict of Asoka,Prayaga- Prasasti,Mchrauli Pillar inscription of Chandra,UPSC CSE Pre.,1998.0,a,"Exp) Option a is the correct answer.

The earliest royal order to preserve food-grains to be

utilized during the crisis in the country is found in the

Sohgaura Copper-plate: inscription. This inscription,

discovered in Sohgaura, Uttar Pradesh, is believed to date

back to the period of Ashoka or possibly even earlier. It
mentions the establishment of two grain depots to store
commodities from. different regions as a measure to
combat famine and crisis, making it an early example of
food-grain preservation in India.

Important Tips

Iron pillar of Delhi (Mehrauli Pillar):

« The historic Mehrauli Iron Pillar, originally situated
near the Beas River, was moved to Delhi by a Delhi
king.

¢ Mehrauli inscription praises the Gupta emperor
Chandragupta Vikramaditya’s achievements. It dates
from the late fourth to early fifth century A.D and
presently situated in the Qutb Mosque’s courtyard.

« It is thought to have had the emblem of the mythical
bird Garuda, the Guptas’ symbol, at the top, but it is
now missing.

* Over 1600 years old, it remains rust-free and a
testament to ancient India’s engineering prowess.

The Allahabad Pillar Inscription (Prayag Prasasti):

¢« The Allahabad Pillar Inscription is situated at the
confluence of the Ganga, Yamuna, and mythical
Saraswati rivers, lending its name from “Prayag.”

« Prashasti, signifying praise, was initially inscribed
on the Kausambhi Ashokan Pillar, later moved to
Allahabad fort.

+ This Ashokan Stambh showcases four inscriptions,
including standard Ashokan ottes, a Queen’s edict
praising Kaurwaki’s charity, Samudragupta’s
conquest inscriptions in Sanskrit and Brahmi, and
Jahangir’s Persian inscriptions."
34,Which Ashokan Rock Edict describes the victory and injuries of Kalinga war?,Rock edict I,Rock edict II,Rock edict XII,Rock edict XIII,UPSC CSE (Pre),1998.0,d,"so . ,
Exp) Option d is the correct answer.
The Ashokan Rock Edict that describes the victory and
injuries of the Kalinga war is Rock Edict XIII: This
inscription details Emperor Ashoka’s victory over Kalinga
and his remorse for the suffering caused during the
conquest. It also mentions his commitment to the principles
of “Dhamma” (righteousness) and his efforts to spread these
principles throughout his empire. :

- Important Tips :

Key highlights of Major Rock Edict XIII:

e Victory over Kalinga: The edict describes ‘Ashoka’s
victorious military campaign against the kingdom of
Kalinga in 262-261 BC.

« Remorse and Dhamma: Ashoka expresses deep
remorse for the tremendous loss of life and suffering
caused during the Kalinga war, with estimates of half
a million casualties. He attributes this remorse to the
principles of “Dhamma,” emphasizing moral conduct
and compassion. ,

« Extent of Conquest: Ashoka proclaims his conquests
that have extended his empire's boundaries to cover a |
vast expanse of 600 yojanas (a measure of distance).

¢ Influence of Dhamma: Ashoka states that the teachings
of Brahmans and Sramana are now widespread across
his empire, except for the lands of the Greeks.

+ Directive to Forest Tribes: Ashoka urges forest-
dwelling tribes to embrace Dhamma and repent for
their actions, or face consequences. 7 ,

+ Greek Rulers: He names Greek rulers beyond his
empire’s borders, like Antiochus II Theos, Ptolemy III
Euergetes, Antigonus Gonatus, Magas of Cyrene, and
possibly Alexander IT of Epirus.

« Dhamma’s Victory in South India: The edict notes the
spread of Dhamma’s influence in South India among
the Cholas and Pandyas, extending as far as Ceylon (Sri |
Lanka).

+ Dual Language: Major Rock Edict XIII was also
inscribed in Greek, emphasizing Ashoka’s desire to
communicate his message across different linguistic ‘
communities. . .

« Symbol of Ashoka’s Transformation: This edict stands | .
as aremarkable symbol of Ashoka’s transformation from
a conqueror to a promoter of ethical principles, social | _
welfare, and compassion, driven by his commitment to
Dhamma. _"
35,Which one of the following edicts mentions the personal name of Ashoka?,Kalsi,Rummindei,Special Kalinga Edict,Maski,UPSC CSE Pre.,1997.0,d,". ;

Exp) Option d is the correct answer.- . ;

The edict that mentions the personal name of Ashoka is
the one found at Maski. The Maski edict is part of Ashoka’s
Minor Rock Edicts, issued in the 3rd century BCE. It’s
in Maski, Karnataka, inscribed in Brahmi, and .dated
to Ashoka’s 25th year. This edict is significant because
it contains the name “Ashoka,” whereas earlier edicts
referred to him as “Devanampiye Piyadasi.” The discovery
of this edict at Maski provided important historical insights
into the life and reign of Emperor Ashoka."
36,Which one of the folowing statements regarding Ashokan stonepillars is incorrect?,These are highly polisd,These are monolithic,The shaft of pillars is tapering in shape,These are parts of architectural structures,"UPSC CSE Pr,",1997.0,d,"Exp) Option d is the correct answer.

The Ashokan stone pillars are not parts of architectural
structures. Instead, they are standalone monumental
columns erected by Emperor Ashoka across his empire.
These pillars often have inscriptions carved onto them,
spreading Ashoka’s messages and teachings. The pillars are
highly polished, monolithic (carved from a single piece of
stone), and have a tapering shape with a capital on top.

Important Tips

Differences between Mauryan pillars and Achaemenian

pillars:
1¢ Material: Mauryan pillars are made from a single piece
: of stone, while Achaemenian pillars are made up of
| multiple pieces of stone.

{+ Shape: The shaft of a Mauryan pillar is smooth, while
| the shaft of an Achaemenian pillars has grooves.

« Capital: The capital of a Mauryan pillar is bell-shaped,

while the capital of an Achaemenian pillars is not.

e Becoration: Mauryan pillars are often inscribed with

royal edicts, while Achaemenian pillars are not.

° Function: Mauryan pillars are free-standing

monuments, while Achaemenian pillars are often part |"
37,Mughal painting reached its zenith under:,Tlumayun,Akbar,Jahangir,Shah Jahan,UPSC CSE Pre.,1996.0,c,"Exp) Option c is the correct answer.

During the reign of Jahangir, Mughal painting achieved its
pinnacle through a blend of Indian, Persian, and Islamic
styles, originating from the synthesis of the Indian and
Safavid Persian painting traditions. Jahangir’s personal
passion for art, particularly painting, catalyzed this creative
flourishing, resulting in the liberation of Indian painting
from foreign influences and a harmonious fusion of distinct
styles. His affinity for depicting the natural world, including
hunting scenes, birds, and flowers, enriched the artistic
landscape, while the tradition of portraiture continued to
thrive. Notable painters like Abul Hasan, Mansur, Bishan
Das, Goverdhan, Balchand, Daulat, Mukhlis, Bhim, and
Inayat illuminated his court with their artistic brilliance.
ae

Important Tips
Famous Painters in Jahangir’s Court:
| Ustad Mansur:
Ustad Mansur, a preeminent nature artist during
Jahangir’s court in the early 17th century, was highly
regarded for his scientific precision. His illustrations of
flora and fauna were meticulously detailed and devoid of
personal interpretation, offering both scientific accuracy
and artistic excellence. His prowess led to the title “Nadir-
ul-’Asr” (Miracle of the Age) bestowed upon him by the
emperor. Tasked with documenting plants and animals,
he accompanied Jahangir on journeys, creating a prolific
body of work, including over 100 flower paintings during
a Kashmir Valley expedition, as recounted in Jahangir’s
memoirs, I
| Bishandas:
| Lauded by the emperor as unparalleled in portraiture,
| Bishandas earned distinction for his exceptional skills.
In 1613, he embarked on a diplomatic venture to Persia,
commissioned to paint the Shah's portrait. His sojourn in
Persia spanned seven years, culminating in his return with
= gift - an elephant, symbolizing the successful
completion of his mission. _"
38,Which one of the following monuments has a dome which is said to be one of the largest in the world?,"Tomb of Sher Shah, Sasaram","Jama Masjid, Delhi","Tomb of Ghiyasuddin Tughlugq, Delhi","Gol Gumbad, Bijapur",UPSC CSE Pre.,1995.0,d,"Exp) Option d is the correct answer.
Gol Gumbaz is a 17th-century mausoleum in Bijapur,
Karnataka, India, housing the remains of Mohammad
Adil Shah, the seventh sultan of the Adi! Shahi dynasty.
It features a massive dome, about 44m in external diameter,
with unique interlocking pendentives. The dome’s design is
a prominent example of the southern regional style of Indo-
Islamic architecture and is renowned for being the largest
dome in the Islamic world during its construction. The
gallery around the dome, known as the ‘whispering gallery,
reflects sound across the dome."
39,"The Mughal School of Painting formed the spinal cord of the various Schools of Indian miniature art, Which one of the following painting styles was not affected by Mughal painting?",Pahari,Rajasthani,Kangra,Kalighata,UPSC CSE Pre.,1995.0,d,"Exp) Option d is the correct answer.
Kalighata painting was not affected by Mughal painting
because it developed in a different part of India and at a
different time. Mughal painting was at its peak in the 16th
and 17th centuries, while Kalighata painting did not emerge
until the 19th century. However, Pahari, Rajasthani,
and Kangra schools of painting were significautly
influenced by Mughal painting. Mughal techniques, such
as naturalistic portrayal, delicate detailing, and vibrant
color palettes, had a profound impact on these regional
styles. This influence can be observed in their depiction of
subjects, use of perspectives, and incorporation of Mughal
artistic elements, leading to the enrichment and evolution
of these indigenous schools of Indian miniature art.

Important Tips

Kalighet Palsting: . .

+ Kelighat painting, originating Ia 19th-ceatury
Kolkata, was aurtured by patuas near the Kallghat
Kall Temple.

+ It showcased raythologtcal mecratives, Hindu deities,
and contemporery society with bold outlines and
vibrant colocs. Notably, the art featured religious
themes like Kall, Shiva, and Durga, reflecting Hindu
traditions,

* Ia a anlque fusion, it alo depicted British cofonlel
influences, arbaa life, and crolving gender roles,

+ The movement's power lay in Its subversive portreyal
of societal changes, criticizing norme through Babu-
Bibt figures,

« The Kotighet style, captured on hend-raade peper,
remaios on intriguing biead of tradition and
modernity."
40,The caves and rock-cut temples at Ellora represent only:,Buddhists,Buddhists and Jains,Hindus and Jains,"Hindus, Buddhists, and Jains",UPSC CSE Pre.,1994.0,d,"Exp) Option d is the correct answer.
‘The Ellora Caves ore a group of 34 mejor rock-cot caves
associeted with three mejor Indien religions, Buddbisa:,
Hladalsm aod Jelaism, and more than 25 to 30 smell
excevatlons, The caves are divided into three groups
according to the religion they represent: the Buddhist
group (caves 1-12), the Hindu group (eaves 13-29), and
the Jato group (caves 30-34). Each group coatsias temples,
moosstertes, and sculptures that reflect the bellefe and
proctices of thele respective faiths. The Ellore Caves area
remarkable example of religious harmony and tolerance ln
eoclent India, as they were built !p close proximity and over
along period of time by different communities,"
41,Which one of the following is a monument constructed by Shershah?,Qila-i-Kuhna at Delhi,Atala Masjid at Jaunpur,Bara Sona Masjid at Gaur,Quwwat-ul-Islam Mosque at Delhi,UPSC CSE Pre.,1993.0,a,"Erp) Option s Je the correct answer,
Qiile-t-Kubos Masjid, alco known as the *“Mosqae of the
Old Port,” was constructed by Sher Shah Suri lo 1541 ase
congregational mosque. ft stands as a remarkable structure
alongside Sher Mandal as the only two surviving remnanis
of Delhi's Purane Qtls, a project initleted by Sher Shah
but wltimetely completed during Humayun's reign. The
mosque boasts a $ bey Hractore with 3 domes, showcesing
architectural Influences from the esrlter periods of Sher Sheh
Surt, e9 well as the Sayylds and the Ledis under Homayun's
directton.

Important Tipe

Facts ebout elgoificant monuments:

« In 1408 A.D, Ibrablen Shab Sharks constructed the
Atala Masjid, which leter became the model for other
snosques ln Jaunpur,

« The Becaderwazt or Bara Sone Mas)td, renowned 02
the large goldew mosque, wes built by Salten Nusrat
Sheb Ln 1526 end remains the largest standing building
ty Gave.

* As forthe Qawwat-ul-Islom Mooque, it was sponsored
by Qutb-ud-din Albek, the founder of the Memluk
dynasty, and stands os the carllest extent mosque buik
by the Deih! Sultens,"
42,The rock-cut caves in western India are located in-,"Nasik, Ellora and Ajanta","Junar, Kalyan and Pitalkhora","Ajanta, Bhaja and Kondane","Bhaja, Pitalkhora and Kondane",UPSC CSE Pre.,1993.0,a,"Exp) Option a is the correct answer.

Nasik, Ellore and Ajanta ere three of the most famous end

ancient sites of rock-cul architecture in western Indie,

«Nasik hase group of 24 Buddhist caves dating from the
let century BCE to the 3rd centary CB, as well as some
Hindu and fala caves.

o Bllors hes 34 caves belonging to Hindu, Buddhist and
Jela traditions, carved between the 6th and 10th centuries
CB. The most spectacular of these #s the Keilasa temple. a
massive monolithic steocture dedicated to Shiva.

© Afante bes 29 caves that are renowned for thelr exquisite
paintings and sculptures of Buddbist themes, created
Detween the 2nd century BCE end the 6th century CE"
43,Who built Gujari Mahal?,Suraj Sen,Man Singh,Tej Karan,Akbar,,,b,"Exp) Option b te the correct answer,

Gujart Mehal is @ palece in Gwallos, Indie. The palace of

Gajart Mebe) wes built by Temar Rajput suler Mon Singh

Tomer for bis wife Mrignayesl who belonged to Gujjar

tribe. She demanded a separate palace for herself with 2

regular water supply through ea aqueduct from the nearby

Ral River. Preseotly the palace has been converted into an

archeological museurs.

REN Other.; Examination » Previous Years?

Solutions ""5"
44,Which one of the following pairs is NOT correctly match?,Sarvaverman  : Gaya Copper Plate,Ishwarverman : Jaunpur Stone Inscription,Ishanverman : Harha Stone Inscription,Jivit Gupta II: Deva Barnark Inscription,UPPCS (Pre),2022.0,a,"Exp) Option o le the correct anewer.

© Servavermen : Gaya Copper Plate palr ie not correctly
matched. The Gaye Copper Plate inscription records the
Grant of two villoges by Samudraguptatoa Brahmin named
Jayabbatta la the ainth year of bis reign. The toscription
alto praises Saraudragupte’s achievementa, such es bis
conquests, his performance of the Ashvamedhe sactifice,
and his donations of cows and gold. The Inscription te
dated in the Gupta era 165, which corresponds to 484 CB
ln the Gregorian cslende.

© Ishworverman 1 Jaunper Stone Inscription: The
fnsesiption mentions Ishwarverman’s genealogy, titles,
and achievements, such as his victory over the Hunas end
bls protection of the holy places,

© Ubenvermen 1s Herbs Stone Inscription: The
Inscription roenttons Ishanvermants genealogy, titles, and
achlevements, euch es bis conquests of Megadha, Malwa,
and Kosele.

+ Hvit Gupte 31: Deve Bernark Inscription: hi records the
grant of « village by fivit Gupte Il to 6 Brebmin named
Prabhekare in the 10th year of his reign."
45,"In which of the following stupas, the features of a platform with ‘Aryak-Pillars’ are found?",Ghantshal,Bodhgaya,Nagarjunikonda,Amaravati,UPPCS (Pre),2022.0,d,"; ;

Exp) Option d is the correct answer. me,

fhe features of a platform with ‘Aryak-Pillars’ are found
in the stupas at Amaravati. Amaravati Stupa is a renowned
Buddhist stupa lecated in Amaravathi, Palnadu district,
Andhra Pradesh, India. The stupa dates back to around the
2nd century BCE to the 3rd century CE and is known for
its intricate sculptural art and architecture. The platform of
the Amaravati Stupa is made of brick and is surrounded by a
railing. The railing is decorated with sculptures of Buddha,
Bodhisattvas, and other Buddhist figures. The ‘Aryak-
Pillars’ are located on the corners of the platform. They
are decorated with sculptures of lions, elephants, and
other animals. The ‘Aryak-Pillars’ are a unique feature of
the Amaravati Stupa. They are believed to have been used
to support the umbrella that once covered the stupa.

. Important Tips ——_

Gandhara School of Art - Major Features:

« Geographical Presence: Gandhara sculptures
discovered in Taxila ruins and other ancient sites in
Afghanistan and Pakistan.

« Subject Matter: Primarily Buddha images and relief
sculptures capturing scenes from Buddhist literature.

¢ Central Focus: Artistry centered on Lord Buddha |
and Bodhisattvas, deeply connected with Mahayana
Buddhism, blending Indian ideas with distinct
execution. The Bamiyan Buddha sculptures exemplify
Gandhara style’s brilliance

,© Prominent Sites: Flourished in regions such as Taxila,
| Peshawar, Begram, and Bamiyan. o,

¢ Flourishing Period: Thrived from the Ist century BCE
| to the 4th century CE.

¢ Themes and Expressions: Buddhist narratives strongly
reflected in Gandhara art, with depictions like Buddha's
mother resembling an Athenian matron. A blend of
Rastern and Western aesthetics is seen, such as the
portrayal of a Buddhist scene with Apollo-like facial"
46,"Consider the following statements and select the correct answer using the codes given below:

1. The Sun temple of Multan is mentioned by Hiuen Tsang, Abuzaiyid, Al-Masudi and Alberuni.
2. The pilgrimage to Sambapur' was associated with Sun worship.Codes:",Only 1 is correct,Only 2 is correct,Both 1 and 2 are correct,Neither 1 nor 2 is correct,U.P.P.C.S. (Pre),2020.0,c,"Exp) Option c is the correct answer.

Statement 1 is correct: The Sun temple of Multan was a
famous Hindu temple dedicated to Surya, the god of the
sun. It was mentioned by several travelers and historians,
such as Hiuen Tsang, Abuzaiyid, Al-Masudi and Alberuni.
Hiuen Tsang described the temple as very magnificent and
profusely decorated, with a golden image of Surya adorned
with precious gems. The temple was also a place of charity
and pilgrimage, attracting devotees from all over India and
beyond.

Statement 2 is correct: The pilgrimage to Sambapur was
associated with Sun worship, according to the Samba Purana,
an ancient Hindu text dedicated to Surya.

—

Important Tips - |
The Samba Purana narrates the story of Samba, a son of |
Krishna, who was cursed by sage Durvasa to suffer from
leprosy. He was advised by Narada to worship Surya in
Mitravana, on the banks of the Chandrabhaga River, where
he found a sacred image of Surya in the water. He built a
temple for Surya there and invited Maga Brahmins from
Shakadvipa to serve as priests. He was then cured of his
disease by the grace of Surya. Mitravana came to be known
as Sambapur, and the temple as the Sun temple of Multan."
47,"Given below are two statements, one is labelled as Assertion and other as Reason (R):
Assertion (A): We have much more information about Cholas than their predecessors.

Reason (R): The Chola rulers adopted the practice of having inscriptions written on the walls of temples giving a historical narrative of their victories.

Select the correct answer from the codes given below.",Both (A)and (R)are true and (R)is the correct explanation of (A).,Both (A)and (R)are true and (R)is not the correct explanation of (A).,(A)is true but (R)is false.,(A)is false but (R)is true.,U.P.P.C.S. (Pre),2020.0,a,"Exp) Option a is the correct answer.

Both and (R) are true and (R) is the correct explanation

of (A).

Assertion is correct; Chola dynasty, which ruled over

southern India and Sri Lanka from the 9th to the 13th century

CE, left behind a rich and detailed record of their history and

culture. The Cholas produced a large number of inscriptions,

copper plates, coins, sculptures, paintings, temples, and
monuments, which provide valuable information about their
political, social, economic, religious, and artistic aspects.

Reason is correct and explains the Assertion: Chola

rulers were fond of recording their achievements and

accomplishments in inscriptions, which were engraved on
stone or metal and fixed on the walls or pillars of temples.

The inscriptions were written in Tamil or Sanskrit languages,

and used various scripts, such as Tamil, Grantha, Nagari,

etc. The inscriptions gave a historical narrative of the

Chola kings’ victories over their enemies, their conquests

and annexations of new territories, their donations and

endowments to temples and religious institutions, their titles
and epithets, their genealogy and chronology, etc."
48,"Arrange the following monuments in chronological order and select the correct answer from the codes given below:

I. Rabia Durrani’s Tomb, Aurangabad
II. Sher Shah Suri’s Tomb, Sasaram
III. Humayun’s Tomb, Delhi
IV. Atala Mosque, Jaunpur
Codes:","I,II,IV,III","IV,II,III,I","II,I,III,IV","III,IV,II,I","U.P. P.C.S, (Pre)",2019.0,b,"Exp) Option b is the correct answer.

The correct answer is IV, I, III, I.

¢ In1408 A.D., brahim Shah Sharqi built the Atala Masjid
which came to be regarded as the exemplary model for
the construction of the other mosques of Jaunpur.

+ Shershah Suri’s Tomb is an example of Indo-Islamic
architecture, it was designed by the architect Mir
Muhammad Aliwal Khan and built between 1540 and
1545.

¢ Humayun’s tomb, built-in 1570, is of particular cultural
significance as it was the first garden-tomb on the Indian
subcontinent. The tomb was commissioned by Humayun’s
first wife Empress Bega Begum.

¢ Rabia Daurani’s Tomb is believed to be constructed by
Prince Azam Shah in memory of his mother Rabia-ul-
Daurani alias Dilras Banu Begum between 1651 and 1661
CE. It is also known as Bibi-Ka-Maqbara. _"
49,Which of the following temples is also known as Khajuraho of Vidarbha?,Markandeshwar,Kailash,Manudevi,Bhimasankar,U.P.P.C.S. (Pre),2019.0,a,"Exp) Option a is the correct answer.

Markandeshwar temple is also known as Khajuraho o!
Vidarbha. It is an ancient temple complex dedicated to Lord
Shiva and Markandeya Maharshi, located on the bank of the
' sacred Wainganga River in Markanda village in Gadchirol:
district of Maharashtra. It was built in the Nagara style
of architecture between the 8th and 12th century. It has
been compared to the temples of Khajuraho because of it:
elaborate sculptures and carvings."
50,Which of the following inscription gives he information about two Ashwamedha Yajnas performed by the king Pushyamitra Shung?,Saranath inscription,Besnagar inscription,Ayodhya inscription,Hathigumpha inscription,U.P.P.C.S. (Pre),2018.0,c,".
Exp) Option c is the correct answer,
The Ayodhya Inscription of Dhana provides information
about two Ashwamedha Yajnas performed by King
Pushyamitra Shunga. The inscription, dated to the
Ist century BCE or lst century CE, highlights Dhana’s
lineage as the sixth descendant of Pushyamitra. It reveals
Dhana’s rule as the Lord of Kosala, commemorating his
ancestors’ accomplishments, including Pushyamitra’s twa
Ashwamedha sacrifices. The inscription, found in Ayodhya,
also attests to the practice of building temple shrines for
revered figures and establishes the Shunga dynasty’s presence
in Ayodhya.
Important Tips
¢ Sarnath Inscriptions: Inscriptions found at Sarnath
in the early 20th century indicate that some of the
monasteries there enjoyed royal patronage from the
Gahadavala rulers. A 12th-century inscription by
Queen Kumaradevi highlights her role in constructing
or restoring monk quarters, possibly the Dharma
Chakra Jina Vihar. : ,
¢ Besnagar inscription: The Besnagar inscription,
dating back to the 2nd century B.C., was found on
a pillar near Bhilsa, Madhya Pradesh. It pertains |
to the Suiiga dynasty’s capital and is dedicated to
Vasudeva (Krishna). Heliodoros, a Greek ambassador, |
called Krishna ‘deva-deva’ or ‘God of gods, affirming
Krishna's historicity. The inscription highlights the.
popularity of the Krishna-Vasudeva cult even among
Greeks.
¢ Hathigumpha Inscription: The Hathigumpha
Inscription, etched in Brahmi script, is a 17-line
Prakrit language inscription found in a cave at
Hathigumpha, Udayagiri hills near Bhubaneswar,
Odisha, India, Created by Jain king Kharavela of
Kalinga between 2nd century BCE and Ist century
CE, it covers his biography, religious values, public
works, military expeditions, and society, dating from.
1st century BCE to early 1st century CE."
51,"Which of the following pairs is not correctly
matched?  2018]",Adina Masjid ;: Mandu,Lal Darwaza masjid + Jaunpur,Dakhil Darwaza : Gaur,Tin Darwaza : Ahmedabad,U.BB.C.S. (Pre,,a,",
Exp) Option a is the correct answer.
Adina Masjid is located in Malda, not Mandu. The Adina
Mosque in Malda District, India, built during the Bengal
Sultanate, is the largest structure of its kind in the Indian
subcontinent. Commissioned in 1373 by Sikandar Shah,
it features vast hypostyle architecture reminiscent of the

Umayyad Mosque and reused materials from pre-Islamic
structures. The other options are correctly matched.
Important Tips a
« The Lal Darwaza Mosque, also known as the
Red Portal Mosque or Ruby Gate Mosque, is an
architectural marvel in Jaunpur. Queen Rajye Bibi
commissioned its construction in 1447 to honor the
revered saint Sayyid Ali Dawood Kutubbudin. This
grand mosque stands as a testament to the historical
and cultural significance of the region.
1° The Dakhil Darwaza, constructed in 1425, stands
| as the largest structure in Sultanate of Bengal. It
served as the primary entrance to the citadel of Gaur. |
Its construction is attributed to Alauddin Husain |
Shah, featuring impressive architectural elements
with minimal terracotta ornamentation, making it a
majestic and significant monument in Gaur-Lakhnauti.
¢ Teen Darwaza, a historical gateway in Ahmedabad,
India, completed in 1415 by Sultan Ahmed Shah, who
founded the city of Ahmedabad, served as an egress
from Bhadra Fort. It features three arches, decorated
buttresses, and a terrace. Associated with significant
events, it was used for assembling troops and court
proceedings. _"
52,"The mosque Khayr-nul-manzil apposite te
the Purana Qila in Delhi was constituted by
whom?",Wamida Banu Begum,Salima Sultan,Jiji Anga,Maham Anaga,U.P.P.C.S. (Pre),2618.0,d,"Exp) Option d is the correct answer.

Maham Anga built a mosque, Khayr-ul-manzil, in 1561,

along the lines of Mughai architecture. It later served as

a madrasa, and now stands opposite Purana Qila, Delhi on

Mathura Road, southeast of Sher Shah Gate."
53,"Arrange the following temples in
chronological order and select the correct
answer from the codes given below:

L. Brihadishwar temple

’ UL Gangaikonda Cholapuram tempic-
11. Shore temple of Mahabalipuran
TV. Sapt pagod

Cod:","J, TV, LO","1, 1, IL, 1V","I, I 1, fv","TV, UTE, 7,",U.PBC.S. (Pre),2018.0,d,"Exp) Option d is the correct answer.

The following temples were built in chronological order:

« Sapt pagoda: This is a group of seven pagodas or temples
that were built along the shore of Mahabalipuram, Tamil
Nadu, by the Pallava kings in the 7th CE. Only one of
them, the Shore Temple, has survived the ravages of
time and nature. The other six are believed to have been
submerged by the sea or eroded by the sand.

« Shore temple of Mahabalipuram: This is the same
as the Sapt pagoda mentioned above. It was built by
Narasimhavarman II, also known as Rajasimha, in the
late 8th century CE. It is one of the oldest stone temples
in South India and a fine example of Pallava art and
architecture.

¢ Brihadishwar temple: This temple was built by Chola
emperor Rajaraja I between 1003 and 1010 CE in
Thanjavur, Tamil Nadu. It is one of the largest and most
magnificent temples of South India and a UNESCO
World Heritage Site.

« Gangaikonda Cholapuram temple: This temple was built
by Rajendra Chola I, the son and successor of Rajaraja IL,
in 1035 CE in Gangaikonda Cholapuram, Tamil Nadu. It

was part of his new capital city that he founded after his
victorious campaigns in northern India and Sri Lanka."
54,"In which of the following rock cut caves
eleven headed Bocdhisatrava image is
depicted? POLRELC.S. (Pre)2047]",Ajanta,Ellora,Kanheri,Karle,,,c,"Exp) Option c is the correct answer.
The eleven-headed bodhisattva image is depicted in Cave
41 of the Kanheri Caves. These are a group of 109 rock-cut
caves located in the Sanjay Gandhi National Park, Mumba.
The caves date from the 1st century BCE to the 11th century
CE. The eleven-headed bodhisattva image is a unique and
striking image. It depicts the bodhisattva as having eleven
heads, each of which is crowned with a lotus flower. The
image is also said to have 34 arms, each of which is holding a
different object. The figure of the eleven-headed bodhisattva
depicts Avalokiteshvara, who embodies compassion. These
eleven heads stand for the ten stages of bodhisattva progress
towards enlightenment and the last stage of becoming a
Buddha. The extra heads also show how Avalokiteshvara can
hear and answer the calls for help from all living beings. The
Kanheri Caves are smartly designed to gather water.
- - Important Tips 7 |
Karle Cave:
« This cave is a Buddhist cave carved into the rock.
« Itholds one of the biggest chaitya halls.
« It’s located in the Pune district of Maharashtra.
fe Its 40 meters long, 15 meters high, and 15 meters wide.
*__ It has 37 octagonal pillars. ;"
55,"Consider the following statements:

1. The early chaityagribas and viharas of
Guntupalli in West Godavari district are
rock cuts.

2, The chaityas and Viharas of Eastern
Deccan are usually rock cut.

Slect the correct answer using the code given

below: PU.PAC.S. (Pre)2037]",Only 1 is correct,Only 2 is correct,Both 1 and 2 are correci,Neither | nor 2 is correct,,,c,"Exp) Option c is the correct answer.
Statement 1 is correct- The Chaityagriha in Guntupalli can
be found within Andhra Pradesh’s West Godavari district.
These caves are crafted from rock and hold significance in
the Buddhist context. This site stands as a more modest
iteration of the Lomas Rishi Cave and comprises a stone
stupa enclosed by a pathway. Remarkably, during the
excavation process, containers containing gold, silver, and
crystal beads were discovered.
Statement 2 is correct- The chaityas and viharas of Eastern
Deccan are not always rock-cut. Some of them are also built
of brick or stone. However, they are usually rock cut.
in , Important Tips
| Rock-cut architectures in India are prevalent across |
various religious traditions, including Hindu, Jain, and
| Buddhist. The Barabar caves located in Bihar hold the
| distinction of being the oldest rock-cut caves in the
| country. In the western Deccan region, cave structures
i like Bhaja, Karla, Bedse, Kanheri, as well as a selection of
Ajanta caves, exemplify the early development of rock-cut
temple complexes."
56,"Match List-I with List-II and select the correct answer using the codes given below the lists:
List-I                        List-II
A.Gandhara Art              1.Menander
B.Junagarh Rock Inscription 2.Patika 
C.Milindapanha              3.Kushanas
D.Taxila Inscription        4.Rudradamana I

Code: 
A B C D",l 3 4 2,2 4 3 1,3 4 1 2,2 1 3 4,UPPCS,2017.0,c,"Exp) Option c is the correct answer,
« Gandhara Art: This is a style of Buddhist art that
developed in the region of Gandhara, which is now part

of Pakistan and Afghenistan, between the Ist end Sth
centuries CE. It was Influenced by Greco-Roman art
ond coltuce, as well es Indian and Iraolan elements. It ie
characterized by realistic depictions of Buddha end other
figures, with curly beds, drapery, and facial features. Ble
also known for its use of stone, stucco, and terracotta a8
materials. Gandhare ert was patronized by the Kushanes,
who ruled over « large expire that exteaded from Central
Asia to fodie.

© Joesgarh Rock Inecriptlon: This 4 00 inscription
carved on @ rock near the Giraar Hills in Jonegerh,
Gujeret, Indie. It was mede by Rudradawen f, a king of
the Weatern Kshatrapes of Saka rulers, ip 150 CB. It te
written io Sanskrit using the Brahmi ecript and records
the king’s genealogy, achievements, and repairs of a dame
butle by Chandragupta Meurya oa the Sudarshane Lake,
It Is one of the earliest examples of Sanskrit inscriptions
and ebows the high level of culture and admioistration
onder Rudredaman I.

+ MUisdapanbs: This ls @ Buddhist text that records
@ dislogue between King Meanader J, also known
at Milinds, and a Buddhist monk named Nagasena.
Menander I was a Greek king who ruled over parte of
Borthwestern Indie and Afghanistan to the 2nd ceatury
BCE. He was laterested io Buddhism end asked Nagetens
various questions about ite doctrines and practices.
Nagacens answered them asing parables, enalogies,
and logic. The text is written in Pall and is considered
pert of the Theravads cence. It shows the Interaction
and iofluence of Hellenistic end Indian cultures onder
Menander L

+ Tesile fascriptions: The Patika copper plate is one of
the tnsceiptions found In Taxa, an ancient city end
center of learning tocated In present-day Pakisten. They
record the names and donations of verlous kings, monks,
merchants, and pilgrims who visited or lived [n Taxila.
They ateo reflect the religious diversity aad tolerance
of Taxila, oe they mention Buddhism, Hlodelsa,
Jatolem, Zoroastelaniom, and Greek potythelsm."
57,"Which one of the following is aot teue about
the Barabay hilt caves?

[U.PPCS. (Pre)2647)","There are in all four caves on the Barabar
hill","Inscriptions of Ashoka are found on the
walls of three caves","These inscriptions inform us about the
dedication of these caves to the Ajivakas","Vhese inscriptions date back to 6th
century BC",,,d,"Exp) Option d be the correct answer,

Statement a le trae: There are in all four caves on the Barebar

AOL The caves are named Lomas Rithl Cave, Sudema Cave,

Koran Chaupar Cave, and Visvakarme Cave.

Stotement b ts troe: Inscriptions of Ashohs are found on the

walls of three caves: Lomae Rishi Cave, Sudama Cave, ond

Visvakerma Cave.

Stetement ¢ bs trae: The inscriptions lo the Barabar Hil)

caves provide Information about the dedication of these

vock-cat chambers to the Ajiviks religious sect, @ heterodox
eect that flourished in India during the 6th to 2nd centuries

BCE.

Statement d ls not tree: The Barabar Hill Caves date {rom

the Maurya Empliee (922-185 BCE) and bear dedicarory

Inscriptions from the 3rd century BCE and not 6th century

BC, corresponding to Ashoka’s era.

Important Tips

Caves at Barabar Hill: ; ;

+ Lomas Rishi Cave: Positioned on the southern side
of Barabar Hill, Lomas Rishi is celebrated for its
beautifully carved door. Its two rooms include a

; rectangular chamber (9.86x5.18m) and a circular, semi-
hemispherical room (5m in diameter). The arched
facade emulates contemporary wooden architecture,
featuring a row of elephants along the curved architrave.
Though unfinished, it holds historical intrigue due to
its unique design.

« Sudama Cave: Located on the southern side as
well, Sudama Cave comprises a rectangular room
(9.98x5.94m) and a semi-hemispherical chamber (6m
in diameter). Emperor Ashoka dedicated it in 257 BCE,

| the 12th year of his reign, to Ajivikas. The interior
boasts polished granite surfaces, reflecting sound and
creating an echo phenomenon.

« Karan Chaupar Cave: Positioned on the northern
side, Karan Chaupar features a single rectangular room
(10.2x4.27m) with polished surfaces. An inscription
by Ashoka, dated around 250 BCE, dedicates the cave
to the Ajivikas. The inscription’s recent re-reading
supports this dedication.

° Visvakarma Cave: Accessible via Ashoka’s steps carved |
into the cliff, Visvakarma Cave is located east of the

| main granite hill. It includes a rectangular open space
(4.27x2.54m), a porch-like structure, and an unfinished
semi-hemispherical room (2.8m in diameter). Ashoka
dedicated this cave to the Ajivikas in 261 BCE, the 12th
year of his reign, despite its unfinished state."
58,"In which of the following inscriptions,

Ashoka’s edicts are aise found?
LL PEC.S. (Mains)2016]",None of the above,"Nashik Prashasti regarding Gaulamiputra
Satakarni",Mathigumpha Inscription of Kharvavela,,,,a,"Exp) Option a is the correct answer.

Ashoka’s edicts are also found in Junagarh Inscription

of Mahakshatrapa Rudradaman. The Junagadh rock
inscription of Rudradaman I holds historical significance
for its mention of Ashoka’s edicts alongside inscriptions of

Rudradaman IJ and Skandagupta, Notably, it mentions the

restoration of Sudarshana Lake, built during Chandragupta

Maurya’s rule, and provides insight into ancient water

management practices. , historical events, rulers’
contributions, and ancient Indian record-keeping traditions,
making it a valuable source for understanding the past."
59,"Who amongsi the fallowiag got ‘Purans
Quila of Delhi built in the preseat form?",Sher Shah Suri,Akbar,Babur,Shahjatansi,U.PPC.S. (Mains),2616.0,a,";

Exp) Option a is the correct answer.

Purana Quila, one of the ancient forts in Delhi, is credited

to both the Mughal emperor Humayun and the Afghan King

Sher Shah Suri. While Humayun laid its foundation, Sher

Shah Suri continued its construction. The fort features three

gateways and is encompassed by a broad moat connected

to the river Yamuna. The northern gateway displays a

unique blend of Islamic pointed arch and Hindu Chattris,
showcasing the diverse architectural influences present in
the fort’s design."
60,"Who among the foliowing established

“Indian Society of Oriental Art’?
RLERCLS. URe. Exam)(Pre)2015]",Nihar Ranjan Ray,Narendra Mohan Mukherjec,Abanindranath Jagore,} Barindra Kumar Ghosh,,,c,"Exp) Option c is the correct answer.

Abanindranath Tagore was a painter, writer, and educator
who was one of the pioneers of the Bengal School of Art.
He was the founder of the Indian Society of Oriental Art
in 1907. He established the society with the aim of creating
a national style of art that was inspired by the Indian and
Asian traditions. He also served as the president and the
principal of the society."
61,"Which of the following forts was NOT
constructed in the reign of Akbar?",Kuhans,"Gups
[c)Su ltanate Sultans",Allahabad Fort,Mughals,U.P.B.C.S. (Re. Exam)(Pre),2015.0,a,"Exp) Option a is the correct answer.

_- The Red Fort of Delhi was built by Akbar’s grandson Shah
Jahan, who shifted the capital from Agra to Delhi in 1638.
The Red Fort is a massive fortification that served as the
main residence of the Mughal emperors for nearly 200 years.
It is also a UNESCO World Heritage Site and a symbol of
India’s heritage.
| - Important Tips _

« The Agra Fort was the first fort that Akbar built

| in 1565, and it was the seat of power for the Mughal

| empire for about 150 years. It is also a UNESCO
World Heritage Site and one of the most impressive
monuments in Agra.

* The Allahabad Fort was built by Akbar in 1583 at the !
confluence of the Ganges and Yamuna rivers. It was a:
strategic and religious site, and it also housed a famous |
Akshayavata tree, where people would commit suicide |
to achieve salvation. |

e The Lahore Fort was built by Akbar in 1566, and it was
the largest fort built by him. It was also the residence
of his son Jahangir and his wife Nur Jahan, who were
influential rulers of the Mughalempire"
62,,,,,,,,a,"Exp) Option a is the correct answer.

Surkhi is used as a substitute for sand for concrete and

mortar, and has almost the same function as of sand but it

also imparts some strength and hydraulicity. Surkhi is made

by grinding to powder burnt bricks, brick-bats or burnt clay

; under-burnt or over-burnt bricks should not be used, nor

bricks containing high proportion of sand.

According to some archaeological studies, there is

evidence of the use of Surkhi in various structures built

during the Kushan period. For example, in Mathura, which
- was one of the major centers of the Kushan empire, Surkhi

was used in the construction of brick stupas, shrines, and

platforms. The excavations at Mathura revealed five levels of

occupation, dating from the Mauryan to the Gupta periods,

The third and fifth levels belonged to the Kushan period and

showed the use of Surkhi in various structures."
63,"Match List-I with list-II and select the correct answer using the codes given below the lists:
A.Hampi               1.Puducherry
B.Nagarjunakonda      2.Karnataka
C.Shishupalgarh       3.Andhra Pradesh
D.Arikamedu           4.Odisha
Code: 
A B C D",2 3 4 1,3 2 4 1,1 3 2 4,4 2 3 1,UPPCS (Mains),2014.0,a,"Exp) Option a is the correct answer.

* Hampi: This is an archaeological site located in

Karnataka, near the modern-era city of Hesapete. It

was the capital of the Vijayanagara Empire in the 14th
century and contains some of the finest specimens of
ancient Indian art and architecture.

¢ Nagarjunakonda: This is a- historical town, now an
island located near Nagarjuna Sagar in Guntur district
of Andhra Pradesh, near the state border with Telangana.
It is one of India’s richest Buddhist sites, and now lies
almost entirely under the lake created by the Nagarjuna
Sagar Dam. It was named after the Buddhist philosopher
Nagarjuna, who lived here in the 2nd century CE.

¢ Shishupalgarh: This is an ancient fortified city situated
in Khurda district of Odisha, near Bhubaneswar. It dates
back to the. 7th century BCE and was one of the largest
and best preserved early historic fortifications in India. It
is identified with Kalinganagara of Kharavela and Tosali
of Ashoka. -

+ Arikamedu: This is an archaeological site in Puducherry,
in Kakkayanthope, Ariyankuppam Commune. It was a
major trading port between India and Rome from the
2nd century BCE to the 8th century CE. It has yielded
many artifacts such as amphorae, glassware, coins, beads,
and lamps that attest to the cultural exchange between
the two civilizations."
64,"Who one of the following painters of
Jahangir’s reign was conferred the title of
‘Nadir-al-Asra’?.",Daulat,Bishandas,Manohar,Mansoor,U.P.P.C.S. (Mains),2014.0,d,"Exp) Option d is the correct answer.

Ustad Mansur/Mansoor was honored with the title “Nadir-

ul-asra” (Unrivaled of the era) by Jahangir. While he

created paintings during the reign of Jahangir’s father, Akbar,

his exceptional works truly flourished under Jahangir’s

patronage. Although celebrated for his natural history
depictions, he also applied his artistic talents to portraying ~
individuals in diverse manuscript illustrations."
65,"Match List-I with List-II and select the correct answer using the codes given below the lists:
List-I(Gupta Empire)               List-II(Location)
A.Brick-built                            1.Eran
B.Dasavatara                             2.Deogarh
C.Shiva Temple                           3.Bhitargaon
D.Vishnu Temple                          4.Bhumara
Code: 
A B C D",4 2 1 3,3 2 4 1,2 1 3 4,1 3 2 4,UPPCS (Mains),2013.0,b,"Exp) Option b is the correct answer. :

» Brick-built Temple: This temple is located at Bhitargaon
in Kanpur district of Uttar Pradesh. It is one of the oldest
surviving brick temples in India and dates back to the
Gupta period -

¢ Dasavatara Temple: This temple is located at Deogarh
in Lalitpur district of Uttar Pradesh. It is a fine example
of Gupta architecture and depicts the ten incarnations of
Vishnu. oe a,

¢« Shiva Temple: This temple is located-at Bhumara in -
Satna district of Madhya Pradesh. It has a stone sanctum
with sculptures of Ganga and Yamuna at the entrance.
The door frame is also decorated with carvings.

+ Vishnu Temple: This temple is located at Eran in Sagar
district of Madhya Pradesh. It was built during the Gupta
period and has now collapsed. Only the sanctum and two

""pillars in front of it remain. The temple has a relief of

. Vishnu as Varaha on one of the pillars."
66,"The ‘Dakshinamurti’ idol of Shiva depicts
him in which form?",‘Teacher,Dancing,Reclining,Meditating,U.P.P.C.S. (Pre),2013.0,a,".
Exp) Option a is the correct answer. ;

Dakshinamurtl cteans “the one who faces south’, and depicts
‘Shiva as a teacher of yoge, music, and wisdom. The Kol of
Dekshinamortt shows him sitting under » banyan tree, with
bls right leg resting on a dwarf, who represents ignorance
end illusion, Hie sight hand shows the chin modra, which
means “the gesture of conectousness’ and signifies the union.
of the individual and the universal self. His left hand holds
2 fice pot, which represents the fire of knowledge that burns
away Ignorance. Around him are four sages, who are ble
disciples and listen to his teachings."
67,Q67Where is Borobudur Stupa situated?,ambodia,"Ja
[c) Sumatra",,Borneo,U..P.C.S. (Mains),2013.0,b,"ot
Exp) Option b Is the correct answer, a
Borobudur Stupe !s situated In the Keda Valley, la the
southera part of Central Java, at the centre of the Island of
Jove, Indonesia. K's the world’s largest Buddhist temple and
a UNESCO World Heritege Site. It was built in the Sth and
Sth centuries AD during the reigo of the Syailendra Dynasty.
It consists of mine stacked platforms, six square and three
circulars, topped by a central dome. It Is decorated with 2,672
rellef pancls and originally 504 Buddhe matues. The central
dome ls surrounded by 72 Buddhe statues, each seated inside
a perforated stupa, ."
68,"Whoamong the following did not contribute
to building the famous ‘Qutb-Minar’?
(U.P.P.C.S. (Mains)2013]",Ab ul Hassan,Farrukh Beg,Bishandas,Agha Raza,,,c,"Exp) Option ¢ Is the correct answer,
Gblyaseddin Toghteq did act coatribste te the
constroctloa of the farmoas ‘Qutb-Miner’, Delhi's Qutub
Minar, an iconic five-tlered edifice, stands as @ testament
to the efforts of rulers spanning four centuries, Originally
lattiated by Qutb-ed-dia Aibak in 1192 to commemorate
_ his victory, the minaret bears bis came, despite him only
completing We first story, Sbame-od-dia Itotmieh, his
successor, expended it with three more levels by 1220.
Lightalng etruck the top tier in 1369, leeding to Firoz
Shah Tughlag’s resteration aad the addition of the fifth
story. Sher Shab Suri built the estcance,
Teportant Tipe

Pact aboot Qatb-Miner:

+ Ia 1803, am earthquake inflicted elgnificant damage
‘on the fifth tower, Major Robert Seaith of the Britieh
Indian Army ondertook its restorsilon ia 1828. He
elevated Its stature by adding « pillared cupole above
the fifth story, essentially bestowing @ elzth story

wpoa the tower, However, this additlonal level wos
dismantled in 1848 ender the directives of Heary
Hardinge, the then Governor-General of Jodia. It was
reinstalled adjaceat to the mineret.

+ Esiry to the tower has been restricted slnce 1961

. doe to a tragic Incident that claimed the Lives of 47
individuals inside."
69,,,,,,,,s,"Exp) Option e Is the correct anewer. |”
‘Abe’l Hasen was « Mughal palater who was active during the
eign of Jahangir. He was one of the most talented painters

of his time, and he was known for his realism and his use

of tight and shadow. Jabangir was so impressed with Abu’!

Hasan’s work that he gave him the title of “Nadir-ul-Zaman’,

which means “Wonder of the Age”. :
Important Tips” )

Some of the famous paintings by Abul Hasan:

+ The Portrait of Jahangir: This painting is considered
to be one of the finest portraits ever created in the
Mughal style, It shows Jahangir in full court dress, with
his wife Nur Jahan standing behind him. The painting
is notable for its realism and its use of light and shadow.

« The Peacock Throne: This is a miniature painting
that depicts the famous Peacock Throne, which was
commissioned by Shah Jahan. The throne is made
of gold and precious stones, and it is encrusted with
jewels. The painting is notable for its depiction of the

| throne’s intricate details.

« The Roshani Mahal: This is a miniature painting
that depicts the Roshani Mahal, which was a pleasure |
palace built by Jahangir. The palace is decorated with |
mirrors and stained glass, and it is filled with flowers |
and fountains. The painting is notable for its depiction |
of the palace’s luxurious interior :"
70,"Who among the following were Jahangiri
painters?
1. Abdus Samad
2. Abul Hasan
3. Aqa Riza
4. Mir Sayyid Ali
Select the correct answer for the codes given
below:",land2,2 and 3,3 and 4,4and1,U.P.P.C.S. (Pre),2012.0,b,"Exp) Option b is the correct answer. .

Abul Hasan and Aqa Riza were both painters during Jahangir’s
reign (1605-1627) whereas Abdus Samad and Mir Sayyid Ali
were both painters during Akbar’s reign (1556-1605).

| sana atseme ~~ Important Tips —

« ‘Abd-al-Samad (1500-1593), a Persian painter,
pioneered Mughal miniature art after moving to
India in the 16th century. His influence peaked under
Emperor Akbar’s rule (from 1572), shaping the mature
Mughal style.

e Abu al-Hasan (1589 - 1630), a Mughal painter, worked
during Jahangir’s reign. Known for high-quality
miniatures, he documented court events and created
portraits. Jahangir honored him with the title Nadir- |
uz-Saman (“Wonder of the Age”) in 1618.

» Aga Riza Jahangiri (1560-1621), a Mughal painter,
worked at Shah Salim’s (Jahangir) court before his
coronation, c. 1599-1604 in Allahabad. He was the
father of Abu’l Hasan and he contributed to the Isfahan
School, excelling in single miniature figures, notably
during the Safavid era under Shah Abbas 1.

« Mir Sayyid Ali (1510-1572), a Persian miniaturist,
excelled under Shah Tahmasp before contributing
to Mughal painting under Emperor Akbar. His early
works include Shahnameh and Khamsa illustrations.
Notably, “Laila and Majnun” and a diptych for Khamsa
showcase his skill during this period."
71,"The foundation of the Mughal painting was
laid by-",Akbar,Humayun,Jahangir,Shah Jahan,U.B.P.C.S. (Mains),2012.0,b,"Exp) Option b is the correct answer.

Humayun taid the foundation of Mughal painting. He

welcomed Persian artists Mir Sayyid Ali and Abdus Samad

to establish a court studio, known as Nigaar Khana, where

royal artworks were created. Humayun’s support led to the

commencement of the Hamza Nama illustration project,

continued by his son Akbar. The Hamzanama or Dastan-e-

Amir Hamza narrates the story of the adventures of Amir

Hamza, the uncle of the Prophet Muhammad. Humayun

patronized diverse themes, including open-air scenes with

trees, marking the beginning of Mughal artistic legacy."
72,"Which of the following temples is an
example of rock-cut architecture?","Shore Temple, Mamallapuram","Rajarajeshwara temple, Thanjavur","Kailasa Temple, Ellora","Jagannatha Temple, Puri",U.PP.C.S. (Mains),2012.0,c,"Exp) Option c is the correct answer.

The Kailasa Temple is one of the most remarkable

examples of rock-cut architecture in India and the world.

It is a monolithic structure, carved out of a single rock hill,

measuring 164 feet in height, 109 feet in width, and 272

feet in depth. It is dedicated to the Hindu god Shiva and

represents his abode, Mount Kailash. The temple was built in

the 8th century CE by the Rashtrakuta king Krishna I, and it

took about 150 years and 200,000 tons of rock to complete.

The temple features a pyramidal tower, a pillared hall, a

courtyard, a gateway, and several sculptures and reliefs

depicting scenes from Hindu mythology. .

Important Tips —
« Shore Temple, Mamallapuram is an example of

structural architecture, not rock-cut architecture. It is
a stone-built temple complex located on the shore of
the Bay of Bengal in Tamil Nadu. It was built in the
8th century CE by the Pallava dynasty and is one of the
oldest surviving temples in India.

| « Rajarajeshwara temple, Thanjavur is also an example

| of structural architecture, not rock-cut architecture. It
is a massive granite temple dedicated to Shiva, built by
the Chola king Rajaraja I in the 11th century CE. It
is one of the largest and most magnificent temples in
India, and a UNESCO World Heritage Site since 1987.

« Jagannatha Temple, Puri is another example of

structural architecture, not rock-cut architecture. It is
a colossal temple complex dedicated to Jagannatha (a
form of Vishnu), located in the coastal town of Puri in
Odisha. It was built by the Ganga dynasty in the 12th
century CE and is one of the four sacred pilgrimage
sites for Hindus. _ -"
73,"Match List-I with List-II and select the correct answer using the codes given below the lists:

List-I (Builder)   List-II (Monument)
A.Babur              1.Jama Masjid
B.Humayun            2.Din Panah
C.Akbar              3.Jahangiri Mahal
D.Jahangir           4.Akbar’s Mausoleum’s Completion
Code: 
A B C D",1 2 3 4,1 2 4 3,2 1 4 3,4 3 2 1,U.P.P.C.S (Mains),2011.0,a,"Exp) Option a is the correct answer.

Babur - Jama Masjid in Sambhal.

Babur built the Jama Masjid in Sambhal in 1528. It is one of

the oldest mosques in India.

Humayun- Din Panah.

Humayun built Din Panah in 1533. It was his first capital

city.

Akbar- Jahangiri Mahal.

Akbar built the Jahangiri Mahal in Fatehpur Sikri in the

early 1600s. It was a palace complex that was used by Akbar

and his family

Jahangir- Akbar’s Mausoleum.

Jahangir completed the construction of Akbar’s Mausoleum
in 1613. It is also known as the tomb of Akbar the Great."
74,Which of the following is NOT correctly matched?,Ajmer: Quwwat-ul-Islam,Jaunpur : Atala Masjid,Malwa: Jahaz Mahal,Gulberga : Jama Masjid,U.P.P.C.S. (Pre),2011.0,a,"Exp) Option a is the correct answer.

Quwwat-ul Islam Mosque stands northeast of the Qutb
Minar in Delhi and not in Ajmer. [It was commissioned by
Qutb-ud-din Aibak, founder of the Mamluk dynasty. It was
built using the ruins of 27 Hindu and Jain temples.

[ ‘Important Tips a

« In 1408 A.D., Ibrahim Shah Sharki built the Atala
Masjid which came to be considered as the ideal for the
construction of the other mosques of Jaunpur. In this
mosque, beautiful galleries were built by surrounding
it with artistic walls. Its height is more than 100 ft, Its
construction was begun by Feorze Shah in 1393 A.D.

{

+ Jahaz Mahal (Ship Palace) at Mandu was built by |
Sultan Ghiyasuddin Khilfi as a harem and it extends
over a length of 110 m and a width of 15 m. This is
where 15,000 royal women resided. The harem was
constructed in such a manner that it gave the women
complete autonomy yet shielded them from the eyes of |
the common man.

« Jama Masjid of Gulbarga was built by Bahmani Sultan
Mohmmad Shah after he defeated Kapya Nayak of
Warangal in 1367, —"
75,"The Stupa site which is NOT connected
with any incident of Lord Buddha’s life, is:",Sarnath,Sanchi,Bodhgaya,Kusinara,U.PB.C.S. (Mains),2011.0,b,"Exp) Option b |s the correct answer.
Sanchi, located near Bhopal, is important for its history and
old things under the ground (Archaeology). Sanchi has lots
of stupas on top of a hill. Even though it’s about Buddhism,
it's not directly about Buddha’s life. lt’s more about Ashoka
than Buddha. Ashoka was the one who made the first stupa
and set up lots of pillars here. The top part of the famous
pillars with four lions standing back-to-back is now the
special sign of India.

a Important Tips —

Some major stupas:

Mahabodhi Stupa: Found in Bodh Gaya, Bihar, this stupa |

marks where Buddha is said to have become enlightened. ;

Buddhists from around the world visit this place.

Jetavana Stupa: Situated in Shravasti, Uttar Pradesh, this

stupa was built where Buddha spent 24 rainy seasons,

teaching and meditating.
| Dhamekh Stupa: In Sarnath, Uttar Pradesh, this stupa is
| thought to be where Buddha gave his first teaching, called
the Dhammacakkappavattana Sutta.

Sanchi Stupa: One of India’s oldest and well-preserved

stupas, located in Madhya Pradesh, Emperor Ashoka of

the Mauryan Empire had it built in the 3rd century BCE.

Vishwa Shanti Stupa: Built in Rajgir, Bihar in the 1960s,
it’s really tall and was made to promote world peace.
Ratnagiri Stupa: Made by the Gupta dynasty around the
6th century CE in Ratnagiri, Odisha.
Amravati Stupa: Believed to be built by the Satavahana ,
dynasty around the 2nd century BCE in Andhra Pradesh. |
It’s famous for its carvings showing Buddha's life. 7 |"
76,"Which of the following caves is famous for
*Trimurti’?",Ajanta,Bhaja,Elephanta,Ellora,U.P.PC.S. (Mains),2014.0,c,"Exp) Option c is the correct answer,
The Elephanta Caves are a collection of rock-cut cave
temples that are mostly devoted to Shiva. The 5.45 metres
(17.9 ft) high Trimurti sculpture, which represents three
aspects of Shiva: the Creator, the Preserver, and the Destroyer,
is located at the entrance of Cave 1, also known as the Great
Cave. This sculpture is one of the most magnificent examples
of Indian art and a symbo! of the state tourism department."
77,Jain temple of Abu is made of-,Sandstone,Limestone,"Granite
(ad)Marble",,U.P.P.C.S. (Pre),2016.0,d,"Exp) Option d is the correct answer.
The Jain teraple of Abu, also known as the Dilwara temple,
is a marble temples dedicated to various Tirthankaras
(Jain spiritual leaders) on Mount Abu, Rajasthan. The
temples were built between the 11th and 13th centuries CE
by the Chalukya and Vimala Shah dynasties. The temples
are renowned for their exquisite carvings, sculptures, and
architecture that reflect the Jain values of non-violence,
honesty, and simplicity. The temples are considered as one
of the finest examples of marble temple art in India and a
pilgrimage site for Jains."
78,"Match List-I with List-II and select the correct answer using the codes given below the lists:

List-I(Place)               List-II(Monuments)
A.Kaushambi                 1.Dhamek Stupa
B.Kushinagar                2.Ghositrama Monastery
C.Sarnath                   3.Ranabhar Stupa
D.Shravasti                 4.Sahet-Mahet
Code: 
A B C D",2 1 3 4,4 3 2 1,2 3 1 4,4 2 3 3,UPPCS (Mains),2010.0,c,"Exp) Option c is the correct answer.
Ghositarama Monastery, situated in Kaushambi, a
prominent Buddhist center during Buddha’s era, hosted
him during his visits. It was built by one of the leading
Shreshti (bankers) of Kaushambi, Ghosita whose daughter
Samavati was the wife of Udayana, the most famous king of
the Vatsa kingdom who ruled in the 6th century BC.
Situated in Kushinagar, about I.5km from Mahaparinirvana
Temple, Ramabhar Stupa stands 15 meters tall. It signifies
the cremation place of Lord Buddha and is known as ‘Mukut-
Bandhan Chaitya’ in Buddhist texts.
Dhamek Stupa is a massive stupa located at the
archaeological site of Sarnath in the state of Uttar
Pradesh, India. Itmarks the precise location where the
Buddha preached his first discourse to his first five disciples
(Kaundinya, Assaji, Bhaddiya, Vappa and Mahanama), and
where all five eventually became fully liberated.
The ancient city of Sravasti, represented by Saheth-
Maheth remains, holds historical significance in Uttar
Pradesh. Linked to Buddha and Mahavira, it was a vital
Buddhist pilgrimage site. Famous for Jetavana Monastery
and philosophical debates, its ruins were rediscovered by
Alexander Cunningham in 1863.

tT Sie ee a SO oR A SSS eid, Be oe oe ad On a be"
79,"Which of the following pairs is correctly
matched? (U.RB.C.S. (Pre)2010]",Ellora Caves - Shakas,Meenakshi Temple - Pallavas,Khajuraho Temple - Chandelas,Mahabalipuram Temple - Rashtrakutas,,,c,".

Exp) Option c is the correct answer.

The Khajuraho temples are a group of Hindu and Jain

temples located in Khajuraho, Madhya Pradesh, India.

They were built by the Chandela dynasty between the 10th

and 12th centuries CE. They are famous for their erotic

sculptures and are a UNESCO World Heritage Site.

¢ Ellora caves were not built by the Shakas, but by various
dynasties such as the Rashtrakutas, the Chalukyas, and
the Yadavas. The Ellora caves are a complex of rock-
cut temples and monasteries located in Aurangabad,
Maharashtra, India, They represent Hinduism, Buddhism,
and Jainism and are also a UNESCO World Heritage Site.

« Meenakshi temple was not built by the Pallavas, but
by the Pandyas and later renovated by the Nayakas.
The Meenakshi temple is a Hindu temple dedicated to
the goddess Meenakshi and her consort Shiva, located in
Madurai, Tamil Nadu, India.

» Mahabalipuram temples were not built by the
Rashtrakutas, but by the Pallavas. The Mahabalipuram
temples are a group of rock-cut and structural temples
located in Mahabalipuram, Tamil Nadu, India."
80,"Which among the following is the largest
and the tallest surviving temple in Orissa?",Brahmesvara ‘Temple,Jagannath Temple,Lingaraja ‘Temple,Rajarani Temple,U.P.P.S.C. (GIC),2010.0,c,"Exp) Option c is the correct answer.

Lingaraja Temple is the largest and the tallest surviving

temple in Orissa, with a height of 180 ft (55 m). It is also

one of the oldest temples in Bhubaneswar, the capital of the

Indian state of Orissa. The temple is dedicated to Shiva and

is built in the Kalinga architecture style. The temple complex

has 108 other shrines and is enclosed by a large compound
wall. The temple is active in worship practices and celebrates
festivals like Mahashivaratri, Ashokashtami and Chandan

Yatra with great fervor. The temple is a magnificent specimen

of ancient Indian art and culture and a major tourist

attraction of the state.

| Important Tips |

* Brahmesvara Temple: This temple is located in

| Bhubaneswar and is dedicated to Shiva. It was built

in the 11th century CE by the Somavamsi king
Udyotakesari.

« Jagannath Temple: This temple is located in Puri and

is one of the most sacred and revered temples in India.

It is dedicated to Jagannath, a form of Vishnu, along

| with his siblings Balabhadra and Subhadra. The temple

| was built in the 12th century CE by the Ganga king

' Anantavarman Chodaganga Deva.

| ¢ Rajarani Temple: This temple is located in

Bhubaneswar and is dedicated to an unidentified
deity, possibly Shiva or Vishnu. It was built in the 11th

___century CE by an unknown king."
81,"A highly advanced water management
system of Harappan times has been
unearthed at—",Alamgirpur,Dholavira,Kalibangan,Lotha],U.P PCS. (Mains),2010.0,b,"Exp) Option b is the correct answer.

Dholavira site was discovered by J.P Joshi and R.S Bisht. It

is located in Kutch district of, Gujarat, It has Giant water

reservoir and unique advanced water harnessing system. It is
the latest Indus Valley Civilization city to be discovered. It is
40th site in India under UNESCO World Heritage Sites list.
Important Tips
; Lothal:
| « In 1954, it was discovered by S.R Rao.
« It is located on Bhogava river, a tributary of Sabarmati
river in Gujarat
e it Was an important trade centre of the Indus Valley
Civilization.
+ thas Artificial dockyard
¢ There is evidence of rice cultivation and also of double
Kalibangan:
« It was Discovered by B.B. Lal.
¢ Itis located on river Ghaggar in Rajasthan
«+ There is evidence ofCamelbones and Plough field
(Oldest plough field in India.)
Alamgirpur:
* Itis located on river Yamuna in Uttar Pradesh
« Itis Easternmost site of IVC
+ There is evidence of broken blade made up of copper,
___ ceramic items and impression of cloth on a trough"
82,"The famous painting Satyam; Shivam
Sundaram was prepared by:",Mahendra Nath Singh,Nandkishore Sharma,Shivnandan Nautiyal,Vishwanath Mehta,U.P.P.C.S. (Mains),2009.0,c,"Exp) Option c is the correct answer.
The famons painting ‘Satyam; Shivam Sundaram’ was the
creation of Shivnandan Nautiyal. Satyam Shivam Sundaram
is a Sanskrit phrase that has a significant meaning in the
Indian Upanishads. Satyam Shivam Sundaram is used to
show respect and devotion to Lord Shiva.
Shivnandan Nautiyal was a renowned painter from
Uttarakhand who was known for his realistic and spiritual
paintings. He was awarded the Padma Shri in 1981 for his
contribution to Indian art."
83,"The Rummindei Piliar of Ashoka was put
up to mark-",Birth of Buddha,Fnlightenment of Buddha,First Sermon of Buddha,Demise of Buddha,U.P.B.C.S. (Spl)(Mains),2008.0,a,"Exp) Option a is the correct answer.
The Rummindei Pillar of Ashoka was erected to mark the
birth of Buddha, This pillar, located at Lumbini in Nepal,
has an inscription in ancient Brahmi script. The inscription
provides evidence that Ashoka, the Mauryan emperar, visited
Lumbini and identified it as the birthplace of Gautama
Buddha. To commemorate the birthplace of the Buddha,
he gave tax concessions to the villagers. It records that the
village of Lumbini was exempted from bali and was to pay
only one-eighth of bhaga."
84,"Where were the observatories constructed
by Maharaja Jai Singh-IL?
1. Delhi
2. Jaipur
3. Ujjain
4. Varanasi
Select the correct answer from the codes
given below:",land 2,1 and 3,2 and 3,"1, 2, 3, and 4",U.P. B.C.S. (Mains),2007.0,d,"Exp) Option d is the correct answer.
Sawai Jai Singh II, Maharaja of Amber and Jaipur,
constructed five observatories in the second quarter of the
eighteenth century in the north Indian cities of Shahjahanabad
(Delhi), Jaipur, Ujjain, Mathura, and Varanasi.

Important Tips

Jantar Mantar:

+ “Jantar Mantar” means “instruments for measuring the
harmony of the heavens”.

« The primary purpose of the observatory was to
compile astronomical tables, and to predict the times
and movements of the sun, moon and planets.

| e« The Ram Yantra, the Samrat Yantra, the Jai Prakash
Yantra and the Misra Yantra, etc are the distinct
instruments of Jantar Mantar.

« Among these five observatories, Delhi observatories

. was the first to be built."
85,"Realizing the need for water, the first ruler
who got a Jake constructed in the Girnar
area, was-",Chandragupta Maurya,Ashoka,Rudradaman,Skanda Gupta,U.PB.P.C.S. (Mains),2007.0,a,"Exp) Option a is the correct answer.
Pushyagupta Vaishya constructed the Sudarshan Lake on
the orders of Emperor Chandragupta Maurya. Situated
in Girnar, Gujarat, this irrigation project was a significant
undertaking during the early Mauryan period. It was later
renovated by other emperors like Ashoka and Rudradaman
to maintain its functionality."
86,"The ancient monuments of Elephanta are
mostly-
1. Buddhist
2. Jain
3. Shaivite
4, Vaishnavite
Select the correct answer from the codes
given below:",1 Only,2 Only,3 Only,1 and 3 Only,U.P.P.C.S. (Mains),2007.0,c,"Exp) Option c is the correct answer.
The Elephanta Caves are a collection of cave temples
predominantly dedicated to the Hindu god Shiva, which
have been designated a UNESCO World Heritage Site.
The most important among the caves is the great Cave 1,
which features a 7-metre-high masterpiece “Sadashiva” that
represents three aspects of Shiva: the Creator, the Preserver,
and the Destroyer. The carvings in the caves narrate
Hindu mythologies related to Shiva, such as Nataraja,
Ardhanarishwara, and Ravanaanugrahamurti."
87,"Match List-I with List-II and select the correct answer using the codes given below the lists:
List-I(Monuments)                List-II (Builders)
A. Alai Darwaza,Delhi              1. Alauddin Khalji
B. Buland Darwaza,Fatehpur Sikri   2. Akbar
C. Moti Masjid,Agra           3.Shah Jahan
D. Moti Masjid,Delhi          4.Aurangzeb

Code: 
ABCD",4 3 2 1,1 4 2 3,1 2 3 4,4 2 3 1,U.P.P.C.S. (Mains),2006.0,c,":
Exp) Option c is the correct answer.
+ Alai Darwaza, Delhi - Alauddin Khalji
Alai Darwaza is a gateway in the Qutub Minar complex in
Delhi. It was built by Alauddin Khalji in the 13th century.
« Buland Darwaza, Fatehpur Sikri- Akbar
Buland Darwaza is a gateway in Fatehpur Sikri. It was
built by Akbar in the 16th century. It is one of the largest
gateways in the world.
¢ Moti Masjid, Agra- Shah Jahan
Moti Masjid is a mosque in Agra. It was built by Shah Jahan
in the 17th century. It is made of white marble and is one of
the most beautiful mosques in India.
« Moti Masjid, Delhi - Aurangzeb
Moti Masjid is a mosque in Delhi. It was built by Aurangzeb
in the 17th century. It is made of red sandstone and is one of
the largest mosques in Delhi"
88,"Go-ind Palace, an excellent specimen of
Hindu achitecture is located at-",Dati,"Khajuro
[c)Orchh a",,Gwalior,U.P.P..S. (Pre),2005.0,a,"Exp) Option a is the correct answer.

Govind Palace is an excellent specimen of Hindu architecture
located in Datia, Madhya Pradesh. It was built by Bir
Singh Deo, the ruler of Datia, in the early 17th century.
The palace is made of red sandstone and white marble, and
it is decorated with intricate carvings and paintings. The
palace is surrounded by a moat and a garden. Govind Palace
is a tentative list of the UNESCO World Heritage Site. It
is considered to be one of the finest examples of Hindu
architecture in India."
89,"Match List-I with List-II and select the correct answer using the codes given below the lists:
List-I (Place)            List-II(Monument)
A. Baijnath Dham          1. Jain Temple
B. Sarnath                2. Shiva Temple
C. Dilwara                3. First sermon place of Buddha
D. Badrinath              4. Vishnu Temple
Code: 
A B C D",2 3 1 4,1 2 3 4,1 4 2 3,4 1 2 3,UPPCS (Spl)(Pre),2004.0,a,"Exp) Option a is the correct answer.

¢ Baijnath Dham: This is a place in Bageshwar district of
Uttarakhand, India, where there is a famous Shiva temple
called Baijnath Temple. The temple was built by the
Katyuri kings in the 12th century CE and is considered
one of the twelve Jyotirlingas of Shiva.

¢ Sarnath: This is a place in Varanasi district of Uttar
Pradesh, India, where Gautama Buddha delivered his
first sermon after attaining enlightenment. The sermon
is known as the Dhammacakkappavattana Sutta or the
Setting in Motion of the Wheel of Dharma. Sarnath is
one of the four holy sites of Buddhism and has many
monuments such as the Dhamek Stupa, the Ashoka Pillar,
and the Mulagandhakuti Vihara.

« Dilwara: This is a place in Mount Abu district of
Rajasthan, India, where there are five Jain temples built
between the 11th and 13th centuries CE. The temples
are dedicated to various Tirthankaras or Jain spiritual
teachers and are renowned for their exquisite marble
carvings and sculptures. The temples are named Vimal
Vasahi, Luna Vasahi, Pittalhar, Parshvanath, and Mahavir
Swami.

¢ Badrinath: This is a place in Chamoli district of
Uttarakhand, India, where there is a Hindu temple
dedicated to Vishnu called Badrinath Temple. The temple
is one of the four Char Dham or sacred destinations of
Hinduism and is also part of the 108 Divya Desams or
holy abodes of Vishnu. The temple was established by
Adi Shankara in the 8th century CE and is situated on
the banks of the Alaknanda river."
90,"The Ashoka Pillar at Allahabad provides
information about the reign of?",Chandragupta Maurya,Chandragupta-I,Chandragupta-IT,Samudragupta,U.P.P.C.S. (Spl)(Mains),2004.0,d,"Exp) Option d is the correct answer.

The Allahabad pillar contains one of the pillar edicts of

Ashoka. However, the pillar is also notable for containing later

inscriptions attributed to Samudragupta. These inscriptions,

known as the Prayag Prashasti or the Allahabad Pillar

Inscription, were composed by his court poet Harishena.

They describe Samudragupta’s military conquests, his

benevolence towards other rulers, his religious tolerance,

and his personal achievements. Allahabad Pillar (Nagasena)
calls him Kaviraja because of his ability in composing verses.

The inscriptions are considered to be one of the finest

examples of Sanskrit poetry and a valuable source of historical

information. The Allahabad pillar also has inscriptions by

the Mughal emperor Jahangir, who ruled in the 17th century
CE"
91,"India’s first tomb constructed in the Indo-
Islamic style was-",Humayun’s Tomb,Aibak’s Tomb,Balban’s Tomb,Alauddin’s Tomb,U.P.P.C.S. (Spl)(Pre),2004.0,b,"Exp) Option b is the correct answer.

Qutbuddin Aibak was an accomplished Polo, player. In
1210 A.D. he slipped from his horse while playing Polo, or
Chaugan as it was called in those days, and died. Aibak’s
Tomb was built by his predecessor Shamsuddin Altumish.
It is India’s first tomb constructed in the Indo-Islamic style."
92,"From the excavations of which ancient site,
information has been gathered regarding
brisk trade relations between India and
Rome, during the early centuries of
Christian era:",Madurai,Tamralipti,Tondi,Arikamedu,U.P.P.C.S. (Pre),2003.0,d,"Exp) Option d is the correct answer.

The ancient site from which information has been gathered
regarding brisk trade relations between India and Rome,
during the early centuries of the Christian era, is Arikamedu.

. Important Tips - - ~ |

Arikamedu:

« Arikamedu is an archaeological site located on the
banks of the Ariyankuppam River in Puducherry.

« It was a major port and trading center that had contacts
with the Roman Empire, as well as other regions such
as Egypt, Greece, Persia, and China.

* The site was excavated by various scholars, such as
Mortimer Wheeler, Vimala Begley, and Jean-Marie
Casal, who found evidence of Roman amphorae (jars),
coins, pottery, beads, glassware, terracotta figurines,
and other artifacts."
93,"The Chitragupta Swami Temple considered
to be the only temple of Chitragupta is
situated in:",Kanchi,Mathura,Puri,Ujjain,U.P.P.C.S. (Pre),1999.0,a,"Exp) Option a is the correct answer.

The Chitragupta Swami Temple is a Hindu temple located
in Nellukara Street Kanchipuram in the South Indian state
of Tamil Nadu. It is one of the rare temples of the Hindu
deity Chitragupta, considered to be the assistant of Yama, the
Hindu god of death. Chitragupta is believed to have emerged
from a painting and set as the accountant of good and bad
deeds of human beings by Brahma.

The temple has a three-tiered Rajagopuram (gateway tower)
and a single precinct around the sanctum. The present
masonry structure was built during the Chola dynasty in the
9th century, while later expansions are attributed to various
others. The temple is maintained and administered by the
Hindu Religious and Charitable Endowments Department of
the Government of Tamil Nadu. The major festival celebrated
in the temple is Chitra Pournami during April."
94,"The greatest painter of birds at Jahangir’s
Court was:",Khwaja Abdus Samad,Sayyid Ali Tabrizi,Basawan,Mansoor,"U.P BCS, (Pre)",1998.0,d,"Exp) Option d is the correct answer.

Mansur/Mansoor was a Mughal painter who was active
during the reign of Jahangir. He is considered to be one of
the greatest painters of birds in history, and he is known
for his realistic and detailed depictions of birds. Mansur’s
paintings are characterized by their use of light and shadow,
and their attention to the smallest details of the birds’
plumage and anatomy.

: Important Tips
; Some other important painters in Jahangir’s court

¢ Abu’l Hasan - skilled at painting portraits

¢ Mir Sayyed Ali and Muhammad Nadir - skilled
calligrapher

« Daswanth - Creating depth in painting and also
portraitist"
95,"The Temple of Bhubaneswara and Puri was
built in:",Nagara style,Dravidian style,Besara siyle,None of the above,(U.PIPC.S. (Pre),1997.0,a,"Exp) Option a is the correct answer.
The temples of Bhubaneswar and Puri in Odisha are
examples of the Nagara style of temple architecture,
which is prevalent in northern India. The Nagara style is
characterized by a curvilinear shikhara or tower over the
garbhagriha or sanctum, a square or rectangular plan, and a
stone platform with steps leading up to it. The Nagara style
has many regional variations, such as the Odisha school,
which features a vertical shikhara with a circular top, and a
porch or jagamohana with a pyramidal roof.

. Important Tips

¢ Dravidian style: It is characterized by towering
entrance gateways known as “gopurams,’” pyramidal
towers housing sanctums, elaborately carved pillars,
and the abundant use of granite. Some examples of
Dravidian temples are the Brihadeshwara temple in

| Thanjavur, the Meenakshi temple in Madurai, and the
Kailashnath temple in Kanchipuram.

« Besara/Vesara style: It was flourished in the Deccan
part of India. Also called the Hybridised style, it
combines features of Nagara and Dravida styles.
Chalukya’s rulers and Hoysala rulers promoted this
style. These temples exhibit a distinctive blend of
features, including pyramidal shikharas inspired by
the Dravida style, ornate mandapas reminiscent of the
Nagara style, and intricate carvings and sculptures that
depict mythological tales. __"
96,"The earliest specimen of ‘Kavya’ style is
found in the inscription of:
TURBOS, (Pre)1997]","Rudyadaman of Kathiawar
(yo)Ashoka",,Rajendra I,None of the above,,,a,"Exp) Option a is the correct answer.
The earliest example of the ‘Kavya’ style is found in the
Junagadh inscription of Rudradaman in Kathiawar, dated
around 150 CE. Rudradaman I was a Saka ruler from the
Western Kshatrapas dynasty. The inscription, in Sanskrit
prose, praises Rudradaman I and offers historical records. It
combines classical Sanskrit with features of the vernacular
style, reflecting early Kavya characteristics.

Important Tips

Rudradaman I:

¢« Rudradaman | was a Saka king from the Western
Kshatrapas dynasty.

« His realm included Konkan, Narmada valley,
Kathiawar, Gujarat, and Malwa.

« He repaired the Sudarshana Lake in Kathiawar
and converted to Hinduism after marrying a Hindu
woman.

* Rudradaman wrote the first lengthy chaste Sanskrit
inscription.

* ‘cquiring the title of Maha Kshatrapa, he maintained

! marriage ties with the Satavahanas. i
_* He reclaimed most of Nahapana’s domains through |
victories, except Pune and Nasik.

« Rudradaman vanquished the Yaudheya tribes in
Haryana, described as a militant republic.

« He engaged in wars with the Satavahanas, and his
daughter married Vashishtiputra Satakarni to end
conflicts.

e The Junagadh inscription (150 CE) attests his efforts in
promoting arts, literature, and lake restoration.

* Rudradaman’s reign also saw Yavanesvara’s
translation of Yavanajataka from Greek to Sanskrit,
influencing Indian astrology,"
97,"The Gandhara School of art is the synthesis
of:",Indian and Greek Art,Indian and Chinese Ari,Indian and ‘lurk-Aighan Art,,"U.PP.C.S, (Pre)",1996.0,d,"Exp) Option d is the correct answer.

The Gandhara School of art is a synthesis of Indian and
Greek art. This school of art emerged during the reign of
Kushana emperor Kanishka. It blended Greco-Roman artistic
elements with Indian ideas and was closely associated with
Mahayana Buddhisin. The Bamiyan Buddha statues stand as
prominent examples of the Gandhara style’s fusion of these
artistic influences."
98,"Between which of the following was the
ancient town of Takshashila located?
TUBRPC.S. (Pre)1996]",Indus and Jheluns,"Jhelum and Chenab
(c} Chenab and Ravi",,Ravi and Beas,,,a,"Exp) Option a is the correct answer.

The ancient town of ‘Takshashila, also known as Taxila,
was located between the Indus and Jhelum rivers in
present-day Pakistan. Takshashila was a center of learning,
culture, and trade in ancient India. It was founded by
Bharata, the son of Shakuntala and Dushyanta, according
to the Mahabharata. It was alsa associated with Chanakya,
the author of Arthashastra. It was visited by Alexander the
Great in 326 BCE and later became part of various empires
such as the Bactrian Greeks, the Scythians, the Parthians, the
Kushans, and the Guptas.

Takshashila declined after the invasion of the Huns in
the 5th century CE and was eventually abandoned. It was
rediscovered by archaeologists in the 19th century CE and is
now a UNESCO World Heritage Site."
99,"Vhe historical Digambar Jain temple of
Sonagini is in~ TOBIEC IS. (Pre)1996]
fa)Uttar Pradesh
(h)Rajasthan",,,Madhya Pradesa,Gdisha,,,c,"Exp) Option c is the correct answer.

The historical Digambar Jain temple of Sonagiri is located
in Datia district of Madhya Pradesh. Sonagiri means the
golden peak and is a sacred place for the Digambar sect of
Jainism. 1t has about 77 temples on a hill and 26 temples in the
village at the foot of the hill. The main temple is dedicated to
Chandraprabha, the eighth Tirthankara or spiritual teacher
of Jainism.

The temple complex dates back to the 9th and 10th centuries
CE and was patronized by various dynasties such as the

Pratiharas, the Chandellas, the Tomars, and the Scindias. It
is also a place of pilgrimage for Jains, especially during the
festivals of Kartik Purnima and Falgun Purnima."
100,"Angkor Wat Vishnu Tennple is located in:
PUB EC.S, (Pre)1995]",Java,Sumatra,Cambodia,Champa,,,c,"Exp) Option c is the correct answer.
Angkor Wat is a temple complex in the province of Siem
Reap, Cambodia, originally dedicated to the Hindu
god Vishnu in the 12th century CE. It was built by King
Suryavarman II as his state temple and eventual mausoleum.
Angkor Wat is the world’s largest religious structure, covering
some 400 acres (160 hectares), and marks the high point of
Khmer architecture. It is also a UNESCO World Heritage
Site."
101,built by:  1994],Rashtrakutas,,Chalukyas,,"ULB B.C.S, re",,a,"Exp) Option a is the correct answer.
The rock-cut teinples of Mahabalipuram were built by the
Pallava kings, who ruled the region from the 6th to the
9th centuries CE. The Pallavas were a powerful dynasty that
patronized art, literature, and architecture. They introduced
new innovations in the rock medium, such as cave temples,
monolithic temples, bas-relief sculptures, and structural
temples.

[ Important Tips |
Some of the notable monuments built by the Pallava |
kings are: |

!
¢ The rathas or chariots, which are five monolithic |
temples carved out of a single boulder, each named
after a character from the epic Mahabharata.
e« The mandapas or cave sanctuaries, which are richly
| decorated with sculptures depicting Hindu gods va
goddesses.

| ¢ The rock reliefs, such as the famous Descent of the

Ganges, which is a huge open-air relief measuring 27
| meters by 9 meters, showing the story of how the river
Ganga descended from heaven to earth.

| * The Shore Temple, which is a structural temple built on

| the edge of the sea, dedicated to Shiva and Vishnu. It is

| __one of the oldest stone templesin South India, |"
102,"The initial design and construction of which
massive temple took place during the reign
of Suryavarman-H?",Sri Mariamiman Temole,Angkor Wat Temple,Batu Caves Temple,Kamakhya ‘iemple,(CLBEC.S. (Pre),1993.0,b,",

Exp) Option b is the correct answer.

Angkor Wat is a temple complex at Angkor, near Siémréab,

Cambodia, that was built in the 12th century by King

Suryavarman II (reigned 1113-c. 1150). It is the largest

religious monument in the world, covering some 400

acres (160 hectares), and marks the high point of Khmer

architecture.

Angkor Wat was built as the state temple and eventual

mausoleum of Suryavarman II, who dedicated it to the

Hindu god Vishnu. The temple has a square plan with five

central towers symbolizing the peaks of Mount Meru, the

mythical abode of the gods. The temple walls are decorated
with bas-relief sculptures depicting scenes from Hindu epics
and history.

-

Important Tips

ie Sri Mariamman Temple: This is a Hindu temple in
Singapore, dedicated to the goddess Mariamman.
It is the oldest Hindu temple in Singapore, dating
back to 1827. It was built by Naraina Pillai, a Tamil
businessman and community leader.

« Batu Caves Temple: This is a Hindu temple complex
in Malaysia, dedicated to Lord Murugan. It is located
inside a series of limestone caves near Kuala Lumpur.
The temple was established in 1891 by K. Thamboosamy
Pillai, an Indian trader and philanthropist.

« Kamakhya Temple: This is a Hindu temple in India,
dedicated to the goddess Kamakhya. It is one of the
oldest and most revered Shakti Peethas, where the
body parts of Sati fell after she immolated herself. The
temple is located on a hilltop in Guwahati, Assam. The
current structure dates back to the 16th century, when
it was rebuilt by King Nara Narayan of Koch Bihar."
103,"The temples of Khajuraho are related with-
jU.BPC.S. (Pre)1993]",Buddhist religion,Hindu religion,Hindu and Jain,fain celigion,,,c,"Exp) Option c is the correct answer.

The Khajuraho group of temples were built together but

were dedicated to two religions, Hinduism and Jainism,

suggesting a tradition of acceptance and respect for diverse

religious views among Hindus and Jains in the region. The

temples reflect the different sects and beliefs of these two

religions, such as Shaivism, Vaishnavism, and Digambara.

The temples are also known for their exquisite sculptures

that depict various aspects of human life, including erotic

themes. The Khajuraho temples are a remarkable example of

the Nagara style of architecture, which is characterized by a

sanctum, a shikhara, a mandapa, and an ambulatory passage."
104,‘Khe caves of Ajanta and Evora are in-,Andhra Pradesh,Macibya Pradesh,Maharashtra,Rajasthan,,,c,"Exp) Option c is the correct answer.

The caves of Ajanta and Ellora are located near Aurangabad

in Maharashtra, India. They are UNESCO World Heritage

Sites and are considered to be one of the finest examples of

ancient rock-cut caves in India. The caves of Ajanta date back

to between the 2nd century BCE and the 6th century CE,

and contain Buddhist paintings and sculptures. The caves

of Ellora date back to between the 6th and 11th centuries

CE, and contain Hindu, Buddhist and Jain monuments. The

most spectacular of these is the Kailasa Temple, a massive

monolithic structure dedicated to Shiva."
105,"Who built the Babri mosque established in
Ayodhys?",Babur,Humayun,Nizam-ul-Mulk,Mir Baqi,U.P.BC.S. (Pre),1992.0,d,"Exp) Option d is the correct answer.

According to the mosque’s inscriptions, it was built in 1528-

29 by Mir Baqi, a general of the Mughal emperor Babur."
106,"Match List-l with List-II and select the correct answer using the cedes given below the lists:
A.Sun Tempie             1.Karnataka
B.Lingaraja Temple       2.Kornark
C.Hawa Mahal             3.Jaipur
D.Statue of Gomateshwara 4.Bhubaneswar
Goede: 
ABCD",2 4 3 1,2 4 1 3,4 2 1 3,3 1 2 4,UPPCS (Pre),1992.0,a,"Exp) Option a is the correct answer.

« Sun Temple: This is a Hindu temple dedicated to the sun
god Surya, located in Konark, Odisha, India. It was built
by King Narasimhadeva I of the Eastern Ganga dynasty

in the 13th century CE. It is famous for its chariot-shaped
design, intricate stone carvings, and erotic sculptures. It
is also a UNESCO World Heritage Site.

¢ Lingaraja Temple: This is a Hindu temple dedicated to
Shiva, located in Bhubaneswar, Odisha, India. It was built
by the Somavamsi and Ganga kings between the 11th
and 12th centuries CE. It is one of the oldest and largest
temples in Odisha and represents the peak of Kalinga
architecture. It has a towering spire that is 55 meters high
and a complex of smaller shrines and halls.

« Hawa Mahal: This is a palace built by Maharaja Sawai
Pratap Singh of Jaipur in 1799 CE in Jaipur, Rajasthan,
India, It is also known as the Palace of Winds or the
Palace of Breeze. It is famous for its honeycomb-like
structure with 953 small windows or jharokhas that allow
the breeze to flow through and keep the palace cool. It
was designed as an extension of the City Palace and was
used by the royal women to observe the street festivities
without being seen by the public.

¢ Statue of Gomateshwara: This is a monolithic statue
of Bahubali, also known as Gomateshwara, a revered
figure in Jainism. It is located on Vindyagiri Hill in
Shravanabelagola, Karnataka, India. It was built by
Chamundaraya, a minister of the Ganga king Rachamalla
IV, in 983 CE. It is one of the largest free-standing
statues in the world, measuring 17 meters in height. It
is an important pilgrimage site for Jains and is the venue
for the Mahamastakabhisheka festival that takes place
every 12 years, when the statue is anointed with various
substances such as milk, saffron, and sandalwood paste."
107,"Who of the following ruler constructed the
‘Sanchi Stupa’t",Bimbisara,Ashoka,"Harshavardihana
yey sate",Pusyamitra,URBC.S. (Pre),1994.0,b,"Exp) Option b is the correct answer.

The Sanchi Stupa was constructed by the Mauryan emperor

Ashoka the Great in the 3rd century BCE. Originally

a simple hemispherical brick structure housing the

relics of the Buddha, it was later crowned with a chatra,

symbolizing high rank and providing honor and shelter

to the relics. Ashoka, overseeing its construction, had a

personal connection to Sanchi, as his wife Devi hailed from

nearby Vidisha. The stupa saw enhancements like elaborately
carved toranas and a surrounding balustrade during the Ist
century BCE, Originally built with bricks, the Sanchi Stupa
holds immense significance in Indian architecture and
remained relevant until the 11th century.

Important Tips

Stupas: ;

Stupas, integral to Buddhist heritage, are mound-

like structures often used for meditation and relic

preservation.

« Origins: Stupas served as burial mounds since Vedic
times, containing ashes and relics of the deceased.

¢ Symbolism: These structures symbolize a traditional |
burial cumulus, preserving remains and relics of the |
deceased. __.

» Ashokan Epoch: The zenith of stupa art was during
Ashoka’s reign. He is beleived to have constructed
around 84,000 stupas, each enshrining Buddha's relics.

¢ Nine Principal Stupas: According to tradition, nine
stupas were built, eight over relics and one over the
vessel that held them. They stand at key sites: Rajagriha,
Vaishali, Kapilvastu, Allakapa, Ramagrama,
Vethadipa, Pava, Kushinagar, and Pippalvina.

e Structure: A stupa consists of cylindrical drum and
circular anda, crowned by harmika and chhatra.
Minimal variations exist in shape and size.

Upperlevel ee
walleway Chatras wt Ee Yast
or Ambulatory _ovo— BUBEESE -—— Harmika
Passageway 7” a Stupa Dome
West | ra ‘East
& torana| i eet \ torana 7
» en \
ae Le rer Double South torana Stone fence
- stairway"
108,"Which statemant is truc about the Mughal
paintings? MBBS. (Pre)18991]",S hore Temple,Khajuraho Temple,Konark Sun Temple,Deogarh Temple,,,d,"Exp) Option d is the correct answer.
Mughal paintings encompassed a diverse range of subjects,
including battle scenes, depictions of animals, birds, and
natural landscapes, as well as courtly life and courtiers,
"" showcasing the rich variety of themes and subjects explored
by Mughal artists.
Important Tips

Key Features of Mughal Paintings:

¢ Artistic Medium and Substrate: Handmade paper
served as the canvas for Mughal paintings, providing a
unique texture and foundation for artistic expression.

|° Vibrant and Natura! Colors: Utilizing opaque hues,
Mughal artists sourced colors from nature, meticulously
grinding and blending pigments to achieve rich and
authentic shades.

» Specialized Paintbrushes: Artists employed diverse
brushes crafted from squirrel or kitten hair, enabling
intricate detailing and varying strokes.

« Collaborative Workshop Creation: Mughal paintings
emerged from collaborative workshops, where groups
of artists worked cohesively, The process encompassed
preliminary sketches, pigment preparation, and final
color application.

* Honoring Master Artists: Esteemed master artists
were cataloged within the royal atelier, signifying their
prominent roles within the court and artistic lineage.

« Embellishments with Precious Metals: Gold and silver
powders were skillfully integrated with colors, lending
opulence and extravagance to Mughal artworks.

[en |"
109,,,,,,,,c,"Exp) Option c is the correct answer.
The Konark Sun Temple is a 13th-century CE temple
dedicated to the Hindu Sun God Surya, located in Odisha,
India. It is also known as the Black Pagoda because of its
dark colour and its magnetic power that drew ships into the
shore and caused shipwrecks. The European sailors used it as
a navigational landmark and contrasted it with the Jagannath
Temple in Puri, which they called the White Pagoda. The
Konark Sun Temple is a UNESCO World Heritage Site and a
major pilgrimage site for Hindus."
110,"The Gujarra minor rock edict, in which the
name of Ashoka is mentioned, is located in-",Mirzapur district of Uttar Pradesh,Datia district of Madhya Pradesh,Jaipur district of Rajasthan,Champaran district of Bihar,U.P. Lower Sub. (Pre),2008.0,b,"Exp) Option b is the correct answer.
The Gujarra minor rock edict, is located in Datia district
of Madhya Pradesh. The edict is situated north of the village
Gujarra at the foot of a low hill known as Siddham ki Todiya.
It was discovered in 1953 CE. The inscription refers to
Ashoka by his personal name and titles: “Devanampiya
Piyadasi Asokaraja.”"
111,"Which of the following Ashokan
inscriptions is devoted to the principle of
religious tolerance completely?",Rock edict XII,Rock edict XIJ,Pillar inscription VU,Bhabru minor rock edict,U.P. Lower Sub. (Pre),2008.0,b,"Exp) Option b is the correct answer.
Rock Edict XII contains the inscription which is completely
devoted to the principle of religious tolerance. It contains
a directed and determined request for tolerance among
different religious sects. It reflects Ashokas commitment
to peaceful coexistence and understanding among different
faiths. This edict is also notable for being written in Greek
in the Kandahar Greek Edict of Ashoka (last portion),
showcasing Ashoka’s commitment to conveying his message
across linguistic boundaries. ."
112,Sarnath Pillar was built by-,Harshavardhana,Ashoka,Gautam Buddha,Kanishka,U.P. Lower Sub. (Spl)(Pre),2008.0,b,"Exp) Option b is the correct answer.
The Sarnath Pillar, known as the Lion Capital of Ashoka,
was built by the Mauryan emperor Ashoka around 250
BCE. It features four life-sized lions back-to-back on an
abacus, symbolizing Ashoka’s association with Buddhism.
The pillar commemorates the site of Gautama Buddha's first
serinon. It stands 2.1 meters tall, crafted from a single block
of polished sandstone. This iconic pillar is on display near its
original location in Sarnath, representing both Buddhist and
secular symbolism. The Lion Capital also inspired India’s
national flag emblem and state emblem.
_ Important Tips
Ashokan pillars:
« The Ashokan pillars, strategically placed, symbolized
the axis mundi, connecting heaven and earth.
« Found at various sites including Lavuriya-Araraj,
Lauriya Nandangarh, Rampurva, Nigali Sagar, i
| Sarnath, Topra, and Meerut, they conveyed diverse |
messages.
« Interestingly, two pillars relocated by Feroz Shah
Tughlaq to Delhi were from Topra and Meerut. —__

¢ Notably, some, like the bull capital at Rampurva, the
lion capital at Vaishali, and the Kolam pillar, lack
inscriptions.

e These pillars shared common characteristics:

e Crafted from Chunar sandstone, they were mostly
monolithic, having a polished surface.

e Rising 12-14m, the plain cylindrical shaft, without a
base, met a bell capital, which took the shape of an
inverted lotus.

« An abacus atop the bell capital supported the
crowned animal. This abacus evolved from square and
plain to curved and circular.

» Fully carved on all sides, they intended to be viewed
from all angles.

* Rich in symbolism, the motifs held profound meaning:

+ Lotus represented purity and fertility.

« Lion symbolized solar energy and Buddha, termed
Sakyasimha.

» Bull was associated with fertility.

- Elephant resonated with Buddha's miraculous
conception.

+ Spoked wheel indicated the wheel of dharma and
sovereignty.

« Horse signified Siddhartha’s departure for
enlightenment, depicting key aspects of Indian

___feligious traditions."
113,"Who amongst the following Sultans built
the fitth Storey of Qutb Minar?",Qutbuddin Aybak,Ututmish,Firuz Shah Tughluq,Sikandar Lodi,U.P. Lower Sub. (Spl)(Pre),2004.0,c,"Exp) Option c is the correct answer.
Qutab-ud-din Aibak, the first Muslim ruler of Delhi,
commenced the construction of the Qutab Minar in 1200
AD, but could only finish the basement. His successor,
Iltutmush, added three more storeys, and in 1368, Firoz Shah
Tughlak constructed the fifth and the last storey. The first
three storeys are made of red sandstone; the fourth and fifth
storeys are of marble and sandstone. At the foot of the tower
is the Quwwat-ul-Islam Mosque, the first mosque to be built
in India. It isa UNESCO World Heritage Site in the Mehrauli
area of South Delhi, India."
114,"Which centre consists of more than 100
Buddha caves?","Both (A)and (R)are true, and (R)is the
correct explanation of (A).","Both (A)and (R)are ture, but (R)is not
the correct explanation of (A),","(A)is true, but (R)is false.","(A)is false, but (R)is true.",U.P. Lower Sub. (Pre),2002.0,c,"Exp) Option c is the correct answer.

The Kanheri caves are a group of rock-cut Buddhist

monuments located in the Sanjay Gandhi National Park,

near Mumbai, Maharashtra. They are one of the largest and
oldest cave complexes in India, dating from the lst century

BCE to the 10th century CE. The caves contain more than

100 Buddhist shrines, monasteries, halls, and stupas, carved

out of basalt rock. The caves also have sculptures, paintings,

and inscriptions that reflect the history and culture of
: Buddhism in India."
115,,,,,,,,c,"Exp) Option c is the correct answer.

Assertion is true: Akbar constructed the Buland Darwaza

in 1575 to commemorate his victory over Gujarat. The

Buland Darwaza is the main entrance to the Jama Masjid

at Fatehpur Sikri, and is one of the highest gateways in the

world. It is an example of Mughal architecture, and displays
sophistication and heights of technology in Akbar’s empire.

Reason (R) is false: Akbar did not build the Buland

Darwaza to celebrate the birth of his son Jahangir. Jahangir

was born in 1569, six years before the construction of the

Buland Darwaza. Akbar built another monument, called

the Hiran Minar, at Fatehpur Sikri to mark the birth of

Jahangir. The Hiran Minar is a tower with a height of 21.34

metres and has a stone elephant on its top.

Akbar built Buland Darwaza to commemorate his victory

over Gujarat. Buland means victorious. So when Akbar won

over Gujarat, he thought to build something remarkable as

a memorial. That's how the idea of building this gate was

worked out at Fatehpur Sikri."
116,"Consider the following statements about

Kanaganahalli archaeological site :

1. It is situated on the bank of Bhima river.

2. The remains of the Kanaganahalli
Stupa can be dated between Ist and 3rd
centuries CE.

3. Emperor Ashoka’s image was found at the
Site.

Which of the statements given above are

correct?",1 and 2 only,2 and 3 only,land 3 only,"1,2 and 3",CDS  (1),2023.0,d,"Exp) Option d is the correct answer.

Statement 1 is correct: The Kanaganahalli archaeological

site is located on the bank of the Bhima river in Karnataka,

India.

Statement 2 is correct: The remains of the Kanaganahalli

Stupa can be dated between Ist and 3rd centuries CE.

The Kanaganahalli Stupa, which is a significant feature of

the archacological site, can be dated back to the Ist and 3rd

centuries CE. The stupa represents the Buddhist architectural
style of that period.

Statement 3 is correct: During excavations at the

Kanaganahalli site, an image of Emperor Ashoka, a

renowned Mauryan emperor who played a significant role

in the spread of Buddhism, was discovered. This finding
suggests the influence of Ashoka’s patronage of Buddhism
in the region."
117,"Manav is planning to visit all UNESCO

World Heritage Sites in Delhi. He will be

visiting?","Red Fort, Qutab Minar, Jama Masjid","Red Fort, India Gate, Qutab Minar","Red Fort, Qutab Minar, Humayun Tomb","Red Fort, Humayun Tomb, India Gate",CDS  (D,2023.0,c,"Exp) Option c is the correct answer.

Manay, while planning to visit all UNESCO World Heritage

Sites in Delhi, will be visiting Red Fort, Qutab Minar, and

Humayun Tomb.

The three UNESCO World Heritage Sites in Delhi are:

1) Qutub Minar and its Monuments, a complex of structures
built in the 12th and 13th centuries, including the
72.5 m high red sandstone tower of Qutub Minar, the
Quwwatu'l-Islam Mosque, the Alai-Darwaza Gate, and
the Iron Pillar of Delhi.

2) Humayun’s Tomb, a garden-tomb built by the widow of
the Mughal Emperor Humayun in 1562, and considered
as the precursor of the Taj Mahal.

3) Red Fort, a fort and palace complex built by the Mughal
Emperor Shah Jahan in 1639, and a symbol of Mughal
power and architecture."
118,"Which of the following statements about
sculptures at Sanchi is/are correct?

1. Insome sculptures there is representation
of Shalabhanjika.

2. The figure of Shalabhanjika is represented
by a woman surrounded by lotuses and
elephants.

3. The Shalabhanjika motif was not directly
inspired by Buddhist ideas.

Select the correct answer using the code given

below:","1,2 and3",2 and 3 only,2 only,1 and 3 only,CDS§ (1),2022.0,d,"Exp) Option d is the correct answer.
Statement 1 is correct- Shalabhanjika is a common motif
in Indian art and is often depicted as a female figure in a
graceful pose. It is found in some of the sculptures at Sanchi.
Statement 2 is incorrect- While the figure of Shalabhanjika
is indeed represented by a woman, she is typically depicted
as standing under a tree, holding a branch, and not
necessarily surrounded by lotuses and elephants.
Statement 3 is correct- The Shalabhanjika motif predates
Buddhism and is found in various ancient Indian art forms,
including Buddhist, Jain, and Hindu sculptures. It is a
motif associated with fertility and abundance rather than
being specific to Buddhist ideas."
119,"Which one of the following painters was not

associated with Humayun? (CDS§ 20621(D]",Mir Sayyid Ali,Maulana Dost Musawir,Maulana Yusuf,Bihzad,,,d,"Exp) Option d is the correct answer. .
Bihzad, a renowned Persian painter during the Timurid
period, was not associated with Emperor Humayun. While
highly influential in Persian and Islamic miniature painting,
Bihzad primarily worked under the patronage of the
Timurid court and regional rulers in Persia and Central
Asia, making him unrelated to Humayun’s artistic circle."
120,"The famous Mughal painting, depicting

Jahangir embracing the Safavid king Siaah

Abbas, was painted by which one of the

following Mughal painters?",Abd al-Samad,Abul Hasan,Dasavant,Bishandas,CDS  (),2020.0,b,"Exp) Option b is the correct answer.
Abul Hasan was a court painter during the reign of
Jahangir. He was known for his naturalistic style and his
ability to capture the likeness of his subjects. The painting
of Jahangir embracing Shah Abbas is one of his most famous
works.

Important Tips

The Mughal Painting depicting Jahangir embracing the

Safavid King:

¢ The painting is an allegorical portrait, depicting the
friendship between the Mughal and Safavid empires.

« It shows Jahangir and Shah Abbas standing atop the |

: world, with a lion and lamb lying together at their |
feet.

« The lion and lamb represent the two empires, and
their peaceful coexistence symbolizes the friendship
between the two rulers.

* ‘The painting is also notable for its use of symbolism.
The globe at the feet of the two rulers represents their
power and authority.

|* The halos around their heads represent their divinity.
| And the two rulers’ clothing is carefully depicted to
' show their respective cultures."
121,"In the Gendhara School of Art, initially
bing schist and green phyllite were used.
When did stucco completely replace stone
as ihe weain maierisl used by Gandhara
School sculptors? [CDS 2620 CL)|","A shoka played an important role in
popularising the Stupa cult","They were repositorics of relics of Buddha
and other monks",They were located in rural areas,They were located close to trade routes,,,c,"Exp) Option c is the correct answer.

The Gandhara School of Art was a Greco-Buddhist
school of art that flourished in the Gandhara region (now
in Pakistan and Afghanistan) from the Ist to the 5th

centuries CE. The school’s sculptors initially used blue

schist and green phyllite, but by the 3rd century CE, stucco

had completely replaced stone as the main material used
for sculptures.
Important Tips -

Stucco:

« Stucco is a type of plaster that is made from lime,
sand, and water.

¢ Itisa relatively soft material, but it can be hardened
by exposure to air.

e Stucco was a popular material for sculpture in the
ancient world, and it was used by many different
cultures, including the Greeks, Romans, and Egyptians.

« The use of stucco in the Gandhara School of Art
had a significant impact on the style of the school’s
sculptures.

« Stucco is a more malleable material than stone, and |
this allowed the sculptors to create more realistic :
and expressive figures. |

¢ The use of stucco also made it possible to paint and

| gild the sculptures, which added to their beauty and

| visual appeal. oe"
122,,,,,,,,c,"Exp) Option c is the correct answer.

Buddhist Stupas were typically located in urban areas,
close to trade routes. This was because they were important
pilgrimage sites for Buddhists, and they also served as a way
to spread the Buddhist message to people from all walks of
life."
123,"What form of Shiva is most prominent in
the Erihadeshwara tempie built by the
Chola dynasty?",Harihara,Bhaivava,"Rudra
(4)Tripurantaka",,CDS  AD,2016.0,d,"Exp) Option d is the correct answer.

Tripurantaka form of Shiva is the most prominent in
the Brihadeshwara temple. The Brihadeshwara temple,
also known as the Peruvudaiyar Kovil, is a Hindu temple
dedicated to Lord Shiva and is located in Thanjavur, Tamil
Nadu, India. It was built during the reign of the Chola
dynasty in the 11th century CE. The temple showcases
various manifestations of Lord Shiva, but the most prominent
form depicted is that of Tripurantaka. Tripurantaka is a
fierce aspect of Lord Shiva, symbolizing the destruction of
the demon Tripurasura. This form is often depicted with
multiple arms, holding various weapons, and riding a
chariot."
124,"Which one of the fol-owing is the common
clement heiween the Kailasnatha
termple at KHora and the Sore temple at
Mamalapuram? [CDS 2016 (1)","Both are examples of Nagara architectu.
[b)Roth are carved out from solid rocks .",,Both are Gupta period temples.,"Both were built under the patronage of
Pallava Kings.",,,b,"Exp) Option b is the correct answer.

The Kaijlasanatha temple at Ellora and the Shore temple
at Mamallapuram share the common feature of being
monolithic temples, meaning they are carved out of solid
rock. The Kailasanatha temple, dedicated to Shiva, holds
the distinction of being the largest monolithic temple
globally. On the other hand, the Shore temple, dedicated
to Shiva and Vishnu, is comparatively smaller in size.

Both temples exemplify the Dravidian architectural style
prevalent in southern India, characterized by the use of
granite, intricate sculptures, and pyramidal towers. The
Kailasanatha temple was constructed by the Rashtrakuta
dynasty in the 8th century CE, while the Shore temple was
built by the Pallava dynasty in the 7th century CE. These
remarkable temples have been recognized as UNESCO
World Heritage Sites."
125,"Which of the following is/are NO'T depicted
in the Rajput pabitings?
1. The stories of Krishna
2. Ragas an- Raginis
3. The deedsof Hamza
4. ‘Phe deed of Babur
Sclect the crrect answer using the codes
given below: 
 1, Zand  3",,"2,3 and 4",Sand 4,4 only,CDS  (,2616.0,c,"Exp) Option c is the correct answer.
Option 1 is correct- The stories of Krishna were often
depicted in Rajput paintings, showcasing scenes from the
life of Lord Krishna and his interactions with Radha and
other gopis.
Option 2 is correct- Ragas and Raginis, which are melodic
modes in Indian classical music, were also a popular subject
in Rajput paintings. Each raga and ragini was associated
with a specific mood or emation, and artists depicted these
musical modes visually.
Option .3 is incorrect- The deeds of Hamza, who is a
legendary hero from Arabic and Persian literature, were not
commonly depicted in Rajput paintings. Rajput paintings
primarily focused on Indian themes and narratives.
Option 4 is incorrect- The deeds of Babur, the founder of the
Mughal Empire in India, were also not commonly depicted in
Rajput paintings. Rajput paintings largely celebrated Rajput
culture, history, and legends, rather than depicting Mughal
rulers or their deeds. _

Important Tips

Schools of Rajput Painting:

¢ Bikaner School: Known for its bold and rich color
palette and intricate details.

¢« Bundi-Kota Kalam School: Renowned for its delicate
and lyrical style, emphasizing poetic themes and
miniature art.

¢ Jaipur School: Characterized by its blend of Mughal
and Rajput styles, featuring vibrant colors and detailed
compositions.

¢ Kishangarh School: Recognized for its ethereal
and romantic portrayal of Radha and Krishna, with
elongated features and lyrical expressions.

e Marwar School: Focused on heroic and narrative
themes, with strong lines and vibrant colors.

« Mewar School: Celebrated for its majestic and grand
depictions of Rajput royalty and courtly scenes.

+ Raagamala School: Devoted to illustrating the musical
modes or raagas, with intricate compositions and
delicate brushwork.

« Amber and Jaipur: Reflecting the influence of Mughal
and Rajput styles, characterized by detailed portraits
and courtly scenes. __"
126,"Which oue among the following was NOY
an atirvibule of Samudragupta described in
Prayag Prashasti?",Sharp and polished intellect,Accomplished sculptor,Fine musical performances,Poetical talent of a genius,CDS  (3),2016.0,b,"Exp) Option b is the correct answer.
The Prayag Prashasti is an inscription that was composed
in the 4th century CE to eulogize the Gupta emperor
Samudragupta. The inscription describes Samudragupta
as a man of many talents, including his sharp and polished
intellect, his fine musical performances, and his poetic
talent. However, the inscription does not mention
Samudragupta as an accomplished sculptor.
Important Tips
Samudragupta, who reigned from 335/336 CE to 375
CE, was known as the “Napoleon of India” according
to V.A. Smith. His military campaigns are documented
in inscriptions such as the Eran inscription in Madhya
Pradesh and the Allahabad Pillar Inscription (Prayaga-
Prashasti). He pursued a policy of war and conquest.
Additionally, Samudragupta issued coins bearing the
inscription “restorer of the asvamedha,” indicating his
association with the ritual horse sacrifice."
127,"Which one of the following boeks was NOT
illustrated with paintings in Akbar’s court?
ICDS 2616 (1)",Wamzanama,Razmnama,Baburnama,Yarikh-i-Alfi,,,d,"Exp) Option d is the correct answer.
Tarikh-i-Alfi is a history of the Muslim millennium, written
by Mulla Daud and compiled by Akbar. It was not illustrated
with paintings because it was a historical text, and Akbar
did not believe that paintings were appropriate for historical
works."
128,"Consider the following statements about
votive inscriptions in the 2nd century BC:

1. They record gifts made to religious
institutions.

2. They tell us about the idea of transference
of the meritorious results of the action of
one person to another person.

Which of the statement(s)given above is/are

correct? [CDS 2016 (Dj",Only 1,Only 2,"Both 1] and 2

(d} Neither 1 nor 2",,,,c,"Exp) Option c is correct answer.
Statement 1 is correct: Votive inscriptions from the 2nd
century BC often record gifts made to religious institutions.
These inscriptions serve as evidence of the patronage and
donations made by individuals or communities to support
and maintain religious establishments.
Statement 2 is correct: Votive inscriptions provide insights
into the concept of transferring the meritorious results of
one’s actions to another person. This idea is often associated
with the practice of making donations or performing
religious acts on behalf of oneself or others to accumulate
spiritual merit or blessings."
129,"Consider the following statements:

I. The inscriptions on the pillar at
Rumunindei give vivid details of Ashoka’s
Dhamma.

2. ‘the Nigalisagar inscription records
the fact of Ashoka having visited the
Konagamana stupa.

Which of the statement(s)given above is/arc-
orrect?",Only1,"Only 

[c)Both t and 2",,Neither 1 nor 2,CDS  (),2016.0,b,"Exp) Option b is the correct answer.
Statement 1 is incorrect: The inscriptions on the pillar at
Rummindei do not give vivid details of Ashoka’s Dhamma,
but rather record his visit to Lumbini, the birthplace of the
Buddha, and his exemption of Lumbini from tax.
Statement 2 is correct: The Nigalisagar inscription records
the fact of Ashoka having visited the Konagamana stupa
near lumbini, one of the ancient stupas of a previous
Buddha, and having enlarged it and erected a pillar there.
This inscription provides evidence of Ashoka’s pilgrimage
to various Buddhist sites and his support for the Buddhist
faith."
130,"Which of the following statemeni(s)about
visual culture in 18th and early 19th century

North India is/are correct?

1. Painters from Patna and Murshidabad
flocked to Calcutta and prodiuced water
colours in the English mode.

2. Landscape and portraiture became
extremely important at this time.

3. The artists Zayan-al-Din, Bhawani Das
and Ram Das were adopted by the English
Kast India Company to produce albums
of India birds and animals.

4. While Indians were influenced by-European artistic styles, Europeans artists
id not visit regional courts.
Select the correct answerusing the cades

given bel:  -
a)1,2 and 3
(b} 2 and",,,"1,3 and 

[d)Only 4",,CDS  (1),2015.0,a,"exp) Option a is the correct answer.
ifatemenut Lis correct: Painters frora Paina and Murshidabad
flocked to Calcutta and produced watercolors in the English
mode, During the [8th and early i9th century, there was a
migration of artists from various regions to Calcutta, where
they adopted the English mode of painting and produced
watercolors.
Statement 2 is correct: Landscape and portraiture became
extremely important at this time. During this period,
landscape and portraiture gained significant importance
in the visual culture of Novth India. Artists focused on
capturing aatural scenery and depictuig individuals through
portraits.

Statement 3 is correct: The artists Zayan-al-Din, Bhawani

Das, and Ram Das were adopted by the English East India

Company to produce albums of Indian birds and animals.

These artists were indeed comunissioned by the English Fast

India Company to create albums depicting Indian birds and

animals, showcasing the rich fauna of the region.

Statement 4 is incorrect: While Indians were influenced by

European artistic styles, European artists also visited the

regional courts. European artists cid visit regional courts

in North India during this period, and their presence and
influence had an impact on the local artistic styles and
techniques."
131,"Match the following
List I(Temple)         List II(Town)
A.Kailasanathar       1.Bhuvneshwar
B.Lingaraj            2.Khajuraho
C.Kandariya Mahadev   3.Mount Abu
D.Dilwara             4.Kanchipuram

Codes : 
A B C D",4 2 1 3,4 1 2 3,3 1 2 4,3 2 1 4,CDS  (D),2014.0,b,"Exp) Option b is the correct answer.

+ Kailasanathar temple is located in Kanchipuram,
Yamil Nadu. It is one of the oldest temples in the region
and is dedicated to Lord Shiva. The temple is known for
its architectural grandeur and intricate carvings.

» Lingacaj temple is situated in Bhubaneswar, Odisha. It
is a raajor pilgrimage site for devatces of Lord Shiva. The
temple is known for its towering spive and architectural
brilliance, representing the Kalinga style of architecture.

+s Kanderiya Mahadev temple is located in Khajuraho,
Madhya Pradesh. It is one of the most famous temples in
the Khajuraho Group of Monuments, a UNESCO World
Heritage site. Uhe temple is dedicated to Lord Shiva and
is renawned for iis exquisite sculptures and intricate
ariwork.

e 6DBilwara temples are a group of Jain temples located
in Mount Abu, Rajasthan. These temples are known
for their exceptional craftsmanship and intricate
marble carvings. Ihe temples are dedicated to various
Jain Tivthankaras and are considered among the most
important pilgrimage sites for Jains."
132,"‘The only inscribed stone portrait of

Emperor Ashoka has been found at",Sanchi,Amaravati,Kanaganahalli,Ajanta,CDS  (1),2014.0,c,"Jinp) Option cis the correct answer,

Kanaganahalli is the site where the only inscribed stone

portrait of Kmpexor Ashoka has been found. Kanaganahalli

is iocated near Sannati, Karnataka. lt is the sitc of an ancient

Buddhist stupa and monastery that dates back to the 2nd-3rd

century CE. The stupa was excavated by the Archaeological
Survey of India between 1994 and 2002."
133,"Ashokan inscriptions in Afghanistan are
written in which one of the following

scripts?",Brahmi,Sharada,Kharoshthi,Greek-Aramaic,CAPF,2022.0,d,"Exp) Option d is the correct answer.
The Ashokan inscriptions in Afghanistan are written in the
Greek-Aramaic script. Emperor Ashoka, during the 3rd
century BCE, commissioned these inscriptions as part of his
cfforts to spread Buddhist teachings and principles. While
most of Ashoka’s inscriptions in India are written in Brahmi
script, the inscriptions found in Afghanistan, specifically in
places like Kandahar and Laghman, are in Greek-Aramaic
script. This indicates the presence and influence of Greek
and Aramaic-speaking communities in those regions during
that time.

Important Tips |
Some other scripts:

Brahmi script- It is one of the oldest known scripts
and considered as the ancestor of many modern Indian
| scripts, including Devanagari, Bengali, and Tamil. It
ij was developed around the 3rd century BCE and was
; widely used in various regions of the Indian subcontinent
| including the Indus Valley Civilization, the Maurya
! Empire, and the Gupta Empire. !
| Sharada script- It is an ancient script primarily used for
| writing Sanskrit and Kashmiri languages. It originated in
the Kashmir region, but it was also used in other parts
| of northern India, suck as Punjab and Himachal Pradesh
| and was prominent between the 8th and 12th centuries
' Kharoshthi script- It was used in ancient Gandhara, a
_ region spanning parts of modern-day Afghanistan and
| Pakistan. It was prevalent from the 3rd century BCE to |
i the 3rd century CE. |"
134,"Consider the following statements:

l. The early Malwa school of paintings was
influenced by Shirazi school while the
early Mughal paintings initially followed
Bihzad school.

2. The major exponents of the Bihzad school
in India were Sayyid Ali and Abdus
Samad.

Which of the statements given above is/are

correct?",1 only,2 only,Both 1 and 2,Neither I nor 2,CAPE,2022.0,c,"Exp) Option c is the correct answer.

Statement I is correct- The Malwa school of painting,
emerging in 15th and l6th century central India, drew
from Persian influences, particularly the Shirazi school,
and showcased vivid colors, intricate nature depictions,
and narrative storytelling, often featuring Hindu and Jain
mythological scenes. Notable works include the Rasikapriya
illustrating Krishna’s life and the Gita Govinda. Conversely,
early Mughal paintings, influenced by the Bihzad school but
forming their unique blend of Persian and Indian styles,
are famed for vibrant colors, intricate natural depictions,
and strong storytelling. Noteworthy pieces include the
Hamzanama, depicting Hamza’s life, and the Akbarnama,
portraying Mughal emperor Akbar’s life.

Statement 2 is correct- The major exponents of the Bihzad
school in India were Sayyid Ali and Abdus Samad. Bihzad
was a Persian painter who was active in the 15th and 16th
centuries. He was known for his innovative use of perspective
and his realistic depiction of figures. Sayyid Ali and Abdus
Samad were both students of Bihzad and they brought his
style to India."
135,The ‘King of Dance’ is a description of,Trimurti at Elephanta Caves,Kaliyamardan of Krishna,Bodhisattva Maitreya at Gandhara,Bronze Nataraja of the Cholas,CAPF,2022.0,d,"Exp) Option d is the correct answer.
The bronze Nataraja of the Cholas is a 10th-century
Chola bronze statue of the Hindu god Shiva in the form of
Nataraja, the “Lord of Dance”. The statue depicts Shiva in
a dancing pose, with one leg raised and the other bent. He
is holding a drum in one hand and a flame in the other. The
statue is made of bronze and is about 1.2 meters tall.
Important Tips -
Key features of the Nataraja sculpture include: i
» Upper right-hand holding a drum, representing the |
sound of creation. |
¢ Upper left-hand holding eternal fire, symbolizing |
destruction as a natural counterpart to creation.
« Lower right hand in Abhay mudra gesture, offering
reassurance to devotees.
« Lower left-hand pointing to the raised foot, indicating
the path to salvation.
¢ Dancing on a dwarf, representing ignorance and ego.
« Matted hair symbolizing the Ganges river’s flow.
¢ Qne ear with a male earring, the other with a female
earring, signifying unity (Ardhanarishwar).
« A snake around Shiva’s arm, representing the dormant
kundalini power.
» Surrounded by a glowing nimbus signifying endless
cycles of time. ;"
136,"Which one of the following was NOT a
feature of the art of painting in India in the

19th century?","Art was being produced for the open
market.","The artist (Shilpi)became distinct from
the artisan (Karigar).","The technique of oil painting was
developed.","The distinction between elite and popular
art widened,",CAPF,2022.0,a,"Exp) Option a is the correct answer.
Option a is incorrect- In the 19th century, art was not
produced for the open market. During this period, the
art of painting in India was often patronized by the royal
courts, nobility, and wealthy individuals. Artists were
commissioned to create artworks for these patrons, and the
focus was on producing art for specific patrons rather than
for the open market.
Option b is correct- The artist (Shilpi) became distinct
from the artisan (Karigar). This was a gradual process
that began in the early 19th century. As art became more
professionalized, artists began to receive formal training
and to develop their own unique styles.
Option c is correct- Oil painting was introduced to India by
the British in the 18th century. It quickly became popular
among Indian artists, who found that it allowed them to
create more realistic and detailed paintings. Thomas Daniell
and his nephew, William Daniell, were the most renowned
artists who worked in this particular artistic tradition.
Option d is correct- The distinction between elite and
popular art widened. This was a result of the increasing
commercialization of art. As art became more accessible to
the middle class, it also became more diverse. There was a
growing demand for buth traditional and modern art, and
this led to the development of a wider range of artistic styles.

Ce ee
Important Tips
| Some of the famous proponents of the art of painting in

India in the 19th century include:

e Raja Ravi Varma: Varma was a master of the Indian
miniature painting tradition. He is known for his
paintings of Hindu gods and goddesses, as well as his |
portraits of Indian royalty and other notable figures. |

e Abanindranath Tagore: Tagore was a pioneer of the
Bengal School of Art. He was influenced by both Indian
and Western art traditions, and his paintings often
depict scenes from Indian mythology and folklore.

+ Rajanikanta Gupta: Gupta was a leading figure in the
Patna School of Art. He is known for his paintings of
everyday life in rural India,

« Amrita Sher-Gil: Sher-Gil was a unique artist who
combined Indian and European art styles. Her
paintings often depict scenes of Indian life with a

_ Western sensibility. ee"
137,"In the Mathura School of Ari, Buddha’s
images are largely carvedin",Dhyana Mudra,Abhaya Mudra,Dharmachakra Mudra,Varada Mudra,CAPF,2021.0,b,"Exp) Option b is the correct answer,

Buddha’s images in the Mathura Schoel of Art are often

carved in Abhaya Mudra. This is because Abhaya Mudra is

a gesture that is associated with the Buddha's teachings of

peace and compassion. It is also a gesture that is meant to

reassure the viewer and to protect them from fear.
Important Tips

Some important Mudras related to the Gautam Buddha

Statues:

« Dhyana Mudra: Represents meditation and inner
concentration.

« Abhaya Mudra: Symbolizes fearlessness and protection.

« Dharmachakra Mudra: Signifies the turning of the
wheel of Dharma and teaching of the Buddhist doctrine.

« Varada Mudra: Represents the gesture of granting
boons and blessings.

| Vitarka Mudra: Symbolizes the transmission of
knowledge and intellectual discussion.

« Bhumisparsha Mudra: Depicts the Earth-touching
gesture, symbolizing the enlightenment of the Buddha.

« Anjali Mudra: The gesture of prayer or greeting, with
palms pressed together.

* Karana Mudra: he gesture of warding off negativity
and dispelling obstacles.

« Namaskara Mudra: The gesture of salutation or
reverence, with hands raised to the chest."
138,"The Mauryan Capital of Pataliputra has
been associated with the archaeological
remains of",Bulandibagh and Rajagriha,Kumrahar and Mocharim,"Kumrahar and Bulandibagh
(qd)Kumrahar and Jalalgarh",,CAPP,2024.0,c,"Exp) Option c is the correct answer.

The archaeological remains of the Mauryan capital of
Pataliputra are located in the modern-day city of Patna,
Bihar. The remains are spread over two sites, Kumrahar
and Bulandibagh. Kumrahar is the site of the ancient city’s

administrative center, while Bulandibagh is the site of its
residential quarters. The remains at Kumrahar include a
number of palaces, temples, and administrative buildings.
The remains at Bulandibagh include a number of houses,
shops, and streets."
139,"Which one of the following is the correct
description of Kandaria Mahadeo?",A Shiva temple at Elephanta,The title of a work by Bhatti,The capital of Chandella kings,A temple at Khajuraho,CAPE,2020.0,d,"‘
Exp) Option d is the correct answer.
The Kandariya Mahadeva Temple is a Hindu temple
dedicated to Shiva, located in the Khajuraho Group of
Monuments in Madhya Pradesh, India. It is constructed
between 1003 and 1035 CE during the reign of Vidyadhara.
This temple is adorned with intricate carvings on all sides,
featuring celestial nymphs, mithunas (erotic couples), and
numerous deities. It is a Nagar Style temple.
“Important Tips
Some examples of the Chalukyan Architecture:
| - Lad Khan Temple, Aihole.
‘e¢ Durga Temple, Aihole.
» Ravana Pahadi Cave, Aihole. |"
140,"At which one of the following places is the
Vitthala temple located? (CAPE 2020]",Elephanta,Chidambaram,Hampi,Nagarjunakonda,,,c,"Exp) Option c is the correct answer.
The Vitthala temple is located at Hampi, on the bank of
Tungabhadra River. It was built in the 15th century during
the reign of King Devaraya UI (1422 - 1446 A.D.), one of the
rulers of the Vijayanagara Empire. Krishnadevaraya (1509 -
1529 A.D.), the ruler of the Vijayanagara dynasty expanded
and enhanced the beauty of the temple.
/ ~~ Amportent Tips
Other sites at Hampi:
« Virupaksha Temple
e Hampi Bazaar
» Blephant Stables
»® Queen’s Bath
» Lotus Mahal
« Hazara Rama Temple
¢ Hemakuta Hili Temples"
141,"Examine these two statements carefally and
select the correct answer using the codes
given below;
Statement I - For early societics, historians
, retrieve information about elite families
mostly from inscriptions.
Statement IT - Satavahana inscriptions
generally end with the term Putra, a Prakrit
word meaning ‘son.
Codes:","Both the statements are individually
true and Statements I] is the correct
explanation of Statement I","Both the statements are individually
true but Statement II is not the correct
explanation of Statement I",Statement I is true but Statement IJ is false,"Statement I is false but Statement II is
true",CAPR,2018.0,c,"Exp) Option cis the correct answer.
Statement I Ss correct: For early societies, historlans
retrieve information about elite families mostly from
inscriptions. Inscriptions are written records engraved
on stone, metal, or other durable materials. They provide
valuable information about the names, titles, genealogies,
achievements, and religious beliefs of the elite families
whe commissioned or patronized them. For example, the
Allahabad Prashasti inscription gives information about the
Gupta dynasty and Its rulers,

Statement II is not correct: Satavahana inscriptions mention

the names of rulers’ sons or descendants, They often mention

the names of their rulers followed by the word Putra which

is Sanskrit word for Son (not a Prakrit word)."
142,"Examine these two statements carefully and
select the correct answer using the codes
given below.

Statement I; ‘Towards the beginning of the

20th century, a new hybrid architectural style

developed which combined the Indian style
with the European style.

Statement II: By integrating Indian and

European styles in public architecture,

the British wanted to prove that they were

legitimate rulers of India.

Codes: (CAPE 2018]","Both the statements are individually
true and Statements I] is the correct
explanation of Statement |","Both the statements are individually
true but Statement II is not the correct
explanation of Statement |",Statement 1is true but Statement H is false,"Statement I is false but Statement II is
true",,,a,"Exp) Option a is the correct answer.

Statement [I is correct: During the early 20th century, a

new architectural style known as the Indo-Saracenic or

Indo-Gothic style emerged in India. This style combined

elements of traditional Indian architecture with European

architectural styles, particularly Gothic and Renaissance

styles. It was influenced by the British colonial presence in

India and the desire to create a distinct architectural identity

that blended Indian and European elements.

Statement II is correct: The integration of Indian and

European styles in public architecture was a deliberate effort

by the British to establish their legitimacy as rulers of

India. By combining elements of both Indian and European

architectural styles, the British sought to showcase their

power, authority, and cultural influence over India.

| Important Tips

| Examples of Indo Gothic Architecture:

« The Madras High Court buildings in Chennai,

designed by J. W. Brassington under the guidance of

British architect Henry Irwin in 1892.
*« The Victoria Memorial in Kolkata, designed by

William Emerson and completed in 192)

| « The Chhatrapati Shivaji Maharaj Terminus
(previously Victoria Terminus) in Mumbai, designed

| by Frederick William Stevens and completed in 1888. |

|+ The North Block of the Secretariat Building in New

| Delhi, designed by Herbert Baker and completed in

ee 1"
143,"De-iction of the descent of the river Ganga
from heaen in the form of relief sculpture
en rock s at",Amaravati,"Mahabalipum
[c)Sanch i",,,CAPF,2018.0,b,"Exp) Option b is the correct answer.

Mahabaltpuram, also known as Mamallapuram, is a town in

Tamil Nadu that is famous for its rock-cut monuments and

sculptures. Most impressive part is the depiction of Descent

of the Ganga and Arjuna’s Penance, carved on two

monolithic rock boulders. The relief depicts the story of the

descent of the sacred river Ganges from heaven to earth, led

by the sage Bhagiratha. The relief also shows various scenes

from Hindu mythology, legends and everyday life, involving

humans, animals, gods and spirits."
144,"in which one of the following buildings is
the first extant true arch found?",Avhai din ka Jhonpra,Quwwat-ul-Islam Mosque,"Tomb of Sultan Balban

(dl)Alai Darwaza",,CAPF,2017.0,c,"Exp) Option c is the correct answer.

The tomb of Sultan Balban in Mehrauli, New Delhi, is the

first structure to have a true dome and an arch in Indian

architecture, A true arch is a curved structure that spans an

opening and supports the weight above it by transferring the

load to the posts or abutments at either end

Tesportant Tipe
+ Achal din ke fhompra: This ine mosque in Ajmer,
Rajasthan. h was built ln 1199 CE by Qutud-ud-din
Aibak. It has corbelled arches and domes, which are
aot tree arches or domes,
© Quwwat-el-Islere Mosque: This is e mosque fo Delhi
Ik was built in 1193 CB dy Qutob-od-din Aibak. It has
pointed arches and domes, which are oot true erches
or domes,
© Alal Deswaze: This ea geteway in Delhi. It was ballet
in 1311 CE by Alauddin Khaljl It hes rue arches aod
domes, but It is not the first structure to beve then"
145,"The fullowing item consists of iwo
Statements I and WH. You are to examine
these two statements carefully and select
ihe answer to these items using the code
given Below.
atatementss
1. jumes Prinsep, an officer in the mint of the

Kast India Company, deciphered Brahmi
and Kharosthi scripts which were used in
the earliest inscriptions and coins.

N. James Prinsep found that most of the
scripts mentioned a king referred to as
Piyadassi-meaning ‘pleasant to behold’

Cades:","Both the statements are individually true-and Statement I is the correct explanation
f Statement I","Both the statements ae individually
true but Statement II is not the correct
explanation of Statement 

[c)Statement I is true and Statement IJ is
false",,"Statement I is false but Statement If is
true",CAPE,2014.0,b,"Exp) Option b ls the correct answer.
Statement J ts true: Jaroes Prinsep was an officer in the mint
of the Bast Indla Coropeny end he deciphered Brahmi and
Khasosthi scripts which were used in the earliest inscriptions
and coins,
Statement I! is true: James Priasep found that most of the
sripts mentioned « king referred to as Piyadessl-meaping
“pleasant to behold: This king was later ideotified as Ashoke,
the Mauryas emperor.
However, Stetemeat It ie not the correct explanation of
Statement I, The fact that the scripts mentioned a king called
Plysdass! 1s not the reason of explanatlon for James Prinsep's
decipherment of these scripts, The lest two letters at the end
of coe ef the Inscriptions ia Brahml were goessed to form
the word “dsnam” (donation), which appears at the end of
roost inscriptions at Sanch! and Bberhut. This bypothests
permitted the complete decipherment of the Brabmsi ecript
by Jomes Prinsep 15 1837.
IF 5K Te sede on 40 reas |
brent SR OCR eee sy
at ere ft Me
” Pee RT as t
' Cy Se . 1
sy ee bee Be :
oe: SORES Tyree
AA aS SSien be 5 NY
cote Cee oe OMSL, ]"
146,"The following item consists of two

Statements I and II. You are to examine

these two statements carefully and select

the answer to these items using the code
given below.

Statements

I. The rich sculptural tradition of Mathura is

distinguished by its principal medium, the
white spotted red sandstone. .

Il. The white spotted red sandstone is locally
available in Mathura region.-
odes: (CAPE 2014]","Both te statements are individually true
and Statemt [Tis the correct explanation
of Statem ent I","Both the statements are individually
true but Statement II is not the correct
explanation of Statement I

(c} Statement I is true and Statement 11 is
false",,"Statement J is false but Statement II is
true",,,a,"Exp) Option o ts the correct answer,
Statement Iie true: The rich sculptural tradition of Methura
ls dlstinguished by ite principal medium, the white spotted
red sandstone, which ls found In abundance In the Mathura
region end {9 cary to work with, allowlag for the creation of
beautiful end intricate scolptuces.

Statement II ls true: The white spotted red sandstone Is
locally available to the Mathuse region, making it conventeat
for sculptors to obtaln the material end reducing their
travel costs, thereby aldiag Ia the creation of eculptures and
keeplag the overall cost down.
Both statements are true, and Statemeat It provides a
logical explanation for Statement I."
147,"Whatis/are correct in reference to Udayagiri
and Khandagiri caves?

1. Jehas both natural and artificial caves.

2. Udayagiri has 18 and Khandagiri has 15
caves.

3, Khandagiri caves are famous for
Hathigumpha inscription.

Code:","1,2 and 3",1 and 3,land 2,Only 1,Chhattisgarh PCS (Pre),2021.0,c,"Exp) Option ¢ ls the correct anewer.
Statement 1 te correct: The Udayagirt and Khaodagiri
caves constitute @ complex feeturiag s combinatlon of
naturally forened and artificially carved caves. These caves
were otllized as dwelling spaces by Juin monks ood exhibit
lateicate carvings and sculptures.
Statement 2 te correct: Udayagiri means “Sunrise Hill” and
has 18 coves while Kheadagiri hes 15 caves. The coves of
‘Udeyagirt and Khandagict, called lena im the Inscriptions,
these were taken out mostly doring the reign of Kharavela
for the abode of Jain ascetics.
Statement 3is Incorrect: Udayagiri coves and not Khendagict
caves are famous for Hethigumphe Inscription which 1s
carved out in Brahinl script, [t narrates the achievements of
King Kheravele of the Kelinge dynasty and provides valuable
Insights into the social, political, and cultural aspects of
encient Indie.
Important Tips
Khandogirl Caves - Peatures:
© ‘These caves were reooveted during tbe reiga of
Uddyotekeshar! of the Somvaasht dynasty.
« Barebhujl Guepha features Sesana Devis and
‘Titthanker sculptures,
© Trushula Gumphe showcases Jain Teerthankers,
notably Risheb Dev,
© Aradike Gumphe displays Yakshe and Yakshial of
‘Tirthankare.
« ‘Totowa Gomphe t and 2 ere beautifully edoracd,
featuring guards, enials, and parrot carved arches.
«Cave 3 of Anante Gumphe showcases sculptures of
women, elephants, athletes, and geese.
« Khandegir] Gumphe le « two-story cove with « rough.
cut totrance.
« Lalatends Kesarl Gumphe (Caves 6-11) hes reliefs of
Jain tirthankars,
« Cave 14, also Bkedas! Gumpha, [oa besle cell.
Udeyagirt Caves - Features:
o Udeyagirl, the CHIU ef the Rising Sun” ts an
tnderexplored Buddhist alte.
o These rock-cut caves near Bhubaneswar were bullt
eround the 2ad century BC by King Kherevele of the
Meghavehena dynssty.

e Originally 117, only 33 caves remain; Udayagiri has 18
caves, while Khandagiri has 15.

« The Udayagiri Stupa is important for studying
Vajrayana Buddhism.

|* Notable artifacts include Buddha, Tara, Manjusri,

| Avalokitesvara, and terracotta seals.

e Jain monks occupied caves on the Kumari mountain !
range. |

¢ Ganesh Gumpha is famous for Jain Tirthankara and
other sculptures.

« Rani Gumpha, a double-storeyed monastery, is
renowned for its acoustics.

« Hathigumpha has inscriptions detailing King
Kharavela’s conquests and leadership."
148,"Match the following embroidery arts with their related States:
A.Phulkari     1.Karnataka
B.Dharaniya    2.Punjab
C.Kasuti       3.Rajasthan
D.Karchobi     4.Gujarat

Code: 
A B C D",1 2 3 4,2 4 3 1,1 3 2 4,2 4 1 3,Chhattisgarh PCS (Pre,2021.0,d,"Exp) Option d is the correct answer.

+ Phulkari is a traditional form of folk embroidery
practised in the state of Punjab, India. The name Phulkari
means “flower work” and the embroidery features floral
and geometric patterns. Phulkari is done with silk floss
on coarse cotton cloth.

¢ WDharaniya is a traditional form of embroidery that
originates from the state of Gujarat. This intricate
and colorful embroidery style is known for its unique
patterns, designy, and vibrant colors.

« Kasuti is a traditional form of folk embroidery practised
in the state of Karnataka, India. Kasuti work is very
intricate and involves putting up to 5,000 stitches by
hand. Kasuti embroidery is traditionally made on
dresswear like tkal sarees, Ravike / Kuppasa (Khana) and
Angi. Kasutt hie four types of stitches: gavanti, murgi,
negi and menthi.

+ Karchobi iy a raised zari metallic thread embroidery
created by sewing flat stitches on cotton padding. This
technique is cammonly used for bridal and formal
costumes as well as for velvet coverings, tent hangings,
curtains and the coverings of animal carts and temple
chariots. Karchobi originated in Rajasthan and thrived
in the court ateliers of the Nizams of Hyderabad in the
Deccan."
149,"Consider the following statements related
to the folk paintings of India and choose the correct answer:
Statement I: The themes of Pattachitra paintings are inspired from Jagannath and Vaishnav Cults.
Statement Il: Manjusha paintings are executed on boxes of jute and paper.
Statement III: Pithora paintings are made by some tribal communities of Gujarat and Madhya Pradesh.

Code:",Only Statement Land Il are correct,Only Statement II and III are correct,Only Statement I and III are correct,All the three statements are correct,Chhattisgarh P.C.S.,2020.0,d,"Exp) Option d is the correct answer.

Statement I is correct: Pattachitra paintings are a traditional

painting style from Odisha and West Bengal. The themes

of Pattachitra paintings are inspired from Jagannath and

Vaishnav Cults.

Statement II is correct: Manjusha paintings are a folk-art

form from Bihar and Jharkhand. Manjusha paintings are

executed on boxes of jute and paper.

Statement III is correct: Pithora paintings are a ritualistic

art form practiced by some tribal communities of Gujarat

and Madhya Pradesh. Pithora paintings are made on the
walls of houses using natural colours.

Important Tips |

Folk paintings of India:

|« Pattachitra is a painting done on canvas, and is
manifested by rich colourful application, creative
motifs, and designs, and portrayal of simple themes,
mostly mythological in depiction. The colours used |
in the paintings are natural and the brushes are made
from branches of Tendu and Palash trees. Some of
the popular themes of this religious art are The Badhia
(a depiction of the temple of Jagannath); Krishna Lila
(an enactment of Jagannath as Lord Krishna displaying

| his powers as a child); Dasabatara Patti (the ten
incarnations of Lord Vishnu); and Panchamukhi (a
depiction of Lord Ganesh as a five-headed deity).

e Manjusha paintings are often referred to as Snake |
Paintings by foreigners as swirling snakes depict the
central character Bihula’s tale of love and sacrifice. The
colours used in the paintings are mainly pink, green
and yellow. The paintings are done in a linear style
with dots in the centre called tipna. The motifs include
figures of Hindu gods and goddesses, snakes, flowers,
sun, moon, elephants, turtles, fish, birds, etc.

+ Pithora paintings are characterized by the seven
horses representing the seven hills that surround the |
area where the tribes reside. These horses are enclosed
within a rectangular fence in the painting that defines
this geographical area. This rectangle usually extends
up to the Arabian Sea in the west, Bharuch in south
and Indore in north and east. The paintings depict the

world of gods, the procession of marriage, the earth,
the mythical farmer, the cowherd, the kings, the bania, |
the badvo, the goddesses of destiny, cow, bull, various |
creatures of the forest, and the minor deities. 4"
150,"The idols of Lord Jagannath, Subhadra and Baibhadra in sanctum sanctorum at Jagannath Puri Temple are made up of-",Stone,Metal,Wood,Glass,Chhattisgarh P.C.S. (Pre),2019.0,c,"Exp) Option c is the correct answer.
The idols of Lord Jagannath, Subhadra and Balbhadra
in the sanctum sanctorum of the Jagannath Puri Temple
are made of neem wood, which is considered sacred and
auspicious, According to the legend, Lord Vishnu instructed
King Indradyumna to find a log of neem wood floating in the
sea and carve the idols from it. The king hired a craftsman,
who was actually Lord Vishwakarma in disguise, to make the
idols. The craftsman agreed on the condition that no one
should disturb him or see his work until it was finished.
However, the king became impatient and opened the door
of the workshop before the allotted time. The craftsman
disappeared, leaving behind the unfinished idols with no
hands or feet.
The idols are replaced every twelve or nineteen years by
an exact replica in a ceremony called Nabakalebara, which
means “new body”. The old idols are buried in a sacred place
within the temple premises."
151,"Among Mauryan idols, the idol inscribed with the name Manibhadra (Yaksha)was found from which place?",Jhing-ka-Nagra,Noh village,Besnagar,Parkham,RAS/RES. (Pre),2021.0,d,"Exp) Option d ts the correct answer.

‘The Idol inscribed with the name Manibhadra (Yakeha) was
found from the place called Packheas. This statue, known
09 the “Parkham Yakashe,” was discovered acer Mathura and
fa datable to the pertod between 200 BCE and $0 BCE. The
statue stends at 2.59 meters high and features en Inscription
that identifies It es representing the Yekshe Manibhadra, The
Inscription Indicates that was made by Gomiteka, 2 pupil
of Kanike, and set up by cight brothers who were members of
the Manibhadra congregation (“puga”). This significant find
provides insights into the artistic end cultural Influences of
the tle."
152,"Which of the following statements about Temple Architecture are true?

(i)The freestanding (mortar & stone)temples are supposed to have originated in the Gupta period,
(ii)Ladkhan which is one of the earliest temple belongs to Chalukya of Badami,
(iii)In Khajuvaho — temples, all the compartments of the temple are connected internally and externally.
(iv)Kailasbnath temple at Kanchi is the earliet freestanding temple of Dravid style,
Choose the correct answer","(i), (iii) & (iv)",(i) & (ii),"(i), (ii) & (iv)","(i), (ii)& (iii)",R.A.S./R.T.S.,2018.0,d,"Exp) Option d ls the correct answer.

Statement 1 1 correct: Gupte period (4th-6th centuries CE)
fe considered es the golden age of Indian ert end architecture,
and & witocssed the emergence of the first freestendiog
stone temples In India. These temples were built in the
Nogare style, which ls characterized by @ curvilinear tower
(shikhara) over the sanctum, 4 pillered ball (mandepa), and
8 vestibule (antasale) connecting them. Some examples of
Gupte temples are the Dashavatera temple at Deogarh, the
Vushau temple at Tigawa, and the Parveti temple at Nechna,
Statement 2 Ls correct: Ledkbaa temple ls one of the oldest
Hindu temples end Ls located Jo the group of monuments at
Aihole in Karnateke. It wes built by the Chatukya dynasty ln
the tb century CB and dedicated to Shiva. The temple shows
clear signs of following early timber models, such as 2 flat
roof, wooden pillars, aad lattice windows.

Statement 3 te corrects Ja Kbajorahe temples, all the
corapartments of the temple are connected Internally and
externally.

Statement 4 ts Jacorrect: Kellecbasth temple at Kanchi is
pot the earliest fceestanding temple of Drevid atyle. It ls of
stone bullet architecture unlike the cock cut architecture built
Into hallowed caves of carved into rock outcrops."
153,"Which of the following inscriptions of Ashoka bans animal sacrifice on certain festive gathering, that probably included a ban on animal killing as well?",Rock Edict I,Pillar Edict V,Rock Edict IX,Rock Edict XI,R.A.S.,2013.0,e,"Exp) Optton a is the correct anewer.

Rock Edict I, Inscribed by Ashoka, specifically prodibits
the slaughter of animale and bans certaln festive gatherings
favotving the killing of animals. This edict highlights
Ashoke's commitment to nop-violeoce and hie effort to
promote compassion towerds all living beings, In this edlet,
he even mentlons that he wishes to discontinue the practice
of Billlng two peacocks and one deer that bed been taking
ploce in his kitches."
154,"Match List-I with List-II and select the correct answer using the codes given below the lists:

List-I(Architectural Style)                      List-II(Associated Dynasty)
A.‘Lotus bud’ fringe on the underside of the arch   1.Sharqis
B. Emergence of                                     2. Vijayanagara
C. Use of Bodegoi in the Pillar                     3. Khaljis
D. Massive entrance gate with inclined Walls        4. Tughluqs
Code: 
A B C D",3 4 2 1,3 1 4 2,2 1 4 3,1 2 4 3,R.A.S/RUES. (Re. Exain)(Pre),2013.0,a,"Exp) Option e is the correct answer.

‘The correct answer ls A-3,B-4,C-2,D-1

Option A matches with option 3: Lotus Bud’ fringe on the
underside of the arch ts characterized by a lotus-bud fringe

on the underside of arches, ornamental reliefs, and bricks
laid endwise and lengthwise in alternating courses in the
; masonry face. It is associated with Khalji dynasty.
’ Option B matches with option 4: Emergence octagonal
j tomb - Tughlaq Tombs in the Indian subcontinent are mostly
2 simple, monotonous, and heavy structures in Indo-Islamic
1 architecture built during the Tughlag dynasty (1320-1413).
2 They look more like fortresses with walls surrounding them
I and have restrained decoration and embellishment compared
f to both earlier and later Indian Islamic tombs.
Option C matches with option 2: Use of Bodegoi in the
f pillar of Vijayanagara architecture. It was a notable building
idiom that developed during the rule of the imperial Hindu
Vijayanagara Empire. The empire built temples, monuments,
palaces, and other structures across South India, with the
largest concentration in its capital.
: Option D matches with option 1: Massive entrance gate
with inclined walls was build during the rule of Sharqis.
2"
155,Which historical monument in Dolhi is a synihesis of Persian and Indian styles of Architectures?,Qutb Minar,Lodi’s ‘fomb,Humayun’s Tomb,Red Fort,R.A.S.,,c,"Exp) Option c is the correct answer.
7 Humayun’s Tomb is a 16th-century mausoleum that was built
. by the Mughal emperor Akbar for his father Humayun. It is
considered to be the first example of Mughal architecture,
which was influenced by both Persian and Indian styles.
’ Persian influence: Humayun’s Tomb has a symmetrical
, plan with a central octagonal chamber surrounded by four
; smaller chambers. The tomb is built of red sandstone and
[ white marble, and is decorated with intricate carvings and
inlay work. The tomb is set in a large garden divided into
foux parts by water channels, which .is a typical feature of
1 Persian gardens.
Indian influence: The tomb reflects some Indian features,
; such as the small kiosks or chhatris on the roof, which are
7 common in Hindu temples. The red sandstone and white
; marble were also materials that were used in the 14th century
architecture of the Delhi Sultanate."
156,Who built the Kouark Sun Temple?,Narasimhadeva Varman,Rajendra Chola,Ashoka,Krishnadev Rai,R.A.S.(Pre),1999.0,a,"Exp) Option a is the correct answer.
; Narasimhadeva Varman was the king of the Eastern Ganga
; dynasty who ruled over the region of Kalinga (present-day
Odisha and parts of West Bengal, Andhra Pradesh and
) Chhattisgarh) from 1238 to 1264 CE. He is credited with
building the Konark Sun Temple, a magnificent monument
dedicated to the Hindu Sun Gad Surya. The temple is designed
; as a giant chariot with 24 wheels and 7 horses, symbolizing
the movement of the sun across the sky. The temple is
adorned with exquisite sculptures and carvings depicting
various aspects of Hindu mythology, culture and society. The
temple is also a masterpiece of Kalinga architecture, which
reflects the artistic and engineering skills of the ancient
Odishan craftsmen. The Konark Sun Temple is a UNESCO
World Heritage Site and a major tourist attraction in India."
157,Who built famous Jama Masjid of Delhi?,Humayun,Shah Jahan,Akbar,Ibrahim Lodi,R.A.S./R.T.S. (Pre),1997.0,b,";
Exp) Option b is the correct answer... .
The Jama Masjid of Delhi, known as Masjid-i-Jehan-Numa
in Persian, stands as one of India’s largest mosques. It was
built by Shah Jahan. Residing within the Mughal capital
of Shahjahanabad, present-day Old Delhi, this mosque
held the status of the imperial sanctuary for the Mughal
rulers until the empire's decline in 1857. With its presence
extending beyond the colonial period, the Jama Masjid
symbolized Islamic influence across India and retained its
political significance during pivotal periods of British rule.
Important Tips _
Some other monuments commissioned by various
Mughals:
Akbar Agra Fort (Agra), Panch Mahal
(Fatehpur Sikri), Jama Masjid with
| gateway Buland Darwaza (Fatehpur
Sikri), Humayun Tomb (Delhi). |
Jahangir Shalimar Bagh (Srinagar), Akbar |
| Tomb (Agra).
Shab Jahan Taj Mahal (Agra), Red Fort (Delhi),
Jama Masjid of Red Sandstone
(Delhi), Moti Masjid (Agra). | |
Aurangzeb Pinjore Garden (Lahore), Moti |
Masjid of White Marble (Delhi).
——— TOTO eae |"
158,The Giant Buddha statue of 80 feet at Bodhgaya was constructed by-,Japanese,People of Thailand (Thai),Srilankan,Bhutanese,R.A.S./R.T.S. (Pre),1993.0,a,"Exp) Option a is the correct answer. |
The Giant Buddha Statue located in Bodh Gaya, Bihar,
stands at 25 meters (82 feet) tall. It’s portrayed in a
meditation pose known as dhyana mudra, seated on a lotus
in the open air. It took seven years to finish and is made
using both sandstone blocke and red granite. The Daijokyo
sect from Japan played a role in constructing this statue."
159,The mest ancient monastery in India is-,Abul Hasan,Daswant,Kisan Das,Ustad Mansoor,R.A.S./R.T.S. (Pre),1992.0,a,"Exp) Option a is the correct answer.
Nalanda is the most anctent monastery in Bihar. The
history of Nalanda, the ancient university town of Bihar, }
goes back to the days of Buddha and Mahavira in the
sixth century BC, However, excavations have not revealed
anything to suggest that the site was occupied before the .
Gupta period (fifth century A.D.). Kumaragupta was the first
to donate to Nalanda monastery. Buddha Gupta, Tathagata ,
Gupta, and Baladitya also donated to the monastery after ,
him. ,
| Important Tips _ | ,
Bhaja caves:
|
¢ Bhaja is the ancient monastery in India, which dates ,
back to the 2nd century BCE. .
« Bhaja is a complex of rock-cut caves located near |
Lonavala in Maharashtra. 1
__

+ Bhaja was ¢ Baddhist monastery that belonged to
the Hinayaos sect, Bhaje hes 22 caves, which Incude
chaltyas (prayer bells), viharas (resideoces), and stapes
(relics).

+ Bhaja ts famous for its artistic and architectural
features, ouch a1 the carved pillars, the wooden bearas,
the vaulted collings, the scalptures, end the paintings.

+ _Bhaje is also a UNESCO World Heritage Site."
160,,,,,,,,b,"Exp) Option b ts the correct anower.
Daswaat was one of the most talented and celebrated
palaters of Akber's court, whe worked on many Important
Projects and created many masterpieces of Mughal art. He
Joined Akbar’s court and eo0n rose to prominence a8 one
of his favorite artists, He was involved in the Muctration
of the Harntanama, @ Persian epic about the edventures of
Amir Hasora, Akbar’ ancestor; the Raxzmaame, a Persian
uapslation of the Mahabharate, an enctent Indian epic; and
the Akbarnama, 8 history of Akber'e reign written by hls
court historian Abal Fazl.

Tesportent Tips

Other famous palaters of Akbar's court were:

© = Basswan: He was another prominent painter of Akbar'’s
court, who was praiced by Abul Faal, the court Mistorian,
te “a master of line and colour” He worked om mony
projects, such as the Hamzanama, the Razroneme, the
Akbarnama, end the Baburnams.

© Mir Sayyid Ali: He was a Persian painter end
calligrapher who worked in Akber's court. He was one
of the main illustrators of the Hamzaname, a Persien
epic about the adventures of Amir Hamze. He alto
wrote many verses in Persian veing Nastellq script

¢ Govardbant He was e well-known painter who worked
for three Mughal emperors: Akbar, Jehangis, and Sheh
Jaban. He was skilled In verious styles and techniques,
such as shading, perspective, and foreshortening."
161,The coordination of Hindu and Iranian architecture can be seen in-,Taj Mahel,Red Fort,Panch Mahal,Tomb of Sber Shah,R.A.S./R.T.S. (Pre),1992.0,a,"Exp) Option o le the correct answer.

The Taj Mobol in Agra beautifully combines elements from
Hindu and Persien architecture. Consteucted beiween 1632
and 1648, Its symmetcy and white merble design were
lofiuenced by Hindw color codes and Persien architectural
features. Shah Jahan's blend of Persian, Turkish, Indian,
and Lalemic styles results la o redient white eteucture,
symbolising the trae dawa, while the use of white and red
sandstone connects with both priestly and warrior castes,
reflecting Peralan and Hinds sycaboliem."
162,Which Seuth Indian dance tradition was firstly developed during the time of Vijaynagar?,Tomb of Iltutmish,Tom b of Ghiyas-ud-din Tughluq,Alai Darwaza,Quwwat-ul-Islam Mosque,Uttarakhand PCS (Pre),2021.0,b,"Bap) Option 6 le the correct answer.

Yekshegena, a traditional dance form, was systematined by
Siddhendea Yog! in the 17th century and wes patronized
by both Vijepenegar and Golconda ruler. The recitale

are centered around stortes from the Bhegevat Purane. It
Is perforracd as a dance draeae, both In geoups and as solo
performances, The dence form is characterized by elaborate
costumes, ornaments, and Jewelry, and it is eccompacied by
Carnatic rauate,

Importent Tips

© Mobtalettem is « classical dance form that originated
ta Kerala, indie. It Is 0 graceful aad elegant dance
form thet is characterized by He fuid movements aod
ite wee of modras (hand gestures).

« = Kerisbnasttare Is a classical) dance form that originated
Ln Tarntt Node, Iodie. ft is a dance-drama that tells the
norlesof Krisbna, a populer Hindu deity. Krichnaattero
is characterized by {ts vigorous movements and its use
of faclal expressions.

© Sheratenatyam Is a classical dence form thet
originated io Tamil Nedw and Karnataka, Indie. It is
the most popular classical dance form Ia India, and
It Le choracterized dy its Intricate footwork, its use of
modras, and Its expressive faclal expressions."
163,,,,,,,,c,"Exp) Option ¢ le the correct answer.
Hersethoe arches eppeered Ja 1311 ka the Indo lalamte
orchitecture Ale} Derwara gatehouse at the Qutb Complex
ia Delbl, Horseshoe arches are basically rounded, pointed,
or in lobed form. The horseshoe form spread el! over the
Caliphate-infloenced areas and was adopted by tbe next
Ataba kingdoms of the Peolneule"
164,Which one of the following buildings is known as ‘Shah-i-Fatehpur’?,Golden Palace,Panch Mahal,Jodha Bai Palace,Akbari Mahal,Uttarakhand P.C.S. (Pre),2016.0,c,"Exp) Option c ls the correct answer.
Jama Masjid of Fatehpur Sikri fe aleo knows os ‘Shah-1-
Patehpur’ or ‘Shab-!-Slkel’ [¢ is one of the largest end most
magnificent mosques In India, bullt by Akbar in 1571 to
commemorate his victory over Gujarat. The Jama Masjid
of Patebpur Siket le « UNESCO World Heritage Site and «
popular tourist attraction. It ts also a place of pilgrimage for
many Muslims and Hindus, who vislt the tomb of Sheikh
Salim Chisbtl end tle threads on the lattice screens to eeck
bis blessings.

Tesportent Tips

© The Jama Masjid of Fatehpar Sikel is « splendid
example of Mughal architecture, combialng elements
from Persian, Turkish, and Indian styice, The mosque
bas a rectangular couetyard surrounded by colonasded
clolsters and three domed entrances,

o The mela enteance Is the Bulend Darwoss, which Us
the highest gateway In the world, measuring $4 metres
(177 fest) in height, It was added by Akbar in 1575 to
calebrate his conquest of Khandesh.

«© The moeque also conteins the tomb of Shelkh Selim
Chishti, o Sufi ealat who blessed Akber with a son end
hele, Jabengie,

¢ The tomb is a white marble structure with Intricate
lattice screens ond 6 carved canopy."
165,,,,,,,,d,"Exp) Option d is the corvect answer,

Akbert Mabal ts sot at Fatehpur Sikri song the four

optlone given. Akbarl Mabel is « palece complex located 1a

Agee Fort, another UNESCO World Hesitage Site in Ages,

about 40 km away from Fatehpur Sikrilt was built by Emperor

Akbar as bie residence and later ased by bis successors.

Tmportent Tips

Some of the most notable mooumente of Fatehpur Sike!

are:

+ Bulaad Darware: A massive goteway thet stands 54
toetres high and commemorates Akbar's victory over
Gojarat. It Ls also known as the “Door of Victory” and
1s one of the largest and highest gateways In the world.

+ Jara Masjid: A 16th-century congregetional mosque
that Ie one of the largest mosques Le Indie. It hes @
spacious courtyard, « large prayer hall, and @ white
marble tomb of Sheikh Selim Chisbtl, « Sufi selnt who.
blessed Akbar with a son.

+ Diwap-1-Khes: A hall of private audience where Akber
beld dlecusstons with scholars, nobdtes, and religious
leaders, It Is also known og the “Jewel House” because
of ite exquisite decoration and a central piller with 36
serpentine brackets that support a circular platform.

« Pench Mehel: A five-storeyed structure with 176
columns that served as @ pleasure palace for the royal
ladies, Lt be also known os the “Wind-Catcher Tower”
because of Its open design that allows alr circulation,

« Jodbe Bai’s Pelece: The largest and most ornate
dullding of the residential complex, which was the
palace of Akbar’s Hindu queen. It hes richly carved
interior pillere, balconies, perforated stone windows,
and an ature-blue ribbed roof oa the morth and south
sides, .

+ Golden Pelece: Marlam Palece te also known os
Golden Palace because of Its yellow sandstone walls
and golden roof. The pelece hase rectangular ples with
four octegonsl towers at the corners."
166,"Match the following monuments with their
concerned ruler and select the correct codes
given below:
A.Double Dome       1.Sher Shah
B.Octagonal Tomb    2.Muhammad Adil Shah
C.True Arch Tomb    3.Balban
D.Gol Gambad        4.Sikandar Lodi
Code: 
A B C D",4 3 1 2,4 1 3 2,1 3 4 2,2 3 1 4,Uttarakhand B.C.S. (Pre),2012.0,b,"Exp) Option b Is the correct answer,

o The firet double domme steucture bullt by Sikandar Lodi
wes the tomb of bie father, Bablel Lodi, la Dethl, A
doable dome Is bullt of two layers. There Is one layer
inelde which provides celllng to the interior of the
bullding. The other leyer ts the outer one which crowns
the buildings. The attempts tn the directlon of Double
Dome continued with tomb of Te) Khan (1501) and the
tomb of Sikandar Lod! (1518), both in Deihi,

¢ The tomb of Sher Shah in Sasarars, Bibar, tends as
an exempler of Iado-falamic srchitecture, Designed
by Mir Muhammed Allwal Khea, & was constructed
Ddetween 1940 and 1545. The tomd rests on a squere
stone plinth, enciecled by an artificial lake. It boests on
octagonal mala structure crowned by « 22-meter dome,
accompanied by ornamental domed kiosks,

¢« The Tomb of Ghiyas ud din Balban in Mehrauli, Dethi, ]
is historically significant for introducing the first true ]
Islamic arch in India, Although its original dome is lost,
it marks the development of Indo-Islamic architecture.

« Gol Gumbaz is a 17th-century mausoleum located in
Bijapur, Karnataka, India. It houses the remains of
Mohammad Adil Shah, the seventh sultan of the Adil
Shahi dynasty."
167,In which State is the Buddhist site Tabo Monastery located?,Arunachal Pradesh,Himachal Pradesh,Sikkim,Uttarakhand,"Uttarakhand P.C.S, (Pre)",2010.0,b,"Exp) Option b is the correct answer.

Tabo Monastery is a Buddhist monastery located in the .

Tabo village of the Spiti Valley in Himachal Pradesh, India.

Tabo Monastery is one of the oldest and most important

monasteries in India and is also known as the “Ajanta of the

Himalayas” for its exquisite murals and sculptures.

Tabo Monastery was founded in 996 CE by the Tibetan

Buddhist teacher and translator Rinchen Zangpo, who was

also known as Mahauru Ramabhadra . Tabo Monastery

belongs to the Gelugpa sect of Tibetan Buddhism and is the

second oldest continuously operating Buddhist institution .

in the world after the Tholing Monastery in Tibet. Tabo

Monastery has nine temples, four stupas, and several caves

that house ancient paintings, manuscripts, and statues. It

attracts many pilgrims, tourists, and scholars from all over

the world. Tabo Monastery is also the seat of the Dalai Lama’s

Kalachakra teachings, which are held every 12 years."
168,Which of the following places is famous for Buddhist Cave Temples?,Elephanta,Nalanda,Ajanta,Khajuraho,Uttarakhand P.C.S. (Mains),2006.0,c,"Exp) Option c is the correct answer.

Ajanta is one of the most famous and ancient sites of rock-

cut architecture in India, and a UNESCO World Heritage

site. Ajanta has 29 caves that are renowned for their exquisite

paintings and sculptures of Buddhist themes, created

between the 2nd century BCE and the 6th century CE.
: Important Tips ) -

Ajanta Caves;

« The Ajanta Caves are a group of 29 rock-cut Buddhist
cave monuments dating from the 2nd century BCE ]
to the 6th century CE in the Aurangabad District of 1
Maharashtra state in India.

« The caves contain paintings and sculptures of Buddhist
themes, depicting scenes from the life of Buddha, the |
Jataka tales, and the contemporary society and culture.

The caves are divided into two phases: .

1. The earlier phase (caves 8, 9, 10, 12, 13 and 15A)
was influenced by the Hinayana/Theravada school
of Buddhism, where Buddha was worshipped in an
aniconic/symbolic form; .

2. The later phase (the rest of the caves) was influenced |

| by the Mahayana school of Buddhism, where Buddha |

was worshipped in an icon/idol form. The later .
caves are more elaborate and richly decorated with
mural paintings and sculptures, executed in tempera
technique a"
169,"Match List-I with List-II and select the correct answer using the codes given below the lists:
A.Nalanda    1.Ashoka pillar
B.Sarnath    2.University
C.Sanchi     3.Sun Temple
D.Konark     4.Stupa

Code: 
A B C D",1 2 4 3,2 1 4 3,1 2 3 4,2 3 4 1,Uttarakhand PCS (Mains),2006.0,b,"Exp) Option b ka the correct aaswer.

© Nelende: This is an ancient center of learaing and
a Buddblet university bocated fo Bibar, Indie, It was
founded in the 5th century CE sad flourished until
the 12th century CR k attracted scholars and stedents
from various parts of Indie and abroed, sach as China,
‘Tibet. Korea, ond Central Asie. It hed @ vest Ubrary
and a curriculum that covered various subjects ouch as
philosophy, logic, grammer, medicise, estronomy, and
mathematics,

« Sarnath: This is» place tn Unter Pradesh, India, where
Gautama Buddhe delivered bis fiset sermon after
attaining enlightenment. The sermon is known as
the Dhammacakkappevationn Sutta or the Setting In
Motion of the Wheel of Dharma. Sarnath is one of the
four holy sites of Baddhiem and has many monuments
tuch as the Dhamek Stupa, the Ashoka Pillas, od the
Maulagendhekuti Vibare. The Ashoks Pillas bas a lon
capita) thet ls the national emblem of India.

+ Seuchl: This Is « plece in Madhys Predesh, Indle, where
there are several Buddhist stupas and other structures
built between the 3ed century BCE and the 12th ceatury
CB. The stupas are hemispherical mounds that conisia
relics of Buddha of his followers. The most famous etupa
ds the Greet Stupa, which was commissioned by Empezor
Ashoke ta the 3rd century BCE and later enlarged and
embellished by his successors. The etupe has four ornete
gateways oF toranas that depict scenes from Buddbist
history and mythology. Sanchi Is also e UNESCO Wortd
Heritage Site.

« Konerka: This ts s plece ta Odishe, India, wheze there ta
2 Hinde temple dedicated to the aum god Surys, located
je Konark, tt was built by King Naresimhadeva I of
the Bastera Ganga dyausty Uo the 13th century CB. tt
je famous for its chastot-sheaped design, Intricate stone
carvings, ond erotic scalptures. It Is also « UNESCO
‘World Herhage Site."
170,"Match List-I with List-II and select the correct answer using the codes given below the lists:
List-I(Monument)    List-II(Location)
A.Gateway of India    1.Kolkata
B.Victoria Terminal   2.Hyderabad
C.India Gate          3.New Delhi
D.Char Minar          4. Mumbai
Code: 
A B C D",4 2 1 3,4 1 3 2,2 3 4 1,1 4 2 3,Uttarakhand P.C.S. (Mains),2006.0,b,"Exp) Option b 1s the correct anewer.

© The Geteway of India is a roonument thet was baift to
commemorate the visit of King George V and Queen
Mary to Bombay (now Mombal} in 1911, ft Js located Ln
Mumbat, the capital city of Mahareshica,

« The Victoria Memorial Is a museum and a monumest
thet was bullt In the memory of Queen Victoria, the
former Empress of India. It is located in Kotketa, the
capital clty of West Bengal.

2 The Indie Gate ts a wer memorial that wae bullt to honor
the soldiers who died In World War ] and the Afghan
‘Wars. It ls located lo New Delhi, the capital city of Indie.

«© The Char Minar Je 2 mosque and a monument that was
built by Quib Shahi ruler Mabammad Quii Qutb Sheh
In 159%. tt 1p located tn Hyderabad, the capital city of
Telangens,"
171,Which of the following inscription known as the first advertisement of the world?,Dashpur inscription,Sohgara inscription,Supia inscription,Eran inscription,MPPCS (Pre),2021.0,a,"Exp) Option a is the correct answer.
Dashpur inscription is known as the first advertisement 0!
the world. This advertisement was written in Sanskrit ir
Mandsaur Madhya Pradesh India. This advertisement was
written by some businessman on the wall of surya mandir
in khilchipura in mandsaur this advertisement is written fos
promoting silk saris sales. It was the first advertisement of
the world and this was proved by specialist and scientist by
seeing an inscription on the wall.

Important Tips

« The Supia inscription is an ancient inscription found
in the village of Supia, located in the Indian state of
Madhya Pradesh. This inscription dates back to the
reign of the Gupta king Kumaragupta I.

¢ The Eran inscription is an important inscription found
in Eran, a town in the Indian state of Madhya Pradesh.
It is associated with the Gupta dynasty and provides
historical and epigraphic evidence of Gupta rule.

* The Sohgaura copper plate inscription is an Indian
copper plate inscription written in Prakrit in the
Brahmi script. It was discovered in Sohgaura, a village
on the banks of the Rapti River, Gorakhpur District,
Uttar Pradesh, India."
172,To which period do the sites of Ellora and Elephenta belong?,Pratihara,Chalukyas,Rashtrakutas,Hoysalas,MPPCS (Pre),2021.0,c,"Exp) Option c is the correct answer.

The Rashtrakuta rulers built the Ellora and Elephanta caves
by cutting the walls of high basalt rock. The Ellora cave:
are a group of 34 monasteries and temples that reflect the
religious diversity of ancient India, as they are dedicated
to Buddhism, Hinduism, and Jainism. The Elephanta caves
are a series of rock-cut cave temples that are mostly devoted
to Shiva. Both sites are UNESCO World Heritage Sites and
display remarkable artistic and architectural achievements."
173,It was also the ancient name of world-famous tourist destination of Sanchi-,Kaknam,Vetravati,Besnagari,Dashpura,M.P.P.C.S. (Pre.),2020.0,a,"Exp) Option a is the correct answer.

Sanchi, a distinguished Buddhist site in India, bore
multiple ancient names including “Kaknam,” “Kakanaya,
“Kakanava, “Kakanadabota,” and “Bota-Sriparvata
These names allude to the site's original identity before i
evolved into a significant center for Buddhist architecture
and pilgrimage during the Mauryan period, marked by the
construction of the Great Stupa and other structures"
174,Which of the following inscription reveals information about Silk Weavers Guild?,Dashpur Inscription,Prayay Prashasti,Eran Inscription,Hathigumpha Inscription,"M.P.P.C.S, (Pre)",2019.0,a,"Exp) Option a is the correct answer.

The Mandasor Pillar Inscriptions or Dashpur Inscription
of Yashodharman are a set of Sanskrit inscriptions from the
early 6th-century discovered at an archaeological site at the
village of Sondani, about 4 kilometres south of Mandsaur
(Mandasor) in northwestern Madhya Pradesh, India.

The Dashpur inscription reveals information about the
silk weaver’s guild that migrated from Lata (Gujarat)
to Dasapura (Mandsaur). Some of them took up othe:

occupations, while those who kept to their original craft
formed a guild and donated money for the temple. The
inscription states that the guild was composed of 500 families
and that they were well-versed in the art of weaving silk."
175,Who among the following built “Tribhuvan Narayan Temple” of Chittour?,Ramayana,Mahabharata,Jataka stories,Panchatantra stories,"M.P.P.C.S, (Pre)",2019.0,c,"Exp) Option c is the correct answer.
The “Tribhuvan Narayan Temple” of Chittorgarh was
originally constructed by King Parmar Raja Bhoj in the
11th century and is now known as the Samadhishvara
Temple. Dedicated to Lord Shiva in the form of Trimurti, the
temple primarily follows the Nagara style of architecture.
However, due to its construction and restoration spanning
over five centuries (11th-15th century), it exhibits several
sculptural styles. Its unique idol underwent restoration in
the 15th century, with various kings, including Samarasimha
and Mokala-Simha, contributing to its preservation.

oo Important Tips

Famous Medieval Indian Temples:

+ Kandariya Mahadeva Temple, Khajuraho, Madhya
Pradesh: Built in the 10th century by Chandela
ruler Raja Dhandadeva, renowned for intricate stone
carvings depicting daily life scenes. Dedicated to Lord
Shiva.

* Lakshmana Temple, Khajuraho, Madhya Pradesh:
Constructed by Yashovarman in the 10th century,
following Panchayatana style. Complete Hindu temple
architecture, featuring ardha-mandapa, Mandapa,
Maha-Mandapa, Antarala, and Garbhagriha.

¢ Brihadeeswara Temple, Thanjavur, Tamil Nadu:
Built by Raja Raja Chola I between 1003 and 1010
AD, dedicated to Lord Shiva. Also called Peruvudaiyar
Koyil, in Thanjavur, Tamil Nadu. Part of UNESCO
World Heritage “Great Living Chola Temples.”

e Lingaraj Temple, Bhubaneswar, Odisha: Established in
the 11th century by Somvanshi King Yayati 1, dedicated
to Lord Shiva. Complex structure with Garbha Griha,
Yajna Shala, Bhoga Mandap, Natya Shala.

¢ Modhera Sun Temple, Modhera village, Gujarat:
Constructed by King Bhima I in the 11th century,
devoted to the Sun God. Intricate architecture with
Surya Kund.

« Chausath Yogini Temple, Jabalpur, Madhya Pradesh:
Built by Devapala in the tith century. Circular layout
with 65 chambers, dedicated to Lord Shiva. Intriguing
architecture on a hill.

« Siddhesvara Mahadeva Temple, Aihole, Karnataka:
Example of Western Chalukyan art from the 12th
century. West-facing Shiva temple with intricate
sculptures.

¢ Jagannath Temple, Puri, Odisha: Constructed by King
Anatavarman Chodaganga Deva in the 12th century,
dedicated to Lord Jagannath. Char Dham pilgrimage
site, part of the Eastern Ganga Dynasty.

« Sun Temple in Konark: Built by King Narasimhadeva
I in the 13th century. Dedicated to the Sun God,
renowned for its chariot-like architecture and intricate

| sculptural! art. Konark, Odisha.

;* Lakshmi Narasimha Temple, Hoysala_ region,
Karnataka: Constructed in the early 13th century by
the Hoysala dynasty. Trikuta style temple with three
shrines, notable Hoysala sculptures. Ambulatory path
for devotees. _ _"
176,,,,,,,,c,"Exp) Option c is the correct answer.

The Ajanta caves are linked with the Jataka stories, which

are a collection of tales that narrate the previous lives and

rebirths of the Buddha. The paintings in the Ajanta caves
depict scenes from the Jataka stories, as well as other Buddhist
legends and events. The Jataka stories are considered to be
one of the earliest sources of Buddhist literature and art.

They illustrate the moral teachings and ethical values of

Buddhism, such as compassion, generosity, wisdom, and

non-violence."
177,Which of the following is NOT a world heritage site-,Khajuraho temples,Bhimbetka rock shelters,Sanchi stupa,Mandu fort,M.P.P.C.S. (Pre),2008.0,d,"|

Exp) Option d is the correct answer.

Mandu fort is not a world heritage site, but a tentative list

site, which means it is an inventory of those properties

which India intends to consider for nomination to the world
heritage list. Mandu fort is located in Madhya Pradesh and

is one of the largest and best-preserved forts in India. It

was built by the Paramara rulers in the 10th century and }

later occupied by the Delhi Sultanate, the Mughals, and the

Marathas. The fort has many monuments, palaces, mosques,

and tombs that reflect the diverse architectural styles and

influences of its various occupants. }
Important Tips :

World heritage sites under the cultural sites category: |

« Khajuraho temples are a group of Hindu and Jain
temples in Madhya Pradesh that are famous for their
erotic sculptures and Nagara style of architecture.

« Bhimbetka rock shelters are a series of caves in
Madhya Pradesh that contain some of the oldest known
paintings and evidence of human occupation in India. |

* Sanchi stupa is a Buddhist monument in Madhya |
Pradesh that was built by Emperor Ashoka in the
3rd century BCE and is one of the oldest and most
important stupas in India _ _"
178,‘Bhimbetka’ is famous for,Rock Paintings,Buddhist Statues,Minerals,Origin of Son River,M.P.P.C.S. (Spl)(Pre),2004.0,a,"Exp) Option a Is the correct answer.

Bhimbetka is famous for its rock shelters that display

paintings that date from the Paleolithic to the historic

period. The rock shelters are located in the foothills of the

Vindhya Range, about 45 km south of Bhopal, in Madhya

Pradesh. They are a UNESCO World Heritage Site that

consists of over 750 rock shelters distributed over 10 km. The

paintings show themes such as eolmels, bunting. dancing,

and warfare, and reflect the cultura) evolution of humen

society in Indie. Bhisobetke Is one of the largest aod oldest
repositories of prebistoric art in ladle."
179,Who painted the famous “Mona Lisa’?,Michel Angelo,Jashua Reynolds,Rembrandt,Leonardo Da Vinci,M.P.P.C.S. (Pre),1997.0,d,"Exp) Option d fs the correct answer.

Leenardo De Viact wes the Italien artist who pelnted

the Mona Lisa, one of the aiost famous end recogaizable

palatings Lz the world. He began painting it around 1503

and contloucd working om tt unull bis death is 1519. The

paintlog depicts » woman with @ mystertous smile, who Ss
belleved to be Lisa del Giocondo, the wife of « Florentine
merchant. The Mone Lise #9 cow displayed in the Louvre

Museum lo Paris, France.

Insportent Tips

© Michel Angelo: Me was an Italian scelptor, patnter,
architect, ond poet of the High Renaissance. He te
widely regarded an one of the greatest artists of all time
onde untversal gentus, Some of bls most famous works
include the David statue, the Sistine Chapel ceiling,
ead the Pleta.

o Jashea Reynolds He wes an English painter,
tpecializing in portraits. He was one of the founders
‘tad the firet president of the Royal Academy of Arts.
He was also a friend and patron of many other artlats,
such as Thomas Gainsborough and Samuel Johason. He
is kaowa for bly grand styte, jaflueaced by Rembrandt
and classical antiquity.

¢ Rembrandt: He was a Dutch painter and prinimaker,
coasidesed one of the greatest visual artiste im the
history of art and the most important io Dutch art
Aletory. He is famous for Als portraits, self-portralts,
landscapes, biblical scenes, and etchings. Some of his
masterpicoes include The Night Wetch, The Aoatomy
Lesson of Dr. Nicolees Tulp, and The Jewish Bride"
180,"Match List-I with List-II and select the correct answer using the codes given below the lists:
List-I             List-II
A.Sri Harikota     1.Bhopal
B.Sanchi Stupa     2.Raisen
C.Gujari Mahal     3.Gwalior
D.Taj ul-Masjid    4.Andhra Pradesh
Code:
A B C D",1 2 3 4,4 2 3 1,2 3 4 1,3 4 1 2,M.P.P.C.S. (Pre),1994.0,b,".

Exp) Option b is the correct answer.

+ Sel Herikota ts a barrier island off the Bay of Bengal
coast located to Andhra Pradesh, ladle. It houses the
Setish Dhawan Space Centre, one of the two satellite
launch centres in India.

« = Saacht Stupe ise Buddhist complex, famous for tts Great
Stape, om @ hilltop at Sanch! Town in Raise District
Of Madhya Pradesh, India. tls one of the oldest stone
structures im Indie and an important mooument of
Indias Architecture,

+ Gojerl Mahal te a palace buik by Tomer Rajput ruler
Maa Singh Tomer for bis wife Mrignayan! who belonged
to Gujjas tribe, The palece has been converted into an
archaeological museum in Gwallor, Madhya Pradesh,

« = Taj-vl-Masjid is @ mosque eitusted In Bhopal, Madhya
Predesh, India. Ht lv the largest mosque ip India and one
of the largest mosques ia Asia"
181,"Match List-I with List-II and select the correct answer using the codes given below the lists:
List-I                  List-II
A.Meenakshi Mandir     1.Tirumala
B.Venkateshwara Mandir 2.Madurai
C.Mahakal Mandir       3.Howrah
D.Bellore Matha        4.Ujjain
Code: 
A B C D",1 2 3 4,2 1 4 3,4 3 1 2,3 4 2 1,MPPCS (Pre),1994.0,b,". .

Exp) Option b is the correct answer. .

« The Meenakshi Mandir is located in Madurai, Tamil
Nadu, and is dedicated to the goddess Meenakshi, a form
of Parvati, and her consort, Sundareshwarar, a form of
Shiva

e The Venkateshwara Mandir is located in Tirumala,
Andhra Pradesh, and is one of the most visited Hindu
temples in India. It is dedicated to Lord Venkateshwara,
an incarnation of Vishnu. ,

*« The Mahakal Mandir is located in Ujjain, Madhya
Pradesh, and is one of the twelve Jyotirlingas, the most
sacred abodes of Shiva. The presiding deity, Shiva in
the lingam form, is believed to be self-manifested and
derives power from within itself. ‘

» The Bellore Matha is not a temple, but a monastery
and the headquarters of the Ramakrishna Math and
Ramakrishna Mission. It is located in Howrah, West
Bengal, and was founded by Swami Vivekananda, a
disciple of Ramakrishna Paramhans."
182,Jahangir Mahal is located at-,Delhi,Aurangabad,Agra,Lahore,M.P.P.C.S. (Pre),1990.0,c,"Exp) Option c is the correct answer.
Jahangir Mahal is a part of the Agra Port, which is a
UNESCO World Heritage Site and one of the most popular
tourist attractions in Agra. Jahangir Mahal was built by
Akbar, the third Mughal emperor, for his son Jahangir,
who succeeded him as the fourth emperor. It was the main
residence of Jahangir and his wife Nur Jahan, who was a
powerful and influential empress.
Jahangir Mahal is also known as the Jewel House, because
of its exquisite decoration and ornamentation. It has a high
double dome, a recessed archway, and a large gateway that
are typical features of Persian architecture. It also has carved
pillars, balconies, windows, and ceilings that reflect Indian
craftsmanship."
183,Where is Sher Shah’s tomb located?,Sasaram,Maner,Sitamarhi,"Pavapuri
(e)None of the above/More than one of the above",BPSC (Pre),2022.0,a,"Exp) Option a is the correct answer.

The tomb of Sher Shah Suri, situated in Sasaram, Bihar, India,

commemorates the founder of the Suri Empire. Constructed

between 1540 and 1545, it features Indo-Islamic architecture
and stands 122 feet high beside an artificial lake. Its unique
square stone plinth design includes domed kiosks, chhatris,
stone banks, and stepped moorings. Connected by a wide
stone bridge, the main octagonal tomb has a 22-meter dome
and ornamental kiosks adorned with colored glazed tile
work. Its completion in August 1545 marked Sher Shah's
legacy.
Important Tips

Qua-i-Kulna Masjid, Delhi:- Built by Sher Shah Suri in

1541, this mosque was made for people to gather and pray.

The name “Qila-Kuhna” means “Mosque of the Old Fort’.

This beautiful building, along with the Sher Mandal, are

the only two structures left from Delhi's Purana Qila.

Sher Shah also built the famous Grand Trunk Road, Rohtas

Fort in Pakistan, Sher Shah Suri Masjid in Patna, and the

Quila-e-Quanah Mosque in Delhi's Old Fort."
184,Which Mughal ruler established Karkhanas for painting?,Humayun,Akbar,None of the above/More than one of the above,Shah Jahan,66th B.PS.C (Pre),2020.0,b,"Exp) Option b is the correct answer.
Renowned for his patronage of arts, Akbar founded
Karkhanas, including the famed Tasvir Khana, nurturing
eminent artists like Abu’] Hasan and Mir Sayyid Ali. Mughal
art, born from these workshops, harmonized Indian, Persian,
and Islamic elements, yielding a unique style characterized
by vivid hues, intricate realism, and lavish embellishments.
This art adorned books, albums, and palaces under imperial
patronage.

Important Tips

Important Aspects of Mughal Painting under Akbar:

« Artistic Fusion: Akbar’s atelier integrated artists from
Iran and India, blending styles into a cohesive Mughal
aesthetic.

¢ Unprecedented Scale: The monumental Hamzanama
manuscript, with 1,400 large folios, exemplified
Akbar’s ambitious vision and served as a unifying force
for diverse artistic talents.

» Literary Masterpieces: Notable manuscripts produced,

| such as Sadi’s Gulistan (1582), Darab Nama (1585),

i Nizami’s Khamsa (1590s), and Jami’s Baharistan (1595),

| * Diverse Themes: Expansion to Hindu courts led to
illustrations of Hindu epics, animal fables, individual
portraits, and diverse subjects, showcasing Mughal
painting’s adaptability.

¢ Realism and Naturalism: Akbar’s era refined
Mughal style, emphasizing realism and naturalism,
transforming compositions and character portrayal. |

¢ Prolific Artists: Akbar employed over a hundred |
painters between 1570-1585 to practice and enhance
the Mughal painting tradition. Some notable Painters
who served under Akbar are Abd as-Samad, Abu’]
Hasan and Mir Sayyid Ali."
185,Pietra dura is related to which of the following?,Decorating the walls with floral designs made of semi-precious stones,Building sloping walls in Minars,Use of arch in construction,"Use of marble in buildings
(e)None of the above/More than one of the above",66th B.P.S.C. (Pre),2020.0,a,"Exp) Option a is the correct answer.

Pietra dura started in Jahangir’s reign. Pietra dura is an
inlay work that uses small pieces of semi-precious stones
to create intricate patterns. The stones are cut into very thin
slices and then arranged to create the desired pattern. The
stones are held in place with a mixture of resin and glue.
It was used extensively in Mughal architecture to decorate
the wails of mosques, tombs, and palaces. The patterns were
often floral, and they were made of semi-precious stones
such as lapis lazuli, carnelian, and turquoise. Pietra dura
inlay work can be found in many of the most famous Mughal
buildings, including the Taj Mahal, the Red Fort, and the
Jama Masjid."
186,European paintings were introduced in the court of,Humayun,Akbar,Jahangir,"Shah Jahan
(e)None of the above/More than one of the above",63rd B.P.8.C (Pre.),2017.0,b,"Exp) Option b is the correct answer.
Under Akbar’s patronage, European paintings entered
his court, driven by his fascination for diverse cultures.
Portuguese priests introduced these artworks, inspiring
Akbar to blend European techniques with Mughal art. This
fusion birthed a distinctive style, harmonizing Indian,
Persian, and European influences, enriching Mughal
painting."
187,‘Daswant and Basawaw famous painters were courtier ef Mughal emperor:,Akbar,Jahangir,Shah Jahan,"Aurangzeb
(e)None of the above/More than one of the above",60th to 62nd B.P.S.C. (Pre),2016.0,a,"Exp) Option a is the correct answer.
Daswant and Basawan were both court painters for Akbar.
They were both Hindus, and they were trained by the Persian
master painter Khwaja -Abd al-Hamad. Both Daswant
and Basawan were important figures in the development
of Mughal painting. They helped to create a unique style
of painting that combined Indian, Persian, and Islamic
influences.

— Important Tips —_

Basawan (Flourished 1580-1600):

« An adept Mughal-style miniature painter under
Akbar’s patronage, BasA4wan’s innovations included

| portraiture in Akbarnama illustrations. |

« His rich legacy spans over 100 attributed paintings,
demonstrating strong contrasts of light and shade,
skillful characterization, and spatial exploration. !

« He embraced Western’ techniques without |
overshadowing his distinct style. |

Daswanth (d. 1584):

+ A Mughal-era painter, Daswanth trained under Khwaja
-Abd al-hamad.

+ Notable for illustrating the Razm-nameh and
“Yarikh-i-khandan-i-Timuriya, he portrayed
Mahabharata tales and exhibited mastery in portraying
dynamic scenes.

+ Despite his talents, Daswanth’s life ended tragically
| _with his own demise due to unstable mental health. _|"
188,Itmad-ud-Daula’s tomb at Agra was built by-,Akbar,Jahangir,Nur Jahan,Shab Jahan,43th to 52nd B.P.S.C. (Pre),2008.0,c,"Exp) Option c is the correct answer.

The tomb of Itimad-ud-Daulah rests by the Yamuna River
in Agra and was built by Mughal queen Noor Jahan, Emperor
Jahangir’s wife. It’s often called a prototype of the Taj Mahal
and is known for introducing the pietra dura technique with
semiprecious stones. The tomb was built in the early 17th
century, and it is considered to be a transitional structure
between the red sandstone architecture of Akbar’s reign and
the white marble architecture of Shah Jahan’s reign.
[ Important Tips |

Jahangir's contribution to the Mughal’s Architecture: |

Akbar’s Mausoleum at Sikandara was completed- The

mausoleum is a square structure with four minarets at each

corner. The central chamber contains Akbar’s tomb, which
is made of white marble. The mausoleum is surrounded by

a garden, which is also designed in the Mughal style.

Moti Masjid (Lahore) - Jahangir Moti Masjid, also known
iM the Pearl Mosque, is a 17th-century mosque located
‘inside the Lahore Fort in Lahore, Pakistan. It was built
| by Mughal emperor Jahangir between 1630 and 1635. The

mosque is a small, white marble structure with a single

dome and four minarets. The intexior is decorated with
intricate carvings and mosaics. The mosque was later
modified by Shah Jahan. ; |

Shalimar Bagh (Srinagar)- Jahangir Shalimar Bagh is a|

Mughal Garden located in Srinagar, Jammu and Kashmir,

India. It was built by Mughal emperor Jahangir in =
for his wife Noor Jahan. . The garden is divided into

three terraces, each of which is linked by a series of water

channels. a"
189,King Kharavela is related to -,Pillar inscription of Girnar,Pillar inscription of Junagarh,Hathigumpha inscription,Sarnath inscription,43rd B.P.S.C. (Pre),1999.0,c,"Exp) Option c is the correct answer.
King Kharavela is related to the Hathigumpha inscription.
The Hathigumpha inscription, found in the Udayagiri
hills near Bhubaneswar, Odisha, is attributed to Jain king
Kharavela of the Kalinga kingdom. Dated between the 2nd
century BCE and the Ist century CE, it provides insights
into Kharavela’s biographical sketch, religious values,
infrastructure projects, military endeavors, society, and
culture. The inscription is considered a significant historical
source for the region."
190,Who made the Red Fort in Delhi?,Akbar,Nur Jahan,Jahangir,Shah Jahan,42nd B.PS.C. (Pre),1997.0,d,"Exp) Option d is the correct answer.

The Red Fort in Delhi was built by Shah Jahan in the 17th

century. It is a UNESCO World Heritage Site and it is one

of the most iconic buildings in India. Shah Jahan built the

Red Fort as his new capital after he shifted the capital of the

Mughal Empire from Agra to Delhi in 1638. The Red Fort is

a complex of buildings that includes a palace, a mosque, and

several other structures. It is made of red sandstone and is

surrounded by a high wall.
: Important Tips

Red Fort Important Architecture:

* Diwan-I-Khas- The Diwan-i-Khas, or the Hall of
Private Audiences, was like a special room in the Red
Fort of Delhi that was made in 1648. It was used for
gatherings and meetings, The Mughal Emperor Shah

Jahan would meet important people there, like his
advisors and guests from other places. People also
called it the Shah Mahal.

E Masjid- The Moti Masjid, which means ‘Pearl
Mosque’, is a mosque made of white marble, It’s found
in the Red Fort in Delhi, India. It was built by the
Mughal emperor Aurangzeb between 1659 and 1660.
The mosque is close to the Hammam and the Diwan-
iRhas

. Shalimar Bagh- Shalimar Bagh is a beautiful garden
made by the Mughal emperors in Srinagar, Jammu and
Kashmir, India. It’s connected to Dal Lake by a channel
on the northeast side. People also call it Shalimar
Gardens, Farah Baksh, and Faiz Baksh. Another famous
garden near the shore is Nishat Bagh, known as ‘The
Garden of Delight’. Mughal Emperor Jahangir built
Shalimar Bagh in 1619. This garden is the best example
of Mughal gardening. Nowadays, it’s like a park where
everyone can go, and some even call it the “Crown of
Srinagar”."
191,The only pillar on which Ashoka declares himself as toe emperor of Mapadha-,Minor pillar of Maski,Rumunindei pillar,Queen pillar,Bhabru pillar,B.P.S.C,2016.0,d,"Exp) Option d is the correct answer.
The only pillar on which Ashoka declares himself as
the emperor of Magadha is the “Bhabru pillar.” This
declaration can be found in Minor Rock Edict No. 3, which
is also known as the Bhabru Edict. The pillar is associated
with Bairat, where it was discovered. In this edict, Ashoka
expresses his reverence and faith in the Buddha, Dharma,
and Samgha (Buddhist monastic community), and he
mentions his role as the Magadha king."
192,Quwwat-ul-islany Mosque and Arhai Din Ka Jhonpra are situated respectively at:,Delhi and Ajmer,Delhi and Labore,Ajmer and Delhi,Lahore and Ajmer,Jharkhand P.B.S (Pre)202i,,a,"Exp) Option a is the correct answer.

Quwwat-ul-Islam Mosque stands in Delhi, while Arhai

Din Ka Jhonpra is situated in Ajmer.

¢ The Quwwat-ul-Islam Mosque in Delhi (built 1192-
1316) was sponsored by Qutb-ud-din Aibak, founder
of the Mamluk dynasty. It’s famed for its victory tower,
commemorating Muslim conquest. Once a Hindu-
Jain temple, it was transformed into the mosque. The
Qiwat-ul-Islam mosque (completed 1196), crafted from
demolished temples, comprises red sandstone, gray
quartz, and white marble.

« Adhai Din Ka Jhonpra, a historic mosque in Ajmer,
India, is among the country’s oldest. Commissioned
by Qutb-ud-Din-Aibak in 1192 CE and designed by
Abu Bakr of Herat, it showcases early Indo-Islamic
architecture. . Iltutmish’s enhancements followed in
1213 CE. Built mostly by Hindu masons under Afghan
supervisors, the mosque maintains original Indian
elements, including ornate pillars."
193,The first true arch in the Sultanate memorial could be seen in-,Iltutmish’s tomb,Tomb of Balban,Alai Darwaza,Quwwat-ul-Islam Mosque,Jharkhand P.C.S. (Pre),2016.0,b,"Exp) Option b is the correct answer — So

The first true IsLamic arch made its appearance in the tomb

of Balban built around 1287-88. It has historical importance

in the development of Indo-Islamic architecture. It is located
at the archaeological park in Mehrauli.
| . c

; .. Important Tips ‘ |
+ Iltutmish’s Tomb: The tomb of Iltutmish was built
. in 1235 A.D. It is situated just outside the north-west
cornerof the Quwwat-ul-Islam near the Qutub Minar.
Inside the tomb, there are three mihrabs (prayer
niches). | .

- Alai Darwaza: It was constructed with a dome-
shaped gate made of red sandstone and decorated with
stunning Turkic features made of white marble inlay
and inscriptions engraved in the ancient Naskh Script
and screens made with Lattice stones depicting unique
Turkic craftsmanship. It was built by Ala-ud-din Khilji
in 1311 AD.

¢ Quwwatul-Islam Mosque: Quwwat-ul-Islam was
sponsored by Qutb-ud-din Aibak, founder of the
Mamluk dynasty. The Quwwat-ul-Islam is best known
for its tower of victory, celebrating the Muslim conquest
of India."
194,The art of Ajanta was mainly patronized by the-,Chalukyas,Palilavas,Vakatakas,Gangas,Jharkhand P.C.S. (Pre),2013.0,c,"Exp) Option c is the correct answer.
The art of Ajanta was mainly patronized by the Vakataka
dynasty, who ruled over parts of central and southern
India from the 3rd to the 6th century CE. The Vakatakas
were great lovers of arts, architecture, and literature. They
provided monetary support to the artisans. The rock-cut
Buddhist viharas. and chaityas of the Ajanta caves were
patronized by the Vakataka emperor Harishena. They are
designated as a UNESCO World Heritage Site. The Ajanta
caves contain some of the finest specimens of ancient Indian
art, particularly expressive paintings that present emotions
through gesture, pose and form. The paintings depict the
past lives and rebirths of the Buddha, as well as scenes from
the Jataka tales and other Buddhist legends."
195,Which monument built by Akbar architected alike Buddhist Monastery?,Panch Mahal,Diwan-i-Khas,Jodha Bai Mahal,Buland Darwaza,Jharkhand P.C.S. (Pre),2003.0,a,",
Exp) Option a is the correct answer. .
Panch Mahal is a five-storied structure with 176 columns that
served as a pleasure palace for the royal ladies at Fatehpur
Sikri, It is also known as the “Wind-Catcher Tower” because
of its open design that allows air circulation.
Panch Mahal was built by Akbar in the 16th century as part
of his new capital city at Fatehpur Sikri. It is said that Akbar
was inspired by the multistoried buildings of Nalanda, a
famous Buddhist university in‘ ancient India, The Panch
Mahal resembles a Buddhist monastery in its layout and
structure, with each storey decreasing in size as it ascends.
The topmost storey has a single domed pavilion, which offers
' a panoramic view of the city.
oon"
