Q. No,Question_HTML,Option_A,Option_B,Option_C,Option_D,Subject,Correct Option,Difficulty Level,Nature,Explanation_HTML
1," <p>Among the following President of India, who was also the Secretary General of Non-Aligned Movement for some period ?</p>",(a)  Dr. Sarvepalli Radhakrishnan,(b)  Varahagiri Venkatagiri,(c)  Giani Zail Singh,(d)  Dr. Shanker Dayal Sharma.,India and World,c,Medium,Fundamental(F),"Between summits, the Non-Aligned Movement is run by the Secretary general elected at last summit meeting. The first Secretary General of NAM was Josip Broz Tito from 1961 to 1964. Former Indian President Giani Zail Singh, held the post of 9th Secretary General of NAM from 1983 to 1986. Raul Castro of Cuba is the current (2008) Secretary General of NAM. N. Sanjeeva Reddy also became the Secretary General of NAM in 1983, but for a brief period only."
2, <p>Match List I with List II and select the correct answer using the code given below the lists: </p><p>List I (Person)                                       List I (Organization) </p><p>A. Anil Agarwal                                      1. Gujarat Heavy Chemicals Ltd.</p><p> B. Gautam H. Singhania                       2. Raymond Ltd. </p><p>C. Sanjay Dalmia                                   3. Vedanta Resources.</p><p>D. Venugopal Dhoot                             4. Videocon Group A B C D .</p>,(a)  3 1 2 4,(b)  4 1 2 3,(c)  3 2 1 4,(d)  4 2 1 3,Economics,c,Medium,Current Affairs(CA),"Vedanta Resource plc is a global diversified and integrated metals and mining group headquartered in London, England. Headed by Indian billionaire Anil Agarwal, most of Vedanta’s operations are located in India.
 Raymon H. Singhania is the current Chairman of the Raymond Group, who took over this post on September 2000, from his father Vijayapat Singhania.
 Current Chairman of GHCL, Mr Dalmia has also served on the Board of Directors of Union Bank of India, a Member of the Northern Committee of Industrial Development Bank of India. He was a member of the Rajya Sabha, (Upper House of the Indian Parliament) where he worked as a ‘constructive-link’ between the Government and the Industry to improve the overall economic development of the country.
 Venugopal Dhoot is an Indian business tycoon, who is currently the chairman of Videocon grouo, founded by his father Nandlal Madhavlal Dhoot. According to Forbes, Venugopal is the eighteenth richest man in India."
3," <p>To integrate cultural leaders into its meetings, which one of the following gives “Crystal Award”?</p><p> </p>",(a)  Asia Pacific Economic Cooperation.,(b)  International Bank for Reconstruction and Development .,(c)  World Health Organization.,(d)  World Economic Forum.,International Affairs and Institutions,d,Medium,Current Affairs(CA),"Bollywood actor Amitabh Bachchan has been honoured with the World Economic Forum’s Crystal Award on February 2009, in Davos for his contribution to the world of cinema along with another Indian artist — Mallika Sarabhai — a Kuchipudi and Bharatnatyam danseuse."
4," <p>In India, which one of the following States has the largest inland saline wetland?</p>",(a)  Gujarat,(b)  Haryana,(c)  Madhya Pradesh,(d)  Rajasthan,Ecology and Environment,d,Medium,Fundamental(F),"<ul><li>Located in the arid zone of Rajasthan, the Sambhar Lake is one of the largest inland saline lakes in India. This wetland is one of the most important wintering areas for flamingoes and pelicans. Salt extraction is one of the major activities in the wetland.</li></ul>"
5, <p>Consider the following statements:</p><p>1. MMTC Limited is India’s largest international trading organization.</p><p>2. Neelachal Ispat Nigam Limited has been set up by MMTC jointly with the Government of Orissa.</p><p>Which of the statement(s) given above is/are correct ?</p><p> </p>,(a)  1 only,(b)  2 only,(c)  Both 1 and 2,(d)  Neither 1 nor 2,Current Affairs,c,Medium,Current Affairs(CA),"MMTC Limited is India’s largest trading company with an annual business turnover of US $ 7 billion. It is the largest exporter of Minerals and Ores from India, leading exporter/importer of Agro commodities, single largest importer/supplier of Bullion, a major player in the Coal and hydrocarbons and Non-Ferrous Metals imports by the country and one of India’s largest buyers of Finished Fertilizers and Fertilizer Raw Materials. As a strategy to diversify and add value to its trading operations, MMTC has set up Neelachal Ispat Nigam Limited (NINL) – an iron and steel plant of 1.1 million tone capacity and a 0.8 million tonne coke oven plant with captive power plants, jointly with the Government of Orissa at a total capital outlay of nearly Rs. 2000 crore."
6, <p>In which one of the following States has India’s largest private sector sea port been commissioned recently?</p>,(a)  Andhra Pradesh,(b)  Karnataka,(c)  Kerala,(d)  Tamil Nadu,Current Affairs,a,Medium,Current Affairs(CA),"<ul><li>On July 2008, Navayuga Group, one of India’s leading infrastructure developers, has unveiled the country’s largest private sector port in Krishnapatnam in Nellore district of Andhra Pradesh, some 180 km from Chennai. UPA Chairperson and Congress President Ms Sonia Gandhi dedicated the port to the nation.</li></ul>"
7, <p>Which one of the following pair of a nation that of share market is <strong>not</strong> correctly matched ?</p>,(a)  Japan : Nikkei,(b)  Singapore : Shcomp,(c)  UK : FTSE,(d)  USA : Nasdaq,Economics,b,Difficult,tFundamental(F),"Nikkei 225 is a stock market index for the Tokyo Stock Exchange (TSE). Another major index for the Tokyo Stock Exchange is the Topix.
 Shcomp: A price index of Shanghai Composite Index Market.
 The Straits Time Index (STI) is a market value-weighted stock market index based on the stocks of 30 representative companies listed on the Singapore Exchange.
 The FTSE 100 Index — also called FTSE 100, FTSE, or, informally, the “footside” is a share index of the 100 most highly capitalized UK companies listed on the London Stock Exchange.
 The National Association of Securities Dealers Automated Quotations known as NASDAQ, is an American stock exchange. It is the largest electronic screen-based equity securities trading market in the United States. With approximately 3,800 companies and corporations, it has more trading volume per hour than any other stock exchange in the world."
8, <p>Consider the following statements :</p><p>1. INS Sindhughosh is an aircraft carrier.</p><p>2. INS Viraat is a submarine.</p><p>Which of the statements given above is/are correct ?</p>,(a)  1 only,(b)  2 only,(c)  Both 1 and 2,(d)  Neither 1 nor 2,Science and Technology,d,Medium,Fundamental(F),"INS Sindhughosh (S55) is the lead ship of Sindhughosh class (Kilo) submarines of the Indian Navy. The submarine was commissioned in April 1986 in Riga, Russia. This submarine is diesel-powered and have totally six motors. INS Sindhughosh was the first submarine in Indian Navy to be equipped with the Klub ZM-54E SS-N-27 antiship cruise missiles with a range of 220 km. INS Sindhughosh collided with a foreign merchant vessel – MV Leeds Castle – white trying to surface in the seas north of Mumbai on 7 January 2008.
 INS Viraat (R22) is a Centaur-class aircraft carrier currently in service with the Indian Navy. INS Viraat is the flagship of the Indian Navy, the oldest carrier afloat, and also the only aircraft carrier in the Indian Ocean Region."
9," <p>Consider the following statements :</p><p>1. The Commission for Agricultural Costs and Prices recommends the Minimum Support Prices for 32 crops.</p><p>2. The Union Ministry of Consumer Affairs, Food and Public Distribution has launched the National Food Security Mission.</p><p>Which of the statements given above is/are correct ?</p><p> </p>",(a)  1 only,(b)  2 only,(c)  Both 1 and 2,(d)  Neither 1 nor 2,Economics,d,Difficult,tFundamental(F),"The minimum support prices are announced by the Govt. of India with a view to ensuring remunerative prices to the farmers for their produce on the basis of the Commission for Agricultural Costs and Prices (CACP) recommendations. The Commission for Agricultural Costs and Prices recommended the Minimum Support Prices for 24 crops.
The National Development Council (NDC) in its 53rd meeting held on 29th May, 2007 adopted a resolution to launch a Food Security Mission comprising rice, wheat and pulses to increase the production of rice by 10 million tons, wheat by 8 million tons and pulses by 2 million tons by the end of the Eleventh Plan (2011-12). Accordingly, A Centrally Sponsored Scheme, ‘National Food Security Mission’, has been launched from 2007-08 to operationalize the above mentioned resolution."
10," <p>In India, the ports are categorized as major and non-major ports. Which one of the following is a non-major port ?</p>",(a)  Kochi (Cochin),(b)  Dahej,(c)  Paradip,(d)  New Mangalore,Geography,b,Medium,Fundamental(F),"<ul><li>Major Ports in India a) On the West Coast: Mumbai, Jawaharlal Nehru Port at Jhava Sheva, Kandla, Mormugao, New Mangalore and Cochin. b) On the East Coast: Kolkata/Haldia, Paradip, Chennai, Visakhapatnam, Ennore and Tuticorin.</li></ul>"
11," <p>Among other things, which one of the following was the purpose for which the Deepak Parekh Committee was constituted ?</p>",(a)  To study the current socio-economic conditions of certain minority communities.,(b)  To suggest measures for financing the development of infrastructure.,(c)  To frame a policy on the production of genetically modified organisms.,(d)  To suggest measures to reduce the fiscal deficit in the Union Budget.,Current Affairs,b,Medium,Current Affairs(CA),"Deepak S. Parekh Committee: Constituted by Ministry of Finance, to look into the massive long term funding needs of the infrastructure sector which is projected to require an investment of $ 320 b."
12, <p>The brothers Umakant and Ramakant Gundecha are :</p>,(a)  Dhrupad vocalists,(b)  Kathak dancers,(c)  Sarod Maestros,(d)  Tabla players,Indian Art and Culture,a,Medium,Current Affairs(CA),"<ul><li>Umakant and Ramakant Gundecha are India’s leading exponents of the Dhrupad style of Indian classical music, and are the most active young performers in that style in Indian and international circuits. Gundecha Brothers received conventional university education and learned the Dhrupad vocal art under the renowned Dhrupad vocalist Ustad Zia Fariduddin Dagar and also with Ustad Zia Mohiuddin Dagar (the distinguished performer of Rudra Veena) in Dhrupad Kendra, Bhopal. They have received National Fellowship from 1987 to 89, Ustad Allauddin Khan Fellowship in 1993, Sanskriti Award in 1994 and Kumar Gandharva Award in 1998 by Govt. of Madhya Pradesh and Dagar Gharana Award by Mewar Foundation in 2001.</li></ul>"
13, <p>Match List I with List II and select the correct answer using the code given below the lists :</p><p>      List I <strong>(Famous Person)</strong>                                                List II <strong>(Well-known for)</strong></p><p>A. Mandakini Amte                                                  1. Theatre direction</p><p>B. Neelam Mansingh Chowdhry                             2. Social service and community leadership</p><p>C. Romila Thapar                                                       3. Dance</p><p>D. Vanashree Rao                                                      4. History writing </p><p> <strong>Code :</strong></p><p>          A      B      C      D</p>,(a)     2    1    4    3,(b)     2    4    1    3,(c)      3    1    4    2,(d)      3    4    1    2,Current Affairs,a,Difficult,tCurrent Affairs(CA),"Mandakini Amte, daughter-in-law of famous social activist Baba Amte alongwith her husband Prakash Amte have been awarded the 2008 Ramon Magsaysay Award for community leadership, for serving the medical, education and livelihood needs of remote tribal communities in Maharashtra for over 30 years.
Famous theatre person Neelam Mansingh Chowdhry, was selected for the Sangeet Natak Akadmi Award in 2003. She got the honour in the category of theatre direction.
Romila Thapar (born 1931) is an Indian historian whose principal area of study is ancient India. Thapar’s major worksd are Asoka and the Decline of the Maurya, Ancient Indian Social History: Some Interpretations, Recent Perspectives of Early Indian History (editor), A history of India Volume One, and Early India: From the Origins to AD 1300.
Guru Jayarama and his wife Vanashree Rao are to-day, considered to be the front ranking artists of Kuchipudi style of Andhra. Vanashree received fellowship from the Govt of India and The Sangeet Natak Akademi in the field of Abhinaya."
14," <p>With reference to Stree Shakti Puraskar, for which one of the following is ""Devi Ahilya Bai Holkar Award"" given ?</p>",(a)  Administrative skills,(b)  Achievements in Scientific Research,(c)  Achievements in Sports and games,(d)  Courage and Valour,Current Affairs,d,Medium,Current Affairs(CA),"As a measure of recognition of achievements of individual women in the field of social development, the Government of India has decided to institute five national awards. Which are to be called ‘Stree Shakti Puraskar’. These awards will be in the name of the following eminent women personalities in the Indian history, who are famous for their personal courage and integrity:
• Devi Ahilya Bai Holkar
• Kanngi
• Mata Jijabia
• Rani Gaidenlou Zeliang
• Rani Lakshmi Bai
The Award will carry a cash prize of Rs. 1 lakh and a citation. The awards will be given to women who have triumphed over difficult circumstances and have fought for and established the rights of women in various fields."
15, <p>In which State in the Buddhist site Tabo Monastery located?</p>,(a)  Arunachal Pradesh,(b)  Himachal Pradesh,(c)  Sikkim,(d)  Uttarakhand,Indian Art and Culture,b,Easy,Fundamental(F),"Located in the valley of Spiti (Himachal Pradesh) at an altitude of 3050m, the Tabo Monastery in quiet often referred to as the Ajanta of the Himalayas. Founded by an eminent scholar Richen Zangpo in the 996 AD, as an advanced centre of learning, this is basically a complex that houses a number of small gompas, temples and monasteries. It spreads over an area of 6300 sq m and is surrounded by high boundary wall."
16, <p>With which one of the following has the B.K. Chaturvedi Committee dealt?</p>,(a)  Review of Centre-state relations.,(b)  Review of Delimitation Act.,(c)  Tax reforms and measures to increase revenues.,(d)  Price reforms in the oil sector.,Current Affairs,d,Medium,Current Affairs(CA),"The BK Chaturvedi committee was set up by minister Manmohan Singh to look into the domestic oil pricing policy, which has remained largely controlled despite the dismantling of administered prices in 2002.
The Committee “has given outrageous recommendations for further price rise in petroleum products based on another notional basis of pricing.”
Remarks: Monthly hike in prices of petrol and diesel, restricting and phasing out subsidy on LPG cylinders, imposition of Metro Extra tax in 11 cities, reduction in excise duty on petrol, raise the petrol price by Rs. 2.50 a litre per month till March 2009 and diesel price by Rs. 0.75 per litre per month till 2010 to eliminate subsidies on the two fuels."
17," <p>Mahamastakabhisheka, a great religious event, is associated with and done for who of the following ?</p>",(a)  Bahubali,(b)  Buddha,(c)  Mahavir,(d)  Nataraja,Ancient and Medieval History,a,Easy,Fundamental(F),"The Mahamastabhisheka (or Mahamasthak Abhishek) is an important Jain festival held once every twelve years in the town of Shravanabelagola in Karnataka state, India. The festival is held in veneration of an immense 18 meter high statue of the Bhagwan (or Saint) Gomateshwara Bahubali. The anointing last took place in February 2006, and the next ceremony will occur in 2018."
18," <p>Consider the following pairs : </p><p><span style=""text-decoration: underline;"">Tradition</span>                                                                      <span style=""text-decoration: underline;"">State</span></p><p>1. Gatka, a traditional Martial Art                           Kerala </p><p>2. Madhubani, a Traditional Painting                      Bihar        </p><p>3. Singhey Khabas Sindhu Darshan Festival            J &amp; K </p><p>Which of the pairs given above is/are correctly matched?</p>",(a)  1 and 2 only,(b)  3 only,(c)  2 and 3 only,"(d)  1, 2 and 3",Indian Art and Culture,c,Difficult,tFundamental(F),"Gatka is an Indian martial art created by the Sikhs of the Punjab region. It was used by Sikh forces against the Mughals, primarily in reaction to oppressive or aggressive policies. Though rarely used in combat today, gatka is still popular as a sport and is often shown during Sikh festivals
 Madhubani painting or Mithila Painting is a style of Indian painting, practiced in the Mithila region of Bihar state, India.
The Sindhu Darshan festival is a celebration of River Sindhu or Indus. It is held every year in June at Leh, Ladakh in the Indian state of Jammu and Kashmir. Festival aims at projecting the Sindhu was as a symbol of multi-dimensional cultural identity, communal harmony and peaceful co-existence in India."
19, <p>Match List I with List II and select the correct answer using the code given below the lists : </p><p>List I <strong>(Famous Person)</strong>                                    List II<strong> (Well-known as)</strong></p><p>A. Anna Hazare                                                      1. Lawyer </p><p>B. Deepak Parekh                                                  2. Banker </p><p>C. GVK Reddy                                                         3. Gandhian and social activist </p><p>D. Harish Salve                                                       4. Industrialist  </p><p><strong>Code :</strong></p><p>         <strong>A      B      C       D</strong></p>,(a)     1      2       4       3,(b)     1      4       2       3,(c)      3      2      4       1,(d)     3      4      2       1,Current Affairs,c,,,"Kisan Baburao Hazare, popularly known as Anna Hazare (January 15, 1940), is an Indian social activist who is especially recognized for his contribution to the development of Ralegan Siddhi, a village in Ahmednagar district, Maharashtra, India and his efforts for establishing it as a model village, for which he was awarded the Padma Bhushan by Govt. of India, in 1992. Anna utilized individual centred Gandhian methods for bringing about moral pressure on the people.
 Deepak Parekh is the Chairman of HDFC, the India’s leading housing finance company. He has won several awards including businessman of the year 1996 and conferred with Padma Bhushan by the Government of India.
 G.V. Krishna Reddy is the Chairman of GVK Industries Ltd. He has been unanimously elected chairman of Emergency Management Research Institute (EMRI), a brainchild of disgraced founder and former chairman of Satyam Computer Services B. Ramalinga Raju.
 Harish Salve is a lawyer who served as Solicitor General of India from November 1, 1999 to November 3, 2002. Salve was ranked 18th most powerful person in India in 2009 by India Today magazine."
20, <p>Match List I with List II and select the correct answer using the code given below the lists : </p><p>List I <strong>(Famous Person)</strong>                                                   List II <strong> (Well-known as)</strong> </p><p>A. Amrita Sher-Gil                                                           1. Dancer </p><p>B. Bhimsen Joshi                                                              2. Painter </p><p>C. Rukmini Devi Arundale                                              3. Poet </p><p>D. Suryakant Tripathi Nirala                                           4. Singer </p><p><strong>Code :</strong></p><p>         <strong>A      B      C       D</strong></p>,(a)     2      2       4       3,(b)     1      4       2       3,(c)      3      2      4       1,(d)     3      4      2       1,Indian Art and Culture,b,Difficult,tFundamental(F),"Amrita Shet-Gil (January 30, 1913, - December 5, 1941), was an eminent Indian painter, sometimes known as India’s Frida Kahlo, and today considered an important women painter of 21st century India, whose legacy stands at par with that of the Masters of Bengal Renaissance. Today, she is amongst Nine Masters, whose work was declared as art treasures by The Archaeological Survey of India, in 1976 and 1979
Pandit Bhimsen Gururaj Joshi is an Indian vocalists in the Hindustani classical tradition. A member of the Kirana Gharana (school), he is renowned for the khayal form of singing, as well as for his popular renditions of devotional music (bhajans and abhangs). In 2008, he was awarded the Bharat Ratna, India’s highest civilian honour
Rukmini Devi Arundale (February 29, 1904 – February 24, 1986) was an Indian theosophist, dancer and choreographer in Indian classical dancer form of Bharatnatyam, and also an activist for animal rights, animal welfare and vegetarianism.
Suryakant Tripathi ‘Nirala’ (January 22, 1896 – October 15, 1961) was one of the most famous figures of the modern Hindi literature. He was a poet, novelist, essayist and story-writer. He also drew many sketches."
21," <p>With reference to the schemes launched by the Union Government, consider the following statements:</p><p>1. Ministry of Health and Family Welfare launched the Rashtriya Swasthya Bima Yojana.</p><p>2. Ministry of Textiles launched the Rajiv Gandhi Shilpi Swasthya Bima Yojana.</p><p>Which of the statements given above is/are correct ?</p>",(a)  1 only,(b)  2 only,(c)  Both 1 and 2,(d)  Neither 1 nor 2,Social issues,c,,,"RSBY has been launched by Ministry of Labour and Employment, Government of India to provide health insurance coverage for Below Poverty Line (BPL) families. The objective of RSBY is to provide protection to BPL households from financial liabilities arising out of health shocks that involve hospitalization. Beneficiaries under RSBY are entitled to hospitalization coverage up to Rs. 30,000/- for most of the diseases that require hospitalization.
 Union Ministry of Textiles, in association with ICICI Lombard General Insurance Company Limited, has launched a comprehensive health insurance scheme for the handicraft artisans across the country. The scheme christened as ‘Rajiv Gandhi Shilpi Swasthya Bima Yojana’ would be the first even health insurance initiative for the artisans in the country. The Yojana aims at financially enabling the artisans’ community to access to the best of healthcare facilities in the country. This scheme will cover the artisans family of for comprising self and any three out of spouse, dependant parents and children."
22, <p>Consider the following pairs : </p><p>         Persons                                                          Sport </p><p>1. Anand Pawar                                                     Chess</p><p>2. Akhil Kumar                                                       Boxing </p><p>3. Shiv Shankar Prasad Chowrasia                     Golf</p><p>Which of the pairs given above is/are correctly matched ? </p>,(a)  1 and 2 only,(b)  2 and 3 only,(c)  3 only,"(d)  1, 2 and 3",Current Affairs,b,Medium,Current Affairs(CA),"Anand Pawar is a Badminton player. He won the under 19 Badminton Wimbledon tilte in 2004.
 Akhil Kumar (born March 27, 1981) is an Indian boxer from Bhiwani, Haryana. Akhil lost 3-10 to Veaceslav Gojan of Moldova in the quarter finals of Beijing Olympics on August 18th, 2008. Akhil received the Arjuna award in 2005.
 Shik Shankar Chowrasia (born 15 May 1978), also known as “Chipputtsia”, is an Indian professional golfer. After he turned professional in 1997, he went on to win eight titles on the Indian Tour and finished second twice in the Indian Open. In February 2008he won the inaugural Indian Masters, which was a part of the 2008 European Tour."
23, <p>Match List I with List II and select the correct answer using the code given below the lists:</p><p>List I<strong> (Book)</strong>                                  List II <strong>(Author) </strong></p><p>A. In custody                                   1. Amartya Sen </p><p>B. Sea of Poppies                            2. Amitav Ghosh</p><p> C. The Argumentative Indian        3. Anita Desai </p><p>D. Unaccustomed Earth                 4. Jhumpa Lahiri </p><p><strong>Code :</strong></p><p>         <strong>A      B      C       D</strong></p>,(a)     4      1       2       3,(b)     4      2       1       3,(c)      3      2      1       4,(d)     3      1      2       4,Indian Art and Culture,c,Difficult,tCurrent Affairs(CA),"In Custody (1984) is Anita Desai’s ironic story about literacy traditions and academic illusions. The central characters are Nur, an Urhi poet, who has fallen on hard times, and Deven, a professor of Hindi, who realizes that the beloved poet is not the magical genius e has imagined.
Sea of Poppies is a novel by Indian novelist Amitav Ghosh which was shortlisted for the Man Booker Prize in 2008. It is the first volume of what will be the Ibis trilogy. The story is set on the banks of the holy river Ganges and in Calcutta.
The Argumentative Indian is a book written by the Indian Nobel Prize winning economist Amartya Sen. It is a collections of essays that discuss India’s history and identity, focusing on the traditions of public debate and intellectual pluralism. It was published on June 2, 2005.
Unaccustomed Earth is the latest book from Pulitzer Prize winning author Jhumpa Lahiri. It was published on April, 2008. Just like her other books, Unaccustomed Earth is also a reflection of life of two separate cultures, and how people cope with each other. It made the New York Times book Review list of “10 Best Books of 2008” as chosen by the papers editors."
24," <p>Among the following, who are the Agaria community ?</p>",(a)  A traditional toddy tappers community of Andhra Pradesh.,(b)  A traditional fishing community of Maharashtra.,(c)  A traditional silk-weaving community of Karnataka.,"(d)  A traditional salt pan workers"" community of Gujarat.",Geography,d,Difficult,tCurrent Affairs(CA),"<ul><li>The Agaria, originally the inhabitants of Agra town, but due to harassments of Muslim ruler of Agra, they migrated to Kutchch through Ahmedabad. They are concentrated in a few villages including Bhut, Matra, Mandvi and Loharto of Gujarat.</li></ul>"
25," <p>Recently, which one of the following was included in the UNESCO’s World Heritage list?</p>",(a)  Dilwara Temple,(b)  Kalka-Shimla Railway,(c)  Bhiterkanika Mangrove Area,(d)  Visakhapatnam to valley railway line,Current Affairs,b,Difficult,tCurrent Affairs(CA),"The 150 year old Kalka-Shimla railway line was officially declared as a world heritage site. A special first day postal cover was released and a railway museum dedicated to Baba Bhalkhu, a legend connected with the construction of the line was also inaugurated."
26, <p>Where is the famous Virupaksha temple located?</p>,(a)  Bhadrachalam,(b)  Chidambaram,(c)  Hampi,(d)  Srikalahasti,Indian Art and Culture,c,Easy,Fundamental(F),"<ul><li>Virupaksha Temple is located in Hampi 350 km from Bangalore, in the state of Karnataka in southern India. The temple of dedicated to Shiva, known here as Virupaksha, as the consort of the local goddess Pampa who is associated with the Tungabhadra River. The temple continues to prosper and attracts huge crowds for the betrothal and marriage festivities of Virupaksha and Pampa in December. In the month of February the annual chariot festival is celebrated here.</li></ul>"
27," <p>Other than Venezuela, which one among the following from South America is a member of OPEC?</p>",(a)  Argentina,(b)  Brazil,(c)  Ecuador,(d)  Bolivia,Economy: External Sector,c,Difficult,tFundamental(F),"OPEC : HQ – Vienna, Austria.
 Secretary General- Abdalla Salem El-Badri (Libya)
 The Organization of the Petroleum Exporting Countries (OPEC) is a permanent, intergovernmental Organization, created at the Baghdad Conference on September 10-14, 1960, by Iran, Iraq, Kuwait, Saudi Arabia and Venezuela. The five Founding Members were later joined by nine other Members. Indonesia’s membership currently under review as Indonesia is no longer considered by OPEC as a net oil exporter. Former Members are Gabon (full member from 1975 to 1995) and Ecuador (full member from 1963 to 1993). However Ecuador has expressed interest in rejoining. OPEC’s official language is English, although the official language of a majority of OPEC member-states is Arabic, as seven current members are Arab states. Only one member nation (Nigeria) has English as an official language. From 1976-2006 OPEC gained no new member nations. In November 2006 the Angolan Government announced its intention to apply for membership and subsequently joined on 1st Jan 2007. Sudan has also expressed intent for joining. Russia, though a net exporter of oil has failed to gain membership into the grouping.
 In 2008, Indonesia announced its withdrawal of membership of OPEC. Membership – 12 states."
28, <p>Under the administration of which one of the following is the Department of Atomic Energy?</p>,(a)  Prime Minister’s Office,(b)  Cabinet Secretariat,(c)  Ministry of Power,(d)  Ministry of Science and Technology,Polity and Governance,a,Medium,Fundamental(F),"The Department of Atomic Energy (DAE) was set up on August 3, 1954 under the direct charge of the Prime Minister through a Presidential Order. The department is responsible for nuclear technology, including nuclear power and research."
29," <p>Consider the following pairs : </p><p>       <strong><span data-mce-style=""text-decoration: underline;"" style=""text-decoration: underline;""> Large Bank</span> </strong>                                   <strong>  <span data-mce-style=""text-decoration: underline;"" style=""text-decoration: underline;"">Country of origin</span></strong><br/></p><p>1. ABN Amro Bank              :                    USA </p><p>2. Barclays Bank                  :                    UK </p><p>3. Kookmin Bank                 :                   Japan </p><p>Which of the above pairs is/are correctly matched?</p><p></p><br/>",(a)  1 only,(b)  2 only,(c)  1 and 2,(d)  2 and 3,Economics,b,Difficult,tCurrent Affairs(CA),"ABN AMRO is a Dutch bank, currently owned by RFS Holdings B.V., a consortium of Royal Bank of Scotland Group, the Government of the Netherlands, and Banco Santander. The bank was created as the result of the 1990-91 merger between Amsterdam-Rotterdam (AMRO) Bank and ABN.
 Barclays bank was founded in 1690, John Freame and Thomas Gould started trading as Goldsmith bankers in Lombard Street London. It is the second largest bank in UK.
 Kookmin Bank is the largest bank by both asset value and market capitalization in South Korea. It was founded in 1963 and have headquarters at Jung-gu, Seoul, South Korea"
30, <p>Which among the following has the world’s largest reserves of Uranium?</p>,(a)  Australia,(b)  Canada,(c)  Russian Federation,(d)  USA,Geography,a,Medium,Current Affairs(CA),"<ul><li>Uranium deposits are found all over the world. The largest deposits of uranium are found in Australia, Kazakhstan and Canada. High-grade deposits are only found in Canada. Australia has 23% of the world’s uranium ore reserves and the world’s largest single uranium deposit, located at the Olympic Dam Mine in South Australia. Almost all Australia’s mined uranium is exported, under strict International Atomic Energy Agency safeguards against use in nuclear weapons.</li></ul>"
31," <p>Elephant Pass, which is frequently in the news, is mentioned in the context of the affairs of which one of the following?</p>",(a)  Bangladesh,(b)  India,(c)  Nepal,(d)  Sri Lanka,Current Affairs,d,Medium,Current Affairs(CA),"<ul><li>Elephant Pass, Northern Province, Sri Lanka is an important military base and formerly the island’s largest salt field, located in the gateway of Jaffna Peninsula. It has thus regularly been the site of battles during the civil war. In a major military defeat, the Sri Lankan Army lost control of the pass to the LTTE on April 22, 2000 in the Second Battle of Elephant Pass. The Sri Lankan Army recaptured Elephant Pass in the Third Battle of Elephant Pass on January 09, 2009.</li></ul>"
32, <p>Consider the following countries:</p><p> 1. Brunei Darussalam .</p><p>2. East Timor .</p><p>3. Laos .</p><p>Which of the above is/are member/members of ASEAN? </p>,(a)  1 only,(b)  2 and 3 only,(c)  1 and 3 only,"(d)  1, 2 and 3",Economy: External Sector,c,Medium,Fundamental(F),"ASEAN: HQ- Jakarta, Indonesia.
 The Association of Southeast Asian Nations (ASEAN) is a geo-political and economic organization of 10 countries located in Southeast Asia. ASEAN was established on 8 August 1967 in Bangkok by the five original Member Countries, namely, Indonesia, Malaysia, Philippines, Singapore, and Thailand. Brunei Darussalam joined on 8 January 1984, Vietnam on 28 July 1995, Lao PDR and Myanmar on 23 July 1997, and Cambodia on 30 April 1999."
33, <p>Consider the following countries:</p><p>1. Switzerland</p><p>2. Malta</p><p>3. Bulgaria</p><p>Which of the above are members of European Union?</p>,(a)  1 and 2 only,(b)  2 and 3 only,(c)  1 and 3 only,"(d)  1, 2 and 3",Economy: External Sector,b,Medium,Current Affairs(CA),"The European Union (EU) is an economic and political union of 27 member states, located primarily in Europe. It was established by the Treaty of Maastricht on 1 November 1993. The European Union is composed of 27 independent sovereign states which are known as member states: Austria, Belgium, Bulgaria, Cyprus, the Czech Republic, Denmark, Estonia, Finland, France, Germany, Greece, Hungary, Ireland, Italy, Latvia, Lithuania, Luxembourg, Malta, the Netherlands, Poland, Portugal, Romania, Slovakia, Slovenia, Spain, Sweden, and the United Kingdom.
 There are three official candidate countries, Croatia, the former Yugoslav Republic of Macedonia, and Turkey. The western Balkan countries of Albania, Bosnia and Herzegovina, Montenegro, and Serbia are officially recognized as potential candidates. Kosovo is also listed by the European Commission as a potential candidate but the Commission does not list it as an independent country because not all member states recognize at as an independent country, separate from Serbia."
34, <p>Consider the following countries:</p><p>1. Australia</p><p>2. Namibia</p><p>3. Brazil</p><p>4. Chile </p><p>Through which of the above does the Tropic of Capricorn pass ?</p>,(a)  1 only,"(b) 2, 3 and 4 only","(c)  1, 2 and 3  only","(d) 1, 2, 3 and 4 only",Geography,d,Medium,Fundamental(F),"<ul><li>The Tropic of Capricorn, or Southern tropic, is one of the five major circles of latitude that mark maps of the Earth. It lies 23o 26’ 22’ south of the Equator. Tropic of Capricorn passes through the following countries, starting at the prime meridian and heading west: Brazil, Paraguay, Argentina, Chile. It also passes through these other countries: French Polynesia, Tonga, Coral Sea Islands Territory, Australia, Madagascar, Mozambique, South Africa, Botswana, Namibia</li></ul>"
35," <p>In the structure of planet Earth, below the mantle, the core is mainly made up of which one of the following ?</p>",(a)  Aluminum,(b)  Chromium,(c)  Iron,(d)  Silicon,Geography,c,Easy,Fundamental(F),"<ul><li>The Earth has an outer silicate solid crust, a highly viscous mantle, a liquid outer cover that is much less viscous than the mantle, and a solid inner core. Seismic measurements show that the core is divided into two parts, a solid inner core with a radius of ~ 1220 km and a liquid outer core extending beyond it to as radius of ~ 3400 km. The solid inner core was discovered in 1936 by Inge Lehmann and is generally believed to be composed primarily of iron and some nickel. In early stages of Earth’s formation about 4.5 billion years ago, melting would have caused denser substances to sink toward the center in a process called planetary differentiation, while less-dense materials would have migrated to the crust. The core is thus believed to largely be composed of iron (80%), along with nickel and one or more light elements, whereas other dense elements, such as lead and uranium, either are too rate to be significant or tend to bind to lighter elements and thus remain in the crust. Some have argued that the inner core may be in the form of a single iron crystal.</li></ul>"
36, <p>Which one of the following pairs is not correctly matched ?</p><p><strong> City                                              River</strong><br/></p><p></p><br/>,(a)  Berlin                                    Rhine,(b)  London                                 Thames,(c)  New York                              Hudson,(d)  Vienna                                  Danube,Geography,a,Difficult,tFundamental(F),"<ul><li>The Spree is a river in Saxony, Brandenburg and Berlin, Germany and in Usti and Labem Region, Czech Republic. It is a left tributary of the Havel river and is approximately 400 kilometres (250 mi) in length. Its source is located in the Lusatian Hills on the Czech border. Further north the river enters the Spreedwald, a large wetlands area, that is identical with the settlement areas of the Sorbs. In its final portion the river runs through the city centre of Berlin to join the River Havel in Spandau, a western quarter of Berlin.</li></ul>"
37, <p>Match List I with List II and select the correct answer using the code given below the lists:</p><p> List I <strong>(Famous Temple)                              </strong> List II <strong>(State)</strong> </p><p>A. Vidyashankara Temple                           1. Andhra Pradesh </p><p>B. Rajarani Temple                                       2. Karnataka </p><p>C. Kandariya Mahadeo Temple                  3. Madhya Pradesh</p><p>D. Bhimesvara temple                                  4. Orissa</p><p><strong>Code :</strong></p><p>          <strong>A    B    C    D</strong></p>,(a)      2    4    3    1,(b)      2    3    4    1,(c)      1    4    3     2,(d)      1    3    4    2,Indian Art and Culture,a,Medium,Fundamental(F),"<ul><li>Vidyashankara Temple at Sringere is a revered pilgrimage centre located amidst the picturesque Sahyadri hills in Chikmaglur District of Karnataka on the left bank of the river Tungabhadra Rajarani temple is one of the most renowned temples in Bhubaneswar, the capital city of Orissa. It is made from the wonderful red and gold standstone, which is locally known as Rajarani and this is what gives the temple its name of ‘Raja Rani’. Rajarani temple of Bhubaneshwar is dedicated to Lord Brahma. The origin of this temple can be dated back to the eleventh century. The Kandariya Mahadeva is the largest and most ornate Hindu temple in the medieval temple group found at Khajuraho in Madhya Pradesh, India. It was built by Vidyadhara arguably one of the greatest Chandela kings. The temple was built around 1050 on Hindu beliefs. Bhimesvara temple is a 10th century shrine at Draksharamam. It is one among the five Arama shrines dedicated to Shiva, in Andhra Pradesh. The temple was built by the Eastern Chalukyan King Bhima of Vengi, when his kingdom was under attack by the Rashtrakootas</li></ul>"
38," <p>Consider the following statements :</p><p>1. In the world, the tropical deserts occur along the western margins of continents within the trade wind belt.</p><p>2. In India, the East Himalayan region gets high rainfall from north-east winds.</p><p>  Select the correct answer using the code given below.</p>",(a)  1 only,(b)  2 only,(c)  Both 1 and 2,(d)  Neither 1 nor 2,Geography,a,Medium,Applied(A),"<ul><li>Tropical deserts: From the high-pressure belts, about 30o N. and 30o S., the trade winds blow towards the low-pressure belt round the Equator. As they are flowing from cooler to warmer regions they become warmer as they proceed, and tend to absorb rather than deposit moisture. Thus they are dry winds. For this reason, a desert belt is found around the tropics on the western sides of the continents. Eastern Himalaya is situated between Central Nepal in the west to Myanmar in the east, occupying Sikkim, North Bengal, Bhutan and North-East India. The Bay of Bengal Branch of SW Monsoon flows over the Bay of Bengal heading towards North-Eastern India and Bengal, picking up more moisture from the Bay of Bengal. Its hits the Eastern Himalaya and provides a huge amount of rain to the regions of North-East India, Bangladesh and West Bengal. Mawsynram, situated on the southern slopes of the Eastern Himalaya in Shillong, India is one of the wettest places on Earth. After striking the Eastern Himalaya it turns towards the West, travels over the Indo-Gangetic Plain, at a rate of roughly 1-2 weeks per state, poring rain all along its way.</li></ul>"
39," <p>Match List I with List II and select the correct answering using the code given below, the lists :</p><p> List I <strong>(Geographic feature)                                    </strong> List II <strong>(Country)</strong> </p><p>A. Great Victoria Desert                                           1. Australia </p><p>B. Grand Canyon                                                        2. Canada </p><p>C. Lake Winnipeg                                                       3. New Zealand</p><p> D. Southern Alps                                                        4. USA</p><p>Select the correct answer using the code given below.</p><p><strong>Code :</strong></p><p>          <strong>A    B    C    D</strong></p>",(a)      1    2    4    3,(b)      1    4    2    3,(c)      3    2    4     1,(d)      3    4    2    1,Geography,b,Difficult,tFundamental(F),"<ul><li>The Great Victoria Desert is a barren, arid, and sparsely populated desert ecoregion in southern Australia. It falls inside the states of South Australia and Western Australia and consists of many small sandhills, grasslands and salt lakes. The Grand Canyon is a steep-sided gorge carved by the Colorado River in the United States in the state of Arizona. It is largely contained within the Grand Canyon National Park – one of the first national parks in the United States. Lake Winnipeg is a very large (24,514 km2 (9,465 sq mi)) lake in central North America, in the province of Manitoba, Canada, about 55 kilometres (34 mi) north of the city of Winnipeg. It is the largest lake within the undeveloped and pristine large watershed of southern Canada. The Southern Alps is a mountain range which runs along the western side of the South Island of New Zealand. It forms a natural dividing range along the entire length of the South Island.</li></ul>"
40," <p>Consider the following statements :</p><p>1. Between Census 1951 and Census 2001, the density of the population if India has increased more than three times.</p><p>2. Between Census 1951 and Census 2001 the annual growth rate (exponential) of the population of India has doubled.</p><p>Which of the statements given above is/are correct?</p>",(a)  1 only,(b)  2 only,(c)  Both 1 and 2,(d)  Neither 1 nor 2,Geography,d,Difficult,tCurrent Affairs(CA),"<ul><li>Density of population of India in 1951: 117 per sq. km. Density of population of India in 2001: 324 per sq. km. Hence, between Census 1951 and Census 2001, the density of population of India has increased less than three times. India’s population growth can be classified into the following two phases: 1951-1981: Rapid high growth 1981-2001: High growth with signs of slowing down of the growth rate. It needs to be noted that during the decade of 1981-91, the population of India increased by 23.86 percent and the average annual exponential growth rate was 2.14 percent per annum. It was lower than that observed during 1971-81. It can be further noted that the lowering of the population growth has continued during 1991-2001, with the average annual exponential growth rate being 1.93 percent per annum.</li></ul>"
41, <p>Which one of the following rivers does not originates in India?</p>,(a) Beas,(b) Chenab,(c) Ravi,(d) Sutlej,Geography,d,,,"<ul><li>The Beas River is the second easternmost of the rivers of the Punjab. The river rises in the Himalayas in central Himachal Pradesh, India, and flows for some 470 km (290 miles) to the Sutlej River in western Punjab state. The Chenab River is formed by the confluence of the Chandra and Bhaga rivers at Tandi located in the upper Himalayas in the Lahul and Spiti District of Himachal Pradesh, India. Ravi river originates in the Himalayas in the Chamba district of Himachal Pradesh, India following a north-westerly course. The Sutlej originates from the Rakas Lake, which is connected to the Manasarovar lake by a stream, in Tibet. Its flows in a north-westerly direction and enters Himachal Pradesh at the Shipki Pass, where it is joined by the Spiti river.</li></ul>"
42," <p>Cape Canaveral, the site from which space shuttles are launched is located on the coast of ?</p>",(a)  Florida,(b)  Virginia,(c)  North Carolina,(d)  South Carolina,Geography,a,Difficult,tFundamental(F),"<ul><li>Cape Canaveral, is a headland in Brevard County, Florida, United States, near the center of that state’s Atlantic coast. Known as Cape Kennedy from 1963 to 1973, it sits due east of Merritt Island, separated from it by the Banana River. It is part of a region known as the Space Coast, and is the site of the Cape Canaveral Air Force Station. Since many United States spacecraft are launched from both the station and the Kennedy Space Center on nearby Merritt Island, the term “Cape Canaveral” or “Canaveral” has become a metonym that refers to both as the launch site of spacecraft. In homage to its spacefaring heritage, the Florida Public Service Commission allocated “321” as the telephone area code for Cape Canaveral and surrounding countries.</li></ul>"
43," <p>At which one of the following places do two important rivers of India originate; while one of them flows towards north and merges with another important river flowing towards Bay of Bengal, the other one flows towards Arabian Sea?</p>",(a)  Amarkantak,(b)  Badrinath,(c)  Mahabaleshwar,(d)  Nasik,Geography,a,Difficult,tFundamental(F),"<ul><li>Amarkantak is situated in Anuppur District of Madhya Pradesh in India. This is where the Narmada River, the Sone River and Johila River emerge. Narmada river flows westwards over a length of 1,312 km (815.2 ml) before draining through the Gulf of Cambey (Khambat) into the Arabian Sea, 30 km (18.6 mi) west of Bharuch city of Gujarat. The Sone river flows north-northwest through Madhya Pradesh state before turning sharply eastward when it encounters the southwest-northeast-running Kaimur Range. The Son parallels the Kaimur Range, flowing east-northeast through Uttar Pradesh and Bihar stats to join the Ganges just above Patna which is flowing towards Bay of Bengal.</li></ul>"
44, <p>Who of the following scientists proved that the stars with mass less than 1.44 times the mass of the Sun end up as White Dwarfs when they die?</p><p> </p>,(a)  Edwin Hubble,(b) S. Chandrashekhar,(c)  Stephen Hawking,(d)  Steven Weinberg,Science and Technology,b,Easy,Fundamental(F),"The Chadrashekhar limit limits the mass of bodies made from electron-degenerate matter, a dense form of matter which consists of nuclei immersed in a gas of electrons. The limit is the maximum non-rotating mass which can be supported against gravitational collapse by electron degeneracy pressure. It is named after the astrophysicist Subrahmanyam Chandrashekhar, and is commonly given as being about 1.4 solar masses. As white dwarfs are composed of electron-degenerate mater no non-rotating white dwarf can be heavier than the Chandrashekhar limit. Chandrasekhar’s insight into degeneracy pressure finally explained how white dwarf could exist, and it was this work that persuaded the Nobel Committee to award him the Nobel Prize in physics in 1983, the prize being shared with Willy Fowler."
45, <p>Which one of the following brings out the publication called “Energy Statistics” from time to time?</p>,(a)  Central Power Research Institute.,(b)  Planning Commission.,(c)  Power Finance Corporation Ltd.,(d)  Central Statistical Organization.,Economics,d,Medium,Fundamental(F),"<ul><li>Central Statistical Organization publishes the “Energy Statistics” from time to time with the objective to meet the information needs of national and international policy makers, administrators and researchers concerned with the energy sector.</li></ul>"
46, <p>Consider the following statements :</p><p>1. India does not have any deposits of Thorium.</p><p>2. Kerala’s monazite sands contain Uranium.</p><p>  Select the correct answer using the code given below.</p>,(a)  1 only,(b)  2 only,(c)  Both 1 and 2,(d)  Neither 1 nor 2,Geography,d,Difficult,tCurrent Affairs(CA),"<ul><li>Under the US Geological Survey estimate, Australia and India have particularly large reserves of thorium. India and Australia are believed to possess approx 300,000 metric tonnes each; i.e. each country possessing 25% of the world’s thorium reserves. Furthermore the IAEA report mentions that India possesses two thirds (67%) of global reserves of monazite, the primary thorium ore.</li></ul>"
47, <p>Which one among the following South Asian countries has the highest population density?</p>,(a)  India,(b)  Nepal,(c)  Pakistan,(d)  Sri Lanka,Geography,a,Medium,Fundamental(F),<ul><li>India: 349 km2 (35th in the world) Sri Lanka: 319 km2 (35th in the world) Pakistan: 206 km2 (53rd in the world) Nepal: 184 km2 (56th in the world).</li></ul>
48, <p>Consider the following statements :</p><p>1. The discussions in the Third Round Table Conference eventually led to the passing of the Government of India Act of 1935.</p><p>2. The Government of India Act of 1935 provided for the establishment of an All India Federation to be based on a Union of the provinces of British India and the Princely States.</p><p>Which of the above statements is/are correct?</p>,(a)  1 only,(b)  2 only,(c)  Both 1 and 2,(d)  Neither 1 nor 2,History of Modern India,c,Medium,Fundamental(F),"The third round table conference was convened in London on November 17 to December 24 in the year 1932. A white paper was issued in the year March 1933. The details of the working basis of the new Constitution of India were enumerated in the white paper. It was declared that according to the new constitution, there would be diarchy at the centre and responsible governments in the centre. In February 1935, a bill was introduced in the House of Commons by the Secretary of State for India, which subsequently passed and enacted as the Government of India Act, 1935. Thus, the act of 1935 came into existence as a result of third round table conference. The Act drew its materials from Simon Commission, the report of All parties conference i.e. Nehru Report, the discussions of the three round table conferences, the detail enumerated in the white paper and the report of the Joint Select Committees.
The most significant aspects of Act was: provision for the establishment of a “Federation of India”, to be made up of both British India and some or all of the “princely states”"
49, <p>Consider the following :</p><ol><li>Fringe Benefit Tax.</li><li>Interest Tax.</li><li>Securities Transaction Tax .</li></ol><p>Which of the above is/are Direct Tax/Taxes ?</p>,(a)  1 only,(b)  1 and 3 only,(c)  2 and 3 only,"(d)  1, 2 and 3",Economics,d,Easy,Fundamental(F),"<p>Direct tax is a tax or a kind of charge that is imposed directly to taxpayer and cannot be shifted on to others.</p><ul><li>Corporation tax,</li><li>Income tax,</li><li>Securities transaction tax,</li><li>Banking Cash Transaction tax,</li><li>Fringe Benefit tax,</li><li>Wealth tax,</li><li>Interest tax,</li><li>Gift tax Indirect taxes in 2006-07 (in the order of their collection): (a) Union Excise duty, (b) Custom duty, (c) Service tax</li></ul>"
50," <p>In India, who is the Chairman of the National Water Resources Council?</p>",(a)  Prime Minister,(b)  Minister of Water Resources,(c)  Minister of Environment and Forests,(d)  Minister of Science and Technology,Polity and Governance,a,Easy,Fundamental(F),The National Water Resource Council was set up by the Govt. of India with Prime Minister as the Chairman in 1983. The Govt. of India constituted a National Water Board to review the progress achieved in implementation of the National Water Policy and to report the progress to the national water resources council from time to time.
51, <p>Consider the following statements :</p><p>1. There are no east flowing rivers in Kerala.</p><p>2. There are no west flowing rivers in Madhya Pradesh.</p><p>  Select the correct answer using the code given below.</p>,(a) 1 only,(b) 2 only,(c) Both 1 and 2,(d) Neither 1 nor 2,Geography,d,Medium,Fundamental(F),"<ul><li>There are three east flowing rivers in Kerala 1. Paampar; 2. Bhavanil; and 3. Kabani. Paampar and Bhavani flows into Tamilnadu. Kabani enters Karnataka. All three of them empties into Kaveri The Son originates in Madhya Pradesh state, just east of the headwaters of the Narmada River, and flows north-northwest through Madhya Pradesh state before turning sharply eastward when it encounters the southwest-northeast-running Kaimur Range.</li></ul>"
52," <p>In collaboration with David Hare and Alexander Duff, who of the following established Hindu College at Calcutta? </p>",(a) Henry Louis Vivian Derozio.,(b)  Ishwar Chandra Vidyasagar .,(c)  Keshab Chandra Sen .,(d)  Raja Rammohan Roy.,History of Modern India,d,Medium,Fundamental(F),"With the creation of the Supreme Court in Calcutta in 1774 many Hindus of Bengal became eager to learn the English language. In 1817, in collaboration with Scottish watchmaker, David Hare and Alexander Duff, Raja Rammohan Roy set up the Hindu College at Calcutta. The College formally opened on Monday, January 20, 1817 with twenty ‘scholars’. The control of the institution was vested in a body of two Governors and four Directors. In 1830, Raja Rammohan helped Alexander Duff in establishing the General Assembly’s Institution, by providing him the venue vacated by Brahma Sabha and getting the first batch of students."
53, <p>Who of the following Prime Minister sent Cripps Mission to India?</p>,(a)  James Ramsay MacDonald.,(b)  Stanley Baldwin .,(c)  Nevile Chamberlain.,(d)  Winston Churchill.,History of Modern India,d,Medium,Fundamental(F),"Sir Stafford Cripps (1889-1952) was a leading British politician who twice led unsuccessful high level missions appointed by the British Government, once under Winston Churchill and the second under Clement Atlee, in the hope of negotiating India’s independence by agreement. In March 1942 Churchill sent Cripps on a special mission to India, in the hope, which proved to be vain, that he would win the support of Nehru, Gandhi and Congress party in the war against Japan by promising that India should have assembly with powers to draft the Constitution of an independent state once the war was over."
54, <p>Who of the following is the author of a collection of poems called “Golden Threshold” ?</p>,(a)  Aruna Asaf Ali,(b)  Annie Besant,(c)  Sarojini Naidu,(d)  Vijayalakshmi Pandit,History of Modern India,c,Medium,Fundamental(F),Sarojini Naidu is well acclaimed for her contribution to poetry. Her poetry had beautiful words that could also be sung. Her collection of poems published in 1905 under the title “The Golden Threshold”.
55," <p>During the Indian Freedom Struggle, why did Rowlatt Act arouse popular indignation?</p>",(a)  It curtailed the freedom of religion,(b)  It suppressed the Indian traditional education,(c)  It authorized the government to imprison people without trial,(d)  It curbed the trade union activities,History of Modern India,c,Medium,Fundamental(F),"During the Vice-royalty of Lord Chelmsford, a sedition committee was appointed by the Government in 1918 with Justice Rowlatt which made certain recommendations to curb seditious activities in India. The Rowlatt 1919, gave unbridled powers to the government to arrest and imprison suspects, without trial. The act caused a wave of anger among the people. Gandhiji decided to fight against this act and he gave a call for Satyagraha on April 6, 1919."
56, <p>Which one of the following began with the Dandi March ?</p>,(a)  Home Rule Movement,(b)  Non-Cooperation Movement,(c)  Civil Disobedience Movement,(d)  Quit India Movement,History of Modern India,c,Medium,Fundamental(F),"To achieve the goal of Complete Independence, Gandhiji launched another civil disobedience movement in 1930. Alongwith 78 followers, Gandhiji started his famous march from Sabarmati Ashram on March 12, 1930 for the small village Dandi (Navsari district) to break the Salt Law. Gandhiji covered a distance of 240 miles in 24 days. On reaching the seashore on April 6, he broke the Salt Law by picking up salt from the seashore. By picking handful if salt, Gandhiji inaugurated the Civil Disobedience Movement, a movement that was to remain unsurpassed in the history of Indian National Movement for the countrywide mass participation it unleashed."
57, <p>Anekantavada is a core theory and philosophy of which one of the following?</p>,(a) Buddhism,(b) Jainism,(c) Sikhism,(d) Vaishnavism,Ancient and Medieval History,b,Easy,Fundamental(F),"<ul><li>Anekantavada is one of the most important and fundamental doctrines of Jainism. It refers to the principles of pluralism and multiplicity of viewpoints, the notion that truth and reality are perceived differently from diverse points of view, and that no single point of view is the complete truth. The origins of anekantavada can be traced back to the teachings of Mahavira (599-527 BCE), the 24th Jain Tirthankara.</li></ul>"
58, <p>With which one of the following movements is the slogan “Do or Die” associated? </p>,(a) Swadeshi Movement,(b)  Non-Cooperation Movement,(c) Civil Disobedience Movement,(d)  Quit India Movement,History of Modern India,d,Easy,Fundamental(F),"The All India Congress Committee met at Bombay on August 8, 1942, and passed the famous ‘Quit India’ resolution, proposing to start non-violent mass struggle to achieve this aim. On the night of this day, Gandhi gave his call of ‘Do or Die’. But before the Congress could start its non-violent movement, the government rounded up all the important leaders, including Gandhi in the morning of August 9. This unwise act of the government unleashed an unprecedented and country – wide wave of mass fury. Left leaderless and without any organization, the people reacted in any matter they could."
59, <p>Which of the following founded the Ahmedabad Textile Labour Association?.</p>,(a)  Mahatma Gandhi,(b)  Sardar Vallabhbhai Patel,(c)  N.M. Joshi,(d)  J.B. Kripalani,History of Modern India,a,Medium,Fundamental(F),"The Ahmedabad Mill strike gave Gandhi an urban, industrial base. In 1920, he founded the Ahmedabad Textile Labour Association, the union which afterwards set the tone of industrial relations in the city. Its approach was mild, but Gandhi’s standing with the workers guaranteed constructive response from the mill owners, who feared him."
60, <p>In the context of the Indian freedom struggle 16th October 1905 is well known for which one of the following reasons? </p>,(a)  The formal proclamation of Swadeshi Movement was made in Calcutta town hall .,(b) Partition of Bengal took effect.,(c)  Dadabhai Naoroji declared that the goal of Indian National Congress was Swaraj .,(d)  Lokmanya Tilak started Swadeshi Movement in Poona.,History of Modern India,b,Medium,Fundamental(F),"Partition of Bengal (1905): The partition, officially announced on July 4, 1905, came into effect on October 16, 1905. On the same day, the people of Bengal reacted in an unprecedented way by observing it as a day of mourning and organizing protest meetings. At a meeting held at the so-called ‘Federal Hall’, a resolution was adopted to launch the Swadeshi movement and adopt the slogan of ‘Bande Mataram’."
61," <p>In the “Individual Satyagraha”, Vinoba Bhave was chosen as the first Satyagrahi. Who was the second? </p>",(a)  Dr. Rajendra Prasad,(b)  Pandit Jawaharlal Nehru,(c)  C. Rajagopalachari,(d)  Sardar Vallabhbhai Patel,History of Modern India,b,Medium,Fundamental(F),"In October 1940, Gandhi selected Vinoba Bhave as the first Satyagrahi-civil resister-for the individual Satyagraha against the British, and Jawaharlal Nehru the second Satyagrahi. On October 31, 1940 Pt. Nehru was arrested for offering individual Satyagraha to protest against India’s forced participation in war. He was released along with the other leaders in December 1941."
62, <p>Consider the following statements :</p><p> The Cripps Proposals include the provision for -</p><p>1. Full independence for India .</p><p>2. Creation of Constitution making body.</p><p>Which of the statements given above is/are correct?</p>,(a)  1 only,(b)  2 only,(c)  Both 1 and 2,(d)  Neither 1 nor 2,History of Modern India,b,Medium,Fundamental(F),"The Cripps Proposals – March-April 1942: Sir Stafford Cripps after discussions with the Indian leaders, announced his proposals in the form of a Draft Declaration, which may be summarized as:
i. The British Government’s object was the creation of a new Indian Union, which would have Dominion Status.
ii. A Constitution-making body, consisting of the elected representatives from the British Provinces and the Princely States was to be set up immediately after the war.
iii. The Constitution framed by this body would be accepted and implemented subject to two conditions (a) any province of British India not prepared to accept this Constitution would retain its present constitutional position. With such non-acceding provinces, the British might agree upon a new Constitution, giving them the same status as the Indian Union, (b) Every Princely State would be free to adhere to the Constitution or decline to do so.
iv. During the War an Executive Council would be set up, composed of leaders of the principal sections of the Indian people. But the British Government would retain control of the defence of India as a part of their war effort."
63," <p>During the freedom struggle, Aruna Asaf Ali was a major woman organizer of underground activity in:</p>",(a) Civil Disobedience Movement.,(b) Non-Cooperation Movement.,(c)  Quit India Movement .,(d)  Swadeshi Movement.,History of Modern India,c,Medium,Fundamental(F),"Aruna Asaf Ali (July 16, 1909, Kalka, Haryana—July 29, 1996) (born Aruna Ganguli), was an Indian independence fighter. She is widely remembered for hoisting the Congress flag at the Gowalia Tank maidan in Bombay during the Quit India Movement, 1942. Aruna was dubbed the Heroine of the 1942 movement for her bravery in the face of danger and was called Grand Old Lady of the Independence movement of her later years."
64, <p>With whose permission did the English set up their first factory in Surat?</p><p> </p>,(a)  Akbar,(b)  Jahangir,(c)  Shahjahan,(d)  Aurangzeb,Ancient and Medieval History,b,Medium,Factual,"Following the decision of the East India Company to open a factory at Surat (1608), Captain Hawkins arrived at Jahangir’s court (1609) to seek permission. Jahangir although initially willing to grant permission later refused due to Portuguese pressure. But when a Portuguese fleet was defeated by the English under Captain Best at Swally (near Surat) in 1612, a farman was issued by Jahangir permitting the English to erect a factory at Surat (1613)."
65," <p>In a dry cell (battery), which of the following are used as electrolytes ?</p>",(a)  Ammonium chlorine and Zinc chloride.,(b)  Sodium chloride and Calcium chloride.,(c)  Magnesium chloride and Zinc chloride.,(d)  Ammonium chloride and Calcium chloride.,Science and Technology,a,Difficult,tFundamental(F),"Zinc-carbon dry cell or battery is packaged in a zinc can that serves as both a container and anode. It was developed from the wet Leclanche cell. The cathode is a mixture of manganese dioxide and carbon powder. The electrolyte is a paste to zinc chloride and ammonium chloride in water. Zinc chloride cells are an improved version from the original ammonium chloride variety. Zinc-carbon batteries are the least expensive primary batteries and thus a popular choice by manufacturers when devices sold with batteries included. They can be used in remote controls, flashlights, toys, or transistor radios, where the power drain is not too heavy."
66, <p>Which one of the following planet has largest number of natural satellites or moons ?</p>,(a)  Jupiter,(b)  Mars,(c)  Saturn,(d)  Venus,Geography,a,Medium,Fundamental(F),"Natural Satellite, a body in space that orbits a larger body. The larger body is referred to as the satellite’s primary. Natural satellites that orbit planets are often called moons. Other objects in the solar system that sometimes have satellites include dwarf planets, Kuiper Belt Objects, centaurs, and asteroids. The term satellite is also used to refer to small galaxies that orbit larger galaxies.
 The best-known natural satellite is Earth’s moon. The Moon is unusually large relative to the size of its primary (Earth) and has a diameter about one-fourth the diameter of the planet. The Noon’s surface, like the surfaces of most of the natural satellites in the solar system, is heavily cratered and geologically inactive.
 Neither Mercury nor Venus has any natural satellites, but Mars has two small moons: Phobos and Deimos. Jupiter has more than 60 natural satellites, four of which are quite large: Io, Ganymede, Callisto, and Europa. These large moons were discovered by Galileo with an early telescope in 1910–the first moons detected around another planet. Active volcanoes cover Io, and scientists believe that oceans of water may hide beneath the icy crusts of Ganymde, Callisto, and Europa. All four of these moons are larger than the dwarf planet Pluto, and Ganymde is larger than the planet Mercury, as well. Saturn also has at least 60 natural satellites, the largest of which is Titan. Titan is bigger than Mercury, and is the only moon with a thick atmosphere. Enceladus, one of Saturn’s smaller moons, has active volcanism in the form of geysers that send out vast plumes of liquid water from the South Polar Region. Uranus has at least 27 moons, none of which is as large as Earth’s moon. Miranda, one of Uranus’s smaller moons, shows signs of terrific upheavals on its surface. Neptune’s largest natural satellite, Triton, is slightly larger than Pluto. Its surface appears to be continually reshaped by the freezing and thawing of nitrogen."
67, <p>Consider the following statements :</p><p>1. Sweet orange plant is propagated by grafting technique.</p><p>2. Jasmine plant is propagated by layering technique.</p><p>Which of the statements given above is/are correct?</p>,(a)  1 only,(b)  2 only,(c)  Both 1 and 2,(d)  Neither 1 nor 2,Basic Sciences,c,Medium,Fundamental(F),"Jasmine is an evergreen semi vining shrub. In India, the Jasmine plant is related to Lord Shiva and Lord Vishnu. Jasmine plant is mostly propagated in summer season through the softwood cuttings, semi hard wood cuttings and through simple layering. In this technique, roots are induced on a stem before it is detached from the parent plant. In layering, the lower branch closed to the ground is bent down and covered with moist soil. After some days roots from the branch, which soil. After some days roots develop from the branch, which can be cut and grown independently.
 Grafting: The process of joining together parts of two different plants of closely related varieties in such a manner that they live as one plant is called grafting. This is usually practiced among dicotyledonous plants, especially fruit trees. Of the two plants, one is rooted in the soil and is known as the stock. Sweet orange trees grafted on selected rootstocks fertilized with nitrogen, phosphorous and potassium."
68, <p>Which one of the following types of waves are used in a night vision apparatus ?</p>,(a)  Radio waves,(b)  Microwaves,(c)  Infra-red waves,(d)  None of the above,Basic Sciences,c,Medium,Fundamental(F),"Night vision is the ability to see in a dark environment. Whether by biological or technological means, night vision is made possible by a combination of two approaches: sufficient spectral range and sufficient intensity range.
 A night vision device (NVD) is a device comprising an infrared image intensified tube in a rigid casing, commonly used by military forces. But, after some time, night vision technology has become more widely available for civilian use, for example, photography, night lire observation, marine navigation and security. Now-a days, even some car manufacturers install portable night vision cameras on their vehicles."
69," <p>In the context of genetic disorders, consider the following : </p><p>A woman suffers from colour blindness while her husband does not suffer from it. They have a son and a daughter. In this context, which one of the following statements is most probably correct?</p>",(a)  Both children suffer from colour blindness.,(b)  Daughter suffers from colour blindness while son does not suffer from it.,(c)  Both children do not suffer from colour blindness.,(d)  Son suffers from colour blindness while daughter does not suffer from it.,Basic Sciences,d,Medium,Fundamental(F),"Colour blindness, a color vision deficiency, is the inability to perceive differences between some of the colors that others can distinguish. It is most often of genetic nature, but may also occur because of eye, nerve, or brain damage, or due to exposure to certain chemicals.
 Color blindness can be inherited genetically. It is most commonly inherited from mutations on the X chromosome but the mapping of the human genome has shown there are many causative mutations – mutations capable of causing color blindness originate from at least 19 different chromosomes and many different genes. These are some of the inherited diseases known to cause color blindness: Cone dystrophy, Cone-rod dystrophy, Achromatopsia (aka Rod Monochromatism, aka Stationery Cone Dystrophy, aka Cone Dysfunction Syndrome), Blue cone monochromatism, Retinitis pigmentosa (initially affects rods but can later progress to cones and therefore color blindness), Diabetes, Age-Relate Macular degeneration, Retinoblastoma, and Leber’s congenital amaurosis.
 Inherited color blindness can be congenital (from birth), or it can commence in childhood or adulthood. Depending on the mutation, it can be stationary, that is, remain the same throughout a person’s lifetime, or progressive. As progressive phenotypes involve deterioration of the retina and other parts of the eye, certain forms of color blindness can progress to legal blindness, i.e., an acuity of 6/60 or worse, and often leave a person with complete blindness.
 Color blindness always pertains to the one photoreceptors in retinas as the cones are capable of detecting the color frequencies of light.
 About 5-8 percent of males, but less than 1 percent of females, are color blind in some way or another, whether it be one color, a color combination, or another mutation. The reason males are at a greater risk of inheriting an X linked mutation is because males only have one X chromosome (XY with the Y chromosome being significantly shorter than the X chromosome), and females have two (XX); if the women inherit a normal X chromosome in addition to the one which carries the mutation, they will not display the mutation, while men have no ‘spare’ normal chromosome to override the chromosome which carries the mutation. If 5% of variants of a given gene are defective, the probability of a single copy being defective is 5%, but the probability that two copies are both defective is 0.05 x 0.05 = 0.0025, or just 0.25%."
70," <p>A person travels 12 km due North, then 15 km due East, after that 15 km due West and then 18 km due South. How far is he from the starting point?</p><p> </p>",(a)  6 km,(b)  12 km,(c)  33 km,(d)  60 km,Social issues,a,,,
71," <p>Six persons A, B, C, D, E and F are standing in a row. C and D are standing close to each other alongside E. B is standing beside A only. A is fourth from F. Who are standing on the extremes?</p><p> </p>",(a)  A and F,(b)  B and D,(c)  B and F,(d)  None of the above,gs_unclassified,c,,,
72, <p>Which one of the following is used as an explosive?</p><p> </p>,(a)  Phosphorous trichloride,(b)  Mercuric oxide,(c)  Graphite,(d)  Nitroglycerine,Science and Technology,d,,,"Nitroglycerin (NG), (United States spelling) also known as nitroglycerine, (UK Spelling), trinitroglycerin, trinitroglycerine, 1, 2, 3-trinitroxypropane and glyceryl trinitrate, is a heavy, colorless, oily, explosive liquid obtained by nitrating glycerol. Since the 1860s, it has been used as an active ingredient in the manufacture of explosives, specifically dynamite, and as such is employed in the construction and demolition industries. Similarly, since the 1880s, it has been used by the military as an active ingredient, and a gellatinizer for nitrocellulose, in some solid propellants, such as Cordite and Ballistite.
 Nitroglycerin is also used medically as a vasodilator to treat heart conditions, such as angina and chronic heart failure."
73, <p>Consider the following:</p><p>1. Camphor.</p><p>2. Chicory .</p><p>3. Vanilla.</p><p>Which of the above is/are plant product(s) ?</p>,(a)  1 and 2 only,(b)  3 only,(c)  1 and 3 only,"(d)  1, 2 and 3",Science and Technology,d,,,"Camphor is a waxy, white or transparent solid with a strong, aromatic odor. It is found in wood of the camphor laurel (Cinnamomum camphora), a large evergreen tree found in Asia (particularly in Borneo and Taiwan, hence its alternate name). It also occurs in some other related trees in the laurel family, notably Ocotea usambarensis. It can also be synthetically produced from oil of turpentine. It is used for its scent, as an ingredient in cooking (mainly in India), as an embalming fluid, in religious ceremonies and for medicinal purposes. A major source of camphor in Asia is camphor basil.
 Common chicory (Cichorium intybus) is a bushy perennial herb with blue, lavender, or occasionally white flowers. It grows as a wild plant on roadsides in its native Europe, and in North America and Australia, where it has become naturalized Vanilla is a flavoring derived from orchids of the genus Vanilla native to Mexico. There are currently three major cultivars of vanilla grown globally, all derived from a species originally found in Mesoamerica, including parts of modern day Mexico."
74," <p>In the context of Indian wild life, the flying fox is a:</p>",(a)  Bat,(b)  Kite,(c)  Stork,(d)  Vulture,Ecology and Environment,a,Medium,Factual,"<ul><li>The Indian flying fox is one of the largest of all bats and has a wingspan of more than four feet. It does not prey on animals, feeling, instead, almost exclusively on a variety of fruit. The Indian flying fox was named for the shape of its head and its reddish brown fur, which resemble those of a fox. Flying forex are the largest of all bats and are found widely throughout Asia and Australia. The Indian flying fox lives in tropical forests and swamps, primarily in coastal areas. Where it does live inland, the bat is seldom found far from large areas of waster. It is wide spread throughout the Indian subcontinent and is also found on the Maldive Islands.</li></ul>"
75," <p>During which Five Year Plan was the Emergency clamped, new elections took place and the Janta Party was elected?</p>",(a)  Third,(b)  Fourth,(c)  Fifth,(d)  Sixth,Economics,c,Easy,Factual,"<ul><li style=""text-align: justify;"">The Fifth Five Year Plan of India was chalked out for the period spanning 1974 to 1979 with the objectives of increasing the employment level, reducing poverty, and attaining self-reliance. The Indian Emergency of 25 June 1975 – 21 March 1977 was a 21-month period (during the fifth five year plan period), when President Fakhruddin Ali Ahmed, upon advice by Prime Minister Indira Gandhi, declared a state of emergency under Article 352 of the Constitution of India, effectively bestowing on her the power to rule by decree, suspending elections and civil liberties. On January 23, 1977, Indira Gandhi called fresh elections for March and released all political prisoners. Emergency officially ended on March 23, 1977. The Janata Party’s 295 seats (of a total 542) gave it only a slim majority, but opposition candidates together represented more than two-thirds of the Lok Sabha. Morarji Desai became the first non-Congress Prime Minister of India.</li></ul>"
76, <p>Consider the following statements:</p><p>1. Infant mortality rate takes into account the death of infants within a month after birth.</p><p>2. Infant mortality rate is the number of infant deaths in a particular year per 100 live births during that year.</p><p>Which of the above statements is/are correct?</p>,(a)  1 only,(b) 2 only,(c)  Both 1 and 2,(d)  Neither 1 nor 2,,d,,,"Infant mortality rate (IMR) is the number of newborns dying under a year of age divided by the number of live births during the year. The infant mortality rate is also called the infant death rate. It is the number of deaths that occur in the first year of life for 1000 live births. In past times, infant mortality claimed a considerable percentage of children born, but the rates have significantly declined in the West in modern times, mainly due to improvements in basic health care, though high technology medical advances have also helped. Infant mortality rate is commonly included as a part of standard of living evaluations in economics."
77," <p>If a Panchayat is dissolved, elections are to be held within ?</p>",(a)  1 month,(b)  3 months,(c)  6 months,(d)  1 year,Polity and Governance,c,,,"The 73rd Amendment Act provides for a five-year term of office to the Panchayat at every level. However, it can be dissolved before the completion of its term. Further, the fresh election to constitute a Panchayat shall be completed (i) before the expiry of its duration of five years, or (ii) in case of dissolution, before the expiry of a period of six months from the date of its dissolution."
78, <p>Consider the following statements :</p><p>1. The Governor of Punjab is concurrently the Administrator of Chandigarh.</p><p>2. The Governor of Kerala is concurrently the Administrator of Lakshadweep.</p><p>  Select the correct answer using the code given below.</p>,(a)  1 only,(b)  2 only,(c)  Both 1 and 2,(d)  Neither 1 nor 2,Polity and Governance,a,,,"Administration of union territories- (1) Same as otherwise provided by Parliament by law, every Union territory shall be administered by the President acting, to such extent as he thinks fit, through an administrator to be appointed by him with such designation as he may specify.
 (2) Notwithstanding anything contained in Part VI, the President may appoint the Governor of a State as the administrator of an adjoining Union territory, and where a Governor is so appointed, he shall exercise his functions as such administrator independently of his Council of Ministers. 
 Since 1985 the Governor of Punjab has acted as the administrator of Chandigarh. S.F. Rodrigues is the current administrator of Chandigarh from 16 Nov 2004 till date (May, 2009).
 The Administrator of Lakshadweep is the Head of the Union Territory of Lakshadweep. Mr. BV. Selvaraj is the current administrator of Lakshadweep from 22 December 2006 till date (May, 2009).
 R.S. Gavai is the current governor of Keral who assumed the office on 10 July 2008."
79," <p>Consider the following pairs : </p><p><span style=""text-decoration: underline;""><strong>Organization</strong></span>                                                          <span style=""text-decoration: underline;""><strong>Location of Headquarters</strong></span> </p><p>1. Asian Development Bank                               :                 Tokyo </p><p>2. Asia-Pacific Economic Cooperation               :                Singapore</p><p>3. Association of South East Asian Nations       :               Bangkok </p><p>Which of the above pairs is/are correctly matched?</p>",(a)  1 and 2 only,(b)  2 only,(c)  2 and 3 only,(d)  3 only,Economy: External Sector,b,,,"ASEAN (Headquarters: Jakarta, Indonesia): ASEAN is a geo-political and economic organization of 10 countries located in south-east Asia. It was established on 8 August 1967 in Bangkok by the five original member countries, namely, Indonesia, Malaysia, Philippines, Singapore and Thailand.
 APEC (Headquarters: Singapore): APEC is an economic forum for a group of Pacific Rim countries to discuss matters on regional economy, cooperation, trade and investment.
 Headquarters of Asian Development Bank is in Manila, Philippines."
80," <p>With reference to the United Nations, consider the following statements. </p><p>1. The Economic and Social Council (ECOSOC) of UN consists of 24 member States. </p><p>2. It is elected by a 2/3rd majority of the General Assembly for a 3 year term. </p><p>Which of the above statements is/are correct?</p><p> </p>",(a)  1 only,(b)  2 only,(c)  Both 1 and 2,(d)  Neither 1 nor 2,International Affairs and Institutions,b,,,"The ECOSOC is the Welfare Council which coordinates the economic and social activities of United Nations and its specialized agencies and other organizations. This council meets atleast thrice a year. It is composed of 54 members. General Assembly elects one-third members of ECOSOC every year for a period of 3 years. ECOSOC takes decision by a majority of those members present and voting. ECOSOC seeks to build a world of Greater prosperity, stability and justice."
81, <p>In which one of the following places is the Shompen tribe found?</p>,(a)  Nilgiri Hills,(b)  Nicobar Islands,(c)  Spiti Valley,(d)  Lakshadweep Islands,Geography,b,,,"<ul><li>The Shompen tribe is one of the two Mongoloid tribes that inhabit the Nicobar Islands in the union territory of Andaman and Nicobar Islands. The Shompens consist of two sub-divisions: the hostile Shompens and the Mawa Shompens. There have been instances in the past in which the hostile Shompens have declared wars with the Mawa Shompens. However, such wars are now a story of the past.</li></ul>"
82," <p>Consider the following statements: </p><p>1. The Advocate General of a State in India is appointed by the President of India upon the recommendation of the Governor of the concerned State.</p><p> 2. As provided in Civil Procedure Code, High Courts have original, appellate and advisory jurisdiction at the State level. </p><p>Select the correct answer using the code given below.</p><p> </p>",(a)  1 only,(b)  2 only,(c)  Both 1 and 2,(d)  Neither 1 nor 2,Polity and Governance,d,,,"Article 165. Advocate-General for the State.
 The Governor of each State shall appoint a person who is qualified to be appointed a Judge of a High Court to be Advocated-General for the State.
 The Supreme Court has original, appellate and advisory jurisdiction. Certain High Courts, like those at Bombay, Calcutta and Madras, have original and appellate jurisdictions. Under the original jurisdiction suits, where the subject matter is valued at Rs. 25,000 or more, can be filed directly in the High Court. Most High Courts have only appellate jurisdiction."
83," <p>In India, the first Municipal Corporation was set up in which one among the following? </p>",(a)  Calcutta,(b)  Madras,(c)  Bombay,(d)  Delhi,History of Modern India,b,Medium,Factual,"The institutions of urban local government originated and developed in modern India during the period of British rule. The major events in this context are: (i) In 1687, the first municipal corporation in India was set up at Madras, (ii) In 1726, the municipal corporations were set up in Bombay and Calcutta."
84," <p>With reference to Lok Adalats, consider the following statements :</p><p>1. An award made by a Lok Adatal is deemed to be a decree of a civil court and no appeal lies against thereto before any court.</p><p>2. Matrimonial/Family disputes are not covered under Lok Adatal.</p><p>Select the correct answer using the code given below.</p><p> </p>",(a)  1 only,(b)  2 only,(c)  Both 1 and 2,(d)  Neither 1 nor 2,Polity and Governance,a,,,"Award of Lok Adalat-
1. Every award of the Lok Adalat shall be deemed to be a decree of a civil court or, as the case may be, an order of any other court and where a compromise or settlement has been arrived at, by a Lok Adalat in a case referred to it under sub-section (1) of Section 20, the court-fee paid in such case shall be refunded in the manner provided under the Court Fees Act, 1870 (7 of 1870).
2. Every award made by a Lok Adalat shall be final and binding on all the parties to the dispute, and no appeal shall lie to any court against the award
The disputes which could be settled or compromised in a “Lok Adalat” include disputes regarding marriage and other family matters. The family disputes, specially disputes in respect of marriage require quick disposal for providing redressal to the woman who are suffering from injustice and are subject to torture and violence in their marital life.
Considering the plight of women to whom justice was denied due to long pendency of the proceedings before the court, The National Commission for Women evolved the concept of “Paribarik Mahila Lok Adalat” (PMLA). Marital disputes and other family disputes may be settled or compromised in the PMLA. Apart from pending cases, the dispute can also be resolved at the pre litigation stage and the parties can avail themselves of the opportunity to resolve their disputes without aid of any lawyer."
85," <p>With reference to Union Government, consider the following statements:</p><ol><li>The Constitution of India provides that all Cabinet Ministers shall be compulsorily the sitting members of Lok Sabha only.</li><li>The Union Cabinet Secretariat operates under the direction of the Ministry of Parliamentary Affairs.</li></ol><p>Select the correct answer using the code given below.</p>",(a)  1 only,(b)  2 only,(c)  Both 1 and 2,(d)  Neither 1 nor 2,Polity and Governance,d,Medium,Fundamental(F),"<ul><li>Article 75 (1) of the Constitution of India reads: ""The Prime Minister shall be appointed by the President and the other Ministers shall be appointed by the President on the advice of the Prime Minister."" While the Prime Minister usually is a member of the Lok Sabha, ministers are drawn from both Houses of Parliament. A person other than a member of Parliament may also be appointed as a minister, but he has to vacate the office after six months unless, in the meanwhile, he manages to get himself elected to either of the two houses. The Cabinet Secretariat is under the direct charge of the Prime Minister. The administrative head of the Secretariat is the Cabinet Secretary who is also the ex-officio Chairman of the Civil Services Board. The Cabinet Secretariat is responsible for the administration of the Govt. of India Rules, 1961. It facilitates smooth transaction of business in Ministries Departments. It assists in decision-making in Government by ensuring Inter-Ministerial coordination, ironing out differences and evolving consensus. It ensures that the President, the Vice-President and Ministers are kept informed. It helps in the Management of major crisis situations in the country.</li></ul>"
86," <p>Which one of the following Constitutional Amendment states that the total number of Ministers, including the Prime Minister, in the Council of Ministers shall not exceed fifteen percent of the total number of members of the House of the People?</p>",(a)  90th,(b)  91st,(c)  92nd,(d)  93rd,,b,,,"<ul><li>90th Amendment (2003): This Amendment provided that for elections to the Legislative Assembly of the State of Assam, the representation of the Scheduled Tribes and non-Scheduled Tribes in the constituencies included in the Bodoland Territorial Areas District, so notified, and existing prior to the Constitution of the Bodoland Territorial Areas District, shall be maintained. </li><li>91st Amendment (2003): This Article provides that the total number of Ministers, including the Prime Minister, in the Council of Ministers shall not exceed fifteen per cent of the total number of members of the House of the People. </li><li>92nd Amendment (2003): This Article provides for the inclusion of four new Ministers, viz. Bodo, Dogri, Maithili and Santhali in the Eighth Schedule of the Constitution. </li><li>93rd Amendment (2005): In this Amendment, a provision has been inserted that the state (i.e. Parliament or other legislatures) can make laws for the advancement of the SC, ST or the OBCs of citizens in matters of admission to educational institutions, including private unaided institutions.</li></ul>"
87, <p>Consider the following statements :</p><p>1. Central Administrative Tribunal (CAT) was set up during the Prime Ministership of Lal Bahadur Shastri.</p><p>2. The Members of CAT are drawn from both judicial and administrative streams.</p><p>Select the correct answer using the code given below.</p><p> </p>,(a)  1 only,(b)  2 only,(c)  Both 1 and 2,(d)  Neither 1 nor 2,,b,,,"The Central Administrative Tribunal has been established for adjudication of disputes with respect to recruitment and conditions of service of persons appointed to public services and posts in connection with the affairs of the Union or other local authorities within the territory of India or under the control of Government of India and for matters connected therewith or incidental thereto. This was done in pursuance of the amendment of Constitution of India by Articles 323a. CAT was set up in 1985 during Rajiv Gandhi’s tenure. The Chairman of CAT who has been a sitting or retired Judge of a High Court heads the Central Administrative Tribunal. Besides the Chairman, the authorized strength consists of 16 Vice-Chairmen and 49 Members. All the members for CAT are drawn from judicial streams."
88," <p>With reference to Union Government, consider the following statements :</p><p>1. The number of Ministries at the Centre on 15th August 1947 was 18.</p><p>2. The number of Ministries at the Centre at present is 36.</p><p>Which of the statements given above is/are correct?</p>",(a)  1 only,(b)  2 only,(c)  Both 1 and 2,(d)  Neither 1 nor 2,Polity and Governance,a,Medium,Factual,"The government consists of a number of ministries/departments, number and character varying from time to time on factors such as volume work, importance attached to certain items, changes of orientation, political expediency etc. On 15 August 1947, the number of ministries at the Centre was 18. The number of ministries at the Centre at present is 55."
89, <p>Consider the following statements :</p><p>1. The first telegraph line in India was laid between Kolkata (formerly Calcutta) and Diamond Harbour.</p><p>2. The first Export Processing Zone in India was set up in Kandla.</p><p>Which of the statements given above is/are correct?</p>,(a)  1 only,(b)  2 only,(c)  Both 1 and 2,(d)  Neither 1 nor 2,Economics,c,Medium,Factual,"<ul><li>The first telegraph line was opened in 1851 between Kolkata and Diamond Habour. By March 1884, telegraph message could be sent from Agra to Kolkata. The first automatic telephone exchange was commissioned at Shimla in 1913-14. Kandla Free Trade Zone in the first export-processing zone in India that has been set up in the year 1965. Seven other zones were later established in Mumbai, Chennai, Surat, Falta, Kochi, Noida and Vizag.</li></ul>"
90, <p>Which one of the following Union Ministries implements the Cartagena Protocol on Biosafety?</p>,(a)  Ministry of Science and Technology,(b)  Ministry of Health and Family Welfare,(c)  Ministry of Environment and Forests.,(d)  Ministry of Chemicals and Fertilizers.,Ecology and Environment,c,Medium,Factual,"<ul><li style=""text-align: justify;"">The Ministry of Environment and Forests (MoEF). Government of India, is implementing a GEF/World Bank funded project on Capacity Building on Biosafety in context of Cartagena Protocol on Biosafety. The project covers the assessment, management and long term monitoring and documentation of the risks to the sustainable use of biodiversity and to human health potentially posed by the introduction of Living Modified Organisms (LMOs).</li></ul>"
91, <p>Where is the headquarters of Animal Welfare Board of India located?</p>,(a)  Ahmedabad,(b)  Chennai,(c)  Hyderabad,(d)  Kolkata,Ecology and Environment,b,Easy,Factual,"<ul><li>A National Institute of Animal Welfare (NIAW) at Ballabhgarh, Faridabad has been established to impart training and education in animal welfare and veterinary sciene. Animal Welfare Board of India (AWBI) is a statutory body under the prevention of cruelty to Animals Act-1960 with its headquarters at Chennai.</li></ul>"
92, <p>Consider the following statements regarding Indian Planning :</p><p>1. The Second Five-Year Plan emphasized on the establishment of heavy industries.</p><p>2. The Third Five-Year Plan introduced the concept of import substitution as a strategy for industrialization.</p><p>Which of the statements given above is/are correct?</p>,(a)  1 only,(b)  2 only,(c)  Both 1 and 2,(d)  Neither 1 nor 2,Economics,c,Medium,Factual,"<ul><li><strong>Second Plan (1956-1961):</strong> The second five-year plan focused on industry, especially heavy industry. Domestic production of industrial products was encouraged, particularly in the development of the public sector. The plan followed the Mahalanobis model, an economic development model developed by the Indian statistician Prasanta Chandra Mahalanobis in 1953. The need for foreign reserves was felt during the Fourth Five Year Plan (1969-1974). This facilitated growth in exports. Import substitution drew considerable attention. All these activities widened the industrial platform.</li></ul>"
93, <p>Consider the following statements :</p><p>1. The National School of Drama was set up by Sangeet Natak Akademi in 1959.</p><p>2. The highest honour conferred by the Sahitya Akademi on a writer is by electing him its Fellow.</p><p>Which of the statements given above is/are correct?</p><p> </p>,(a)  1 only,(b)  2 only,(c)  Both 1 and 2,(d)  Neither 1 nor 2,Indian Art and Culture,c,Medium,Fundamental(F),"National School of Drama (NSD) is one of the foremost theatre institutions in the world and was set up by Sangeet Natak Akademi in 1959. In 1975, it became an autonomous organization, totally financed by Department of Culture. It has regional research centres at Bangalore and Pondicherry.
The highest honour conferred by the Sahitya Akademi on a write is by electing him its Fellow. This honour is reserved for the ‘Immortals of Literature’ and limited to 21 at any given time. So far 66 writes have been elected Fellows."
94, <p>With reference to Union Government consider the following statements:</p><ol><li>The Ministries/Departments of the Government of India created by the Prime Minister on the advice of the Cabinet Secretary.</li><li>Each of the Ministries is assigned to a Minister by the President of India on the advice of the Prime Minister.</li></ol><p>Which of the statements given above is/are correct ?</p>,(a)  1 only,(b)  2 only,(c)  Both 1 and 2,(d)  Neither 1 nor 2,Polity and Governance,b,Medium,,"<ul><li>The Government of India consists of a number of ministries/departments for its administration, each Ministry assigned to a Minister who runs it with the assistance of a Secretary in charge of the particular Ministry. The Ministries are created and assigned by the President on the advice of the Prime Minister under Article 77 of the Constitution.</li></ul>"
95, <p>A person has 4 coins each of different denomination. What is the number of different sums of money the person can from (using one or more coins at a time)?</p><p> </p>,(a)  16,(b)  15,(c)  12,(d)  11,gs_unclassified,b,,,
96, <p>How many numbers lie between 300 and 500 in which 4 comes only one time? </p>,(a)  99,(b)  100,(c)  110,(d)  120,gs_unclassified,a,,,
97, <p>How many letter of the English alphabet (capitals) appear same when looked at in a mirror?</p>,(a)  9,(b)  10,(c)  11,(d)  12,gs_unclassified,c,,,
98," <p>How many three-digit numbers can be generated from 1, 2, 3, 4, 5, 6, 7, 8, 9 such that the digits are in ascending order?</p><p> </p>",(a)  80,(b)  81,(c)  83,(d)  84,gs_unclassified,d,,,
99," <p>There are four persons A, B, C, D; and A has some coins. A gave half of the coins to B and 4 more besides. B gave half of the coins to C and 4 more besides. C gave half of the coins to D and 4 more besides. Both B and D end up with same number of coins. How many coins did A have originally?</p>",(a)  96,(b)  84,(c)  72,(d)  64,gs_unclassified,c,,,
100," <p>While adding the first few continuous natural numbers, a candidate missed one of the numbers and wrote the answer as 177. What was the number missed ?</p>",(a)  11,(b)  12,(c)  13,(d)  14,gs_unclassified,c,,,
101," <p>Four metal rods of lengths 78 cm, 104 cm, 117 cm and 169 cm are to be cut into parts of equal length. Each part must be as long as possible. What is the maximum number of pieces that can be cut?</p><p> </p>",(a)  27,(b)  36,(c)  43,(d)  480,gs_unclassified,b,,,
102," <p>In an examination, there are three subjects A, B and C. A student has to pass in each subject. 20% students failed in A, 22% students failed in B and 16% failed in C. The total number of students passing the whole examination lies between :</p>",(a)  42% and 84%,(b)  42% and 78%,(c)  58% and 78%,(d)  58% and 84%,gs_unclassified,b,,,
103," <p>There is a family of 6 persons A, B, C, D, E and F. There are two married couples in the family. The family members are lawyer, teacher, salesman, engineer, accountant and doctor. D, the salesman is married to the lady teacher. The doctor is married to the lawyer. F, the accountant is the son of B and brother of E. C, the lawyer is the daughter-in-law of A. E is the unmarried engineer. A is the grandmother of F. How is E related to F?</p><p> </p>",(a)  Brother,(b)  Sister,(c)  Father,(d)  Cannot be established (cannot be determined),gs_unclassified,d,,,
104, <p>How many times are an hour hand and a minute hand of a clock at right angles during the motion from 1.00 p.m. to 10.00 p.m.? </p>,(a)  9,(b)  10,(c)  18,(d)  20,gs_unclassified,c,,,
105," <p>There are 240 balls and n number of boxes B1, B2, B3, ……, Bn. The balls are to be placed in the boxes such that B1 should contain 4 balls more than B2, B2 should contain 4 balls more than B3, and so on. Which one of the following cannot be the possible value of n?</p>",(a)  4,(b)  5,(c)  6,(d)  7,gs_unclassified,d,,,
106," <p>In a carom broad game competition, m boys and n girls (m &gt; n &gt; 1) of a school participate in which every student has to play exactly one game with every other student. Out of the total games played, it was found that in 221 games one player was a boy and the other player was a girl. Consider the following statements :</p><p>1. The total number of students that participated in the competition is 30.</p><p>2. The number of games in which both players were girls is 78.</p><p>Which of the statements given above is/are correct ?</p>",(a)  1 only,(b)  2 only,(c)  Both 1 and 2,(d)  Neither 1 nor 2,gs_unclassified,c,,,
107," <p>There are three cans A, B and C. The capacities of A, B and C are 6 litres, 10 litres and 16 litres respectively. The can C contains 16 litres of milk. The milk has to be divided in them using these three cans only. Consider the following statements: </p><p>1. It is possible to have 6 litres of milk each in can A and can B.</p><p> 2. It is possible to have 8 litres of milk each in can B and Can C. </p><p>Which of the statements given above is/are correct? </p>",(a)  1 only,(b)  2 only,(c)  Both 1 and 2,(d)  Neither 1 nor 2,gs_unclassified,c,,,
108, <p>Consider the following pairs:</p><p>1. Ashok Leyland                 :       Hinduja Group</p><p>2. Hindalco Industries         :        A.V. Birla Group</p><p>3. Suzlon Energy                   :       Punj Lloyd Group</p><p>Which of the pairs give above is/are correctly matched ?</p>,(a)  1 and 2 only,(b)  2 only,(c)  1 and 3 only,"(d)  1, 2 and 3",Economics,a,,,"Ashok Leyland is a commercial vehicle manufacturing company based in Chennai, India. Today the Company is the flagship of the Hinduja Group, a British-based and Indian originated transactional conglomerate.
 Established in 1958, Hindalco Industries Limited, the metals flagship company of the Aditya Birla Group, is an industry leader in aluminium and copper. Hindalco is the world’s largest aluminium rolling company and one of the biggest producers of primary aliminium in Asia. Its copper smelter is the world’s largest custom smelter at a single location.
 Suzlon Energy is wind power company in India. Tulsi Tanti, a former textile manufacturer, with the help of some of his friends of Rajkot moved into wind energy production and founded Suzlon energy in 1995 after facing increasing electricity costs."
109," <p>In the context of global economy, which one of the following pairs is <strong>not</strong> correctly matched ?</p>",(a)  JP Morgan Chase : Financial Services,(b)  Roche Holding AG : Financial Services,(c)  WL Rose and Co. : Private Equity Firm,(d)  Warburg Pincus : Private Equity Firm,Economy: External Sector,b,,,"JP Morgan Chase and Co. is a leading global financial services firm with operations in more than 60 countries. The firm is a leader in investment banking, financial services for consumers, small business and commercial banking, financial transaction processing, asset management, and private equity.
 F. Hoffmann–La Roche, Ltd. Is a Swiss global health-care company that operates worldwide under two divisions: Pharmaceuticals and Diagnostics. Its holding company, Roche Holding AG, has shares listed on the SIX Swiss Exchange (SIX: ROG). Its headquarters are in Basel.
 WL Ross and Company is a private equity firm which was opened by Wilbur Ross in 2000 in New York. The company recently added servicing of 185,000 loans from Citibank.
 Warburg Pincus is a private equity firm with offices in the United States, Europe, and Asia. It has been a private equity investor since 1966."
110, <p>Consider the following houses :</p><p>1. Christie’s </p><p>2. Osian’s</p><p>3. Sotheby’s </p><p>Which of the above is/are auctioneer/auctioneers?</p>,(a)  1 only,(b)  1 and 3 only,(c)  2 and 3 only,"(d)  1, 2 and 3",Economics,d,,,"Christie’s is a leading art business and a fine arts auctions house. Christie’s main London saleroom is on King Street in St. James’s, where it has been based since 1823. As of January 2009, Christie’s had 85 offices in 43 countries in the world.
 Established in 2000, Osian’s Action House and Archive redefines the role and responsibility of the traditional art auction house. Osian’s was conceived to function both as a corporate organization and as an institution for the arts. Moving away from the economics of patronage, Osian’s Auction House and Archive has established a holistic and financially self-sufficient model for creating an independent arts infrastructure in India.
 Sotheby’s is the world’s third oldest auction house in continuous operation. It was founded in London, Great Britain, on March 11, 1744 by Samuel Baker. Its Headquarter is in London, United Kingdom."
111, <p>Which one of the following is used as an explosive ?</p>,(a)  Phosphorous trichloride,(b)  Mercuric oxide,(c)  Graphite,(d)  Nitroglycerine,,d,,,"The Clean Development Mechanism (CDM) is an arrangement under the Kyoto Protocol allowing industrialized countries with a greenhouse gas reduction commitment (called Annex B countries) to invest in projects that reduce emissions in developing countries as an alternative to more expensive emission reductions in their own countries. A crucial feature of an approved CDM carbon project is that it has established that the planned reductions would not occur without the additional incentive provided by emission reductions credits, a concept known as “additionally”. The CDM allows net global greenhouse gas emissions to be reduced at a much lower global cost by financing emissions reduction projects in developing countries where costs are lower than in industrialized countries. However, in recent years, criticism against the mechanism has increased. The CDM is supervised by the CDM Executive Board (CDM EB) and is under the guidance of the Conference of the Parties (COP/MOP) of the United Nations Framework Convention on Climate Change (UNFCCC)."
112, <p>The concept of carbon credit originated from which one of the following?</p>,"(a)  Earth Summit, Rio de Janeiro",(b)  Kyoto Protocol,(c)  Montreal Protocol,"(d)  G-8 Summit, Heiligendamm",Ecology and Environment,b,,,"<ul><li>Carbon credits are a key component of national and international attempts to mitigate the growth in concentrations of greenhouse gases (GHGs). The mechanism of carbon credit was formalized in the Kyoto Protocol, an international agreement between more than 170 countries, and the market mechanisms were agreed through the subsequent Marrakesh Accords. The mechanism adopted was similar to the successful US Acid Rain Program to reduce some industrial pollutants.</li></ul>"
113, <p>Who among the following is the founder of World Economic Forum?</p>,(a)  Klaus Schwab,(b)  John Kenneth Galbraith,(c)  Robert Zoellick,(d)  Paul Krugman,Economics,a,Easy,Factual,"<ul><li>The World Economic Forum (WEF) is a Geneva-based non-profit foundation best known for its annual meeting in Davos, Switzerland which brings together top business leaders, international political leaders, selected intellectuals and journalists to discuss the most pressing issues facing the world including health and the environment. The World Economic Forum was founded in 1971 by Klaus M. Schwab, a business professor in Switzerland.</li></ul>"
114," <p>The Security Council of UN consists of 5 permanent members, and the remaining 10 members are elected by the General Assembly for a term of.</p><p> </p>",(a)  1 year,(b)  2 years,(c)  3 years,(d)  5 years,International Affairs and Institutions,b,,,"Security Council is the executive body of UN which is responsible for maintaining international peace in the world. Its session can be summoned at 24 hours notice and it functions almost continuously. The council consists of 15 members – 5 permanent (U.S.A., U.K., Russia, France and China) and 10 non-permanent members which are elected for a term of 2 years by the General Assembly."
115, <p>From which one of the following did Kosovo declare its independence?</p><p> </p>,(a)  Bulgaria.,(b)  Croatia.,(c)  Macedonia.,(d)  Serbia.,International Affairs and Institutions,d,,,"Kosovo officially declared independence from Servia on February 7, 2008. Kosovo’s Parliament voted to adopt a declaration of independence at an extraordinary session on the province’s independence from Serbia."
116, <p>Which one of the following pairs of countries fought wars over a region called Ogaden?</p>,(a)  Eritrea and Sudan,(b)  Ethiopia and Somalia,(c)  Kenya and Somalia,(d)  Ethiopia and Sudan,World History,b,,,"The Ogaden War was a conventional conflict between Somalia and Ethiopia in 1977 and 1978 over the Ogaden region of Ethiopia. In a notable illustration of the nature of Cold War alliances, the Soviet Union switched from supplying aid to Somalia to supporting Ethiopia, which had previously been backed by the United States, prompting the U.S. to start supporting Somalia. The war ended when Somali forces retreated back across the border and a truce was declared"
117, <p>In the middle of the year 2008 the Parliament of which one of the following countries became the first in the world to enact a Climate Act by passing “The Climate Change Accountability Bill”?</p>,(a)  Australia,(b)  Canada,(c)  Germany,(d)  Japan,Ecology and Environment,b,Easy,Factual,"<ul><li style=""text-align: justify;"">The Canadian House of Commons has become the first Parliament in the world to pass a climate act, which commits the county to reducing its greenhouse gas emissions by 80% from 1990 levels by 2050. The House Passed the Climate Change Accountability Bill on 4 June 2008. It was moved by the leader of the opposition New Democratic Party, Jack Layton. The bill sets an interim target of 25% reduction in greenhouse gases by 2020 and requires progress reports from the government every five years.</li></ul>"
118, <p>Which one among the following has the highest energy?</p><p> </p>,(a)  Blue light,(b)  Green light,(c)  Red light,(d)  Yellow light,Science and Technology,a,,,"VIGBYOR (V : Violet, I : Indigo, B : Blue, G : Green, Y : Yellow, O : Orange, R : Red) colour spectrum : shorter the wavelength, higher the energy. V has least wavelength but highest energy and R has maximum wavelength but maximum energy."
119," <p>In the context of independent India’s Economy, which one of the following was the earliest event to take place?</p>",(a) Nationalization of Insurance companies.,(b) Nationalization of State Bank of India.,(c) Enactment of Banking Regulation Act.,(d) Introduction of First Five-Year Plan.,Economics,c,Medium,Factual,"<ul>
<li>Prior to 1972, there were over 100 Insurance Companies-Indian and foreign. The conditions of service of the employees of these companies were governed by the respective contracts of service between the companies and the employees. On 13th May 1971, the Government of Indian assumed management of these general insurance companies under the General Insurance (Emergency Provisions) Act, 1971. The General Insurance Business (Nationalization) Act, 1972 nationalized general insurance business. State Bank of India (SBI) was nationalized in July 1955 under the SBI Act of 1955. Nationalization of Seven State Banks of India (formed subsidiary) took place on 19th July, 1960. The Banking Regulation Act was passed as the Banking Companies Act 1949 and came into force wef 16.3.49. Subsequently it was changed Banking Regulations Act 1949 wef 01.03.66. The first Indian Prime Minister, Jawaharlal Nehru presented the first five-year plan to the Parliament of India on December 8, 1951</li>
</ul>"
120, <p>Consider the following pairs :</p><p><strong>Automobile Manufacturer           </strong>  <strong> Headquarters </strong></p><p>1. BMW AG                                :             USA</p><p>2. Daimler AG                            :             Sweden</p><p>3. Renault S.A.                           :             France</p><p>4. Volkswagen AG                     :             Germany</p><p>Which of the pairs given above is/are correctly matched?</p>,"(a)  1, 2 and 3",(b)  3 and 4,(c)  4 only,"(d)  1, 2 and 4",Economics,b,,,"Bayerische Motoren Werke AG (BMW), is a German automobile and motorcycle manufacturing company. Founded in 1916, it is known for its performance and luxury vehicles. It owns and produces the MINI brand, and is the parent company of Rolls-Royce Motor Cars. Its headquarter is in Munich, Germany.
 Daimler AG is a German car corporation and the world’s thirteenth largest car manufacturer as well as the largest truck manufacturer in the world. Its headquarter is in Stuttgart, Germany.
 Renault S.A. is a French automaker producing cars, vans, buses, tractors, and trucks. Due to its alliance with Nissan, it is currently the world’s 4th largest automaker. Its headquarter is in Boulogne-Billancourt, France.
 Volkswagen Group (Volkswagen Aktiengesellschaft) is a German automobile manufacturing group, currently the third largest automobile maker in the world, and the largest in Europe. Its headquarter is in Wolfsburg, Germany."
121, <p>Which one of the following is not a drug/pharma company?</p><p> </p>,(a)  Chevron,(b)  Nicholas Piramal,(c)  Pfizer,(d)  Zydus Cadila,Economics,a,,,"Chevron Corporation is the world’s fourth largest non-government energy company. Headquartered in San Ramon, California, USA, and active in more than 180 countries, it is engaged in every aspect of the oil and gas industry, including exploration and production; refining, marketing and transport; chemicals manufacturing and sales; and power generation. Chevron is one of the world’s six “supermajor” oil companies. While all other three companies are Pharmaceutical companies."
122, <p>Who of the following is the author of the book “The Audacity of Hope” ?</p>,(a)  Al Gore,(b)  Barack Obama,(c)  Bill Clinton,(d)  Hillary Clinton,Current Affairs,b,,,"The Audacity of Hope: Thoughts on Reclaiming the American Dream is the second book written by then Senator Barack Obama (Currently American President). In the fall of 2006 it became number one on both the New York Times and Amazon.com bestsellers lists after Obama was endorsed by Oprah Winfrey. In the book, Obama expounds on many of the subjects that became part of his 2008 campaign for the Presidency. The book advance from the publisher totaled $1.9 million contracted for three books."
123, <p>A present group of nations known as G-8 started first as G-7. Which one among the following was not one of them? </p>,(a)  Canada,(b)  Italy,(c)  Japan,(d)  Russia,International Affairs and Institutions,d,,,"The G8 is an international forum for the governments of Canada, France, Germany, Italy, Japan, Russia, the UK and the USA. Each year, member states of the G8 take turns assuming the presidency of the group. The holder of the presidency sets the group’s annual agenda and hosts the summit for that year. In 1975, French President Valery Giscard d’Estaing invited the heads of government from West Germany, Italy, Japan, the UK and USA to a summit in Rambouillet. The six leaders agreed to an annual meeting organized under a rotating presidency, forming the Group of Six (G6). The following year, Canada joined the group at the behest of United States President Gerald Ford, and the group became known as the Group of Seven (G7). At the initiative of United States President Bill Clinton, Russia formally joined the group in 1997, resulting in the Group of Eight (G8)."
124, <p>Consider the following statements :</p><p>1. The Baglihar Power Project had been constructed within the parameters of the Indus Water Treaty.</p><p>2. The project was completely built by the Union Government with loans from Japan and the World Bank.</p><p>Which of the above statements is/are correct?</p>,(a)  1 only,(b)  2 only,(c)  Both 1 and 2,(d)  Neither 1 nor 2,Economics,a,,,"The Prime Minister of India Dr Manmohan Singh has commissioned the Baglihar hydro-electricity project on the river Chenab of Jammu and Kashmir on October 10, 2008. Pakistan claimed that the Baglihar project will draw out all the water from its territory. It said that by building the hydro-electricity, New Delhi has violated the provisions of Indus Water Treaty. The Prime Minister of India stated that the Baglihar power project has been constructed keeping in mind the provisions of Indus Water Treaty. The project is estimated to cost USD $1 billion."
125," <p>When Leander Paes won the “mixed doubles” at the US Open in the year 2008, who of the following was his partner?</p><p> </p>",(a)  Ana Ivanovic,(b)  Cara Black,(c)  Dinara Safina,(d)  Jelena Jankovic,Current Affairs,b,,,"Us Open 2008 was a tennis tournament played on outdoor hard courts. It was the 127th edition of the US Open. It took place at the USTA Billie Jean King National Tennis Center in Flushing Meadows, New York City, New York, US from August 25 through September 9, 2008. In Men’s Doubles final, Boy Bryan and Mike Bryan defeated Lukas Dlouhy and Leander Paes. But in Mixed Doubles final even, Cara Black and Leander Paes defeated Liesel Huber and Jamie Murray by 7-6, 6-4."
126," <p>In the context of Indian news in recent times, what is MCX – SX?</p><p> </p>",(a)  A kind of supercomputer.,(b)  Title of Moon Impact Probe.,(c)  Stock Exchange.,(d)  Nuclear – Powered submarine.,Current Affairs,c,,,"MCX-SX is subsidiary of Multi Commodity Exchange of India Ltd (MCX) and operates under the regulatory framework of Securities and Exchange Board of India (SEBI) and Reserve Bank of India (RBI). It was inaugurated on 6th October 2008 and went live the next day. It leverages the illustrious lineage of MCX and draws on all its strengths as India’s No. 1 commodity exchange. MCX-SX provides a host of benefits to a wide range of financial market participants, including hedgers (i.e. exporters, importers, corporate, and banks), investors, and arbitrageurs."
127, <p>Which one of the following pairs is<strong> not</strong> correctly matched?</p>,(a)  Barbora Spotakova              :                 Javelin throw.,(b)  Pamela Jelimo                      :                 Weightlifting.,(c)  Sanya Richards                      :                 Sprint,(d)  Yelena Isinbayeva                 :                 Pole Vault,Current Affairs,b,,,"Pamela Jelimo (born 5 December 1989) is a Kenyan athlete specializing in the 800 metres. She won the gold medal at the 2008 Olympics in Beijing. She is the first Kenyan woman to win an Olympic gold medal and also the first Kenyan to win the Golden League Jackpot. She holds both the 800 m world junior record and the senior African record over the same distance. Jelimo is also one of the youngest women to win and Olympic gold medal for Kenya.
 Barbora Spotakova (born 30 June 1981 in Jablonec nad Nisou) is a Czech javelin thrower. She is the current World and Olypmpic champion, as well as the world record holder.
 Sanya Richars (born February 26, 1985 in Kingston, Jamaica) is a track and field athlete who competes internationally for the United States. She was a gold medalist in the 4x400m relay of the 2004 Olympic Games in Athens, Greece and at the 2008 Olympic Games in Beijing, China.
 Yelena Gadzhievna Isinbaeva born June 3, 1982, is a Russian role vaulter. She is a two-time Olympic Gold Medalist (2004 and 2008)."
128," <p>India has recently landed its Moon Impact Probe on the Moon. Among the following countries, which one landed such probe on the Moon earlier?</p>",(a)  Australia,(b)  Canada,(c)  China,(d)  Japan,Current Affairs,d,,,"Japan successfully launched the Kaguya lunar probe in September 2007, and the unmanned observatory has begun its first major activities in orbit around the moon. In addition to snapping its first lunar images, the probe jettisoned one of two 110-pound (50-kilogram) “baby” satellites that helped to create a detailed gravity map of the moon. The 55 billion yen ($480 million) Kaguya spacecraft, formally known as the SELenological and ENgineering Explorer (SELENE), is named after a moon princess in Japanese folklore. The spacecraft successfully was launched on Sept. 14 from the Tanegashima Space Center in Japan and entered lunar orbit on Oct. 5. Kaguya conducted detailed studies of the moon using 14 different sciences instruments from a height of about 62 miles (100 kilometers) above the lunar surface during its mission."
129, <p>Who of the following is a football player ?</p>,(a)  Fernando Alonso,(b)  Kimi Raikkonen,(c)  Lewis Hamilton,(d)  Nicolas Anelka,Current Affairs,d,,,"Nicolas Sebastien Anelka (born 14 March 1979) is a French footballer who plays as a striker for English Premier League side Chelsea and the France national team. Anelka has played many times at international level and won his first international honours with France at Euro 2000, and won the Confederations Cup the following year. His failure to settle at club level limited his international appearances, but he returned to the national team for the Euro 2008 competition.
 Fernando Aloson Diaz (born July 29, 1981 in Oviedo, Spain) is a Spanish Formula One racing driver and a two-time World Champion.
 Kimi-Matias Raikkonen born October 17, 1979 in Espoo), nicknamed Icemanand Kimster, is a Finnish Formula One race car driver, currently driving for Scuderia Ferrari. He was the 2007 Formula One World Drivers’ Champion.
 Lewis Carl Davidson Hamilton (born in Stevenage on 7 January 1985) is a British Formula One racing driver from England, currently racing for the McLaren Mercedes team and is the youngest ever Formula One World Champion. He was named after American sprinter Carl Lewis."
130, <p>Consider the following pairs : </p><p><strong>Famous Place</strong>                     <strong>Country</strong></p><p>1. Cannes                  :          France</p><p>2. Davos                    :          Denmark</p><p>3. Roland Garros      :         The Netherlands</p><p>   Which of the pairs given above is/are correctly matched ?</p>,(a)  1 only,(b)  1 and 2 only,(c)  2 and 3 only,"(d)  1, 2 and 3 only",Geography,a,,,"<ul><li>Cannes in the Alpes-Maritimes departments in the region of Provence-Aples-Cote d’Azur in southeastern France is one of the best-known cities of the French Riviera, a busy tourist destination and host of the annual Cannes Film Festival. Davos is a municipality in the district of Prattigau/Davos in the canton of Graubunden, Switzerland. It is located on the Landwasser River, in the Swiss Alps, between the Plessur and Albula Range. It is the highest city in Europe. Davos has a dual claim to fame as the host to the World Economic Forum (WEF), an annual meeting of global political and business elites (often referred to simply as Davos), and the home of the largest ski resort in Switzerland, serving as the site of the annual Spengler cup ice hockey tournament, hosted by the HC Davos local hockey team Roland Gaross: France The Stade de roland Garros is a tennis venue located in the 16th arrondissement of Paris, France and home to the French Open Tennis Tournament.</li></ul>"
131," <p>Among the following, which one is <strong>not</strong> a football club?</p>",(a)  Arsenal,(b)  Aston Villa,(c)  Chelsea,(d)  Monte Carlo,gs_unclassified,d,,,"Arsenol, Aston Villa and Chelsea are the three English-based football clubs. Whereas Monte Carlo, which lies in the French Riviera on the Mediterranean Sea in Monaco in the corner of France and Italy is known internationally as a playground for the rich and famous. It is widely known for its casinos, gambling, glamour, luxurious yachts and for sightings of wealthy businessmen and famous people."
132, <p>The marine animal called dugong which is vulnerable to extinction is a/an:</p><p> </p>,(a)  Amphibian,(b)  Bony fish,(c)  Shark,(d)  Mammal,Ecology and Environment,d,,,"The dugong is a large marine mammal which, together with the manatees, is one of four living species of the order Serenia. It is the only living representative of the once-diverse family Dugongidae; its closest modern relative, Steller’s Sea Cow (Hydrodamalis gigas), was hunted to extinction in the 18th century. It is also the only sirenian in its range, which spans the waters of at least 37 countries throughout the Indo-Pacific, though the majority of dugongs live in the northern waters of Australia between Shark Bay and Moreton Bay. In addition, the dugong is the only strictly-marine herbivorous mammal, as all species of manatee utilize fresh water to some degree. Like all modern sirenians, the dugong has a fusiform body with no dorsal fin or hindlimbs, instead possessing paddle-like forelimbs used to maneuver itself. It is easily distinguished from the manatees by its fluked, dolphin-like tail, but also possesses a unique skull and teeth. The dugong’s current distribution is reduced and disjunct, and many populations are close to extinction. The IUCN lists the dugong as a species vulnerable to extinction, while the Convention on International Trade in Endangered Species limits or bans the trade of derived products based on the population involved. Despite being legally protected in many countries throughout their range, the main causes of population decline remain anthropogenic, and include hunting, habitat degradation, and fishing-related fatalities. With its long lifespan of 70 years of more, and slow rate of reproduction, the dugong is especially vulnerable to these types of exploitation. In addition, dugongs are threatened by storms, parasites, and their natural predators, sharks, killer whales, and crocodiles."
133, <p>The Dul Hasti Power Station is based on which one of the following rivers?</p>,(a)  Beas,(b)  Chenab,(c)  Ravi,(d)  Sutlej,Geography,b,,,"<ul><li>Dul Hasti Power Station is the second project to be executed by NHPC in the state of Jammu and Kashmir after Selal Stage-II. It is a run-of-the-river scheme which will produce 390MW of power. The project is constructed on river Chandra, a tributary of river Chenab. The project headquarter is located at Kishtwar in district Doda of J&amp;K. The concrete gravity dam is situated in village Dul and the Power hose is located in village Hasti. The project will generate 1928 million units of power in a 90% dependable year. The commercial production started on 07/04/2007.</li></ul>"
134," <p>Consider the following statements: </p><p>1. V.K. Krishna Menon Foundation is based in New Delhi.</p><p> 2. The first recipient of the V.K. Krishna Menon Award is the Chief Justice of India, K.G. Balakrishnan. </p><p>Which of the statements given above is/are correct? </p>",(a)  1 only,(b)  2 only,(c)  Both 1 and 2,(d)  Neither 1 nor 2,Current Affairs,b,,,"The Chief Justice of India K.G. Balakrishnan was on November 1, 2008, given the first V.K. Krishna Menon award, instituted by the London-based V.K. Krishna Menon Foundation, for his contribution to social justice and fighting corruption in the Indian judicial system. The award was presented to him at a function at India House in chaired by Manek S. Dalal Chairman of the Foundation. India’s High Commissioner to the U.K. Shiv Shankar Mukherjee was the guest of honour."
135, <p>Which one of the following is the country’s administrative capital/new federal administrative centre of Malaysia?</p>,(a)  Kota Bharu,(b)  Kuala Terengganu,(c)  Putrajaya,(d)  Taiping,Current Affairs,c,,,"Putrajaya, a planned city located just south of Kuala Lumpur, is the new federal administrative capital of Malaysia. Several Government offices have relocated there to gain relief from the overcrowding and congestion of Kuala Lumpur, which is Malaysia’s largest city. However, Kuala Lumpur still serves as Malaysia’s national and legislative capital for now. Putrajaya is a Federal Territory just like the city of Kuala Lumpur and that island of Labuan. The city is named after the first Malaysian Prime Minister, Tunku Abdul Rahman Putra."
136," <p>In the context of Indian defence, consider the following statements :</p><p>1. The Shourya missile files with a speed of more than 8 March.</p><p>2. The range of Shourya missile in more than 1600 km.</p><p>Which of the statement given above is/are correct?</p>",(a)  1 only,(b)  2 only,(c)  Both 1 and 2,(d)  Neither 1 nor 2,Science and Technology,d,,,"The Shourya missile is a canister launched hypersonic surface-to-surface tactical missile developed by the Indian Defence Research and Development Organization (DRDO) for use by the Indian Armed Forces. It has a range of between 600-700 km and is capable of carrying a payload of one-tonne conventional or nuclear warhead.
 Shourya can reach a velocity of Mach 6 even at low altitudes. On November 12, even before the missile crossed a distance of 300 km, it reached a velocity of Mach 5, heating up its surface to 700 {+0} Celsius. The missile performed an ingenuous maneuver of rolling to spread the heat uniformly on its surface. Its flight time is 500 seconds to 700 seconds."
137, <p>WiMAX is related to which one of the following?</p>,(a)  Biotechnology,(b)  Space technology,(c)  Missile technology,(d)  Communication technology,Science and Technology,d,,,"WiMAX, meaning Worldwide Interoperability for Microwave Access, is a telecommunications technology that provides wireless transmission of data using a variety of transmission modes, from point-to-multipoint links to probable and fully mobile [citation needed] internet access. The technology provides up to 3 Mbit/s broadband speed without the need for cables. The technology is based on the IEEE 802.16 standard (also called Broadband Wireless Access). The name “WiMAX” was created by the WiMAX Forum, which was formed in June 2001 to promote conformity and interoperability of the standard. The forum describes WiMAX as “a standards-based technology enabling the delivery of last mile wireless broadband access as an alternative to cable and DSL.”"
138, <p>For outstanding contribution to which one of the following fields is Shanti Swarup Bhatnagar Prize given?</p><p> </p>,(a)  Literature,(b)  Performing Arts,(c)  Science,(d)  Social service,Basic Sciences,c,,,"The Shanti Swarup Bhatnagar (SSB) Prizes are awarded annually by the Council of Scientific and Industrial Research (CSIR) for notable and outstanding research, applied or fundamental, in Biological, Chemical, Earth, Atmosphere, Ocean Planetary, Engineering, Mathematical, Medical and Physical Sciences. The purpose of the prize is to recognize outstanding Indian work in science and technology. The award is named after the founder Director of the Council of Scientific and Industrial Research (CSIR), Shanti Swarup Bhatnagar and is known as the Shanti Swarup Bhatnagar Prize for Science and Technology.
 Any citizen of India engaged in research in any field of science and technology up to the age of 45 years in eligible for the Prize. The Prize is awarded on the basis of contributions made through work done primarily in India during the five years preceding the year of the Prize. The SSB Prize comprising a citation, a plaque and a cash award of Rupees five lakh (Rs. 500,000). In addition recipients also get Rs 15,000 per month up to the age of 65 years.
 Selected Fields
• Biological Sciences
• Earth, Atmosphere, Ocean and Planetary Sciences
• Physical Sciences
• Medical Sciences
• Chemical Sciences
• Engineering Sciences
• Mathematical Sciences"
139," <p>In making the saffron spice, which one of the following parts of the plant is used?</p><p> </p>",(a)  Leaf,(b)  Petal,(c)  Sepal,(d)  Stigma,Ecology and Environment,d,,,"Each saffron crocus flower has 3 stigmas, it takes about 80,000 flowers (2,40,000 stigmas) to make a pound of saffron. It takes an experienced picker about 12 days to pick this many. By the time saffron gets to retail stores, its cost is $600 to over $2000 per pound."
140," <p>In the year 2008, which one of the following conducted a complex scientific experiment in which sub-atomic particles were accelerated to nearly the speed of light? </p>",(a)  European Space Agency.,(b)  European Organization for Nuclear Research.,(c)  International Atomic Energy Agency.,(d)  National Aeronautics and space Administration.,Current Affairs,b,,,"The large Hadron Collider (LHC) is the world’s largest and highest-energy particle accelerator, intended to collide opposite particle beams, of either protons at an energy of 7 TeV per particle or lead nuclei at an energy of 574 TeV per nucleus. The Large Hadron Collider was built by the European Organization for Nuclear Research (CERN) with the intention of testing various predictions of high-energy physics, including the existence of the hypothesized Higgs boson and of the large family of new particles predicated by supersymmetry."
141," <p>A very big refugee camp called Dadaab, recently in the news, is located in?</p>",(a)  Ethiopia,(b)  Kenya,(c)  Somalia,(d)  Sudan,Current Affairs,b,,,"<ul><li>Dadaab is a town in northeastern Kenya approximately 100 kilometers from Kenya-Somali border. It hosts mostly-Somali refugees from Kenya’s northern neighbors. The major feature in Dadaab is the UNHCR base that serves refugee camps around Dadaab: Hagadera, Ifo and Dagahaley. The international humanitarian organization CARE is UNHCR’s lead implementing partner responsible for managing the camp.</li></ul>"
142, <p>Consider the following names :</p><p>1. Ike</p><p>2. Kate</p><p>3. Gustav</p><p> Which of the above are the names of Hurricanes that had occurred very recently?</p>,(a)  1 and 2 only,(b)  2 and 3 only,(c)  1 and 3 only,"(d)  1, 2 and 3 only",Geography,c,,,"<ul><li>Hurricane Ike (September 1-14, 2008) was the third most destructive hurricane to ever make landfall in the United States. It was the ninth named storm, fifth hurricane and third major hurricane of the 2008 Atlantic hurricane season. Hurricane Gustav (August 26, 2008) was the seventh tropical cyclone, third hurricane and second major hurricane of the 2008 Atlantic hurricane season. Gustav caused serious damage and casualties in Haiti, the Dominican Republic, Jamaica, the Cayman Islands, Cuba and the United States. Hurricane Kate was the second-longest tropical cyclone in the 2003 Atlantic hurricane season. The eleventh tropical storm, fifth hurricane, and third major hurricane of the season, Kate developed from tropical wave in the central tropical Atlantic on September 25, 2003.</li></ul>"
143," <p>In the context of alternative sources of energy, ethanol as a viable bio-fuel can be obtained from.</p>",(a)  Potato,(b)  Rice,(c)  Sugarcane,(d)  Wheat,Ecology and Environment,c,Easy,Factual,"<ul><li>More than half of world ethanol production is produced from sugar and sugar byproducts, with Brazil being by far the world leader. Technologically, the process of producing ethanol from sugar is simpler than converting corn into ethanol. Converting corn into ethanol requires additional cooking and the application of enzymes, whereas the conversion of sugar requires only a yeast fermentation process. The energy requirement for converting sugar into ethanol is about half that for corn. Ethanol is produced by microbial fermentation of the sugar. Microbial fermentation will currently only work directly with sugars. Two major components of plants, starch and cellulose, are both made up of sugars, and can in principle be converted to sugars for fermentation. Currently, only the sugar (e.g. sugar cane) and starch (e.g. corn) portions can be economically converted. However, there is much activity in the area of cellulosic ethanol, where the cellulose part of a plant is broken down to sugars and subsequently converted to ethanol</li></ul>"
144, <p>Consider the following famous name :</p><p>1. Amrita Shet-Gil.</p><p>2. Bikash Bhattacharjee.</p><p>3. N.S. Bendre.</p><p>4. Subodh Gupta.</p><p>  Who of the above is/are well known Artist(s) ?</p>,(a)  1 only,(b)  1 and 4 only,"(c)  2, 3 and 4 only","(d)  1, 2, 3 and 4 only",Indian Art and Culture,d,,,"Amrita Sher-Gil (January 30, 1913 – December 5, 1941), was an eminent Indian painter, sometimes known as India’s Frida Kahlo, and today considered an important women painter of 21st century India
Bikash Bhattacharjee (1940-December 18, 2006) was an Indian painter from Kolkata in West Bengal. Through his paintings, he depicts the life of the average middle-class Bengali – their aspirations, superstitions, hypocrisy and corruption, and even the violence that is endemic to Kolkata
Narayan Sridhar Bendre was born in 1910 in Indore. He got his early art education in the State Art School, Indore. Later he obtained his Government Diploma in Art from Bombay in 1933. He was awarded Padmashri in 1969, and Kalidas Samman in 1984.
Subodh Gupta (born 1964) is an artist based in New Delhi. Gupta was born in Khagaul, Bihar, India. His work encompasses sculpture, installation, painting, photography, performance and video."
145, <p>NAMA-11 (Nama-11) group of countries frequently appears in the news in the context of the affairs of which one of the following? </p>,(a)  Nuclear Suppliers Group.,(b)  World Bank.,(c)  World Economic Forum.,(d)  W.T.O.,Economics,d,,,"The fight on pruning industrial tariffs at the World Trade Organization has become more fierce with a group of developing countries (Nama-11), including India, demanding that developed countries should respect the principles of less than full reciprocity and special and differential treatment and make greater cuts than developing countries. In a recent submission made to the WTO negotiating group on non-agricultural market access (Nama), the Nama-11 has asked for elimination of tariff peaks, high tariffs and tariff escalation in developed countries and enough policy space to advance the industrial development of developing countries. The group includes Argentina, Brazil, Egypt, India, Indonesia, Namibia, Philippines, South Africa, Tunisia and Venezuela."
146," <p>In the latter half of the year 2007, which one of the following countries pulled out of commonwealth of Independent States?</p><p> </p>",(a)  Azerbaijan,(b)  Belarus,(c)  Georgia,(d)  Kazakhstan,International Affairs and Institutions,c,,,"Georgia joined the Commonwealth for Independent States (CIS) in December 1993, two years the creation of the organization. On 12 August 2008, following the breakout of the military conflict with Russia in South Ossetia, Georgia’s president Saakashvili announced at a rally outside the country’s parliament that Georgia would leave the CIS and urged Ukraine to follow suit. On 18 August 2008 Georgia notified the CIS executive organs of the unanimous decision of its parliament to leave the regional organization. In accordance with Section II, Article 9 of the CIS Charter, Georgia’s membership is scheduled to expire in August 2009."
147, <p>Match List I with List II and select the correct answer using the code given below the lists : </p><p>List I <strong>(Persons in news)                      </strong> List II <strong>(Countries they belong to)</strong></p><p> A. Luisa Dias Diogo                                       1. Kenya </p><p>B. Mwai Kibaki                                               2. Mozambique </p><p>C. Rupiah Banda                                            3. Zambia</p><p>                                                                         4. Zimbabwe </p><p><strong>Codes : </strong></p><p><strong>        A    B    C</strong></p>,(a)     1    2    3,(b)     2    1    3,(c)     2    1     4,(d)     1    2    4,Current Affairs,b,,,"Luisa Dias Diogo (born April 11, 1958) has been prime minister of Mozambique since February 2004.
 Mwai Kibaki (born 15 November 1931) is the President of Kenya. He was sworn in on 30 December 2007 Mwanawasa’s presidential responsibilities after Mwanawasa suffered a stroke in June 2008, and following Mwanawasa’s death in August 2008, he became acting President. As the candidate of the governing Movement for Multiparty Democracy (MMD), he narrowly won the controversial October 2008 presidential election despite arguments after the sections that he won fraudulently."
148, <p>Consider the following regions :</p><p>1. Eastern Himalayas</p><p>2. Eastern Mediterranean region</p><p>3. North-western Australia</p><p>  Which of the above is/are Bio-diversity Hotspot(s) ? </p>,(a)  1 only,(b)  1 and 2 only,(c)  2 and 3 only,"(d)  1, 2 and 3 only",Ecology and Environment,b,,,"<ul><li>A biodiversity hotspot is a biogeographic region with a significant reservoir of biodiversity that is threatened with destruction. The biodiversity hotspots by region: North and Central America: California floristic province, Caribbean Islands, Madrean pine-oak woodlands, Mesoamerica South America: Atlantic Forest, Cerrado, Chilean Winter Rainfall-Valdivian Forests, Tumbes-Choco-Magdalega, Tropical Andes Europe and Central Asia: Caucasus, Irano-Anatolian, Mediterranean Basin, Mountains of Central Asia Africa: Cape Floristic Region, Costal Forests of Eastern Africa, Eastern Afromontane, Guinean Forests of West Africa, Horn of Africa, Madagascan and the Indian Ocean Islands, Maputaland-Pondoland-Albany, Succlent Karoo Asia-Pacific: East Melanesian Islands, Eastern Himalaya, Indo-Burma, Japan, Mountains of Southwest China, New Caledonia, New Zealand, Philippines, Polynesia-Micronesia, Southwest Australia, Sundaland, Wallacea, Western Ghats and Sri Lanka.</li></ul>"
149," <p>Which reference to the evolution of living organisms, which one of the following sequence is correct?</p><p> </p>",(a)  Octopus-Dolphin-Shark,(b)  Pangolin-Tortoise-Hawk,(c)  Salamander-Phthon-Kangaroo,(d)  Frog-Crab-Prawn,Ecology and Environment,c,,,"Salamander is a common name of approximately 500 species of amphibians. The Salamanders evolved from the Labrynthodonts, the first vertebrates to venture onto land in the Devonian period over 350 million years ago. Salamanders belong to the Order Caudata (Orodela). Caudata refers to the presence of a tail, which salamander retail even after metamorphosis. Salamanders apparently arose in the late Jurassic, 150 mya. The fossil Karuarus is the earliest known salamander. Karaurus was small (120 mm svl) and apparently terrestrial because it had dermal sculpturing.
 Python may refer to any member of the family Pythonidae (in general), a group of snake found in Africa, Asia, Australia and a few islands in Oceania.
 A kangaroo is a marsupial from the family Macropodidae (macropods, meaning ‘large foot’). In common use the term is used to describe the largest species from this family, the Red Kangaroo, the Eastern and Western Grey Kangaroo of the Macropus genus. Kangaroos have few natural predators. The Thylacine, considered by palaeontologists to have once been a major natural predator of the kangaroo, is now extinct. Other extinct predators included the Marsupial Lion, Megalaia and the Wonambi. However, with the arrival of humans in Australia at least 50,000 years ago and the introduction of the dingo about 5,000 years ago, kangaroos have had to adapt."
150, <p>The Panda belongs to same family as that of .</p>,(a)  Bear,(b)  Cat,(c)  Dog,(d)  Rabbit,Ecology and Environment,a,,,"Until recently, pandas were thought to be part of a subspecies between the raccoon and the bear family. Through genetic testing, it has been found that pandas are indeed true bears of the Ursidae family. The pandas closest relative is the spectacled bear of South America. Giant pandas are a very old species of animal, often referred to as a “living fossil”, because they carry traits that only bears many centuries ago would have had."
